[1/883] MWCC build/GEDE01/src/game/game_fn_80008014.o
[2/883] MWCC build/GEDE01/src/game/game_fn_800094C0.o
[3/883] MWCC build/GEDE01/src/game/game_fn_800096E0.o
[4/883] MWCC build/GEDE01/src/game/game_fn_800098C0.o
[5/883] MWCC build/GEDE01/src/game/game_fn_80009AB4.o
[6/883] MWCC build/GEDE01/src/game/game_fn_800099D8.o
[7/883] MWCC build/GEDE01/src/game/game_fn_8000A26C.o
[8/883] MWCC build/GEDE01/src/game/game_fn_8000AC88.o
[9/883] MWCC build/GEDE01/src/game/game_fn_8000AEB4.o
[10/883] MWCC build/GEDE01/src/game/game_fn_8000AFB4.o
[11/883] MWCC build/GEDE01/src/game/game_fn_8000B1B8.o
[12/883] MWCC build/GEDE01/src/game/game_fn_8000B36C.o
[13/883] MWCC build/GEDE01/src/game/game_fn_8000B630.o
[14/883] MWCC build/GEDE01/src/game/game_fn_8000B7FC.o
[15/883] MWCC build/GEDE01/src/game/game_fn_8000BA0C.o
[16/883] MWCC build/GEDE01/src/game/game_fn_8000B900.o
[17/883] MWCC build/GEDE01/src/game/game_fn_8000BAA0.o
[18/883] MWCC build/GEDE01/src/game/game_fn_8000BC40.o
[19/883] MWCC build/GEDE01/src/game/game_fn_8000C17C.o
[20/883] MWCC build/GEDE01/src/game/game_fn_8000C06C.o
[21/883] MWCC build/GEDE01/src/game/game_fn_8000C400.o
[22/883] MWCC build/GEDE01/src/game/game_fn_8000C848.o
[23/883] MWCC build/GEDE01/src/game/game_fn_8000D0BC.o
[24/883] MWCC build/GEDE01/src/game/game_fn_8000C91C.o
[25/883] MWCC build/GEDE01/src/game/game_fn_8000D3D4.o
[26/883] MWCC build/GEDE01/src/game/game_fn_8000D590.o
[27/883] MWCC build/GEDE01/src/game/game_fn_8000DA50.o
[28/883] MWCC build/GEDE01/src/game/game_fn_8000D8A4.o
[29/883] MWCC build/GEDE01/src/game/game_fn_8000DAF4.o
[30/883] MWCC build/GEDE01/src/game/game_fn_8000E054.o
[31/883] MWCC build/GEDE01/src/game/game_fn_8000E0AC.o
[32/883] MWCC build/GEDE01/src/game/game_fn_8000E138.o
[33/883] MWCC build/GEDE01/src/game/game_fn_8000E1C4.o
[34/883] MWCC build/GEDE01/src/game/game_fn_8000E96C.o
[35/883] MWCC build/GEDE01/src/game/game_fn_8000EB14.o
[36/883] MWCC build/GEDE01/src/game/game_fn_8000EBD4.o
[37/883] MWCC build/GEDE01/src/game/game_fn_8000ED44.o
[38/883] MWCC build/GEDE01/src/game/game_fn_8000EFC4.o
[39/883] MWCC build/GEDE01/src/game/game_fn_8000F4B0.o
[40/883] MWCC build/GEDE01/src/game/game_fn_8000F774.o
[41/883] MWCC build/GEDE01/src/game/game_fn_8000FDE8.o
[42/883] MWCC build/GEDE01/src/game/game_fn_8000FFD8.o
[43/883] MWCC build/GEDE01/src/game/game_fn_800119FC.o
[44/883] MWCC build/GEDE01/src/game/game_fn_80012DA8.o
[45/883] MWCC build/GEDE01/src/game/game_fn_80012F40.o
[46/883] MWCC build/GEDE01/src/game/game_fn_80012FD0.o
[47/883] MWCC build/GEDE01/src/game/game_fn_80013340.o
[48/883] MWCC build/GEDE01/src/game/game_fn_800131E8.o
[49/883] MWCC build/GEDE01/src/game/game_fn_80013870.o
[50/883] MWCC build/GEDE01/src/game/game_fn_80013CB0.o
[51/883] MWCC build/GEDE01/src/game/game_fn_80013D54.o
[52/883] MWCC build/GEDE01/src/game/game_fn_800142DC.o
[53/883] MWCC build/GEDE01/src/game/game_fn_800144CC.o
[54/883] MWCC build/GEDE01/src/game/game_fn_80014784.o
[55/883] MWCC build/GEDE01/src/game/game_fn_80015058.o
[56/883] MWCC build/GEDE01/src/game/game_fn_800149D4.o
[57/883] MWCC build/GEDE01/src/game/game_fn_80015320.o
[58/883] MWCC build/GEDE01/src/game/game_fn_80015568.o
[59/883] MWCC build/GEDE01/src/game/game_fn_800156FC.o
[60/883] MWCC build/GEDE01/src/game/game_fn_80015BE0.o
[61/883] MWCC build/GEDE01/src/game/game_fn_80015F04.o
[62/883] MWCC build/GEDE01/src/game/game_fn_80015D40.o
[63/883] MWCC build/GEDE01/src/game/game_fn_80016128.o
[64/883] MWCC build/GEDE01/src/game/game_fn_80016270.o
[65/883] MWCC build/GEDE01/src/game/game_fn_80016904.o
[66/883] MWCC build/GEDE01/src/game/game_fn_80016B24.o
[67/883] MWCC build/GEDE01/src/game/game_fn_800171C0.o
[68/883] MWCC build/GEDE01/src/game/game_fn_800173CC.o
[69/883] MWCC build/GEDE01/src/game/game_fn_800176F0.o
[70/883] MWCC build/GEDE01/src/game/game_fn_80017910.o
[71/883] MWCC build/GEDE01/src/game/game_fn_800179AC.o
[72/883] MWCC build/GEDE01/src/game/game_fn_80017A3C.o
[73/883] MWCC build/GEDE01/src/game/game_fn_80017AE4.o
[74/883] MWCC build/GEDE01/src/game/game_fn_80017C3C.o
[75/883] MWCC build/GEDE01/src/game/game_fn_80017DB0.o
[76/883] MWCC build/GEDE01/src/game/game_fn_80017CC8.o
[77/883] MWCC build/GEDE01/src/game/game_fn_80018EF4.o
[78/883] MWCC build/GEDE01/src/game/game_fn_80019054.o
[79/883] MWCC build/GEDE01/src/game/game_fn_80019244.o
[80/883] MWCC build/GEDE01/src/game/game_fn_800194D0.o
[81/883] MWCC build/GEDE01/src/game/game_fn_80019940.o
[82/883] MWCC build/GEDE01/src/game/game_fn_80019C10.o
[83/883] MWCC build/GEDE01/src/game/game_fn_80019D2C.o
[84/883] MWCC build/GEDE01/src/game/game_fn_80019F98.o
[85/883] MWCC build/GEDE01/src/game/game_fn_8001AAB8.o
[86/883] MWCC build/GEDE01/src/game/game_fn_8001A6C4.o
[87/883] MWCC build/GEDE01/src/game/game_fn_8001ADF8.o
[88/883] MWCC build/GEDE01/src/game/game_fn_8001AF68.o
[89/883] MWCC build/GEDE01/src/game/game_fn_8001B294.o
[90/883] MWCC build/GEDE01/src/game/game_fn_8001B124.o
[91/883] MWCC build/GEDE01/src/game/game_fn_8001B808.o
[92/883] MWCC build/GEDE01/src/game/game_fn_8001B874.o
[93/883] MWCC build/GEDE01/src/game/game_fn_8001C078.o
[94/883] MWCC build/GEDE01/src/game/game_fn_8001CA04.o
[95/883] MWCC build/GEDE01/src/game/game_fn_8001CE94.o
[96/883] MWCC build/GEDE01/src/game/game_fn_8001CD58.o
[97/883] MWCC build/GEDE01/src/game/game_fn_8001E644.o
[98/883] MWCC build/GEDE01/src/game/game_fn_8001FE1C.o
[99/883] MWCC build/GEDE01/src/game/game_fn_80020E94.o
[100/883] MWCC build/GEDE01/src/game/game_fn_80024F28.o
[101/883] MWCC build/GEDE01/src/game/game_fn_800272B4.o
[102/883] MWCC build/GEDE01/src/game/game_fn_8002B748.o
[103/883] MWCC build/GEDE01/src/game/game_fn_8002DAE0.o
[104/883] MWCC build/GEDE01/src/game/game_fn_8002E3F0.o
[105/883] MWCC build/GEDE01/src/game/game_fn_8002EA68.o
[106/883] MWCC build/GEDE01/src/game/game_fn_8002F428.o
[107/883] MWCC build/GEDE01/src/game/game_fn_80031544.o
[108/883] MWCC build/GEDE01/src/game/game_fn_8003232C.o
[109/883] MWCC build/GEDE01/src/game/game_fn_80032B84.o
[110/883] MWCC build/GEDE01/src/game/game_fn_80033038.o
[111/883] MWCC build/GEDE01/src/game/game_fn_80033180.o
[112/883] MWCC build/GEDE01/src/game/game_fn_800359A0.o
[113/883] MWCC build/GEDE01/src/game/game_fn_800361F8.o
[114/883] MWCC build/GEDE01/src/game/game_fn_80036C40.o
[115/883] MWCC build/GEDE01/src/game/game_fn_80038878.o
[116/883] MWCC build/GEDE01/src/game/game_fn_80048ADC.o
[117/883] MWCC build/GEDE01/src/game/game_fn_80048B24.o
[118/883] MWCC build/GEDE01/src/game/game_fn_8004998C.o
[119/883] MWCC build/GEDE01/src/game/game_fn_80052310.o
[120/883] MWCC build/GEDE01/src/game/game_fn_800542D0.o
[121/883] MWCC build/GEDE01/src/game/game_fn_8005EC6C.o
[122/883] MWCC build/GEDE01/src/game/game_fn_8005EE9C.o
[123/883] MWCC build/GEDE01/src/game/game_data_80239E10.o
[124/883] MWCC build/GEDE01/src/game/game_data_80239E18.o
[125/883] MWCC build/GEDE01/src/game/game_fn_8005FD84.o
[126/883] MWCC build/GEDE01/src/game/game_fn_80066888.o
[127/883] MWCC build/GEDE01/src/game/game_fn_80066E78.o
[128/883] MWCC build/GEDE01/src/game/game_fn_8006B0F0.o
[129/883] MWCC build/GEDE01/src/game/game_fn_8006B620.o
[130/883] MWCC build/GEDE01/src/game/game_fn_8006E53C.o
[131/883] MWCC build/GEDE01/src/game/game_fn_80071A58.o
[132/883] MWCC build/GEDE01/src/game/game_fn_80074310.o
[133/883] MWCC build/GEDE01/src/game/game_fn_80078500.o
[134/883] MWCC build/GEDE01/src/game/game_fn_80079908.o
[135/883] MWCC build/GEDE01/src/game/game_fn_80079AA4.o
[136/883] MWCC build/GEDE01/src/game/game_fn_8007B2F4.o
[137/883] MWCC build/GEDE01/src/game/game_fn_8007B540.o
[138/883] MWCC build/GEDE01/src/game/game_fn_8007B640.o
[139/883] MWCC build/GEDE01/src/game/game_fn_8007B828.o
[140/883] MWCC build/GEDE01/src/game/game_fn_8007BA3C.o
[141/883] MWCC build/GEDE01/src/game/game_fn_8007D4D8.o
[142/883] MWCC build/GEDE01/src/game/game_fn_8007F770.o
[143/883] MWCC build/GEDE01/src/game/game_fn_800886D8.o
[144/883] MWCC build/GEDE01/src/game/game_fn_80088F4C.o
[145/883] MWCC build/GEDE01/src/game/game_fn_8008A2E0.o
[146/883] MWCC build/GEDE01/src/game/game_fn_8008F224.o
[147/883] MWCC build/GEDE01/src/game/game_fn_8008F890.o
[148/883] MWCC build/GEDE01/src/game/game_fn_80090004.o
[149/883] MWCC build/GEDE01/src/game/game_fn_800934A0.o
[150/883] MWCC build/GEDE01/src/game/game_fn_80095D10.o
[151/883] MWCC build/GEDE01/src/game/game_fn_80095FDC.o
[152/883] MWCC build/GEDE01/src/game/game_fn_80096830.o
[153/883] MWCC build/GEDE01/src/game/game_fn_8009C424.o
[154/883] MWCC build/GEDE01/src/game/game_fn_8009E808.o
[155/883] MWCC build/GEDE01/src/game/game_fn_800A2130.o
[156/883] MWCC build/GEDE01/src/game/game_fn_800A2FCC.o
[157/883] MWCC build/GEDE01/src/game/game_fn_800A3180.o
[158/883] MWCC build/GEDE01/src/game/game_fn_800A3894.o
[159/883] MWCC build/GEDE01/src/game/game_fn_800A4428.o
[160/883] MWCC build/GEDE01/src/game/game_fn_800A4798.o
[161/883] MWCC build/GEDE01/src/game/game_fn_800A7E88.o
[162/883] MWCC build/GEDE01/src/game/game_fn_800AF230.o
[163/883] MWCC build/GEDE01/src/game/game_fn_800B2EC0.o
[164/883] MWCC build/GEDE01/src/game/game_fn_800BB5C4.o
[165/883] MWCC build/GEDE01/src/game/game_fn_800BB7A8.o
[166/883] MWCC build/GEDE01/src/game/game_fn_800BB9A4.o
[167/883] MWCC build/GEDE01/src/game/game_fn_800BBAF0.o
[168/883] MWCC build/GEDE01/src/game/game_fn_800C17EC.o
[169/883] MWCC build/GEDE01/src/game/game_fn_800C59F0.o
[170/883] MWCC build/GEDE01/src/game/game_fn_800C644C.o
[171/883] MWCC build/GEDE01/src/game/game_fn_800C65FC.o
[172/883] MWCC build/GEDE01/src/game/game_fn_800C9C60.o
[173/883] MWCC build/GEDE01/src/game/game_fn_800CB760.o
[174/883] MWCC build/GEDE01/src/game/game_fn_800CB8F4.o
[175/883] MWCC build/GEDE01/src/game/game_fn_800CF598.o
[176/883] MWCC build/GEDE01/src/game/game_fn_800D9064.o
[177/883] MWCC build/GEDE01/src/game/game_fn_800D9E10.o
[178/883] MWCC build/GEDE01/src/game/game_fn_800E4980.o
[179/883] MWCC build/GEDE01/src/game/game_TRKNubWelcome.o
[180/883] MWCC build/GEDE01/src/game/game_TRK_main.o
[181/883] MWCC build/GEDE01/src/game/game_InitMetroTRKCommTable.o
[182/883] MWCC build/GEDE01/src/game/game_fn_800FD0C8.o
[183/883] MWCC build/GEDE01/src/game/game_fn_8010242C.o
[184/883] MWCC build/GEDE01/src/game/game_fn_801098C0.o
[185/883] MWCC build/GEDE01/src/game/game_fn_8010F184.o
[186/883] MWCC build/GEDE01/src/game/game_fn_801126E0.o
[187/883] MWCC build/GEDE01/src/game/game_fn_801128E4.o
[188/883] MWCC build/GEDE01/src/game/game_fn_801141B8.o
[189/883] MWCC build/GEDE01/src/game/game_fn_8011F140.o
[190/883] MWCC build/GEDE01/src/game/game_fn_801247F8.o
[191/883] MWCC build/GEDE01/src/game/game_fn_80126A00.o
[192/883] MWCC build/GEDE01/src/game/game_fn_8012976C.o
[193/883] MWCC build/GEDE01/src/game/game_fn_8012DB28.o
[194/883] MWCC build/GEDE01/src/game/game_fn_8013CBE4.o
[195/883] MWCC build/GEDE01/src/game/game_fn_8013D6A4.o
[196/883] MWCC build/GEDE01/src/game/game_fn_8013DB8C.o
[197/883] MWCC build/GEDE01/src/game/game_fn_8014549C.o
[198/883] MWCC build/GEDE01/src/game/game_fn_8014AF38.o
[199/883] MWCC build/GEDE01/src/game/game_fn_8014CA98.o
[200/883] MWCC build/GEDE01/src/game/game_fn_8014B494.o
[201/883] MWCC build/GEDE01/src/game/game_fn_80153898.o
[202/883] MWCC build/GEDE01/src/game/game_fn_801535D8.o
[203/883] MWCC build/GEDE01/src/game/game_fn_80154F74.o
[204/883] MWCC build/GEDE01/src/game/game_fn_80153A24.o
[205/883] MWCC build/GEDE01/src/game/game_fn_80157C0C.o
[206/883] MWCC build/GEDE01/src/game/game_fn_80155814.o
[207/883] MWCC build/GEDE01/src/game/game_fn_80158B20.o
[208/883] MWCC build/GEDE01/src/game/game_fn_80158D38.o
[209/883] MWCC build/GEDE01/src/game/game_fn_8015DB84.o
[210/883] MWCC build/GEDE01/src/game/game_fn_8015DC54.o
[211/883] MWCC build/GEDE01/src/game/game_fn_8015EDC0.o
[212/883] MWCC build/GEDE01/src/game/game_fn_80167454.o
[213/883] MWCC build/GEDE01/src/game/game_fn_80167B5C.o
[214/883] MWCC build/GEDE01/src/game/game_fn_80169650.o
[215/883] MWCC build/GEDE01/src/game/game_fn_8016BD0C.o
[216/883] MWCC build/GEDE01/src/game/game_fn_8016BE1C.o
[217/883] MWCC build/GEDE01/src/game/game_fn_8016BF60.o
[218/883] MWCC build/GEDE01/src/game/game_fn_8016C0BC.o
[219/883] MWCC build/GEDE01/src/game/game_fn_8016C238.o
[220/883] MWCC build/GEDE01/src/game/game_fn_8016C164.o
[221/883] MWCC build/GEDE01/src/game/game_fn_8016C4BC.o
[222/883] MWCC build/GEDE01/src/game/game_fn_8016C774.o
[223/883] MWCC build/GEDE01/src/game/game_fn_8016D1F8.o
[224/883] MWCC build/GEDE01/src/game/game_fn_8016D040.o
[225/883] MWCC build/GEDE01/src/game/game_fn_8016D9C0.o
[226/883] MWCC build/GEDE01/src/game/game_fn_8016D2B8.o
[227/883] MWCC build/GEDE01/src/game/game_fn_8016E8F8.o
[228/883] MWCC build/GEDE01/src/game/game_fn_8016DF4C.o
[229/883] MWCC build/GEDE01/src/game/game_fn_8017038C.o
[230/883] MWCC build/GEDE01/src/game/game_fn_8016FEF8.o
[231/883] MWCC build/GEDE01/src/game/game_fn_801704F8.o
[232/883] MWCC build/GEDE01/src/game/game_fn_801706DC.o
[233/883] MWCC build/GEDE01/src/game/game_fn_80170A40.o
[234/883] MWCC build/GEDE01/src/game/game_fn_80170DF4.o
[235/883] MWCC build/GEDE01/src/game/game_fn_8017138C.o
[236/883] MWCC build/GEDE01/src/game/game_fn_80170E9C.o
[237/883] MWCC build/GEDE01/src/game/game_fn_80171664.o
[238/883] MWCC build/GEDE01/src/game/game_fn_801718F4.o
[239/883] MWCC build/GEDE01/src/game/game_fn_801719B4.o
[240/883] MWCC build/GEDE01/src/game/game_fn_80171F30.o
[241/883] MWCC build/GEDE01/src/game/game_fn_8017250C.o
[242/883] MWCC build/GEDE01/src/game/game_fn_801726EC.o
[243/883] MWCC build/GEDE01/src/game/game_fn_80172BB0.o
[244/883] MWCC build/GEDE01/src/game/game_fn_80172C78.o
[245/883] MWCC build/GEDE01/src/game/game_fn_80172DB8.o
[246/883] MWCC build/GEDE01/src/game/game_fn_80173270.o
[247/883] MWCC build/GEDE01/src/game/game_fn_801734B4.o
[248/883] MWCC build/GEDE01/src/game/game_fn_80173770.o
[249/883] MWCC build/GEDE01/src/game/game_fn_80173D44.o
[250/883] MWCC build/GEDE01/src/game/game_fn_80173F04.o
[251/883] MWCC build/GEDE01/src/game/game_fn_80174184.o
[252/883] MWCC build/GEDE01/src/game/game_fn_80174358.o
[253/883] MWCC build/GEDE01/src/game/game_fn_80174F2C.o
[254/883] MWCC build/GEDE01/src/game/game_fn_8017553C.o
[255/883] MWCC build/GEDE01/src/game/game_fn_80175E64.o
[256/883] MWCC build/GEDE01/src/game/game_fn_80175A08.o
[257/883] MWCC build/GEDE01/src/game/game_fn_80175FD4.o
[258/883] MWCC build/GEDE01/src/game/game_fn_80175F0C.o
[259/883] MWCC build/GEDE01/src/game/game_fn_80176160.o
[260/883] MWCC build/GEDE01/src/game/game_fn_80176098.o
[261/883] MWCC build/GEDE01/src/game/game_fn_80176220.o
[262/883] MWCC build/GEDE01/src/game/game_fn_801762E8.o
[263/883] MWCC build/GEDE01/src/game/game_fn_80176DF4.o
[264/883] MWCC build/GEDE01/src/game/game_fn_8017652C.o
[265/883] MWCC build/GEDE01/src/game/game_fn_80176FA0.o
[266/883] MWCC build/GEDE01/src/game/game_fn_801770F8.o
[267/883] MWCC build/GEDE01/src/game/game_fn_8017718C.o
[268/883] MWCC build/GEDE01/src/game/game_fn_80177434.o
[269/883] MWCC build/GEDE01/src/game/game_fn_80178F88.o
[270/883] MWCC build/GEDE01/src/game/game_fn_80179398.o
[271/883] MWCC build/GEDE01/src/game/game_fn_8017960C.o
[272/883] MWCC build/GEDE01/src/game/game_fn_8017974C.o
[273/883] MWCC build/GEDE01/src/game/game_fn_80179904.o
[274/883] MWCC build/GEDE01/src/game/game_fn_80179A18.o
[275/883] MWCC build/GEDE01/src/game/game_fn_80179A74.o
[276/883] MWCC build/GEDE01/src/game/game_fn_80179EB8.o
[277/883] MWCC build/GEDE01/src/game/game_fn_80179F20.o
[278/883] MWCC build/GEDE01/src/game/game_fn_8017A010.o
[279/883] MWCC build/GEDE01/src/game/game_fn_8017A12C.o
[280/883] MWCC build/GEDE01/src/game/game_fn_8017A1C0.o
[281/883] MWCC build/GEDE01/src/game/game_fn_8017A9B8.o
[282/883] MWCC build/GEDE01/src/game/game_fn_8017AC20.o
[283/883] MWCC build/GEDE01/src/game/game_fn_8017E850.o
[284/883] MWCC build/GEDE01/src/game/game_fn_8017E958.o
[285/883] MWCC build/GEDE01/src/game/game_fn_80180DDC.o
[286/883] MWCC build/GEDE01/src/game/game_fn_801810A0.o
[287/883] MWCC build/GEDE01/src/game/game_fn_801816D4.o
[288/883] MWCC build/GEDE01/src/game/game_fn_801859FC.o
[289/883] MWCC build/GEDE01/src/game/game_fn_80185AE8.o
[290/883] MWCC build/GEDE01/src/game/game_fn_80185F10.o
[291/883] MWCC build/GEDE01/src/game/game_fn_801865EC.o
[292/883] MWCC build/GEDE01/src/game/game_fn_8018680C.o
[293/883] MWCC build/GEDE01/src/game/game_fn_80186E10.o
[294/883] MWCC build/GEDE01/src/game/game_fn_80186F70.o
[295/883] MWCC build/GEDE01/src/game/game_fn_80187120.o
[296/883] MWCC build/GEDE01/src/game/game_fn_80187320.o
[297/883] MWCC build/GEDE01/src/game/game_fn_801875FC.o
[298/883] MWCC build/GEDE01/src/game/game_fn_801878E0.o
[299/883] MWCC build/GEDE01/src/game/game_fn_80187BB4.o
[300/883] MWCC build/GEDE01/src/game/game_fn_80188A7C.o
[301/883] MWCC build/GEDE01/src/game/game_fn_80188B44.o
[302/883] MWCC build/GEDE01/src/game/game_fn_80188C1C.o
[303/883] MWCC build/GEDE01/src/game/game_fn_80188E28.o
[304/883] MWCC build/GEDE01/src/game/game_fn_80189028.o
[305/883] MWCC build/GEDE01/src/game/game_fn_801891D8.o
[306/883] MWCC build/GEDE01/src/game/game_fn_80189390.o
[307/883] MWCC build/GEDE01/src/game/game_fn_801895E8.o
[308/883] MWCC build/GEDE01/src/game/game_fn_801896A0.o
[309/883] MWCC build/GEDE01/src/game/game_fn_80189760.o
[310/883] MWCC build/GEDE01/src/game/game_fn_80189968.o
[311/883] MWCC build/GEDE01/src/game/game_fn_8018C2D0.o
[312/883] MWCC build/GEDE01/src/game/game_fn_8018D1F0.o
[313/883] MWCC build/GEDE01/src/game/game_fn_8018D2E0.o
[314/883] MWCC build/GEDE01/src/game/game_fn_8018D400.o
[315/883] MWCC build/GEDE01/src/game/game_fn_8018D688.o
[316/883] MWCC build/GEDE01/src/game/game_fn_8018E0D8.o
[317/883] MWCC build/GEDE01/src/game/game_fn_8018F1D0.o
[318/883] MWCC build/GEDE01/src/game/game_fn_8018F81C.o
[319/883] MWCC build/GEDE01/src/game/game_fn_8018FEDC.o
[320/883] MWCC build/GEDE01/src/game/game_fn_8019120C.o
[321/883] MWCC build/GEDE01/src/game/game_fn_80191360.o
[322/883] MWCC build/GEDE01/src/game/game_fn_801916D0.o
[323/883] MWCC build/GEDE01/src/game/game_fn_8019197C.o
[324/883] MWCC build/GEDE01/src/game/game_fn_80191F58.o
[325/883] MWCC build/GEDE01/src/game/game_fn_801926EC.o
[326/883] MWCC build/GEDE01/src/game/game_fn_80192F54.o
[327/883] MWCC build/GEDE01/src/game/game_fn_801929A4.o
[328/883] MWCC build/GEDE01/src/game/game_fn_80193E1C.o
[329/883] MWCC build/GEDE01/src/game/game_fn_801931C4.o
[330/883] MWCC build/GEDE01/src/game/game_fn_80193F3C.o
[331/883] MWCC build/GEDE01/src/game/game_fn_80194F80.o
[332/883] MWCC build/GEDE01/src/game/game_fn_80197910.o
[333/883] MWCC build/GEDE01/src/game/game_fn_80198154.o
[334/883] MWCC build/GEDE01/src/game/game_fn_80198AAC.o
[335/883] MWCC build/GEDE01/src/game/game_fn_80198BF4.o
[336/883] MWCC build/GEDE01/src/game/game_fn_801991E0.o
[337/883] MWCC build/GEDE01/src/game/game_fn_8019B1BC.o
[338/883] MWCC build/GEDE01/src/game/game_fn_8019CFC4.o
[339/883] MWCC build/GEDE01/src/game/game_fn_8019CC28.o
[340/883] MWCC build/GEDE01/src/game/game_fn_8019E5E4.o
[341/883] MWCC build/GEDE01/src/game/game_fn_8019E8C8.o
[342/883] MWCC build/GEDE01/src/game/game_fn_801A1F18.o
[343/883] MWCC build/GEDE01/src/game/game_fn_801A2A54.o
[344/883] MWCC build/GEDE01/src/game/game_fn_801A34BC.o
[345/883] MWCC build/GEDE01/src/game/game_fn_801A3A78.o
[346/883] MWCC build/GEDE01/src/game/game_fn_801A4CE0.o
[347/883] MWCC build/GEDE01/src/game/game_fn_801A5FB0.o
[348/883] MWCC build/GEDE01/src/game/game_fn_801A6410.o
[349/883] MWCC build/GEDE01/src/game/game_fn_801A657C.o
[350/883] MWCC build/GEDE01/src/game/game_fn_801A6ADC.o
[351/883] MWCC build/GEDE01/src/game/game_fn_801A6C58.o
[352/883] MWCC build/GEDE01/src/game/game_fn_801A6CB4.o
[353/883] MWCC build/GEDE01/src/game/game_fn_801A7E04.o
[354/883] MWCC build/GEDE01/src/game/game_fn_801A7EA8.o
[355/883] MWCC build/GEDE01/src/game/game_fn_801A93E8.o
[356/883] MWCC build/GEDE01/src/game/game_fn_801AB154.o
[357/883] MWCC build/GEDE01/src/game/game_fn_801ABD3C.o
[358/883] MWCC build/GEDE01/src/game/game_fn_801AC8AC.o
[359/883] MWCC build/GEDE01/src/game/game_fn_801ACFE8.o
[360/883] MWCC build/GEDE01/src/game/game_fn_801AD08C.o
[361/883] MWCC build/GEDE01/src/game/game_fn_801AFA74.o
[362/883] MWCC build/GEDE01/src/game/game_fn_801B02F0.o
[363/883] MWCC build/GEDE01/src/game/game_fn_801B1BA0.o
[364/883] MWCC build/GEDE01/src/game/game_fn_801B35BC.o
[365/883] MWCC build/GEDE01/src/game/game_fn_801B46C8.o
[366/883] MWCC build/GEDE01/src/game/game_fn_801B4FB4.o
[367/883] MWCC build/GEDE01/src/game/game_fn_801B5228.o
[368/883] MWCC build/GEDE01/src/game/game_fn_801B58F0.o
[369/883] MWCC build/GEDE01/src/game/game_fn_801B6F1C.o
[370/883] MWCC build/GEDE01/src/game/game_fn_801B86C0.o
[371/883] MWCC build/GEDE01/src/game/game_fn_801B941C.o
[372/883] MWCC build/GEDE01/src/game/game_fn_801BA15C.o
[373/883] MWCC build/GEDE01/src/game/game_fn_801B9E7C.o
[374/883] MWCC build/GEDE01/src/game/game_fn_801BA708.o
[375/883] MWCC build/GEDE01/src/game/game_fn_801BB1A0.o
[376/883] MWCC build/GEDE01/src/game/game_fn_801BC0D4.o
[377/883] MWCC build/GEDE01/src/game/game_fn_801BC240.o
[378/883] MWCC build/GEDE01/src/game/game_fn_801BC8F4.o
[379/883] MWCC build/GEDE01/src/game/game_fn_801BCC04.o
[380/883] MWCC build/GEDE01/src/game/game_fn_801BD990.o
[381/883] MWCC build/GEDE01/src/game/game_fn_801BDE7C.o
[382/883] MWCC build/GEDE01/src/game/game_fn_801BE0D4.o
[383/883] MWCC build/GEDE01/src/game/game_fn_801BEF40.o
[384/883] MWCC build/GEDE01/src/game/game_fn_801C1CB0.o
[385/883] MWCC build/GEDE01/src/game/game_fn_801C2980.o
[386/883] MWCC build/GEDE01/src/game/game_fn_801C29BC.o
[387/883] MWCC build/GEDE01/src/game/game_fn_801C2AAC.o
[388/883] MWCC build/GEDE01/src/game/game_fn_801C2D9C.o
[389/883] MWCC build/GEDE01/src/game/game_fn_801C8160.o
[390/883] MWCC build/GEDE01/src/game/game_fn_801C8224.o
[391/883] MWCC build/GEDE01/src/game/game_fn_801C4B5C.o
[392/883] MWCC build/GEDE01/src/game/game_fn_801C8600.o
[393/883] MWCC build/GEDE01/src/game/game_fn_801C8CC0.o
[394/883] MWCC build/GEDE01/src/game/game_fn_801C87DC.o
[395/883] MWCC build/GEDE01/src/game/game_fn_801C8F50.o
[396/883] MWCC build/GEDE01/src/game/game_fn_801C90A4.o
[397/883] MWCC build/GEDE01/src/game/game_fn_801C9510.o
[398/883] MWCC build/GEDE01/src/game/game_fn_801C970C.o
[399/883] MWCC build/GEDE01/src/game/game_fn_801C9A08.o
[400/883] MWCC build/GEDE01/src/game/game_fn_801C9B1C.o
[401/883] MWCC build/GEDE01/src/game/game_fn_801CD228.o
[402/883] MWCC build/GEDE01/src/game/game_fn_801CB4F8.o
[403/883] MWCC build/GEDE01/src/game/game_fn_801CE09C.o
[404/883] MWCC build/GEDE01/src/game/game_fn_801CE594.o
[405/883] MWCC build/GEDE01/src/game/game_fn_801D1B10.o
[406/883] MWCC build/GEDE01/src/game/game_fn_801D1F78.o
[407/883] MWCC build/GEDE01/src/game/game_fn_801D3988.o
[408/883] MWCC build/GEDE01/src/game/game_fn_801D76A8.o
[409/883] MWCC build/GEDE01/src/game/game_fn_801D7C24.o
[410/883] MWCC build/GEDE01/src/game/game_fn_801D8050.o
[411/883] MWCC build/GEDE01/src/game/game_fn_801D9FE4.o
[412/883] MWCC build/GEDE01/src/game/game_fn_801E2A48.o
[413/883] MWCC build/GEDE01/src/game/game_fn_801E41AC.o
[414/883] MWCC build/GEDE01/src/game/game_fn_801E6814.o
[415/883] MWCC build/GEDE01/src/game/game_fn_801EB09C.o
[416/883] MWCC build/GEDE01/src/game/game_fn_801E995C.o
[417/883] MWCC build/GEDE01/src/game/game_fn_801EB11C.o
[418/883] MWCC build/GEDE01/src/game/game_fn_801ECD74.o
[419/883] MWCC build/GEDE01/src/game/game_fn_801ECF50.o
[420/883] MWCC build/GEDE01/src/game/game_fn_801ED5F4.o
[421/883] MWCC build/GEDE01/src/game/game_fn_801EF580.o
[422/883] MWCC build/GEDE01/src/game/game_fn_801EF910.o
[423/883] MWCC build/GEDE01/src/game/game_fn_801F10BC.o
[424/883] MWCC build/GEDE01/src/game/game_fn_801F1A38.o
[425/883] MWCC build/GEDE01/src/game/game_fn_801F35A8.o
[426/883] MWCC build/GEDE01/src/game/game_fn_801F55A0.o
[427/883] MWCC build/GEDE01/src/game/game_fn_801F69F0.o
[428/883] MWCC build/GEDE01/src/game/game_fn_801F6BD8.o
[429/883] MWCC build/GEDE01/src/game/game_fn_801F7510.o
[430/883] MWCC build/GEDE01/src/game/game_fn_801F76EC.o
[431/883] MWCC build/GEDE01/src/game/game_fn_801F8264.o
[432/883] MWCC build/GEDE01/src/game/game_fn_801F89B4.o
[433/883] MWCC build/GEDE01/src/game/game_fn_801F9AF8.o
[434/883] MWCC build/GEDE01/src/game/game_fn_801F9CF4.o
[435/883] MWCC build/GEDE01/src/game/game_fn_801FA9C8.o
[436/883] MWCC build/GEDE01/src/game/game_fn_801FB6A4.o
[437/883] MWCC build/GEDE01/src/game/game_fn_801FC034.o
[438/883] MWCC build/GEDE01/src/game/game_fn_801FC204.o
[439/883] EXTERNALIZE build/GEDE01/src/game/game_fn_80175A08.o
[440/883] MWCC build/GEDE01/src/game/game_fn_801FFE78.o
[441/883] EXTERNALIZE build/GEDE01/src/game/game_fn_80066E78.o
[442/883] EXTERNALIZE build/GEDE01/src/game/game_fn_801247F8.o
[443/883] EXTERNALIZE build/GEDE01/src/game/game_fn_801EF910.o
[444/883] EXTERNALIZE build/GEDE01/src/game/game_fn_801ECF50.o
[445/883] EXTERNALIZE build/GEDE01/src/game/game_fn_801EB09C.o
[446/883] EXTERNALIZE build/GEDE01/src/game/game_fn_801FC204.o
[447/883] EXTERNALIZE build/GEDE01/src/game/game_fn_801EB11C.o
[448/883] EXTERNALIZE build/GEDE01/src/game/game_fn_801D9FE4.o
[449/883] EXTERNALIZE build/GEDE01/src/game/game_fn_801E41AC.o
[450/883] EXTERNALIZE build/GEDE01/src/game/game_fn_801D76A8.o
[451/883] EXTERNALIZE build/GEDE01/src/game/game_fn_801D8050.o
[452/883] EXTERNALIZE build/GEDE01/src/game/game_fn_801D7C24.o
[453/883] EXTERNALIZE build/GEDE01/src/game/game_fn_8019B1BC.o
[454/883] EXTERNALIZE build/GEDE01/src/game/game_fn_80178F88.o
[455/883] EXTERNALIZE build/GEDE01/src/game/game_fn_801CD228.o
[456/883] EXTERNALIZE build/GEDE01/src/game/game_fn_801C970C.o
[457/883] EXTERNALIZE build/GEDE01/src/game/game_fn_801BA15C.o
[458/883] EXTERNALIZE build/GEDE01/src/game/game_fn_801C9510.o
[459/883] EXTERNALIZE build/GEDE01/src/game/game_fn_80126A00.o
[460/883] EXTERNALIZE build/GEDE01/src/game/game_fn_8013D6A4.o
[461/883] EXTERNALIZE build/GEDE01/src/game/game_fn_800C9C60.o
[462/883] EXTERNALIZE build/GEDE01/src/game/game_fn_801B5228.o
[463/883] EXTERNALIZE build/GEDE01/src/game/game_fn_801B4FB4.o
[464/883] EXTERNALIZE build/GEDE01/src/game/game_fn_801C87DC.o
[465/883] EXTERNALIZE build/GEDE01/src/game/game_fn_801B6F1C.o
[466/883] EXTERNALIZE build/GEDE01/src/game/game_fn_801C8CC0.o
[467/883] EXTERNALIZE build/GEDE01/src/game/game_fn_800FD0C8.o
[468/883] EXTERNALIZE build/GEDE01/src/game/game_fn_801BDE7C.o
[469/883] EXTERNALIZE build/GEDE01/src/game/game_fn_801BE0D4.o
[470/883] EXTERNALIZE STATIC POOL build/GEDE01/src/game/game_fn_801C9A08.o
build/GEDE01/src/game/game_fn_801C9A08.o: lbl_80629390 now undefined; section 3 emptied
[471/883] EXTERNALIZE build/GEDE01/src/game/game_fn_801B941C.o
[472/883] EXTERNALIZE STATIC POOL build/GEDE01/src/game/game_fn_801C9B1C.o
build/GEDE01/src/game/game_fn_801C9B1C.o: lbl_80629390 now undefined; section 3 emptied
[473/883] EXTERNALIZE STATIC POOL build/GEDE01/src/game/game_fn_801BD990.o
build/GEDE01/src/game/game_fn_801BD990.o: lbl_80626D80 now undefined; section 6 emptied
[474/883] EXTERNALIZE STATIC POOL build/GEDE01/src/game/game_fn_801B58F0.o
build/GEDE01/src/game/game_fn_801B58F0.o: lbl_8060C020 now undefined; section 3 emptied
[475/883] EXTERNALIZE STATIC POOL build/GEDE01/src/game/game_fn_801B9E7C.o
build/GEDE01/src/game/game_fn_801B9E7C.o: 0 relocation(s) moved from streamInfo to ...bss.0
build/GEDE01/src/game/game_fn_801B9E7C.o: lbl_8061AE48 now undefined; section 6 emptied
[476/883] EXTERNALIZE STATIC POOL build/GEDE01/src/game/game_fn_801BB1A0.o
build/GEDE01/src/game/game_fn_801BB1A0.o: 0 relocation(s) moved from streamInfo to ...bss.0
build/GEDE01/src/game/game_fn_801BB1A0.o: lbl_8061AE48 now undefined; section 6 emptied
[477/883] EXTERNALIZE STATIC build/GEDE01/src/game/game_fn_801B35BC.o
build/GEDE01/src/game/game_fn_801B35BC.o: lbl_8060D420 now undefined; section 6 emptied
[478/883] EXTERNALIZE STATIC POOL build/GEDE01/src/game/game_fn_801BA708.o
build/GEDE01/src/game/game_fn_801BA708.o: 0 relocation(s) moved from streamInfo to ...bss.0
build/GEDE01/src/game/game_fn_801BA708.o: lbl_8061AE48 now undefined; section 6 emptied
[479/883] EXTERNALIZE STATIC POOL build/GEDE01/src/game/game_fn_801BC8F4.o
build/GEDE01/src/game/game_fn_801BC8F4.o: lbl_8061C748 now undefined; section 6 emptied
[480/883] EXTERNALIZE STATIC build/GEDE01/src/game/game_fn_801BC240.o
build/GEDE01/src/game/game_fn_801BC240.o: lbl_8061C748 now undefined; section 6 emptied
[481/883] EXTERNALIZE STATIC POOL build/GEDE01/src/game/game_fn_801BCC04.o
build/GEDE01/src/game/game_fn_801BCC04.o: lbl_8061C748 now undefined; section 6 emptied
[482/883] EXTERNALIZE STATIC POOL build/GEDE01/src/game/game_fn_801BC0D4.o
build/GEDE01/src/game/game_fn_801BC0D4.o: lbl_8061C748 now undefined; section 6 emptied
[483/883] EXTERNALIZE STATIC POOL build/GEDE01/src/game/game_fn_801C1CB0.o
build/GEDE01/src/game/game_fn_801C1CB0.o: lbl_80626DA0 now undefined; section 3 emptied
[484/883] RENAME build/GEDE01/src/game/game_InitMetroTRKCommTable.o
[485/883] EXTERNALIZE STATIC POOL build/GEDE01/src/game/game_fn_801CE09C.o
build/GEDE01/src/game/game_fn_801CE09C.o: lbl_80631340 now undefined; section 6 emptied
[486/883] RENAME RUNTIME INTRINSICS build/GEDE01/src/game/game_fn_801CB4F8.o
[487/883] EXTERNALIZE STATIC POOL build/GEDE01/src/game/game_fn_8010242C.o
build/GEDE01/src/game/game_fn_8010242C.o: lbl_8032CC08 now undefined; section 3 emptied
[488/883] EXTERNALIZE build/GEDE01/src/game/game_fn_801D3988.o
[489/883] EXTERNALIZE build/GEDE01/src/game/game_fn_801D1B10.o
[490/883] ALIGN DATA build/GEDE01/src/game/game_fn_80008014.o
[491/883] EXTERNALIZE build/GEDE01/src/game/game_fn_801CE594.o
[492/883] EXTERNALIZE build/GEDE01/src/game/game_fn_8014549C.o
[493/883] EXTERNALIZE build/GEDE01/src/game/game_fn_801C8224.o
[494/883] EXTERNALIZE build/GEDE01/src/game/game_fn_801098C0.o
[495/883] EXTERNALIZE build/GEDE01/src/game/game_fn_8000FDE8.o
[496/883] EXTERNALIZE build/GEDE01/src/game/game_fn_80185F10.o
[497/883] EXTERNALIZE build/GEDE01/src/game/game_fn_801C29BC.o
[498/883] EXTERNALIZE build/GEDE01/src/game/game_fn_8007B828.o
[499/883] EXTERNALIZE build/GEDE01/src/game/game_fn_801C8F50.o
[500/883] EXTERNALIZE build/GEDE01/src/game/game_fn_801C90A4.o
[501/883] EXTERNALIZE build/GEDE01/src/game/game_fn_801C8160.o
[502/883] EXTERNALIZE build/GEDE01/src/game/game_fn_801C2AAC.o
[503/883] EXTERNALIZE build/GEDE01/src/game/game_fn_801C2D9C.o
[504/883] EXTERNALIZE build/GEDE01/src/game/game_fn_801C2980.o
[505/883] EXTERNALIZE build/GEDE01/src/game/game_fn_801B02F0.o
[506/883] EXTERNALIZE build/GEDE01/src/game/game_fn_801AFA74.o
[507/883] EXTERNALIZE build/GEDE01/src/game/game_fn_801AC8AC.o
[508/883] EXTERNALIZE build/GEDE01/src/game/game_fn_801ABD3C.o
[509/883] EXTERNALIZE build/GEDE01/src/game/game_fn_801816D4.o
[510/883] EXTERNALIZE build/GEDE01/src/game/game_fn_8011F140.o
[511/883] EXTERNALIZE build/GEDE01/src/game/game_fn_801AD08C.o
[512/883] EXTERNALIZE build/GEDE01/src/game/game_fn_8004998C.o
[513/883] EXTERNALIZE build/GEDE01/src/game/game_fn_80079AA4.o
[514/883] EXTERNALIZE build/GEDE01/src/game/game_fn_80158D38.o
[515/883] EXTERNALIZE build/GEDE01/src/game/game_fn_801A3A78.o
[516/883] EXTERNALIZE build/GEDE01/src/game/game_fn_8008F224.o
[517/883] EXTERNALIZE build/GEDE01/src/game/game_fn_80167454.o
[518/883] EXTERNALIZE build/GEDE01/src/game/game_fn_800AF230.o
[519/883] EXTERNALIZE build/GEDE01/src/game/game_fn_801A93E8.o
[520/883] EXTERNALIZE build/GEDE01/src/game/game_fn_801AB154.o
[521/883] EXTERNALIZE build/GEDE01/src/game/game_fn_801A7E04.o
[522/883] EXTERNALIZE build/GEDE01/src/game/game_fn_801A7EA8.o
[523/883] EXTERNALIZE build/GEDE01/src/game/game_fn_801A6CB4.o
[524/883] EXTERNALIZE build/GEDE01/src/game/game_fn_801A4CE0.o
[525/883] EXTERNALIZE build/GEDE01/src/game/game_fn_801A6C58.o
[526/883] NAME JUMPTABLE build/GEDE01/src/game/game_fn_801A6ADC.o
[527/883] EXTERNALIZE build/GEDE01/src/game/game_fn_801A6410.o
[528/883] EXTERNALIZE build/GEDE01/src/game/game_fn_801A5FB0.o
[529/883] EXTERNALIZE build/GEDE01/src/game/game_fn_801A1F18.o
[530/883] EXTERNALIZE build/GEDE01/src/game/game_fn_8019E8C8.o
[531/883] EXTERNALIZE build/GEDE01/src/game/game_fn_8019E5E4.o
[532/883] EXTERNALIZE build/GEDE01/src/game/game_fn_8019CFC4.o
[533/883] EXTERNALIZE build/GEDE01/src/game/game_fn_8019CC28.o
[534/883] EXTERNALIZE build/GEDE01/src/game/game_fn_801991E0.o
[535/883] EXTERNALIZE build/GEDE01/src/game/game_fn_80198BF4.o
[536/883] EXTERNALIZE build/GEDE01/src/game/game_fn_80198AAC.o
[537/883] EXTERNALIZE build/GEDE01/src/game/game_fn_80198154.o
[538/883] EXTERNALIZE build/GEDE01/src/game/game_fn_80194F80.o
[539/883] EXTERNALIZE build/GEDE01/src/game/game_fn_80197910.o
[540/883] EXTERNALIZE build/GEDE01/src/game/game_fn_80177434.o
repointed 2 relocations to lbl_80250588
[541/883] EXTERNALIZE build/GEDE01/src/game/game_fn_80193E1C.o
[542/883] EXTERNALIZE build/GEDE01/src/game/game_fn_80193F3C.o
[543/883] EXTERNALIZE build/GEDE01/src/game/game_fn_801931C4.o
[544/883] EXTERNALIZE build/GEDE01/src/game/game_fn_80191F58.o
[545/883] EXTERNALIZE build/GEDE01/src/game/game_fn_80192F54.o
[546/883] EXTERNALIZE build/GEDE01/src/game/game_fn_80191360.o
[547/883] EXTERNALIZE build/GEDE01/src/game/game_fn_8019197C.o
[548/883] GLOBALIZE build/GEDE01/src/game/game_fn_8018F1D0.o
[549/883] EXTERNALIZE build/GEDE01/src/game/game_fn_8018D688.o
[550/883] EXTERNALIZE build/GEDE01/src/game/game_fn_8018F81C.o
[551/883] EXTERNALIZE build/GEDE01/src/game/game_fn_8018D2E0.o
[552/883] EXTERNALIZE build/GEDE01/src/game/game_fn_80189968.o
[553/883] EXTERNALIZE build/GEDE01/src/game/game_fn_80189760.o
[554/883] EXTERNALIZE build/GEDE01/src/game/game_fn_8018D1F0.o
[555/883] EXTERNALIZE build/GEDE01/src/game/game_fn_801896A0.o
[556/883] EXTERNALIZE build/GEDE01/src/game/game_fn_801895E8.o
[557/883] EXTERNALIZE build/GEDE01/src/game/game_fn_80189390.o
[558/883] EXTERNALIZE build/GEDE01/src/game/game_fn_801891D8.o
[559/883] EXTERNALIZE build/GEDE01/src/game/game_fn_80188E28.o
[560/883] EXTERNALIZE build/GEDE01/src/game/game_fn_80189028.o
[561/883] EXTERNALIZE build/GEDE01/src/game/game_fn_80188B44.o
[562/883] EXTERNALIZE build/GEDE01/src/game/game_fn_80188C1C.o
[563/883] EXTERNALIZE build/GEDE01/src/game/game_fn_80188A7C.o
[564/883] EXTERNALIZE build/GEDE01/src/game/game_fn_801878E0.o
[565/883] EXTERNALIZE build/GEDE01/src/game/game_fn_80187120.o
[566/883] EXTERNALIZE build/GEDE01/src/game/game_fn_8018FEDC.o
[567/883] EXTERNALIZE build/GEDE01/src/game/game_fn_80186E10.o
[568/883] EXTERNALIZE build/GEDE01/src/game/game_fn_801865EC.o
[569/883] EXTERNALIZE build/GEDE01/src/game/game_fn_80185AE8.o
[570/883] EXTERNALIZE build/GEDE01/src/game/game_fn_801859FC.o
[571/883] EXTERNALIZE build/GEDE01/src/game/game_fn_80180DDC.o
[572/883] EXTERNALIZE build/GEDE01/src/game/game_fn_8017E958.o
[573/883] EXTERNALIZE build/GEDE01/src/game/game_fn_8017E850.o
[574/883] EXTERNALIZE build/GEDE01/src/game/game_fn_8017718C.o
[575/883] EXTERNALIZE build/GEDE01/src/game/game_fn_801770F8.o
[576/883] EXTERNALIZE build/GEDE01/src/game/game_fn_80176FA0.o
[577/883] EXTERNALIZE build/GEDE01/src/game/game_fn_80176DF4.o
[578/883] EXTERNALIZE build/GEDE01/src/game/game_fn_80174358.o
[579/883] EXTERNALIZE build/GEDE01/src/game/game_fn_80173F04.o
[580/883] EXTERNALIZE build/GEDE01/src/game/game_fn_80174184.o
[581/883] EXTERNALIZE build/GEDE01/src/game/game_fn_8017553C.o
[582/883] EXTERNALIZE build/GEDE01/src/game/game_fn_80173D44.o
[583/883] EXTERNALIZE build/GEDE01/src/game/game_fn_80173770.o
[584/883] EXTERNALIZE build/GEDE01/src/game/game_fn_801734B4.o
[585/883] EXTERNALIZE build/GEDE01/src/game/game_fn_80173270.o
[586/883] EXTERNALIZE build/GEDE01/src/game/game_fn_80172DB8.o
[587/883] EXTERNALIZE build/GEDE01/src/game/game_fn_80172C78.o
[588/883] EXTERNALIZE build/GEDE01/src/game/game_fn_80172BB0.o
[589/883] EXTERNALIZE build/GEDE01/src/game/game_fn_801726EC.o
[590/883] EXTERNALIZE build/GEDE01/src/game/game_fn_8017250C.o
[591/883] EXTERNALIZE build/GEDE01/src/game/game_fn_80171F30.o
[592/883] EXTERNALIZE build/GEDE01/src/game/game_fn_801719B4.o
[593/883] EXTERNALIZE build/GEDE01/src/game/game_fn_801718F4.o
[594/883] EXTERNALIZE build/GEDE01/src/game/game_fn_80171664.o
[595/883] EXTERNALIZE build/GEDE01/src/game/game_fn_8017138C.o
[596/883] EXTERNALIZE build/GEDE01/src/game/game_fn_80170A40.o
[597/883] NORMALIZE build/GEDE01/src/game/game_TRKNubWelcome.o
[598/883] NORMALIZE build/GEDE01/src/game/game_TRK_main.o
[599/883] NORMALIZE build/GEDE01/src/game/game_data_80239E10.o
[600/883] NORMALIZE build/GEDE01/src/game/game_data_80239E18.o
[601/883] EXTERNALIZE build/GEDE01/src/game/game_fn_801706DC.o
[602/883] EXTERNALIZE build/GEDE01/src/game/game_fn_8017652C.o
[603/883] EXTERNALIZE build/GEDE01/src/game/game_fn_80170E9C.o
[604/883] EXTERNALIZE build/GEDE01/src/game/game_fn_80175E64.o
[605/883] EXTERNALIZE build/GEDE01/src/game/game_fn_80175F0C.o
[606/883] EXTERNALIZE build/GEDE01/src/game/game_fn_80175FD4.o
[607/883] EXTERNALIZE build/GEDE01/src/game/game_fn_80176098.o
[608/883] EXTERNALIZE build/GEDE01/src/game/game_fn_80176160.o
[609/883] EXTERNALIZE build/GEDE01/src/game/game_fn_80176220.o
[610/883] EXTERNALIZE build/GEDE01/src/game/game_fn_80170DF4.o
[611/883] EXTERNALIZE build/GEDE01/src/game/game_fn_801762E8.o
[612/883] EXTERNALIZE build/GEDE01/src/game/game_fn_8016E8F8.o
[613/883] EXTERNALIZE build/GEDE01/src/game/game_fn_8016FEF8.o
[614/883] EXTERNALIZE build/GEDE01/src/game/game_fn_801704F8.o
[615/883] NORMALIZE build/GEDE01/src/game/game_fn_8016DF4C.o
[616/883] EXTERNALIZE build/GEDE01/src/game/game_fn_8016D2B8.o
[617/883] EXTERNALIZE build/GEDE01/src/game/game_fn_8016D040.o
[618/883] EXTERNALIZE build/GEDE01/src/game/game_fn_8016D1F8.o
[619/883] EXTERNALIZE build/GEDE01/src/game/game_fn_8016C774.o
[620/883] EXTERNALIZE build/GEDE01/src/game/game_fn_8016C4BC.o
[621/883] EXTERNALIZE build/GEDE01/src/game/game_fn_8016C238.o
[622/883] EXTERNALIZE build/GEDE01/src/game/game_fn_8016C164.o
[623/883] EXTERNALIZE build/GEDE01/src/game/game_fn_8016C0BC.o
[624/883] EXTERNALIZE build/GEDE01/src/game/game_fn_8017038C.o
[625/883] EXTERNALIZE build/GEDE01/src/game/game_fn_8016BE1C.o
[626/883] EXTERNALIZE build/GEDE01/src/game/game_fn_8016BF60.o
[627/883] EXTERNALIZE build/GEDE01/src/game/game_fn_8016BD0C.o
[628/883] EXTERNALIZE build/GEDE01/src/game/game_fn_80169650.o
[629/883] EXTERNALIZE build/GEDE01/src/game/game_fn_80167B5C.o
[630/883] EXTERNALIZE build/GEDE01/src/game/game_fn_8015EDC0.o
[631/883] EXTERNALIZE build/GEDE01/src/game/game_fn_8015DB84.o
[632/883] EXTERNALIZE build/GEDE01/src/game/game_fn_8015DC54.o
[633/883] EXTERNALIZE build/GEDE01/src/game/game_fn_80158B20.o
[634/883] EXTERNALIZE build/GEDE01/src/game/game_fn_8017960C.o
[635/883] EXTERNALIZE build/GEDE01/src/game/game_fn_80179398.o
[636/883] EXTERNALIZE build/GEDE01/src/game/game_fn_8017974C.o
[637/883] EXTERNALIZE build/GEDE01/src/game/game_fn_80179904.o
[638/883] EXTERNALIZE build/GEDE01/src/game/game_fn_8017A9B8.o
[639/883] EXTERNALIZE build/GEDE01/src/game/game_fn_80179A18.o
[640/883] EXTERNALIZE build/GEDE01/src/game/game_fn_80179EB8.o
[641/883] EXTERNALIZE build/GEDE01/src/game/game_fn_80179A74.o
[642/883] EXTERNALIZE build/GEDE01/src/game/game_fn_8017A010.o
[643/883] EXTERNALIZE build/GEDE01/src/game/game_fn_80179F20.o
[644/883] EXTERNALIZE build/GEDE01/src/game/game_fn_8017A12C.o
[645/883] EXTERNALIZE build/GEDE01/src/game/game_fn_8017A1C0.o
[646/883] EXTERNALIZE build/GEDE01/src/game/game_fn_80157C0C.o
[647/883] EXTERNALIZE build/GEDE01/src/game/game_fn_80155814.o
[648/883] EXTERNALIZE build/GEDE01/src/game/game_fn_80153898.o
[649/883] EXTERNALIZE build/GEDE01/src/game/game_fn_8014AF38.o
[650/883] EXTERNALIZE build/GEDE01/src/game/game_fn_8014B494.o
[651/883] EXTERNALIZE build/GEDE01/src/game/game_fn_8012DB28.o
[652/883] EXTERNALIZE build/GEDE01/src/game/game_fn_801141B8.o
[653/883] EXTERNALIZE build/GEDE01/src/game/game_fn_801128E4.o
[654/883] EXTERNALIZE build/GEDE01/src/game/game_fn_801126E0.o
[655/883] EXTERNALIZE build/GEDE01/src/game/game_fn_8010F184.o
[656/883] EXTERNALIZE build/GEDE01/src/game/game_fn_800E4980.o
[657/883] EXTERNALIZE build/GEDE01/src/game/game_fn_800C17EC.o
[658/883] EXTERNALIZE build/GEDE01/src/game/game_fn_800C59F0.o
[659/883] EXTERNALIZE build/GEDE01/src/game/game_fn_800C644C.o
[660/883] EXTERNALIZE build/GEDE01/src/game/game_fn_800C65FC.o
[661/883] EXTERNALIZE build/GEDE01/src/game/game_fn_800CB760.o
[662/883] EXTERNALIZE build/GEDE01/src/game/game_fn_800CB8F4.o
[663/883] EXTERNALIZE build/GEDE01/src/game/game_fn_80078500.o
[664/883] EXTERNALIZE build/GEDE01/src/game/game_fn_80079908.o
[665/883] EXTERNALIZE build/GEDE01/src/game/game_fn_8007B2F4.o
[666/883] EXTERNALIZE build/GEDE01/src/game/game_fn_8007B540.o
[667/883] EXTERNALIZE build/GEDE01/src/game/game_fn_8007B640.o
[668/883] EXTERNALIZE build/GEDE01/src/game/game_fn_800886D8.o
[669/883] EXTERNALIZE build/GEDE01/src/game/game_fn_8007BA3C.o
[670/883] EXTERNALIZE build/GEDE01/src/game/game_fn_800934A0.o
[671/883] EXTERNALIZE build/GEDE01/src/game/game_fn_800A3894.o
[672/883] EXTERNALIZE build/GEDE01/src/game/game_fn_800A7E88.o
[673/883] EXTERNALIZE build/GEDE01/src/game/game_fn_800A4798.o
[674/883] GLOBALIZE build/GEDE01/src/game/game_fn_800A2130.o
[675/883] EXTERNALIZE build/GEDE01/src/game/game_fn_800A2FCC.o
[676/883] EXTERNALIZE build/GEDE01/src/game/game_fn_8009C424.o
[677/883] EXTERNALIZE build/GEDE01/src/game/game_fn_80096830.o
[678/883] GLOBALIZE build/GEDE01/src/game/game_fn_8008F890.o
[679/883] EXTERNALIZE SWITCHES build/GEDE01/src/game/game_fn_80095FDC.o
[680/883] EXTERNALIZE build/GEDE01/src/game/game_fn_800A4428.o
[681/883] EXTERNALIZE build/GEDE01/src/game/game_fn_80074310.o
[682/883] GLOBALIZE build/GEDE01/src/game/game_fn_8005FD84.o
[683/883] EXTERNALIZE build/GEDE01/src/game/game_fn_80066888.o
[684/883] EXTERNALIZE build/GEDE01/src/game/game_fn_8005EC6C.o
[685/883] EXTERNALIZE build/GEDE01/src/game/game_fn_80052310.o
[686/883] EXTERNALIZE build/GEDE01/src/game/game_fn_80048B24.o
[687/883] NAME SWITCH build/GEDE01/src/game/game_fn_80020E94.o
[688/883] NAME SWITCH build/GEDE01/src/game/game_fn_8005EE9C.o
[689/883] NAME SWITCH build/GEDE01/src/game/game_fn_8016D9C0.o
[690/883] NAME SWITCH build/GEDE01/src/game/game_fn_80071A58.o
[691/883] EXTERNALIZE build/GEDE01/src/game/game_fn_80048ADC.o
[692/883] NAME SWITCH build/GEDE01/src/game/game_fn_8006B620.o
[693/883] NAME SWITCH build/GEDE01/src/game/game_fn_8001FE1C.o
[694/883] NAME SWITCH build/GEDE01/src/game/game_fn_8001E644.o
[695/883] EXTERNALIZE build/GEDE01/src/game/game_fn_80038878.o
[696/883] EXTERNALIZE build/GEDE01/src/game/game_fn_801B46C8.o
build/GEDE01/src/game/game_fn_801B46C8.o: lbl_8060C020 now undefined; section 6 emptied
[697/883] EXTERNALIZE build/GEDE01/src/game/game_fn_80036C40.o
[698/883] EXTERNALIZE build/GEDE01/src/game/game_fn_800359A0.o
[699/883] EXTERNALIZE build/GEDE01/src/game/game_fn_80033180.o
[700/883] EXTERNALIZE build/GEDE01/src/game/game_fn_80033038.o
[701/883] EXTERNALIZE build/GEDE01/src/game/game_fn_80032B84.o
[702/883] EXTERNALIZE build/GEDE01/src/game/game_fn_8003232C.o
[703/883] EXTERNALIZE build/GEDE01/src/game/game_fn_8002E3F0.o
[704/883] EXTERNALIZE build/GEDE01/src/game/game_fn_8002DAE0.o
[705/883] EXTERNALIZE build/GEDE01/src/game/game_fn_8002EA68.o
[706/883] EXTERNALIZE build/GEDE01/src/game/game_fn_8002F428.o
[707/883] GLOBALIZE build/GEDE01/src/game/game_fn_8002B748.o
[708/883] NAME SWITCHES build/GEDE01/src/game/game_fn_80024F28.o
[709/883] EXTERNALIZE build/GEDE01/src/game/game_fn_800272B4.o
[710/883] EXTERNALIZE build/GEDE01/src/game/game_fn_8001CE94.o
[711/883] EXTERNALIZE build/GEDE01/src/game/game_fn_8001CD58.o
[712/883] EXTERNALIZE build/GEDE01/src/game/game_fn_8001C078.o
[713/883] EXTERNALIZE build/GEDE01/src/game/game_fn_8001B808.o
[714/883] EXTERNALIZE build/GEDE01/src/game/game_fn_8001B874.o
[715/883] EXTERNALIZE build/GEDE01/src/game/game_fn_8001B294.o
[716/883] EXTERNALIZE build/GEDE01/src/game/game_fn_8001B124.o
[717/883] EXTERNALIZE build/GEDE01/src/game/game_fn_8001ADF8.o
[718/883] EXTERNALIZE build/GEDE01/src/game/game_fn_8001AAB8.o
[719/883] EXTERNALIZE build/GEDE01/src/game/game_fn_8001AF68.o
[720/883] EXTERNALIZE build/GEDE01/src/game/game_fn_80019F98.o
[721/883] EXTERNALIZE build/GEDE01/src/game/game_fn_8001A6C4.o
[722/883] EXTERNALIZE build/GEDE01/src/game/game_fn_80019D2C.o
[723/883] EXTERNALIZE build/GEDE01/src/game/game_fn_80019C10.o
[724/883] EXTERNALIZE build/GEDE01/src/game/game_fn_80019940.o
[725/883] EXTERNALIZE build/GEDE01/src/game/game_fn_800194D0.o
[726/883] EXTERNALIZE build/GEDE01/src/game/game_fn_80019244.o
[727/883] EXTERNALIZE build/GEDE01/src/game/game_fn_80019054.o
[728/883] EXTERNALIZE build/GEDE01/src/game/game_fn_80018EF4.o
[729/883] EXTERNALIZE build/GEDE01/src/game/game_fn_80017DB0.o
[730/883] EXTERNALIZE build/GEDE01/src/game/game_fn_80017C3C.o
[731/883] EXTERNALIZE build/GEDE01/src/game/game_fn_80017CC8.o
[732/883] EXTERNALIZE build/GEDE01/src/game/game_fn_80017A3C.o
[733/883] EXTERNALIZE build/GEDE01/src/game/game_fn_80017AE4.o
[734/883] EXTERNALIZE build/GEDE01/src/game/game_fn_800179AC.o
[735/883] EXTERNALIZE build/GEDE01/src/game/game_fn_80017910.o
[736/883] EXTERNALIZE FLAGS build/GEDE01/src/game/game_fn_800119FC.o
[737/883] EXTERNALIZE build/GEDE01/src/game/game_fn_8000FFD8.o
[738/883] EXTERNALIZE build/GEDE01/src/game/game_fn_8000F4B0.o
[739/883] EXTERNALIZE build/GEDE01/src/game/game_fn_8000EFC4.o
[740/883] GLOBALIZE build/GEDE01/src/game/game_fn_800094C0.o
[741/883] EXTERNALIZE build/GEDE01/src/game/game_fn_800096E0.o
[742/883] EXTERNALIZE build/GEDE01/src/game/game_fn_800098C0.o
[743/883] EXTERNALIZE build/GEDE01/src/game/game_fn_800099D8.o
[744/883] EXTERNALIZE build/GEDE01/src/game/game_fn_80009AB4.o
[745/883] EXTERNALIZE build/GEDE01/src/game/game_fn_800171C0.o
[746/883] EXTERNALIZE build/GEDE01/src/game/game_fn_8000A26C.o
[747/883] EXTERNALIZE build/GEDE01/src/game/game_fn_800176F0.o
[748/883] EXTERNALIZE build/GEDE01/src/game/game_fn_8000AC88.o
[749/883] EXTERNALIZE build/GEDE01/src/game/game_fn_8000AEB4.o
[750/883] EXTERNALIZE build/GEDE01/src/game/game_fn_8000AFB4.o
[751/883] EXTERNALIZE build/GEDE01/src/game/game_fn_8000B36C.o
[752/883] EXTERNALIZE build/GEDE01/src/game/game_fn_8000B1B8.o
[753/883] EXTERNALIZE build/GEDE01/src/game/game_fn_8000B630.o
[754/883] EXTERNALIZE build/GEDE01/src/game/game_fn_8000B7FC.o
[755/883] EXTERNALIZE build/GEDE01/src/game/game_fn_8000B900.o
[756/883] EXTERNALIZE build/GEDE01/src/game/game_fn_8000BA0C.o
[757/883] EXTERNALIZE build/GEDE01/src/game/game_fn_8000BAA0.o
[758/883] EXTERNALIZE build/GEDE01/src/game/game_fn_8000BC40.o
[759/883] EXTERNALIZE build/GEDE01/src/game/game_fn_8000C17C.o
[760/883] EXTERNALIZE build/GEDE01/src/game/game_fn_8000C06C.o
[761/883] EXTERNALIZE build/GEDE01/src/game/game_fn_8000C400.o
[762/883] EXTERNALIZE build/GEDE01/src/game/game_fn_8000C848.o
[763/883] EXTERNALIZE build/GEDE01/src/game/game_fn_8000D0BC.o
[764/883] EXTERNALIZE build/GEDE01/src/game/game_fn_8000C91C.o
[765/883] NAME SWITCH build/GEDE01/src/game/game_fn_8000D8A4.o
[766/883] EXTERNALIZE build/GEDE01/src/game/game_fn_8000D3D4.o
[767/883] EXTERNALIZE build/GEDE01/src/game/game_fn_8000E054.o
[768/883] EXTERNALIZE build/GEDE01/src/game/game_fn_8000E0AC.o
[769/883] EXTERNALIZE build/GEDE01/src/game/game_fn_8000E96C.o
[770/883] EXTERNALIZE build/GEDE01/src/game/game_fn_8000F774.o
[771/883] EXTERNALIZE build/GEDE01/src/game/game_fn_8000EB14.o
[772/883] EXTERNALIZE build/GEDE01/src/game/game_fn_8000EBD4.o
[773/883] EXTERNALIZE build/GEDE01/src/game/game_fn_8000ED44.o
[774/883] EXTERNALIZE build/GEDE01/src/game/game_fn_8000E138.o
[775/883] EXTERNALIZE build/GEDE01/src/game/game_fn_8000E1C4.o
[776/883] EXTERNALIZE build/GEDE01/src/game/game_fn_8000D590.o
[777/883] EXTERNALIZE build/GEDE01/src/game/game_fn_8000DA50.o
[778/883] EXTERNALIZE build/GEDE01/src/game/game_fn_8000DAF4.o
[779/883] EXTERNALIZE build/GEDE01/src/game/game_fn_80012DA8.o
[780/883] EXTERNALIZE build/GEDE01/src/game/game_fn_80012F40.o
[781/883] EXTERNALIZE build/GEDE01/src/game/game_fn_80012FD0.o
[782/883] EXTERNALIZE build/GEDE01/src/game/game_fn_800131E8.o
[783/883] EXTERNALIZE build/GEDE01/src/game/game_fn_80013340.o
[784/883] EXTERNALIZE build/GEDE01/src/game/game_fn_80013870.o
[785/883] EXTERNALIZE build/GEDE01/src/game/game_fn_80013CB0.o
[786/883] EXTERNALIZE build/GEDE01/src/game/game_fn_80013D54.o
[787/883] EXTERNALIZE build/GEDE01/src/game/game_fn_800142DC.o
[788/883] EXTERNALIZE build/GEDE01/src/game/game_fn_800144CC.o
[789/883] EXTERNALIZE build/GEDE01/src/game/game_fn_80014784.o
[790/883] EXTERNALIZE build/GEDE01/src/game/game_fn_800149D4.o
[791/883] EXTERNALIZE build/GEDE01/src/game/game_fn_80015058.o
[792/883] EXTERNALIZE build/GEDE01/src/game/game_fn_80015320.o
[793/883] EXTERNALIZE build/GEDE01/src/game/game_fn_80015568.o
[794/883] EXTERNALIZE build/GEDE01/src/game/game_fn_800156FC.o
[795/883] EXTERNALIZE build/GEDE01/src/game/game_fn_80015BE0.o
[796/883] EXTERNALIZE build/GEDE01/src/game/game_fn_80015D40.o
[797/883] EXTERNALIZE build/GEDE01/src/game/game_fn_80015F04.o
[798/883] EXTERNALIZE build/GEDE01/src/game/game_fn_80016128.o
[799/883] EXTERNALIZE build/GEDE01/src/game/game_fn_80016270.o
[800/883] EXTERNALIZE build/GEDE01/src/game/game_fn_80016904.o
[801/883] EXTERNALIZE build/GEDE01/src/game/game_fn_800173CC.o
[802/883] EXTERNALIZE build/GEDE01/src/game/game_fn_80016B24.o
[803/883] EXTERNALIZE build/GEDE01/src/game/game_fn_801BEF40.o
[804/883] EXTERNALIZE build/GEDE01/src/game/game_fn_801B86C0.o
[805/883] EXTERNALIZE STATIC POOL build/GEDE01/src/game/game_fn_801C4B5C.o
build/GEDE01/src/game/game_fn_801C4B5C.o: lbl_80628CB0 now undefined; section 6 emptied
[806/883] EXTERNALIZE build/GEDE01/src/game/game_fn_800B2EC0.o
[807/883] EXTERNALIZE build/GEDE01/src/game/game_fn_801C8600.o
[808/883] EXTERNALIZE build/GEDE01/src/game/game_fn_8001CA04.o
[809/883] EXTERNALIZE build/GEDE01/src/game/game_fn_80031544.o
[810/883] EXTERNALIZE build/GEDE01/src/game/game_fn_8006B0F0.o
[811/883] EXTERNALIZE build/GEDE01/src/game/game_fn_8007D4D8.o
[812/883] EXTERNALIZE build/GEDE01/src/game/game_fn_8007F770.o
[813/883] EXTERNALIZE build/GEDE01/src/game/game_fn_80088F4C.o
[814/883] EXTERNALIZE build/GEDE01/src/game/game_fn_8008A2E0.o
[815/883] EXTERNALIZE build/GEDE01/src/game/game_fn_80090004.o
[816/883] EXTERNALIZE build/GEDE01/src/game/game_fn_80095D10.o
[817/883] EXTERNALIZE build/GEDE01/src/game/game_fn_800A3180.o
[818/883] EXTERNALIZE build/GEDE01/src/game/game_fn_800BB7A8.o
[819/883] EXTERNALIZE build/GEDE01/src/game/game_fn_800BB5C4.o
[820/883] EXTERNALIZE build/GEDE01/src/game/game_fn_800BB9A4.o
[821/883] EXTERNALIZE build/GEDE01/src/game/game_fn_800BBAF0.o
[822/883] EXTERNALIZE build/GEDE01/src/game/game_fn_800D9064.o
[823/883] EXTERNALIZE build/GEDE01/src/game/game_fn_800D9E10.o
[824/883] EXTERNALIZE build/GEDE01/src/game/game_fn_8012976C.o
[825/883] EXTERNALIZE build/GEDE01/src/game/game_fn_8013DB8C.o
[826/883] EXTERNALIZE build/GEDE01/src/game/game_fn_8013CBE4.o
[827/883] EXTERNALIZE build/GEDE01/src/game/game_fn_8014CA98.o
[828/883] EXTERNALIZE build/GEDE01/src/game/game_fn_80153A24.o
[829/883] EXTERNALIZE build/GEDE01/src/game/game_fn_801535D8.o
[830/883] EXTERNALIZE build/GEDE01/src/game/game_fn_80174F2C.o
[831/883] EXTERNALIZE build/GEDE01/src/game/game_fn_8017AC20.o
[832/883] EXTERNALIZE build/GEDE01/src/game/game_fn_8018680C.o
[833/883] EXTERNALIZE build/GEDE01/src/game/game_fn_80186F70.o
[834/883] EXTERNALIZE build/GEDE01/src/game/game_fn_80187320.o
[835/883] EXTERNALIZE build/GEDE01/src/game/game_fn_801810A0.o
[836/883] EXTERNALIZE build/GEDE01/src/game/game_fn_801875FC.o
[837/883] EXTERNALIZE build/GEDE01/src/game/game_fn_800542D0.o
[838/883] EXTERNALIZE build/GEDE01/src/game/game_fn_80187BB4.o
[839/883] EXTERNALIZE build/GEDE01/src/game/game_fn_8018C2D0.o
[840/883] EXTERNALIZE build/GEDE01/src/game/game_fn_8018D400.o
[841/883] EXTERNALIZE build/GEDE01/src/game/game_fn_8018E0D8.o
[842/883] EXTERNALIZE build/GEDE01/src/game/game_fn_8019120C.o
[843/883] EXTERNALIZE build/GEDE01/src/game/game_fn_801916D0.o
[844/883] EXTERNALIZE build/GEDE01/src/game/game_fn_801926EC.o
[845/883] EXTERNALIZE build/GEDE01/src/game/game_fn_801A2A54.o
[846/883] EXTERNALIZE build/GEDE01/src/game/game_fn_801929A4.o
[847/883] EXTERNALIZE build/GEDE01/src/game/game_fn_801A34BC.o
[848/883] EXTERNALIZE build/GEDE01/src/game/game_fn_801A657C.o
[849/883] EXTERNALIZE build/GEDE01/src/game/game_fn_801E2A48.o
[850/883] EXTERNALIZE build/GEDE01/src/game/game_fn_801D1F78.o
[851/883] EXTERNALIZE build/GEDE01/src/game/game_fn_801E6814.o
[852/883] EXTERNALIZE build/GEDE01/src/game/game_fn_801E995C.o
[853/883] EXTERNALIZE build/GEDE01/src/game/game_fn_801F10BC.o
[854/883] EXTERNALIZE build/GEDE01/src/game/game_fn_801EF580.o
[855/883] EXTERNALIZE build/GEDE01/src/game/game_fn_801F35A8.o
[856/883] EXTERNALIZE build/GEDE01/src/game/game_fn_801ECD74.o
[857/883] EXTERNALIZE build/GEDE01/src/game/game_fn_801ED5F4.o
[858/883] EXTERNALIZE build/GEDE01/src/game/game_fn_801F69F0.o
[859/883] EXTERNALIZE build/GEDE01/src/game/game_fn_801F76EC.o
[860/883] EXTERNALIZE build/GEDE01/src/game/game_fn_801F8264.o
[861/883] EXTERNALIZE build/GEDE01/src/game/game_fn_801F89B4.o
[862/883] EXTERNALIZE build/GEDE01/src/game/game_fn_801F9AF8.o
[863/883] EXTERNALIZE build/GEDE01/src/game/game_fn_801F6BD8.o
[864/883] EXTERNALIZE JUMPTABLES build/GEDE01/src/game/game_fn_800361F8.o
[865/883] EXTERNALIZE build/GEDE01/src/game/game_fn_801FB6A4.o
[866/883] EXTERNALIZE JUMPTABLES build/GEDE01/src/game/game_fn_8006E53C.o
[867/883] EXTERNALIZE JUMPTABLES build/GEDE01/src/game/game_fn_800CF598.o
[868/883] EXTERNALIZE JUMPTABLES build/GEDE01/src/game/game_fn_801ACFE8.o
[869/883] EXTERNALIZE JUMPTABLES build/GEDE01/src/game/game_fn_801B1BA0.o
[870/883] EXTERNALIZE build/GEDE01/src/game/game_fn_80154F74.o
[871/883] EXTERNALIZE build/GEDE01/src/game/game_fn_8009E808.o
[872/883] EXTERNALIZE build/GEDE01/src/game/game_fn_801F1A38.o
[873/883] EXTERNALIZE build/GEDE01/src/game/game_fn_801F55A0.o
[874/883] EXTERNALIZE build/GEDE01/src/game/game_fn_801FFE78.o
[875/883] EXTERNALIZE build/GEDE01/src/game/game_fn_801F7510.o
[876/883] EXTERNALIZE build/GEDE01/src/game/game_fn_801FC034.o
[877/883] EXTERNALIZE build/GEDE01/src/game/game_fn_801F9CF4.o
[878/883] EXTERNALIZE build/GEDE01/src/game/game_fn_801FA9C8.o
[879/883] REPORT
 INFO Loading project .
 INFO Generating report for 7068 units (using 8 threads)
 INFO Report generated in 0.179s
 INFO Writing to build/GEDE01/report.json
[880/883] LINK build/GEDE01/main.elf
### mwldeppc.exe Linker Warning:
#   Section '.ignored' is unknown. Section ignored.
### mwldeppc.exe Linker Warning:
#   Section '.ignored' is unknown. Section ignored.
### mwldeppc.exe Linker Warning:
#   Section '.ignored' is unknown. Section ignored.
### mwldeppc.exe Linker Warning:
#   Section '.ignored' is unknown. Section ignored.
### mwldeppc.exe Linker Warning:
#   Section '.ignored' is unknown. Section ignored.
### mwldeppc.exe Linker Warning:
#   Section '.ignored' is unknown. Section ignored.
### mwldeppc.exe Linker Warning:
#   Section '.ignored' is unknown. Section ignored.
### mwldeppc.exe Linker Warning:
#   Section '.ignored' is unknown. Section ignored.
### mwldeppc.exe Linker Warning:
#   Section '.ignored' is unknown. Section ignored.
### mwldeppc.exe Linker Warning:
#   Section '.ignored' is unknown. Section ignored.
### mwldeppc.exe Linker Warning:
#   Section '.ignored' is unknown. Section ignored.
### mwldeppc.exe Linker Warning:
#   Section '.ignored' is unknown. Section ignored.
### mwldeppc.exe Linker Warning:
#   Section '.ignored' is unknown. Section ignored.
### mwldeppc.exe Linker Warning:
#   Section '.ignored' is unknown. Section ignored.
### mwldeppc.exe Linker Warning:
#   Section '.ignored' is unknown. Section ignored.
### mwldeppc.exe Linker Warning:
#   Section '.ignored' is unknown. Section ignored.
### mwldeppc.exe Linker Warning:
#   Section '.ignored' is unknown. Section ignored.
### mwldeppc.exe Linker Warning:
#   Section '.ignored' is unknown. Section ignored.
### mwldeppc.exe Linker Warning:
#   Section '.ignored' is unknown. Section ignored.
### mwldeppc.exe Linker Warning:
#   Section '.ignored' is unknown. Section ignored.
### mwldeppc.exe Linker Warning:
#   Section '.ignored' is unknown. Section ignored.
### mwldeppc.exe Linker Warning:
#   Section '.ignored' is unknown. Section ignored.
### mwldeppc.exe Linker Warning:
#   Section '.ignored' is unknown. Section ignored.
### mwldeppc.exe Linker Warning:
#   Section '.ignored' is unknown. Section ignored.
### mwldeppc.exe Linker Warning:
#   Section '.ignored' is unknown. Section ignored.
### mwldeppc.exe Linker Warning:
#   Section '.ignored' is unknown. Section ignored.
### mwldeppc.exe Linker Warning:
#   Section '.ignored' is unknown. Section ignored.
### mwldeppc.exe Linker Warning:
#   Section '.ignored' is unknown. Section ignored.
### mwldeppc.exe Linker Warning:
#   Section '.ignored' is unknown. Section ignored.
### mwldeppc.exe Linker Warning:
#   Section '.ignored' is unknown. Section ignored.
### mwldeppc.exe Linker Warning:
#   Section '.ignored' is unknown. Section ignored.
### mwldeppc.exe Linker Warning:
#   Section '.ignored' is unknown. Section ignored.
### mwldeppc.exe Linker Warning:
#   Section '.ignored' is unknown. Section ignored.
### mwldeppc.exe Linker Warning:
#   Section '.ignored' is unknown. Section ignored.
### mwldeppc.exe Linker Warning:
#   Section '.ignored' is unknown. Section ignored.
### mwldeppc.exe Linker Warning:
#   Section '.ignored' is unknown. Section ignored.
### mwldeppc.exe Linker Warning:
#   Section '.ignored' is unknown. Section ignored.
### mwldeppc.exe Linker Warning:
#   Section '.ignored' is unknown. Section ignored.
### mwldeppc.exe Linker Warning:
#   Section '.ignored' is unknown. Section ignored.
### mwldeppc.exe Linker Warning:
#   Section '.ignored' is unknown. Section ignored.
### mwldeppc.exe Linker Warning:
#   Section '.ignored' is unknown. Section ignored.
### mwldeppc.exe Linker Warning:
#   Section '.ignored' is unknown. Section ignored.
### mwldeppc.exe Linker Warning:
#   Section '.ignored' is unknown. Section ignored.
### mwldeppc.exe Linker Warning:
#   Section '.ignored' is unknown. Section ignored.
### mwldeppc.exe Linker Warning:
#   Section '.ignored' is unknown. Section ignored.
### mwldeppc.exe Linker Warning:
#   Section '.ignored' is unknown. Section ignored.
### mwldeppc.exe Linker Warning:
#   Section '.ignored' is unknown. Section ignored.
### mwldeppc.exe Linker Warning:
#   Section '.ignored' is unknown. Section ignored.
### mwldeppc.exe Linker Warning:
#   Section '.ignored' is unknown. Section ignored.
### mwldeppc.exe Linker Warning:
#   Section '.ignored' is unknown. Section ignored.
### mwldeppc.exe Linker Warning:
#   Section '.ignored' is unknown. Section ignored.
### mwldeppc.exe Linker Warning:
#   Section '.ignored' is unknown. Section ignored.
### mwldeppc.exe Linker Warning:
#   Section '.ignored' is unknown. Section ignored.
### mwldeppc.exe Linker Warning:
#   Section '.ignored' is unknown. Section ignored.
### mwldeppc.exe Linker Warning:
#   Section '.ignored' is unknown. Section ignored.
### mwldeppc.exe Linker Warning:
#   Section '.ignored' is unknown. Section ignored.
### mwldeppc.exe Linker Warning:
#   Section '.ignored' is unknown. Section ignored.
### mwldeppc.exe Linker Warning:
#   Section '.ignored' is unknown. Section ignored.
### mwldeppc.exe Linker Warning:
#   Section '.ignored' is unknown. Section ignored.
### mwldeppc.exe Linker Warning:
#   Section '.ignored' is unknown. Section ignored.
### mwldeppc.exe Linker Warning:
#   Section '.ignored' is unknown. Section ignored.
### mwldeppc.exe Linker Warning:
#   Section '.ignored' is unknown. Section ignored.
### mwldeppc.exe Linker Warning:
#   Section '.ignored' is unknown. Section ignored.
### mwldeppc.exe Linker Warning:
#   Section '.ignored' is unknown. Section ignored.
### mwldeppc.exe Linker Warning:
#   Section '.ignored' is unknown. Section ignored.
### mwldeppc.exe Linker Warning:
#   Section '.ignored' is unknown. Section ignored.
### mwldeppc.exe Linker Warning:
#   Section '.ignored' is unknown. Section ignored.
### mwldeppc.exe Linker Warning:
#   Section '.ignored' is unknown. Section ignored.
### mwldeppc.exe Linker Warning:
#   Section '.ignored' is unknown. Section ignored.
### mwldeppc.exe Linker Warning:
#   Section '.ignored' is unknown. Section ignored.
### mwldeppc.exe Linker Warning:
#   Section '.ignored' is unknown. Section ignored.
### mwldeppc.exe Linker Warning:
#   Section '.ignored' is unknown. Section ignored.
### mwldeppc.exe Linker Warning:
#   Section '.ignored' is unknown. Section ignored.
### mwldeppc.exe Linker Warning:
#   Section '.ignored' is unknown. Section ignored.
### mwldeppc.exe Linker Warning:
#   Section '.ignored' is unknown. Section ignored.
### mwldeppc.exe Linker Warning:
#   Section '.ignored' is unknown. Section ignored.
### mwldeppc.exe Linker Warning:
#   Section '.ignored' is unknown. Section ignored.
### mwldeppc.exe Linker Warning:
#   Section '.ignored' is unknown. Section ignored.
### mwldeppc.exe Linker Warning:
#   Section '.ignored' is unknown. Section ignored.
### mwldeppc.exe Linker Warning:
#   Section '.ignored' is unknown. Section ignored.
### mwldeppc.exe Linker Warning:
#   Section '.ignored' is unknown. Section ignored.
### mwldeppc.exe Linker Warning:
#   Section '.ignored' is unknown. Section ignored.
### mwldeppc.exe Linker Warning:
#   Section '.ignored' is unknown. Section ignored.
### mwldeppc.exe Linker Warning:
#   Section '.ignored' is unknown. Section ignored.
### mwldeppc.exe Linker Warning:
#   Section '.ignored' is unknown. Section ignored.
### mwldeppc.exe Linker Warning:
#   Section '.ignored' is unknown. Section ignored.
### mwldeppc.exe Linker Warning:
#   Section '.ignored' is unknown. Section ignored.
### mwldeppc.exe Linker Warning:
#   Section '.ignored' is unknown. Section ignored.
### mwldeppc.exe Linker Warning:
#   Section '.ignored' is unknown. Section ignored.
### mwldeppc.exe Linker Warning:
#   Section '.ignored' is unknown. Section ignored.
### mwldeppc.exe Linker Warning:
#   Section '.ignored' is unknown. Section ignored.
### mwldeppc.exe Linker Warning:
#   Section '.ignored' is unknown. Section ignored.
### mwldeppc.exe Linker Warning:
#   Section '.ignored' is unknown. Section ignored.
### mwldeppc.exe Linker Warning:
#   Section '.ignored' is unknown. Section ignored.
### mwldeppc.exe Linker Warning:
#   Section '.ignored' is unknown. Section ignored.
### mwldeppc.exe Linker Warning:
#   Section '.ignored' is unknown. Section ignored.
### mwldeppc.exe Linker Warning:
#   Section '.ignored' is unknown. Section ignored.
### mwldeppc.exe Linker Warning:
#   Section '.ignored' is unknown. Section ignored.
### mwldeppc.exe Linker Warning:
#   Section '.ignored' is unknown. Section ignored.
### mwldeppc.exe Linker Warning:
#   Section '.ignored' is unknown. Section ignored.
### mwldeppc.exe Linker Warning:
#   Section '.ignored' is unknown. Section ignored.
### mwldeppc.exe Linker Warning:
#   Section '.ignored' is unknown. Section ignored.
### mwldeppc.exe Linker Warning:
#   Section '.ignored' is unknown. Section ignored.
### mwldeppc.exe Linker Warning:
#   Section '.ignored' is unknown. Section ignored.
### mwldeppc.exe Linker Warning:
#   Section '.ignored' is unknown. Section ignored.
### mwldeppc.exe Linker Warning:
#   Section '.ignored' is unknown. Section ignored.
### mwldeppc.exe Linker Warning:
#   Section '.ignored' is unknown. Section ignored.
### mwldeppc.exe Linker Warning:
#   Section '.ignored' is unknown. Section ignored.
### mwldeppc.exe Linker Warning:
#   Section '.ignored' is unknown. Section ignored.
### mwldeppc.exe Linker Warning:
#   Section '.ignored' is unknown. Section ignored.
### mwldeppc.exe Linker Warning:
#   Section '.ignored' is unknown. Section ignored.
### mwldeppc.exe Linker Warning:
#   Section '.ignored' is unknown. Section ignored.
### mwldeppc.exe Linker Warning:
#   Section '.ignored' is unknown. Section ignored.
### mwldeppc.exe Linker Warning:
#   Section '.ignored' is unknown. Section ignored.
### mwldeppc.exe Linker Warning:
#   Section '.ignored' is unknown. Section ignored.
### mwldeppc.exe Linker Warning:
#   Section '.ignored' is unknown. Section ignored.
### mwldeppc.exe Linker Warning:
#   Section '.ignored' is unknown. Section ignored.
### mwldeppc.exe Linker Warning:
#   Section '.ignored' is unknown. Section ignored.
### mwldeppc.exe Linker Warning:
#   Section '.ignored' is unknown. Section ignored.
### mwldeppc.exe Linker Warning:
#   Section '.ignored' is unknown. Section ignored.
### mwldeppc.exe Linker Warning:
#   Section '.ignored' is unknown. Section ignored.
### mwldeppc.exe Linker Warning:
#   Section '.ignored' is unknown. Section ignored.
### mwldeppc.exe Linker Warning:
#   Section '.ignored' is unknown. Section ignored.
### mwldeppc.exe Linker Warning:
#   Section '.ignored' is unknown. Section ignored.
### mwldeppc.exe Linker Warning:
#   Section '.ignored' is unknown. Section ignored.
### mwldeppc.exe Linker Warning:
#   Section '.ignored' is unknown. Section ignored.
### mwldeppc.exe Linker Warning:
#   Section '.ignored' is unknown. Section ignored.
### mwldeppc.exe Linker Warning:
#   Section '.ignored' is unknown. Section ignored.
### mwldeppc.exe Linker Warning:
#   Section '.ignored' is unknown. Section ignored.
### mwldeppc.exe Linker Warning:
#   Section '.ignored' is unknown. Section ignored.
### mwldeppc.exe Linker Warning:
#   Section '.ignored' is unknown. Section ignored.
### mwldeppc.exe Linker Warning:
#   Section '.ignored' is unknown. Section ignored.
### mwldeppc.exe Linker Warning:
#   Section '.ignored' is unknown. Section ignored.
### mwldeppc.exe Linker Warning:
#   Section '.ignored' is unknown. Section ignored.
### mwldeppc.exe Linker Warning:
#   Section '.ignored' is unknown. Section ignored.
### mwldeppc.exe Linker Warning:
#   Section '.ignored' is unknown. Section ignored.
### mwldeppc.exe Linker Warning:
#   Section '.ignored' is unknown. Section ignored.
### mwldeppc.exe Linker Warning:
#   Section '.ignored' is unknown. Section ignored.
### mwldeppc.exe Linker Warning:
#   Section '.ignored' is unknown. Section ignored.
### mwldeppc.exe Linker Warning:
#   Section '.ignored' is unknown. Section ignored.
### mwldeppc.exe Linker Warning:
#   Section '.ignored' is unknown. Section ignored.
### mwldeppc.exe Linker Warning:
#   Section '.ignored' is unknown. Section ignored.
### mwldeppc.exe Linker Warning:
#   Section '.ignored' is unknown. Section ignored.
### mwldeppc.exe Linker Warning:
#   Section '.ignored' is unknown. Section ignored.
### mwldeppc.exe Linker Warning:
#   Section '.ignored' is unknown. Section ignored.
### mwldeppc.exe Linker Warning:
#   Section '.ignored' is unknown. Section ignored.
### mwldeppc.exe Linker Warning:
#   Section '.ignored' is unknown. Section ignored.
### mwldeppc.exe Linker Warning:
#   Section '.ignored' is unknown. Section ignored.
### mwldeppc.exe Linker Warning:
#   Section '.ignored' is unknown. Section ignored.
### mwldeppc.exe Linker Warning:
#   Section '.ignored' is unknown. Section ignored.
### mwldeppc.exe Linker Warning:
#   Section '.ignored' is unknown. Section ignored.
### mwldeppc.exe Linker Warning:
#   Section '.ignored' is unknown. Section ignored.
### mwldeppc.exe Linker Warning:
#   Section '.ignored' is unknown. Section ignored.
### mwldeppc.exe Linker Warning:
#   Section '.ignored' is unknown. Section ignored.
### mwldeppc.exe Linker Warning:
#   Section '.ignored' is unknown. Section ignored.
### mwldeppc.exe Linker Warning:
#   Section '.ignored' is unknown. Section ignored.
### mwldeppc.exe Linker Warning:
#   Section '.ignored' is unknown. Section ignored.
### mwldeppc.exe Linker Warning:
#   Section '.ignored' is unknown. Section ignored.
### mwldeppc.exe Linker Warning:
#   Section '.ignored' is unknown. Section ignored.
### mwldeppc.exe Linker Warning:
#   Section '.ignored' is unknown. Section ignored.
### mwldeppc.exe Linker Warning:
#   Section '.ignored' is unknown. Section ignored.
### mwldeppc.exe Linker Warning:
#   Section '.ignored' is unknown. Section ignored.
### mwldeppc.exe Linker Warning:
#   Section '.ignored' is unknown. Section ignored.
### mwldeppc.exe Linker Warning:
#   Section '.ignored' is unknown. Section ignored.
### mwldeppc.exe Linker Warning:
#   Section '.ignored' is unknown. Section ignored.
### mwldeppc.exe Linker Warning:
#   Section '.ignored' is unknown. Section ignored.
### mwldeppc.exe Linker Warning:
#   Section '.ignored' is unknown. Section ignored.
### mwldeppc.exe Linker Warning:
#   Section '.ignored' is unknown. Section ignored.
### mwldeppc.exe Linker Warning:
#   Section '.ignored' is unknown. Section ignored.
### mwldeppc.exe Linker Warning:
#   Section '.ignored' is unknown. Section ignored.
### mwldeppc.exe Linker Warning:
#   Section '.ignored' is unknown. Section ignored.
### mwldeppc.exe Linker Warning:
#   Section '.ignored' is unknown. Section ignored.
### mwldeppc.exe Linker Warning:
#   Section '.ignored' is unknown. Section ignored.
### mwldeppc.exe Linker Warning:
#   Section '.ignored' is unknown. Section ignored.
### mwldeppc.exe Linker Warning:
#   Section '.ignored' is unknown. Section ignored.
### mwldeppc.exe Linker Warning:
#   Section '.ignored' is unknown. Section ignored.
### mwldeppc.exe Linker Warning:
#   Section '.ignored' is unknown. Section ignored.
### mwldeppc.exe Linker Warning:
#   Section '.ignored' is unknown. Section ignored.
### mwldeppc.exe Linker Warning:
#   Section '.ignored' is unknown. Section ignored.
### mwldeppc.exe Linker Warning:
#   Section '.ignored' is unknown. Section ignored.
### mwldeppc.exe Linker Warning:
#   Section '.ignored' is unknown. Section ignored.
### mwldeppc.exe Linker Warning:
#   Section '.ignored' is unknown. Section ignored.
### mwldeppc.exe Linker Warning:
#   Section '.ignored' is unknown. Section ignored.
### mwldeppc.exe Linker Warning:
#   Section '.ignored' is unknown. Section ignored.
### mwldeppc.exe Linker Warning:
#   Section '.ignored' is unknown. Section ignored.
### mwldeppc.exe Linker Warning:
#   Section '.ignored' is unknown. Section ignored.
### mwldeppc.exe Linker Warning:
#   Section '.ignored' is unknown. Section ignored.
### mwldeppc.exe Linker Warning:
#   Section '.ignored' is unknown. Section ignored.
### mwldeppc.exe Linker Warning:
#   Section '.ignored' is unknown. Section ignored.
### mwldeppc.exe Linker Warning:
#   Section '.ignored' is unknown. Section ignored.
### mwldeppc.exe Linker Warning:
#   Section '.ignored' is unknown. Section ignored.
### mwldeppc.exe Linker Warning:
#   Section '.ignored' is unknown. Section ignored.
### mwldeppc.exe Linker Warning:
#   Section '.ignored' is unknown. Section ignored.
### mwldeppc.exe Linker Warning:
#   Section '.ignored' is unknown. Section ignored.
### mwldeppc.exe Linker Warning:
#   Section '.ignored' is unknown. Section ignored.
### mwldeppc.exe Linker Warning:
#   Section '.ignored' is unknown. Section ignored.
### mwldeppc.exe Linker Warning:
#   Section '.ignored' is unknown. Section ignored.
### mwldeppc.exe Linker Warning:
#   Section '.ignored' is unknown. Section ignored.
### mwldeppc.exe Linker Warning:
#   Section '.ignored' is unknown. Section ignored.
### mwldeppc.exe Linker Warning:
#   Section '.ignored' is unknown. Section ignored.
### mwldeppc.exe Linker Warning:
#   Section '.ignored' is unknown. Section ignored.
### mwldeppc.exe Linker Warning:
#   Section '.ignored' is unknown. Section ignored.
### mwldeppc.exe Linker Warning:
#   Section '.ignored' is unknown. Section ignored.
### mwldeppc.exe Linker Warning:
#   Section '.ignored' is unknown. Section ignored.
### mwldeppc.exe Linker Warning:
#   Section '.ignored' is unknown. Section ignored.
### mwldeppc.exe Linker Warning:
#   Section '.ignored' is unknown. Section ignored.
### mwldeppc.exe Linker Warning:
#   Section '.ignored' is unknown. Section ignored.
### mwldeppc.exe Linker Warning:
#   Section '.ignored' is unknown. Section ignored.
### mwldeppc.exe Linker Warning:
#   Section '.ignored' is unknown. Section ignored.
### mwldeppc.exe Linker Warning:
#   Section '.ignored' is unknown. Section ignored.
### mwldeppc.exe Linker Warning:
#   Section '.ignored' is unknown. Section ignored.
### mwldeppc.exe Linker Warning:
#   Section '.ignored' is unknown. Section ignored.
### mwldeppc.exe Linker Warning:
#   Section '.ignored' is unknown. Section ignored.
### mwldeppc.exe Linker Warning:
#   Section '.ignored' is unknown. Section ignored.
### mwldeppc.exe Linker Warning:
#   Section '.ignored' is unknown. Section ignored.
### mwldeppc.exe Linker Warning:
#   Section '.ignored' is unknown. Section ignored.
### mwldeppc.exe Linker Warning:
#   Section '.ignored' is unknown. Section ignored.
### mwldeppc.exe Linker Warning:
#   Section '.ignored' is unknown. Section ignored.
### mwldeppc.exe Linker Warning:
#   Section '.ignored' is unknown. Section ignored.
### mwldeppc.exe Linker Warning:
#   Section '.ignored' is unknown. Section ignored.
### mwldeppc.exe Linker Warning:
#   Section '.ignored' is unknown. Section ignored.
### mwldeppc.exe Linker Warning:
#   Section '.ignored' is unknown. Section ignored.
### mwldeppc.exe Linker Warning:
#   Section '.ignored' is unknown. Section ignored.
### mwldeppc.exe Linker Warning:
#   Section '.ignored' is unknown. Section ignored.
### mwldeppc.exe Linker Warning:
#   Section '.ignored' is unknown. Section ignored.
### mwldeppc.exe Linker Warning:
#   Section '.ignored' is unknown. Section ignored.
### mwldeppc.exe Linker Warning:
#   Section '.ignored' is unknown. Section ignored.
### mwldeppc.exe Linker Warning:
#   Section '.ignored' is unknown. Section ignored.
### mwldeppc.exe Linker Warning:
#   Section '.ignored' is unknown. Section ignored.
### mwldeppc.exe Linker Warning:
#   Section '.ignored' is unknown. Section ignored.
### mwldeppc.exe Linker Warning:
#   Section '.ignored' is unknown. Section ignored.
### mwldeppc.exe Linker Warning:
#   Section '.ignored' is unknown. Section ignored.
### mwldeppc.exe Linker Warning:
#   Section '.ignored' is unknown. Section ignored.
### mwldeppc.exe Linker Warning:
#   Section '.ignored' is unknown. Section ignored.
### mwldeppc.exe Linker Warning:
#   Section '.ignored' is unknown. Section ignored.
### mwldeppc.exe Linker Warning:
#   Section '.ignored' is unknown. Section ignored.
### mwldeppc.exe Linker Warning:
#   Section '.ignored' is unknown. Section ignored.
### mwldeppc.exe Linker Warning:
#   Section '.ignored' is unknown. Section ignored.
### mwldeppc.exe Linker Warning:
#   Section '.ignored' is unknown. Section ignored.
### mwldeppc.exe Linker Warning:
#   Section '.ignored' is unknown. Section ignored.
### mwldeppc.exe Linker Warning:
#   Section '.ignored' is unknown. Section ignored.
### mwldeppc.exe Linker Warning:
#   Section '.ignored' is unknown. Section ignored.
### mwldeppc.exe Linker Warning:
#   Section '.ignored' is unknown. Section ignored.
### mwldeppc.exe Linker Warning:
#   Section '.ignored' is unknown. Section ignored.
### mwldeppc.exe Linker Warning:
#   Section '.ignored' is unknown. Section ignored.
### mwldeppc.exe Linker Warning:
#   Section '.ignored' is unknown. Section ignored.
### mwldeppc.exe Linker Warning:
#   Section '.ignored' is unknown. Section ignored.
### mwldeppc.exe Linker Warning:
#   Section '.ignored' is unknown. Section ignored.
### mwldeppc.exe Linker Warning:
#   Section '.ignored' is unknown. Section ignored.
### mwldeppc.exe Linker Warning:
#   Section '.ignored' is unknown. Section ignored.
### mwldeppc.exe Linker Warning:
#   Section '.ignored' is unknown. Section ignored.
### mwldeppc.exe Linker Warning:
#   Section '.ignored' is unknown. Section ignored.
### mwldeppc.exe Linker Warning:
#   Section '.ignored' is unknown. Section ignored.
### mwldeppc.exe Linker Warning:
#   Section '.ignored' is unknown. Section ignored.
### mwldeppc.exe Linker Warning:
#   Section '.ignored' is unknown. Section ignored.
### mwldeppc.exe Linker Warning:
#   Section '.ignored' is unknown. Section ignored.
### mwldeppc.exe Linker Warning:
#   Section '.ignored' is unknown. Section ignored.
### mwldeppc.exe Linker Warning:
#   Section '.ignored' is unknown. Section ignored.
### mwldeppc.exe Linker Warning:
#   Section '.ignored' is unknown. Section ignored.
### mwldeppc.exe Linker Warning:
#   Section '.ignored' is unknown. Section ignored.
### mwldeppc.exe Linker Warning:
#   Section '.ignored' is unknown. Section ignored.
### mwldeppc.exe Linker Warning:
#   Section '.ignored' is unknown. Section ignored.
### mwldeppc.exe Linker Warning:
#   Section '.ignored' is unknown. Section ignored.
### mwldeppc.exe Linker Warning:
#   Section '.ignored' is unknown. Section ignored.
### mwldeppc.exe Linker Warning:
#   Section '.ignored' is unknown. Section ignored.
### mwldeppc.exe Linker Warning:
#   Section '.ignored' is unknown. Section ignored.
### mwldeppc.exe Linker Warning:
#   Section '.ignored' is unknown. Section ignored.
### mwldeppc.exe Linker Warning:
#   Section '.ignored' is unknown. Section ignored.
### mwldeppc.exe Linker Warning:
#   Section '.ignored' is unknown. Section ignored.
### mwldeppc.exe Linker Warning:
#   Section '.ignored' is unknown. Section ignored.
### mwldeppc.exe Linker Warning:
#   Section '.ignored' is unknown. Section ignored.
### mwldeppc.exe Linker Warning:
#   Section '.ignored' is unknown. Section ignored.
### mwldeppc.exe Linker Warning:
#   Section '.ignored' is unknown. Section ignored.
### mwldeppc.exe Linker Warning:
#   Section '.ignored' is unknown. Section ignored.
### mwldeppc.exe Linker Warning:
#   Section '.ignored' is unknown. Section ignored.
### mwldeppc.exe Linker Warning:
#   Section '.ignored' is unknown. Section ignored.
### mwldeppc.exe Linker Warning:
#   Section '.ignored' is unknown. Section ignored.
### mwldeppc.exe Linker Warning:
#   Section '.ignored' is unknown. Section ignored.
### mwldeppc.exe Linker Warning:
#   Section '.ignored' is unknown. Section ignored.
### mwldeppc.exe Linker Warning:
#   Section '.ignored' is unknown. Section ignored.
### mwldeppc.exe Linker Warning:
#   Section '.ignored' is unknown. Section ignored.
### mwldeppc.exe Linker Warning:
#   Section '.ignored' is unknown. Section ignored.
### mwldeppc.exe Linker Warning:
#   Section '.ignored' is unknown. Section ignored.
### mwldeppc.exe Linker Warning:
#   Section '.ignored' is unknown. Section ignored.
### mwldeppc.exe Linker Warning:
#   Section '.ignored' is unknown. Section ignored.
### mwldeppc.exe Linker Warning:
#   Section '.ignored' is unknown. Section ignored.
### mwldeppc.exe Linker Warning:
#   Section '.ignored' is unknown. Section ignored.
### mwldeppc.exe Linker Warning:
#   Section '.ignored' is unknown. Section ignored.
### mwldeppc.exe Linker Warning:
#   Section '.ignored' is unknown. Section ignored.
### mwldeppc.exe Linker Warning:
#   Section '.ignored' is unknown. Section ignored.
### mwldeppc.exe Linker Warning:
#   Section '.ignored' is unknown. Section ignored.
### mwldeppc.exe Linker Warning:
#   Section '.ignored' is unknown. Section ignored.
### mwldeppc.exe Linker Warning:
#   Section '.ignored' is unknown. Section ignored.
### mwldeppc.exe Linker Warning:
#   Section '.ignored' is unknown. Section ignored.
### mwldeppc.exe Linker Warning:
#   Section '.ignored' is unknown. Section ignored.
### mwldeppc.exe Linker Warning:
#   Section '.ignored' is unknown. Section ignored.
### mwldeppc.exe Linker Warning:
#   Section '.ignored' is unknown. Section ignored.
### mwldeppc.exe Linker Warning:
#   Section '.ignored' is unknown. Section ignored.
### mwldeppc.exe Linker Warning:
#   Section '.ignored' is unknown. Section ignored.
### mwldeppc.exe Linker Warning:
#   Section '.ignored' is unknown. Section ignored.
### mwldeppc.exe Linker Warning:
#   Section '.ignored' is unknown. Section ignored.
### mwldeppc.exe Linker Warning:
#   Section '.ignored' is unknown. Section ignored.
### mwldeppc.exe Linker Warning:
#   Section '.ignored' is unknown. Section ignored.
### mwldeppc.exe Linker Warning:
#   Section '.ignored' is unknown. Section ignored.
### mwldeppc.exe Linker Warning:
#   Section '.ignored' is unknown. Section ignored.
### mwldeppc.exe Linker Warning:
#   Section '.ignored' is unknown. Section ignored.
### mwldeppc.exe Linker Warning:
#   Section '.ignored' is unknown. Section ignored.
### mwldeppc.exe Linker Warning:
#   Section '.ignored' is unknown. Section ignored.
### mwldeppc.exe Linker Warning:
#   Section '.ignored' is unknown. Section ignored.
### mwldeppc.exe Linker Warning:
#   Section '.ignored' is unknown. Section ignored.
### mwldeppc.exe Linker Warning:
#   Section '.ignored' is unknown. Section ignored.
### mwldeppc.exe Linker Warning:
#   Section '.ignored' is unknown. Section ignored.
### mwldeppc.exe Linker Warning:
#   Section '.ignored' is unknown. Section ignored.
### mwldeppc.exe Linker Warning:
#   Section '.ignored' is unknown. Section ignored.
### mwldeppc.exe Linker Warning:
#   Section '.ignored' is unknown. Section ignored.
### mwldeppc.exe Linker Warning:
#   Section '.ignored' is unknown. Section ignored.
### mwldeppc.exe Linker Warning:
#   Section '.ignored' is unknown. Section ignored.
### mwldeppc.exe Linker Warning:
#   Section '.ignored' is unknown. Section ignored.
### mwldeppc.exe Linker Warning:
#   Section '.ignored' is unknown. Section ignored.
### mwldeppc.exe Linker Warning:
#   Section '.ignored' is unknown. Section ignored.
### mwldeppc.exe Linker Warning:
#   Section '.ignored' is unknown. Section ignored.
### mwldeppc.exe Linker Warning:
#   Section '.ignored' is unknown. Section ignored.
### mwldeppc.exe Linker Warning:
#   Section '.ignored' is unknown. Section ignored.
### mwldeppc.exe Linker Warning:
#   Section '.ignored' is unknown. Section ignored.
### mwldeppc.exe Linker Warning:
#   Section '.ignored' is unknown. Section ignored.
### mwldeppc.exe Linker Warning:
#   Section '.ignored' is unknown. Section ignored.
### mwldeppc.exe Linker Warning:
#   Section '.ignored' is unknown. Section ignored.
### mwldeppc.exe Linker Warning:
#   Section '.ignored' is unknown. Section ignored.
### mwldeppc.exe Linker Warning:
#   Section '.ignored' is unknown. Section ignored.
### mwldeppc.exe Linker Warning:
#   Section '.ignored' is unknown. Section ignored.
### mwldeppc.exe Linker Warning:
#   Section '.ignored' is unknown. Section ignored.
### mwldeppc.exe Linker Warning:
#   Section '.ignored' is unknown. Section ignored.
### mwldeppc.exe Linker Warning:
#   Section '.ignored' is unknown. Section ignored.
### mwldeppc.exe Linker Warning:
#   Section '.ignored' is unknown. Section ignored.
### mwldeppc.exe Linker Warning:
#   Section '.ignored' is unknown. Section ignored.
### mwldeppc.exe Linker Warning:
#   Section '.ignored' is unknown. Section ignored.
### mwldeppc.exe Linker Warning:
#   Section '.ignored' is unknown. Section ignored.
### mwldeppc.exe Linker Warning:
#   Section '.ignored' is unknown. Section ignored.
### mwldeppc.exe Linker Warning:
#   Section '.ignored' is unknown. Section ignored.
### mwldeppc.exe Linker Warning:
#   Section '.ignored' is unknown. Section ignored.
### mwldeppc.exe Linker Warning:
#   Section '.ignored' is unknown. Section ignored.
### mwldeppc.exe Linker Warning:
#   Section '.ignored' is unknown. Section ignored.
### mwldeppc.exe Linker Warning:
#   Section '.ignored' is unknown. Section ignored.
### mwldeppc.exe Linker Warning:
#   Section '.ignored' is unknown. Section ignored.
### mwldeppc.exe Linker Warning:
#   Section '.ignored' is unknown. Section ignored.
### mwldeppc.exe Linker Warning:
#   Section '.ignored' is unknown. Section ignored.
### mwldeppc.exe Linker Warning:
#   Section '.ignored' is unknown. Section ignored.
### mwldeppc.exe Linker Warning:
#   Section '.ignored' is unknown. Section ignored.
### mwldeppc.exe Linker Warning:
#   Section '.ignored' is unknown. Section ignored.
### mwldeppc.exe Linker Warning:
#   Section '.ignored' is unknown. Section ignored.
### mwldeppc.exe Linker Warning:
#   Section '.ignored' is unknown. Section ignored.
### mwldeppc.exe Linker Warning:
#   Section '.ignored' is unknown. Section ignored.
### mwldeppc.exe Linker Warning:
#   Section '.ignored' is unknown. Section ignored.
### mwldeppc.exe Linker Warning:
#   Section '.ignored' is unknown. Section ignored.
### mwldeppc.exe Linker Warning:
#   Section '.ignored' is unknown. Section ignored.
### mwldeppc.exe Linker Warning:
#   Section '.ignored' is unknown. Section ignored.
### mwldeppc.exe Linker Warning:
#   Section '.ignored' is unknown. Section ignored.
### mwldeppc.exe Linker Warning:
#   Section '.ignored' is unknown. Section ignored.
### mwldeppc.exe Linker Warning:
#   Section '.ignored' is unknown. Section ignored.
### mwldeppc.exe Linker Warning:
#   Section '.ignored' is unknown. Section ignored.
### mwldeppc.exe Linker Warning:
#   Section '.ignored' is unknown. Section ignored.
### mwldeppc.exe Linker Warning:
#   Section '.ignored' is unknown. Section ignored.
### mwldeppc.exe Linker Warning:
#   Section '.ignored' is unknown. Section ignored.
### mwldeppc.exe Linker Warning:
#   Section '.ignored' is unknown. Section ignored.
### mwldeppc.exe Linker Warning:
#   Section '.ignored' is unknown. Section ignored.
### mwldeppc.exe Linker Warning:
#   Section '.ignored' is unknown. Section ignored.
### mwldeppc.exe Linker Warning:
#   Section '.ignored' is unknown. Section ignored.
### mwldeppc.exe Linker Warning:
#   Section '.ignored' is unknown. Section ignored.
### mwldeppc.exe Linker Warning:
#   Section '.ignored' is unknown. Section ignored.
### mwldeppc.exe Linker Warning:
#   Section '.ignored' is unknown. Section ignored.
### mwldeppc.exe Linker Warning:
#   Section '.ignored' is unknown. Section ignored.
### mwldeppc.exe Linker Warning:
#   Section '.ignored' is unknown. Section ignored.
### mwldeppc.exe Linker Warning:
#   Section '.ignored' is unknown. Section ignored.
### mwldeppc.exe Linker Warning:
#   Section '.ignored' is unknown. Section ignored.
### mwldeppc.exe Linker Warning:
#   Section '.ignored' is unknown. Section ignored.
### mwldeppc.exe Linker Warning:
#   Section '.ignored' is unknown. Section ignored.
### mwldeppc.exe Linker Warning:
#   Section '.ignored' is unknown. Section ignored.
### mwldeppc.exe Linker Warning:
#   Section '.ignored' is unknown. Section ignored.
### mwldeppc.exe Linker Warning:
#   Section '.ignored' is unknown. Section ignored.
### mwldeppc.exe Linker Warning:
#   Section '.ignored' is unknown. Section ignored.
### mwldeppc.exe Linker Warning:
#   Section '.ignored' is unknown. Section ignored.
### mwldeppc.exe Linker Warning:
#   Section '.ignored' is unknown. Section ignored.
### mwldeppc.exe Linker Warning:
#   Section '.ignored' is unknown. Section ignored.
### mwldeppc.exe Linker Warning:
#   Section '.ignored' is unknown. Section ignored.
### mwldeppc.exe Linker Warning:
#   Section '.ignored' is unknown. Section ignored.
### mwldeppc.exe Linker Warning:
#   Section '.ignored' is unknown. Section ignored.
### mwldeppc.exe Linker Warning:
#   Section '.ignored' is unknown. Section ignored.
### mwldeppc.exe Linker Warning:
#   Section '.ignored' is unknown. Section ignored.
### mwldeppc.exe Linker Warning:
#   Section '.ignored' is unknown. Section ignored.
### mwldeppc.exe Linker Warning:
#   Section '.ignored' is unknown. Section ignored.
### mwldeppc.exe Linker Warning:
#   Section '.ignored' is unknown. Section ignored.
### mwldeppc.exe Linker Warning:
#   Section '.ignored' is unknown. Section ignored.
### mwldeppc.exe Linker Warning:
#   Section '.ignored' is unknown. Section ignored.
### mwldeppc.exe Linker Warning:
#   Section '.ignored' is unknown. Section ignored.
### mwldeppc.exe Linker Warning:
#   Section '.ignored' is unknown. Section ignored.
### mwldeppc.exe Linker Warning:
#   Section '.ignored' is unknown. Section ignored.
### mwldeppc.exe Linker Warning:
#   Section '.ignored' is unknown. Section ignored.
### mwldeppc.exe Linker Warning:
#   Section '.ignored' is unknown. Section ignored.
### mwldeppc.exe Linker Warning:
#   Section '.ignored' is unknown. Section ignored.
### mwldeppc.exe Linker Warning:
#   Section '.ignored' is unknown. Section ignored.
### mwldeppc.exe Linker Warning:
#   Section '.ignored' is unknown. Section ignored.
### mwldeppc.exe Linker Warning:
#   Section '.ignored' is unknown. Section ignored.
### mwldeppc.exe Linker Warning:
#   Section '.ignored' is unknown. Section ignored.
### mwldeppc.exe Linker Warning:
#   Section '.ignored' is unknown. Section ignored.
### mwldeppc.exe Linker Warning:
#   Section '.ignored' is unknown. Section ignored.
### mwldeppc.exe Linker Warning:
#   Section '.ignored' is unknown. Section ignored.
### mwldeppc.exe Linker Warning:
#   Section '.ignored' is unknown. Section ignored.
### mwldeppc.exe Linker Warning:
#   Section '.ignored' is unknown. Section ignored.
### mwldeppc.exe Linker Warning:
#   Section '.ignored' is unknown. Section ignored.
### mwldeppc.exe Linker Warning:
#   Section '.ignored' is unknown. Section ignored.
### mwldeppc.exe Linker Warning:
#   Section '.ignored' is unknown. Section ignored.
### mwldeppc.exe Linker Warning:
#   Section '.ignored' is unknown. Section ignored.
### mwldeppc.exe Linker Warning:
#   Section '.ignored' is unknown. Section ignored.
### mwldeppc.exe Linker Warning:
#   Section '.ignored' is unknown. Section ignored.
### mwldeppc.exe Linker Warning:
#   Section '.ignored' is unknown. Section ignored.
### mwldeppc.exe Linker Warning:
#   Section '.ignored' is unknown. Section ignored.
### mwldeppc.exe Linker Warning:
#   Section '.ignored' is unknown. Section ignored.
### mwldeppc.exe Linker Warning:
#   Section '.ignored' is unknown. Section ignored.
### mwldeppc.exe Linker Warning:
#   Section '.ignored' is unknown. Section ignored.
### mwldeppc.exe Linker Warning:
#   Section '.ignored' is unknown. Section ignored.
### mwldeppc.exe Linker Warning:
#   Section '.ignored' is unknown. Section ignored.
### mwldeppc.exe Linker Warning:
#   Section '.ignored' is unknown. Section ignored.
### mwldeppc.exe Linker Warning:
#   Section '.ignored' is unknown. Section ignored.
### mwldeppc.exe Linker Warning:
#   Section '.ignored' is unknown. Section ignored.
### mwldeppc.exe Linker Warning:
#   Section '.ignored' is unknown. Section ignored.
### mwldeppc.exe Linker Warning:
#   Section '.ignored' is unknown. Section ignored.
### mwldeppc.exe Linker Warning:
#   Section '.ignored' is unknown. Section ignored.
### mwldeppc.exe Linker Warning:
#   Section '.ignored' is unknown. Section ignored.
### mwldeppc.exe Linker Warning:
#   Section '.ignored' is unknown. Section ignored.
### mwldeppc.exe Linker Warning:
#   Section '.ignored' is unknown. Section ignored.
### mwldeppc.exe Linker Warning:
#   Section '.ignored' is unknown. Section ignored.
### mwldeppc.exe Linker Warning:
#   Section '.ignored' is unknown. Section ignored.
### mwldeppc.exe Linker Warning:
#   Section '.ignored' is unknown. Section ignored.
### mwldeppc.exe Linker Warning:
#   Section '.ignored' is unknown. Section ignored.
### mwldeppc.exe Linker Warning:
#   Section '.ignored' is unknown. Section ignored.
### mwldeppc.exe Linker Warning:
#   Section '.ignored' is unknown. Section ignored.
### mwldeppc.exe Linker Warning:
#   Section '.ignored' is unknown. Section ignored.
### mwldeppc.exe Linker Warning:
#   Section '.ignored' is unknown. Section ignored.
### mwldeppc.exe Linker Warning:
#   Section '.ignored' is unknown. Section ignored.
### mwldeppc.exe Linker Warning:
#   Section '.ignored' is unknown. Section ignored.
### mwldeppc.exe Linker Warning:
#   Section '.ignored' is unknown. Section ignored.
### mwldeppc.exe Linker Warning:
#   Section '.ignored' is unknown. Section ignored.
### mwldeppc.exe Linker Warning:
#   Section '.ignored' is unknown. Section ignored.
### mwldeppc.exe Linker Warning:
#   Section '.ignored' is unknown. Section ignored.
### mwldeppc.exe Linker Warning:
#   Section '.ignored' is unknown. Section ignored.
### mwldeppc.exe Linker Warning:
#   Section '.ignored' is unknown. Section ignored.
### mwldeppc.exe Linker Warning:
#   Section '.ignored' is unknown. Section ignored.
### mwldeppc.exe Linker Warning:
#   Section '.ignored' is unknown. Section ignored.
### mwldeppc.exe Linker Warning:
#   Section '.ignored' is unknown. Section ignored.
### mwldeppc.exe Linker Warning:
#   Section '.ignored' is unknown. Section ignored.
### mwldeppc.exe Linker Warning:
#   Section '.ignored' is unknown. Section ignored.
### mwldeppc.exe Linker Warning:
#   Section '.ignored' is unknown. Section ignored.
### mwldeppc.exe Linker Warning:
#   Section '.ignored' is unknown. Section ignored.
### mwldeppc.exe Linker Warning:
#   Section '.ignored' is unknown. Section ignored.
### mwldeppc.exe Linker Warning:
#   Section '.ignored' is unknown. Section ignored.
### mwldeppc.exe Linker Warning:
#   Section '.ignored' is unknown. Section ignored.
### mwldeppc.exe Linker Warning:
#   Section '.ignored' is unknown. Section ignored.
### mwldeppc.exe Linker Warning:
#   Section '.ignored' is unknown. Section ignored.
### mwldeppc.exe Linker Warning:
#   Section '.ignored' is unknown. Section ignored.
### mwldeppc.exe Linker Warning:
#   Section '.ignored' is unknown. Section ignored.
### mwldeppc.exe Linker Warning:
#   Section '.ignored' is unknown. Section ignored.
### mwldeppc.exe Linker Warning:
#   Section '.ignored' is unknown. Section ignored.
### mwldeppc.exe Linker Warning:
#   Section '.ignored' is unknown. Section ignored.
### mwldeppc.exe Linker Warning:
#   Section '.ignored' is unknown. Section ignored.
### mwldeppc.exe Linker Warning:
#   Section '.ignored' is unknown. Section ignored.
### mwldeppc.exe Linker Warning:
#   Section '.ignored' is unknown. Section ignored.
### mwldeppc.exe Linker Warning:
#   Section '.ignored' is unknown. Section ignored.
### mwldeppc.exe Linker Warning:
#   Section '.ignored' is unknown. Section ignored.
### mwldeppc.exe Linker Warning:
#   Section '.ignored' is unknown. Section ignored.
### mwldeppc.exe Linker Warning:
#   Section '.ignored' is unknown. Section ignored.
### mwldeppc.exe Linker Warning:
#   Section '.ignored' is unknown. Section ignored.
### mwldeppc.exe Linker Warning:
#   Section '.ignored' is unknown. Section ignored.
### mwldeppc.exe Linker Warning:
#   Section '.ignored' is unknown. Section ignored.
### mwldeppc.exe Linker Warning:
#   Section '.ignored' is unknown. Section ignored.
### mwldeppc.exe Linker Warning:
#   Section '.ignored' is unknown. Section ignored.
### mwldeppc.exe Linker Warning:
#   Section '.ignored' is unknown. Section ignored.
### mwldeppc.exe Linker Warning:
#   Section '.ignored' is unknown. Section ignored.
### mwldeppc.exe Linker Warning:
#   Section '.ignored' is unknown. Section ignored.
### mwldeppc.exe Linker Warning:
#   Section '.ignored' is unknown. Section ignored.
### mwldeppc.exe Linker Warning:
#   Section '.ignored' is unknown. Section ignored.
### mwldeppc.exe Linker Warning:
#   Section '.ignored' is unknown. Section ignored.
### mwldeppc.exe Linker Warning:
#   Section '.ignored' is unknown. Section ignored.
### mwldeppc.exe Linker Warning:
#   Section '.ignored' is unknown. Section ignored.
### mwldeppc.exe Linker Warning:
#   Section '.ignored' is unknown. Section ignored.
### mwldeppc.exe Linker Warning:
#   Section '.ignored' is unknown. Section ignored.
### mwldeppc.exe Linker Warning:
#   Section '.ignored' is unknown. Section ignored.
### mwldeppc.exe Linker Warning:
#   Section '.ignored' is unknown. Section ignored.
### mwldeppc.exe Linker Warning:
#   Section '.ignored' is unknown. Section ignored.
### mwldeppc.exe Linker Warning:
#   Section '.ignored' is unknown. Section ignored.
### mwldeppc.exe Linker Warning:
#   Section '.ignored' is unknown. Section ignored.
### mwldeppc.exe Linker Warning:
#   Section '.ignored' is unknown. Section ignored.
### mwldeppc.exe Linker Warning:
#   Section '.ignored' is unknown. Section ignored.
### mwldeppc.exe Linker Warning:
#   Section '.ignored' is unknown. Section ignored.
### mwldeppc.exe Linker Warning:
#   Section '.ignored' is unknown. Section ignored.
### mwldeppc.exe Linker Warning:
#   Section '.ignored' is unknown. Section ignored.
### mwldeppc.exe Linker Warning:
#   Section '.ignored' is unknown. Section ignored.
### mwldeppc.exe Linker Warning:
#   Section '.ignored' is unknown. Section ignored.
### mwldeppc.exe Linker Warning:
#   Section '.ignored' is unknown. Section ignored.
### mwldeppc.exe Linker Warning:
#   Section '.ignored' is unknown. Section ignored.
### mwldeppc.exe Linker Warning:
#   Section '.ignored' is unknown. Section ignored.
### mwldeppc.exe Linker Warning:
#   Section '.ignored' is unknown. Section ignored.
### mwldeppc.exe Linker Warning:
#   Section '.ignored' is unknown. Section ignored.
### mwldeppc.exe Linker Warning:
#   Section '.ignored' is unknown. Section ignored.
### mwldeppc.exe Linker Warning:
#   Section '.ignored' is unknown. Section ignored.
### mwldeppc.exe Linker Warning:
#   Section '.ignored' is unknown. Section ignored.
### mwldeppc.exe Linker Warning:
#   Section '.ignored' is unknown. Section ignored.
### mwldeppc.exe Linker Warning:
#   Section '.ignored' is unknown. Section ignored.
### mwldeppc.exe Linker Warning:
#   Section '.ignored' is unknown. Section ignored.
### mwldeppc.exe Linker Warning:
#   Section '.ignored' is unknown. Section ignored.
### mwldeppc.exe Linker Warning:
#   Section '.ignored' is unknown. Section ignored.
### mwldeppc.exe Linker Warning:
#   Section '.ignored' is unknown. Section ignored.
### mwldeppc.exe Linker Warning:
#   Section '.ignored' is unknown. Section ignored.
### mwldeppc.exe Linker Warning:
#   Section '.ignored' is unknown. Section ignored.
### mwldeppc.exe Linker Warning:
#   Section '.ignored' is unknown. Section ignored.
### mwldeppc.exe Linker Warning:
#   Section '.ignored' is unknown. Section ignored.
### mwldeppc.exe Linker Warning:
#   Section '.ignored' is unknown. Section ignored.
### mwldeppc.exe Linker Warning:
#   Section '.ignored' is unknown. Section ignored.
### mwldeppc.exe Linker Warning:
#   Section '.ignored' is unknown. Section ignored.
### mwldeppc.exe Linker Warning:
#   Section '.ignored' is unknown. Section ignored.
### mwldeppc.exe Linker Warning:
#   Section '.ignored' is unknown. Section ignored.
[881/883] DOL build/GEDE01/main.dol
[882/883] CHECK config/GEDE01/build.sha1
build/GEDE01/main.dol: OK
[883/883] PROGRESS
Progress:
  All: 58.11% fuzzy, 47.33% matched, 47.30% linked (6262 / 7068 files)
    Code: 1088932 / 2300692 bytes (6028 / 8214 functions)
    Data: 39594 / 4305642 bytes (0.92%)
  Game Code: 93.60% fuzzy, 76.20% matched, 76.15% linked (6244 / 6633 files)
    Code: 1085904 / 1425104 bytes (5966 / 6354 functions)
    Data: 39370 / 40426 bytes (97.39%)
  SDK/Runtime: 100.00% fuzzy, 100.00% matched, 100.00% linked (18 / 18 files)
    Code: 3028 / 3028 bytes (62 / 62 functions)
    Data: 224 / 224 bytes (100.00%)
