[1/1] RUN configure.py
[1/902] MWCC build/GEDE01/src/game/game_fn_80008014.o
[2/902] MWCC build/GEDE01/src/game/game_fn_800094C0.o
[3/902] MWCC build/GEDE01/src/game/game_fn_800098C0.o
[4/902] MWCC build/GEDE01/src/game/game_fn_800096E0.o
[5/902] MWCC build/GEDE01/src/game/game_fn_80009AB4.o
[6/902] MWCC build/GEDE01/src/game/game_fn_800099D8.o
[7/902] MWCC build/GEDE01/src/game/game_fn_8000A26C.o
[8/902] MWCC build/GEDE01/src/game/game_fn_8000AC88.o
[9/902] MWCC build/GEDE01/src/game/game_fn_8000AEB4.o
[10/902] MWCC build/GEDE01/src/game/game_fn_8000AFB4.o
[11/902] MWCC build/GEDE01/src/game/game_fn_8000B1B8.o
[12/902] MWCC build/GEDE01/src/game/game_fn_8000B36C.o
[13/902] MWCC build/GEDE01/src/game/game_fn_8000B630.o
[14/902] MWCC build/GEDE01/src/game/game_fn_8000B7FC.o
[15/902] MWCC build/GEDE01/src/game/game_fn_8000B900.o
[16/902] MWCC build/GEDE01/src/game/game_fn_8000BA0C.o
[17/902] MWCC build/GEDE01/src/game/game_fn_8000BAA0.o
[18/902] MWCC build/GEDE01/src/game/game_fn_8000BC40.o
[19/902] MWCC build/GEDE01/src/game/game_fn_8000C06C.o
[20/902] MWCC build/GEDE01/src/game/game_fn_8000C17C.o
[21/902] MWCC build/GEDE01/src/game/game_fn_8000C848.o
[22/902] MWCC build/GEDE01/src/game/game_fn_8000C400.o
[23/902] MWCC build/GEDE01/src/game/game_fn_8000D0BC.o
[24/902] MWCC build/GEDE01/src/game/game_fn_8000C91C.o
[25/902] MWCC build/GEDE01/src/game/game_fn_8000D3D4.o
[26/902] MWCC build/GEDE01/src/game/game_fn_8000D590.o
[27/902] MWCC build/GEDE01/src/game/game_fn_8000D8A4.o
[28/902] MWCC build/GEDE01/src/game/game_fn_8000DA50.o
[29/902] MWCC build/GEDE01/src/game/game_fn_8000DAF4.o
[30/902] MWCC build/GEDE01/src/game/game_fn_8000E054.o
[31/902] MWCC build/GEDE01/src/game/game_fn_8000E138.o
[32/902] MWCC build/GEDE01/src/game/game_fn_8000E0AC.o
[33/902] MWCC build/GEDE01/src/game/game_fn_8000E1C4.o
[34/902] MWCC build/GEDE01/src/game/game_fn_8000E96C.o
[35/902] MWCC build/GEDE01/src/game/game_fn_8000EB14.o
[36/902] MWCC build/GEDE01/src/game/game_fn_8000EBD4.o
[37/902] MWCC build/GEDE01/src/game/game_fn_8000ED44.o
[38/902] MWCC build/GEDE01/src/game/game_fn_8000EFC4.o
[39/902] MWCC build/GEDE01/src/game/game_fn_8000F4B0.o
[40/902] MWCC build/GEDE01/src/game/game_fn_8000F774.o
[41/902] MWCC build/GEDE01/src/game/game_fn_8000FFD8.o
[42/902] MWCC build/GEDE01/src/game/game_fn_8000FDE8.o
[43/902] MWCC build/GEDE01/src/game/game_fn_80012DA8.o
[44/902] MWCC build/GEDE01/src/game/game_fn_800119FC.o
[45/902] MWCC build/GEDE01/src/game/game_fn_80012F40.o
[46/902] MWCC build/GEDE01/src/game/game_fn_80012FD0.o
[47/902] MWCC build/GEDE01/src/game/game_fn_80013340.o
[48/902] MWCC build/GEDE01/src/game/game_fn_800131E8.o
[49/902] MWCC build/GEDE01/src/game/game_fn_80013870.o
[50/902] MWCC build/GEDE01/src/game/game_fn_80013CB0.o
[51/902] MWCC build/GEDE01/src/game/game_fn_800142DC.o
[52/902] MWCC build/GEDE01/src/game/game_fn_80013D54.o
[53/902] MWCC build/GEDE01/src/game/game_fn_800144CC.o
[54/902] MWCC build/GEDE01/src/game/game_fn_80014784.o
[55/902] MWCC build/GEDE01/src/game/game_fn_80015058.o
[56/902] MWCC build/GEDE01/src/game/game_fn_800149D4.o
[57/902] MWCC build/GEDE01/src/game/game_fn_80015320.o
[58/902] MWCC build/GEDE01/src/game/game_fn_80015568.o
[59/902] MWCC build/GEDE01/src/game/game_fn_800156FC.o
[60/902] MWCC build/GEDE01/src/game/game_fn_80015BE0.o
[61/902] MWCC build/GEDE01/src/game/game_fn_80015D40.o
[62/902] MWCC build/GEDE01/src/game/game_fn_80015F04.o
[63/902] MWCC build/GEDE01/src/game/game_fn_80016128.o
[64/902] MWCC build/GEDE01/src/game/game_fn_80016270.o
[65/902] MWCC build/GEDE01/src/game/game_fn_80016904.o
[66/902] MWCC build/GEDE01/src/game/game_fn_80016B24.o
[67/902] MWCC build/GEDE01/src/game/game_fn_800171C0.o
[68/902] MWCC build/GEDE01/src/game/game_fn_800173CC.o
[69/902] MWCC build/GEDE01/src/game/game_fn_800176F0.o
[70/902] MWCC build/GEDE01/src/game/game_fn_80017910.o
[71/902] MWCC build/GEDE01/src/game/game_fn_800179AC.o
[72/902] MWCC build/GEDE01/src/game/game_fn_80017A3C.o
[73/902] MWCC build/GEDE01/src/game/game_fn_80017AE4.o
[74/902] MWCC build/GEDE01/src/game/game_fn_80017C3C.o
[75/902] MWCC build/GEDE01/src/game/game_fn_80017CC8.o
[76/902] MWCC build/GEDE01/src/game/game_fn_80017DB0.o
[77/902] MWCC build/GEDE01/src/game/game_fn_80018EF4.o
[78/902] MWCC build/GEDE01/src/game/game_fn_80019054.o
[79/902] MWCC build/GEDE01/src/game/game_fn_80019244.o
[80/902] MWCC build/GEDE01/src/game/game_fn_800194D0.o
[81/902] MWCC build/GEDE01/src/game/game_fn_80019940.o
[82/902] MWCC build/GEDE01/src/game/game_fn_80019C10.o
[83/902] MWCC build/GEDE01/src/game/game_fn_80019D2C.o
[84/902] MWCC build/GEDE01/src/game/game_fn_80019F98.o
[85/902] MWCC build/GEDE01/src/game/game_fn_8001A6C4.o
[86/902] MWCC build/GEDE01/src/game/game_fn_8001AAB8.o
[87/902] MWCC build/GEDE01/src/game/game_fn_8001ADF8.o
[88/902] MWCC build/GEDE01/src/game/game_fn_8001AF68.o
[89/902] MWCC build/GEDE01/src/game/game_fn_8001B124.o
[90/902] MWCC build/GEDE01/src/game/game_fn_8001B294.o
[91/902] MWCC build/GEDE01/src/game/game_fn_8001B808.o
[92/902] MWCC build/GEDE01/src/game/game_fn_8001B874.o
[93/902] MWCC build/GEDE01/src/game/game_fn_8001C078.o
[94/902] MWCC build/GEDE01/src/game/game_fn_8001CA04.o
[95/902] MWCC build/GEDE01/src/game/game_fn_8001CD58.o
[96/902] MWCC build/GEDE01/src/game/game_fn_8001CE94.o
[97/902] MWCC build/GEDE01/src/game/game_fn_8001E644.o
[98/902] MWCC build/GEDE01/src/game/game_fn_8001FE1C.o
[99/902] MWCC build/GEDE01/src/game/game_fn_80020E94.o
[100/902] MWCC build/GEDE01/src/game/game_fn_80024F28.o
[101/902] MWCC build/GEDE01/src/game/game_fn_800272B4.o
[102/902] MWCC build/GEDE01/src/game/game_fn_8002B748.o
[103/902] MWCC build/GEDE01/src/game/game_fn_8002DAE0.o
[104/902] MWCC build/GEDE01/src/game/game_fn_8002E3F0.o
[105/902] MWCC build/GEDE01/src/game/game_fn_8002EA68.o
[106/902] MWCC build/GEDE01/src/game/game_fn_8002F428.o
[107/902] MWCC build/GEDE01/src/game/game_fn_80031544.o
[108/902] MWCC build/GEDE01/src/game/game_fn_8003232C.o
[109/902] MWCC build/GEDE01/src/game/game_fn_80032B84.o
[110/902] MWCC build/GEDE01/src/game/game_fn_80033038.o
[111/902] MWCC build/GEDE01/src/game/game_fn_80033180.o
[112/902] MWCC build/GEDE01/src/game/game_fn_800359A0.o
[113/902] MWCC build/GEDE01/src/game/game_fn_800361F8.o
[114/902] MWCC build/GEDE01/src/game/game_fn_80036C40.o
[115/902] MWCC build/GEDE01/src/game/game_fn_80038878.o
[116/902] MWCC build/GEDE01/src/game/game_fn_80048ADC.o
[117/902] MWCC build/GEDE01/src/game/game_fn_80048B24.o
[118/902] MWCC build/GEDE01/src/game/game_fn_8004998C.o
[119/902] MWCC build/GEDE01/src/game/game_fn_80050B08.o
[120/902] MWCC build/GEDE01/src/game/game_fn_80052310.o
[121/902] MWCC build/GEDE01/src/game/game_fn_800542D0.o
[122/902] MWCC build/GEDE01/src/game/game_fn_8005EC6C.o
[123/902] MWCC build/GEDE01/src/game/game_fn_8005EE9C.o
[124/902] MWCC build/GEDE01/src/game/game_data_80239E18.o
[125/902] MWCC build/GEDE01/src/game/game_data_80239E10.o
[126/902] MWCC build/GEDE01/src/game/game_fn_80066888.o
[127/902] MWCC build/GEDE01/src/game/game_fn_8005FD84.o
[128/902] MWCC build/GEDE01/src/game/game_fn_80066E78.o
[129/902] MWCC build/GEDE01/src/game/game_fn_8006B0F0.o
[130/902] MWCC build/GEDE01/src/game/game_fn_8006B620.o
[131/902] MWCC build/GEDE01/src/game/game_fn_8006E53C.o
[132/902] MWCC build/GEDE01/src/game/game_fn_80071A58.o
[133/902] MWCC build/GEDE01/src/game/game_fn_80074310.o
[134/902] MWCC build/GEDE01/src/game/game_fn_80079908.o
[135/902] MWCC build/GEDE01/src/game/game_fn_80078500.o
[136/902] MWCC build/GEDE01/src/game/game_fn_8007B2F4.o
[137/902] MWCC build/GEDE01/src/game/game_fn_80079AA4.o
[138/902] MWCC build/GEDE01/src/game/game_fn_8007B540.o
[139/902] MWCC build/GEDE01/src/game/game_fn_8007B640.o
[140/902] MWCC build/GEDE01/src/game/game_fn_8007BA3C.o
[141/902] MWCC build/GEDE01/src/game/game_fn_8007B828.o
[142/902] MWCC build/GEDE01/src/game/game_fn_8007D4D8.o
[143/902] MWCC build/GEDE01/src/game/game_fn_8007F770.o
[144/902] MWCC build/GEDE01/src/game/game_fn_800886D8.o
[145/902] MWCC build/GEDE01/src/game/game_fn_80088F4C.o
[146/902] MWCC build/GEDE01/src/game/game_fn_8008F224.o
[147/902] MWCC build/GEDE01/src/game/game_fn_8008A2E0.o
[148/902] MWCC build/GEDE01/src/game/game_fn_8008F890.o
[149/902] MWCC build/GEDE01/src/game/game_fn_80090004.o
[150/902] MWCC build/GEDE01/src/game/game_fn_80095D10.o
[151/902] MWCC build/GEDE01/src/game/game_fn_800934A0.o
[152/902] MWCC build/GEDE01/src/game/game_fn_80096830.o
[153/902] MWCC build/GEDE01/src/game/game_fn_80095FDC.o
[154/902] MWCC build/GEDE01/src/game/game_fn_8009C424.o
[155/902] MWCC build/GEDE01/src/game/game_fn_8009E808.o
[156/902] MWCC build/GEDE01/src/game/game_fn_800A2FCC.o
[157/902] MWCC build/GEDE01/src/game/game_fn_800A2130.o
[158/902] MWCC build/GEDE01/src/game/game_fn_800A3180.o
[159/902] MWCC build/GEDE01/src/game/game_fn_800A3894.o
[160/902] MWCC build/GEDE01/src/game/game_fn_800A4428.o
[161/902] MWCC build/GEDE01/src/game/game_fn_800A4798.o
[162/902] MWCC build/GEDE01/src/game/game_fn_800AF230.o
[163/902] MWCC build/GEDE01/src/game/game_fn_800A7E88.o
[164/902] MWCC build/GEDE01/src/game/game_fn_800BB5C4.o
[165/902] MWCC build/GEDE01/src/game/game_fn_800B2EC0.o
[166/902] MWCC build/GEDE01/src/game/game_fn_800BB7A8.o
[167/902] MWCC build/GEDE01/src/game/game_fn_800BB9A4.o
[168/902] MWCC build/GEDE01/src/game/game_fn_800BBAF0.o
[169/902] MWCC build/GEDE01/src/game/game_fn_800C030C.o
[170/902] MWCC build/GEDE01/src/game/game_fn_800C17EC.o
[171/902] MWCC build/GEDE01/src/game/game_fn_800C59F0.o
[172/902] MWCC build/GEDE01/src/game/game_fn_800C65FC.o
[173/902] MWCC build/GEDE01/src/game/game_fn_800C644C.o
[174/902] MWCC build/GEDE01/src/game/game_fn_800C9C60.o
[175/902] MWCC build/GEDE01/src/game/game_fn_800CB760.o
[176/902] MWCC build/GEDE01/src/game/game_fn_800CB8F4.o
[177/902] MWCC build/GEDE01/src/game/game_fn_800CF598.o
[178/902] MWCC build/GEDE01/src/game/game_fn_800D9064.o
[179/902] MWCC build/GEDE01/src/game/game_fn_800D9E10.o
[180/902] MWCC build/GEDE01/src/game/game_fn_800E4980.o
[181/902] MWCC build/GEDE01/src/game/game_TRKNubWelcome.o
[182/902] MWCC build/GEDE01/src/game/game_InitMetroTRKCommTable.o
[183/902] MWCC build/GEDE01/src/game/game_TRK_main.o
[184/902] MWCC build/GEDE01/src/game/game_fn_8010242C.o
[185/902] MWCC build/GEDE01/src/game/game_fn_800FD0C8.o
[186/902] MWCC build/GEDE01/src/game/game_fn_8010F184.o
[187/902] MWCC build/GEDE01/src/game/game_fn_801098C0.o
[188/902] MWCC build/GEDE01/src/game/game_fn_801126E0.o
[189/902] MWCC build/GEDE01/src/game/game_fn_801128E4.o
[190/902] MWCC build/GEDE01/src/game/game_fn_801141B8.o
[191/902] MWCC build/GEDE01/src/game/game_fn_8011F140.o
[192/902] MWCC build/GEDE01/src/game/game_fn_80126A00.o
[193/902] MWCC build/GEDE01/src/game/game_fn_801247F8.o
[194/902] MWCC build/GEDE01/src/game/game_fn_8012DB28.o
[195/902] MWCC build/GEDE01/src/game/game_fn_8012976C.o
[196/902] MWCC build/GEDE01/src/game/game_fn_8013CBE4.o
[197/902] MWCC build/GEDE01/src/game/game_fn_8013D6A4.o
[198/902] MWCC build/GEDE01/src/game/game_fn_8013DB8C.o
[199/902] MWCC build/GEDE01/src/game/game_fn_8014549C.o
[200/902] MWCC build/GEDE01/src/game/game_fn_8014B494.o
[201/902] MWCC build/GEDE01/src/game/game_fn_8014AF38.o
[202/902] MWCC build/GEDE01/src/game/game_fn_8014CA98.o
[203/902] MWCC build/GEDE01/src/game/game_fn_8014BA14.o
[204/902] MWCC build/GEDE01/src/game/game_fn_80153898.o
[205/902] MWCC build/GEDE01/src/game/game_fn_801535D8.o
[206/902] MWCC build/GEDE01/src/game/game_fn_80154F74.o
[207/902] MWCC build/GEDE01/src/game/game_fn_80153A24.o
[208/902] MWCC build/GEDE01/src/game/game_fn_80157C0C.o
[209/902] MWCC build/GEDE01/src/game/game_fn_80155814.o
[210/902] MWCC build/GEDE01/src/game/game_fn_80158B20.o
[211/902] MWCC build/GEDE01/src/game/game_fn_80158D38.o
[212/902] MWCC build/GEDE01/src/game/game_fn_8015DB84.o
[213/902] MWCC build/GEDE01/src/game/game_fn_8015DC54.o
[214/902] MWCC build/GEDE01/src/game/game_fn_80167454.o
[215/902] MWCC build/GEDE01/src/game/game_fn_8015EDC0.o
[216/902] MWCC build/GEDE01/src/game/game_fn_80167B5C.o
[217/902] MWCC build/GEDE01/src/game/game_fn_80169650.o
[218/902] MWCC build/GEDE01/src/game/game_fn_8016BD0C.o
[219/902] MWCC build/GEDE01/src/game/game_fn_8016BE1C.o
[220/902] MWCC build/GEDE01/src/game/game_fn_8016BF60.o
[221/902] MWCC build/GEDE01/src/game/game_fn_8016C0BC.o
[222/902] MWCC build/GEDE01/src/game/game_fn_8016C164.o
[223/902] MWCC build/GEDE01/src/game/game_fn_8016C238.o
[224/902] MWCC build/GEDE01/src/game/game_fn_8016C4BC.o
[225/902] MWCC build/GEDE01/src/game/game_fn_8016C774.o
[226/902] MWCC build/GEDE01/src/game/game_fn_8016D040.o
[227/902] MWCC build/GEDE01/src/game/game_fn_8016D1F8.o
[228/902] MWCC build/GEDE01/src/game/game_fn_8016D9C0.o
[229/902] MWCC build/GEDE01/src/game/game_fn_8016D2B8.o
[230/902] MWCC build/GEDE01/src/game/game_fn_8016E8F8.o
[231/902] MWCC build/GEDE01/src/game/game_fn_8016DF4C.o
[232/902] MWCC build/GEDE01/src/game/game_fn_8016FEF8.o
[233/902] MWCC build/GEDE01/src/game/game_fn_8017038C.o
[234/902] MWCC build/GEDE01/src/game/game_fn_801704F8.o
[235/902] MWCC build/GEDE01/src/game/game_fn_801706DC.o
[236/902] MWCC build/GEDE01/src/game/game_fn_80170A40.o
[237/902] MWCC build/GEDE01/src/game/game_fn_80170DF4.o
[238/902] MWCC build/GEDE01/src/game/game_fn_80170E9C.o
[239/902] MWCC build/GEDE01/src/game/game_fn_8017138C.o
[240/902] MWCC build/GEDE01/src/game/game_fn_80171664.o
[241/902] MWCC build/GEDE01/src/game/game_fn_801718F4.o
[242/902] MWCC build/GEDE01/src/game/game_fn_80171F30.o
[243/902] MWCC build/GEDE01/src/game/game_fn_801719B4.o
[244/902] MWCC build/GEDE01/src/game/game_fn_8017250C.o
[245/902] MWCC build/GEDE01/src/game/game_fn_801726EC.o
[246/902] MWCC build/GEDE01/src/game/game_fn_80172C78.o
[247/902] MWCC build/GEDE01/src/game/game_fn_80172BB0.o
[248/902] MWCC build/GEDE01/src/game/game_fn_80172DB8.o
[249/902] MWCC build/GEDE01/src/game/game_fn_80173270.o
[250/902] MWCC build/GEDE01/src/game/game_fn_801734B4.o
[251/902] MWCC build/GEDE01/src/game/game_fn_80173770.o
[252/902] MWCC build/GEDE01/src/game/game_fn_80173D44.o
[253/902] MWCC build/GEDE01/src/game/game_fn_80173F04.o
[254/902] MWCC build/GEDE01/src/game/game_fn_80174184.o
[255/902] MWCC build/GEDE01/src/game/game_fn_80174358.o
[256/902] MWCC build/GEDE01/src/game/game_fn_80174F2C.o
[257/902] MWCC build/GEDE01/src/game/game_fn_801752B0.o
[258/902] MWCC build/GEDE01/src/game/game_fn_8017553C.o
[259/902] MWCC build/GEDE01/src/game/game_fn_80175A08.o
[260/902] MWCC build/GEDE01/src/game/game_fn_80175E64.o
[261/902] MWCC build/GEDE01/src/game/game_fn_80175F0C.o
[262/902] MWCC build/GEDE01/src/game/game_fn_80175FD4.o
[263/902] MWCC build/GEDE01/src/game/game_fn_80176098.o
[264/902] MWCC build/GEDE01/src/game/game_fn_80176160.o
[265/902] MWCC build/GEDE01/src/game/game_fn_80176220.o
[266/902] MWCC build/GEDE01/src/game/game_fn_801762E8.o
[267/902] MWCC build/GEDE01/src/game/game_fn_8017652C.o
[268/902] MWCC build/GEDE01/src/game/game_fn_80176DF4.o
[269/902] MWCC build/GEDE01/src/game/game_fn_80176FA0.o
[270/902] MWCC build/GEDE01/src/game/game_fn_801770F8.o
[271/902] MWCC build/GEDE01/src/game/game_fn_8017718C.o
[272/902] MWCC build/GEDE01/src/game/game_fn_80178F88.o
[273/902] MWCC build/GEDE01/src/game/game_fn_80177434.o
[274/902] MWCC build/GEDE01/src/game/game_fn_80179398.o
[275/902] MWCC build/GEDE01/src/game/game_fn_8017960C.o
[276/902] MWCC build/GEDE01/src/game/game_fn_8017974C.o
[277/902] MWCC build/GEDE01/src/game/game_fn_80179904.o
[278/902] MWCC build/GEDE01/src/game/game_fn_80179A18.o
[279/902] MWCC build/GEDE01/src/game/game_fn_80179A74.o
[280/902] MWCC build/GEDE01/src/game/game_fn_80179EB8.o
[281/902] MWCC build/GEDE01/src/game/game_fn_80179F20.o
[282/902] MWCC build/GEDE01/src/game/game_fn_8017A010.o
[283/902] MWCC build/GEDE01/src/game/game_fn_8017A12C.o
[284/902] MWCC build/GEDE01/src/game/game_fn_8017A1C0.o
[285/902] MWCC build/GEDE01/src/game/game_fn_8017A9B8.o
[286/902] MWCC build/GEDE01/src/game/game_fn_8017AC20.o
[287/902] MWCC build/GEDE01/src/game/game_fn_8017E850.o
[288/902] MWCC build/GEDE01/src/game/game_fn_8017E958.o
[289/902] MWCC build/GEDE01/src/game/game_fn_80180DDC.o
[290/902] MWCC build/GEDE01/src/game/game_fn_801810A0.o
[291/902] MWCC build/GEDE01/src/game/game_fn_801816D4.o
[292/902] MWCC build/GEDE01/src/game/game_fn_801859FC.o
[293/902] MWCC build/GEDE01/src/game/game_fn_80185AE8.o
[294/902] MWCC build/GEDE01/src/game/game_fn_80185F10.o
[295/902] MWCC build/GEDE01/src/game/game_fn_801861C4.o
[296/902] MWCC build/GEDE01/src/game/game_fn_801865EC.o
[297/902] MWCC build/GEDE01/src/game/game_fn_8018680C.o
[298/902] MWCC build/GEDE01/src/game/game_fn_80186E10.o
[299/902] MWCC build/GEDE01/src/game/game_fn_80186F70.o
[300/902] MWCC build/GEDE01/src/game/game_fn_80187120.o
[301/902] MWCC build/GEDE01/src/game/game_fn_80187320.o
[302/902] MWCC build/GEDE01/src/game/game_fn_801875FC.o
[303/902] MWCC build/GEDE01/src/game/game_fn_801878E0.o
[304/902] MWCC build/GEDE01/src/game/game_fn_80187BB4.o
[305/902] MWCC build/GEDE01/src/game/game_fn_80188A7C.o
[306/902] MWCC build/GEDE01/src/game/game_fn_80188B44.o
[307/902] MWCC build/GEDE01/src/game/game_fn_80188C1C.o
[308/902] MWCC build/GEDE01/src/game/game_fn_80188E28.o
[309/902] MWCC build/GEDE01/src/game/game_fn_80189028.o
[310/902] MWCC build/GEDE01/src/game/game_fn_801891D8.o
[311/902] MWCC build/GEDE01/src/game/game_fn_80189390.o
[312/902] MWCC build/GEDE01/src/game/game_fn_801895E8.o
[313/902] MWCC build/GEDE01/src/game/game_fn_801896A0.o
[314/902] MWCC build/GEDE01/src/game/game_fn_80189760.o
[315/902] MWCC build/GEDE01/src/game/game_fn_80189968.o
[316/902] MWCC build/GEDE01/src/game/game_fn_80189C14.o
[317/902] MWCC build/GEDE01/src/game/game_fn_8018C2D0.o
[318/902] MWCC build/GEDE01/src/game/game_fn_8018D1F0.o
[319/902] MWCC build/GEDE01/src/game/game_fn_8018D2E0.o
[320/902] MWCC build/GEDE01/src/game/game_fn_8018D400.o
[321/902] MWCC build/GEDE01/src/game/game_fn_8018D688.o
[322/902] MWCC build/GEDE01/src/game/game_fn_8018DC24.o
[323/902] MWCC build/GEDE01/src/game/game_fn_8018E0D8.o
[324/902] MWCC build/GEDE01/src/game/game_fn_8018F1D0.o
[325/902] MWCC build/GEDE01/src/game/game_fn_8018F81C.o
[326/902] MWCC build/GEDE01/src/game/game_fn_8018FEDC.o
[327/902] MWCC build/GEDE01/src/game/game_fn_8019120C.o
[328/902] MWCC build/GEDE01/src/game/game_fn_80191360.o
[329/902] MWCC build/GEDE01/src/game/game_fn_801916D0.o
[330/902] MWCC build/GEDE01/src/game/game_fn_8019197C.o
[331/902] MWCC build/GEDE01/src/game/game_fn_80191F58.o
[332/902] MWCC build/GEDE01/src/game/game_fn_801926EC.o
[333/902] MWCC build/GEDE01/src/game/game_fn_801929A4.o
[334/902] MWCC build/GEDE01/src/game/game_fn_80192F54.o
[335/902] MWCC build/GEDE01/src/game/game_fn_801931C4.o
[336/902] MWCC build/GEDE01/src/game/game_fn_80193E1C.o
[337/902] MWCC build/GEDE01/src/game/game_fn_80193F3C.o
[338/902] MWCC build/GEDE01/src/game/game_fn_80194F80.o
[339/902] MWCC build/GEDE01/src/game/game_fn_801952E8.o
[340/902] MWCC build/GEDE01/src/game/game_fn_80197910.o
[341/902] MWCC build/GEDE01/src/game/game_fn_80198154.o
[342/902] MWCC build/GEDE01/src/game/game_fn_80198AAC.o
[343/902] MWCC build/GEDE01/src/game/game_fn_80198BF4.o
[344/902] MWCC build/GEDE01/src/game/game_fn_801991E0.o
[345/902] MWCC build/GEDE01/src/game/game_fn_8019B1BC.o
[346/902] MWCC build/GEDE01/src/game/game_fn_8019CC28.o
[347/902] MWCC build/GEDE01/src/game/game_fn_8019CFC4.o
[348/902] MWCC build/GEDE01/src/game/game_fn_8019E5E4.o
[349/902] MWCC build/GEDE01/src/game/game_fn_8019E8C8.o
[350/902] MWCC build/GEDE01/src/game/game_fn_801A1F18.o
[351/902] MWCC build/GEDE01/src/game/game_fn_801A2A54.o
[352/902] MWCC build/GEDE01/src/game/game_fn_801A34BC.o
[353/902] MWCC build/GEDE01/src/game/game_fn_801A3A78.o
[354/902] MWCC build/GEDE01/src/game/game_fn_801A4CE0.o
[355/902] MWCC build/GEDE01/src/game/game_fn_801A5FB0.o
[356/902] MWCC build/GEDE01/src/game/game_fn_801A6410.o
[357/902] MWCC build/GEDE01/src/game/game_fn_801A657C.o
[358/902] MWCC build/GEDE01/src/game/game_fn_801A6ADC.o
[359/902] MWCC build/GEDE01/src/game/game_fn_801A6C58.o
[360/902] MWCC build/GEDE01/src/game/game_fn_801A6CB4.o
[361/902] MWCC build/GEDE01/src/game/game_fn_801A7E04.o
[362/902] MWCC build/GEDE01/src/game/game_fn_801A7EA8.o
[363/902] MWCC build/GEDE01/src/game/game_fn_801A93E8.o
[364/902] MWCC build/GEDE01/src/game/game_fn_801AB154.o
[365/902] MWCC build/GEDE01/src/game/game_fn_801ABD3C.o
[366/902] MWCC build/GEDE01/src/game/game_fn_801AC8AC.o
[367/902] MWCC build/GEDE01/src/game/game_fn_801ACFE8.o
[368/902] MWCC build/GEDE01/src/game/game_fn_801AD08C.o
[369/902] MWCC build/GEDE01/src/game/game_fn_801AFA74.o
[370/902] MWCC build/GEDE01/src/game/game_fn_801B02F0.o
[371/902] MWCC build/GEDE01/src/game/game_fn_801B1BA0.o
[372/902] MWCC build/GEDE01/src/game/game_fn_801B35BC.o
[373/902] MWCC build/GEDE01/src/game/game_fn_801B46C8.o
[374/902] MWCC build/GEDE01/src/game/game_fn_801B4FB4.o
[375/902] MWCC build/GEDE01/src/game/game_fn_801B5228.o
[376/902] MWCC build/GEDE01/src/game/game_fn_801B58F0.o
[377/902] MWCC build/GEDE01/src/game/game_fn_801B6F1C.o
[378/902] MWCC build/GEDE01/src/game/game_fn_801B86C0.o
[379/902] MWCC build/GEDE01/src/game/game_fn_801B941C.o
[380/902] MWCC build/GEDE01/src/game/game_fn_801B9E7C.o
[381/902] MWCC build/GEDE01/src/game/game_fn_801BA15C.o
[382/902] MWCC build/GEDE01/src/game/game_fn_801BA708.o
[383/902] MWCC build/GEDE01/src/game/game_fn_801BB1A0.o
[384/902] MWCC build/GEDE01/src/game/game_fn_801BC0D4.o
[385/902] MWCC build/GEDE01/src/game/game_fn_801BC240.o
[386/902] MWCC build/GEDE01/src/game/game_fn_801BC8F4.o
[387/902] MWCC build/GEDE01/src/game/game_fn_801BCC04.o
[388/902] MWCC build/GEDE01/src/game/game_fn_801BD990.o
[389/902] MWCC build/GEDE01/src/game/game_fn_801BDE7C.o
[390/902] MWCC build/GEDE01/src/game/game_fn_801BE0D4.o
[391/902] MWCC build/GEDE01/src/game/game_fn_801C1CB0.o
[392/902] MWCC build/GEDE01/src/game/game_fn_801BEF40.o
[393/902] MWCC build/GEDE01/src/game/game_fn_801C2980.o
[394/902] MWCC build/GEDE01/src/game/game_fn_801C29BC.o
[395/902] MWCC build/GEDE01/src/game/game_fn_801C2AAC.o
[396/902] MWCC build/GEDE01/src/game/game_fn_801C2D9C.o
[397/902] MWCC build/GEDE01/src/game/game_fn_801C8160.o
[398/902] MWCC build/GEDE01/src/game/game_fn_801C8224.o
[399/902] MWCC build/GEDE01/src/game/game_fn_801C4B5C.o
[400/902] MWCC build/GEDE01/src/game/game_fn_801C8600.o
[401/902] MWCC build/GEDE01/src/game/game_fn_801C87DC.o
[402/902] MWCC build/GEDE01/src/game/game_fn_801C8CC0.o
[403/902] MWCC build/GEDE01/src/game/game_fn_801C8F50.o
[404/902] MWCC build/GEDE01/src/game/game_fn_801C90A4.o
[405/902] MWCC build/GEDE01/src/game/game_fn_801C9510.o
[406/902] MWCC build/GEDE01/src/game/game_fn_801C970C.o
[407/902] MWCC build/GEDE01/src/game/game_fn_801C9A08.o
[408/902] MWCC build/GEDE01/src/game/game_fn_801C9B1C.o
[409/902] MWCC build/GEDE01/src/game/game_fn_801CB4F8.o
[410/902] MWCC build/GEDE01/src/game/game_fn_801CD228.o
[411/902] MWCC build/GEDE01/src/game/game_fn_801CE09C.o
[412/902] MWCC build/GEDE01/src/game/game_fn_801CE594.o
[413/902] MWCC build/GEDE01/src/game/game_fn_801D1B10.o
[414/902] MWCC build/GEDE01/src/game/game_fn_801D1F78.o
[415/902] MWCC build/GEDE01/src/game/game_fn_801D3988.o
[416/902] MWCC build/GEDE01/src/game/game_fn_801D76A8.o
[417/902] MWCC build/GEDE01/src/game/game_fn_801D7C24.o
[418/902] MWCC build/GEDE01/src/game/game_fn_801D8050.o
[419/902] MWCC build/GEDE01/src/game/game_fn_801D9FE4.o
[420/902] MWCC build/GEDE01/src/game/game_fn_801E2A48.o
[421/902] MWCC build/GEDE01/src/game/game_fn_801E41AC.o
[422/902] MWCC build/GEDE01/src/game/game_fn_801E6814.o
[423/902] MWCC build/GEDE01/src/game/game_fn_801EB09C.o
[424/902] MWCC build/GEDE01/src/game/game_fn_801E995C.o
[425/902] MWCC build/GEDE01/src/game/game_fn_801EB11C.o
[426/902] MWCC build/GEDE01/src/game/game_fn_801ECD74.o
[427/902] MWCC build/GEDE01/src/game/game_fn_801ECF50.o
[428/902] MWCC build/GEDE01/src/game/game_fn_801ED5F4.o
[429/902] MWCC build/GEDE01/src/game/game_fn_801EF580.o
[430/902] MWCC build/GEDE01/src/game/game_fn_801EF910.o
[431/902] MWCC build/GEDE01/src/game/game_fn_801F0CB0.o
[432/902] MWCC build/GEDE01/src/game/game_fn_801F10BC.o
[433/902] MWCC build/GEDE01/src/game/game_fn_801F1A38.o
[434/902] MWCC build/GEDE01/src/game/game_fn_801F35A8.o
[435/902] MWCC build/GEDE01/src/game/game_fn_801F55A0.o
[436/902] MWCC build/GEDE01/src/game/game_fn_801F69F0.o
[437/902] MWCC build/GEDE01/src/game/game_fn_801F6BD8.o
[438/902] MWCC build/GEDE01/src/game/game_fn_801F7510.o
[439/902] MWCC build/GEDE01/src/game/game_fn_801F76EC.o
[440/902] MWCC build/GEDE01/src/game/game_fn_801F8264.o
[441/902] MWCC build/GEDE01/src/game/game_fn_801F89B4.o
[442/902] MWCC build/GEDE01/src/game/game_fn_801F9AF8.o
[443/902] MWCC build/GEDE01/src/game/game_fn_801F9CF4.o
[444/902] MWCC build/GEDE01/src/game/game_fn_801FA9C8.o
[445/902] MWCC build/GEDE01/src/game/game_fn_801FC034.o
[446/902] MWCC build/GEDE01/src/game/game_fn_801FB6A4.o
[447/902] MWCC build/GEDE01/src/game/game_fn_801FFE78.o
[448/902] MWCC build/GEDE01/src/game/game_fn_801FC204.o
[449/902] EXTERNALIZE build/GEDE01/src/game/game_fn_80175A08.o
[450/902] EXTERNALIZE build/GEDE01/src/game/game_fn_80066E78.o
[451/902] EXTERNALIZE build/GEDE01/src/game/game_fn_801247F8.o
[452/902] EXTERNALIZE build/GEDE01/src/game/game_fn_801EF910.o
[453/902] EXTERNALIZE build/GEDE01/src/game/game_fn_801ECF50.o
[454/902] EXTERNALIZE build/GEDE01/src/game/game_fn_801FC204.o
[455/902] EXTERNALIZE build/GEDE01/src/game/game_fn_801EB09C.o
[456/902] EXTERNALIZE build/GEDE01/src/game/game_fn_801EB11C.o
[457/902] EXTERNALIZE build/GEDE01/src/game/game_fn_801E41AC.o
[458/902] EXTERNALIZE JUMPTABLES build/GEDE01/src/game/game_fn_80050B08.o
[459/902] EXTERNALIZE build/GEDE01/src/game/game_fn_801D9FE4.o
[460/902] EXTERNALIZE build/GEDE01/src/game/game_fn_801D76A8.o
[461/902] EXTERNALIZE build/GEDE01/src/game/game_fn_801D8050.o
[462/902] EXTERNALIZE build/GEDE01/src/game/game_fn_801D7C24.o
[463/902] EXTERNALIZE build/GEDE01/src/game/game_fn_8019B1BC.o
[464/902] EXTERNALIZE build/GEDE01/src/game/game_fn_80178F88.o
[465/902] EXTERNALIZE build/GEDE01/src/game/game_fn_801CD228.o
[466/902] EXTERNALIZE build/GEDE01/src/game/game_fn_801C970C.o
[467/902] EXTERNALIZE build/GEDE01/src/game/game_fn_801BA15C.o
[468/902] EXTERNALIZE build/GEDE01/src/game/game_fn_801C9510.o
[469/902] EXTERNALIZE build/GEDE01/src/game/game_fn_80126A00.o
[470/902] EXTERNALIZE build/GEDE01/src/game/game_fn_8013D6A4.o
[471/902] EXTERNALIZE build/GEDE01/src/game/game_fn_800C9C60.o
[472/902] EXTERNALIZE build/GEDE01/src/game/game_fn_801B5228.o
[473/902] EXTERNALIZE build/GEDE01/src/game/game_fn_801B4FB4.o
[474/902] EXTERNALIZE build/GEDE01/src/game/game_fn_801C87DC.o
[475/902] EXTERNALIZE build/GEDE01/src/game/game_fn_801B6F1C.o
[476/902] EXTERNALIZE build/GEDE01/src/game/game_fn_801C8CC0.o
[477/902] EXTERNALIZE build/GEDE01/src/game/game_fn_800FD0C8.o
[478/902] EXTERNALIZE build/GEDE01/src/game/game_fn_801BDE7C.o
[479/902] EXTERNALIZE build/GEDE01/src/game/game_fn_801BE0D4.o
[480/902] EXTERNALIZE STATIC POOL build/GEDE01/src/game/game_fn_801C9A08.o
build/GEDE01/src/game/game_fn_801C9A08.o: lbl_80629390 now undefined; section 3 emptied
[481/902] EXTERNALIZE STATIC POOL build/GEDE01/src/game/game_fn_801C9B1C.o
build/GEDE01/src/game/game_fn_801C9B1C.o: lbl_80629390 now undefined; section 3 emptied
[482/902] EXTERNALIZE build/GEDE01/src/game/game_fn_801B941C.o
[483/902] EXTERNALIZE STATIC POOL build/GEDE01/src/game/game_fn_801BD990.o
build/GEDE01/src/game/game_fn_801BD990.o: lbl_80626D80 now undefined; section 6 emptied
[484/902] EXTERNALIZE STATIC POOL build/GEDE01/src/game/game_fn_801B58F0.o
build/GEDE01/src/game/game_fn_801B58F0.o: lbl_8060C020 now undefined; section 3 emptied
[485/902] EXTERNALIZE STATIC POOL build/GEDE01/src/game/game_fn_801B9E7C.o
build/GEDE01/src/game/game_fn_801B9E7C.o: 0 relocation(s) moved from streamInfo to ...bss.0
build/GEDE01/src/game/game_fn_801B9E7C.o: lbl_8061AE48 now undefined; section 6 emptied
[486/902] EXTERNALIZE STATIC POOL build/GEDE01/src/game/game_fn_801BB1A0.o
build/GEDE01/src/game/game_fn_801BB1A0.o: 0 relocation(s) moved from streamInfo to ...bss.0
build/GEDE01/src/game/game_fn_801BB1A0.o: lbl_8061AE48 now undefined; section 6 emptied
[487/902] EXTERNALIZE STATIC build/GEDE01/src/game/game_fn_801B35BC.o
build/GEDE01/src/game/game_fn_801B35BC.o: lbl_8060D420 now undefined; section 6 emptied
[488/902] EXTERNALIZE STATIC POOL build/GEDE01/src/game/game_fn_801BA708.o
build/GEDE01/src/game/game_fn_801BA708.o: 0 relocation(s) moved from streamInfo to ...bss.0
build/GEDE01/src/game/game_fn_801BA708.o: lbl_8061AE48 now undefined; section 6 emptied
[489/902] EXTERNALIZE STATIC POOL build/GEDE01/src/game/game_fn_801BC8F4.o
build/GEDE01/src/game/game_fn_801BC8F4.o: lbl_8061C748 now undefined; section 6 emptied
[490/902] EXTERNALIZE STATIC build/GEDE01/src/game/game_fn_801BC240.o
build/GEDE01/src/game/game_fn_801BC240.o: lbl_8061C748 now undefined; section 6 emptied
[491/902] EXTERNALIZE STATIC POOL build/GEDE01/src/game/game_fn_801BCC04.o
build/GEDE01/src/game/game_fn_801BCC04.o: lbl_8061C748 now undefined; section 6 emptied
[492/902] EXTERNALIZE STATIC POOL build/GEDE01/src/game/game_fn_801BC0D4.o
build/GEDE01/src/game/game_fn_801BC0D4.o: lbl_8061C748 now undefined; section 6 emptied
[493/902] EXTERNALIZE STATIC POOL build/GEDE01/src/game/game_fn_801C1CB0.o
build/GEDE01/src/game/game_fn_801C1CB0.o: lbl_80626DA0 now undefined; section 3 emptied
[494/902] RENAME build/GEDE01/src/game/game_InitMetroTRKCommTable.o
[495/902] EXTERNALIZE STATIC POOL build/GEDE01/src/game/game_fn_801CE09C.o
build/GEDE01/src/game/game_fn_801CE09C.o: lbl_80631340 now undefined; section 6 emptied
[496/902] RENAME RUNTIME INTRINSICS build/GEDE01/src/game/game_fn_801CB4F8.o
[497/902] EXTERNALIZE STATIC POOL build/GEDE01/src/game/game_fn_8010242C.o
build/GEDE01/src/game/game_fn_8010242C.o: lbl_8032CC08 now undefined; section 3 emptied
[498/902] EXTERNALIZE build/GEDE01/src/game/game_fn_801D3988.o
[499/902] EXTERNALIZE build/GEDE01/src/game/game_fn_801D1B10.o
[500/902] ALIGN DATA build/GEDE01/src/game/game_fn_80008014.o
[501/902] EXTERNALIZE build/GEDE01/src/game/game_fn_801CE594.o
[502/902] EXTERNALIZE build/GEDE01/src/game/game_fn_8014549C.o
[503/902] EXTERNALIZE build/GEDE01/src/game/game_fn_801C8224.o
[504/902] EXTERNALIZE build/GEDE01/src/game/game_fn_801098C0.o
[505/902] EXTERNALIZE build/GEDE01/src/game/game_fn_8000FDE8.o
[506/902] EXTERNALIZE build/GEDE01/src/game/game_fn_80185F10.o
[507/902] EXTERNALIZE build/GEDE01/src/game/game_fn_801C29BC.o
[508/902] EXTERNALIZE build/GEDE01/src/game/game_fn_801C8F50.o
[509/902] EXTERNALIZE build/GEDE01/src/game/game_fn_8007B828.o
[510/902] EXTERNALIZE build/GEDE01/src/game/game_fn_801C90A4.o
[511/902] EXTERNALIZE build/GEDE01/src/game/game_fn_801C8160.o
[512/902] EXTERNALIZE build/GEDE01/src/game/game_fn_801C2AAC.o
[513/902] EXTERNALIZE build/GEDE01/src/game/game_fn_801C2D9C.o
[514/902] EXTERNALIZE build/GEDE01/src/game/game_fn_801C2980.o
[515/902] EXTERNALIZE build/GEDE01/src/game/game_fn_801B02F0.o
[516/902] EXTERNALIZE build/GEDE01/src/game/game_fn_801AFA74.o
[517/902] EXTERNALIZE build/GEDE01/src/game/game_fn_801AC8AC.o
[518/902] EXTERNALIZE build/GEDE01/src/game/game_fn_801ABD3C.o
[519/902] EXTERNALIZE build/GEDE01/src/game/game_fn_801816D4.o
[520/902] EXTERNALIZE build/GEDE01/src/game/game_fn_8011F140.o
[521/902] EXTERNALIZE build/GEDE01/src/game/game_fn_801AD08C.o
[522/902] EXTERNALIZE build/GEDE01/src/game/game_fn_8004998C.o
[523/902] EXTERNALIZE build/GEDE01/src/game/game_fn_80079AA4.o
[524/902] EXTERNALIZE build/GEDE01/src/game/game_fn_80158D38.o
[525/902] EXTERNALIZE build/GEDE01/src/game/game_fn_801A3A78.o
[526/902] EXTERNALIZE build/GEDE01/src/game/game_fn_8008F224.o
[527/902] EXTERNALIZE build/GEDE01/src/game/game_fn_80167454.o
[528/902] EXTERNALIZE build/GEDE01/src/game/game_fn_800AF230.o
[529/902] EXTERNALIZE build/GEDE01/src/game/game_fn_801A93E8.o
[530/902] EXTERNALIZE build/GEDE01/src/game/game_fn_801AB154.o
[531/902] EXTERNALIZE build/GEDE01/src/game/game_fn_801A7E04.o
[532/902] EXTERNALIZE build/GEDE01/src/game/game_fn_801A7EA8.o
[533/902] EXTERNALIZE build/GEDE01/src/game/game_fn_801A6CB4.o
[534/902] EXTERNALIZE build/GEDE01/src/game/game_fn_801A4CE0.o
[535/902] EXTERNALIZE build/GEDE01/src/game/game_fn_801A6C58.o
[536/902] NAME JUMPTABLE build/GEDE01/src/game/game_fn_801A6ADC.o
[537/902] EXTERNALIZE build/GEDE01/src/game/game_fn_801A6410.o
[538/902] EXTERNALIZE build/GEDE01/src/game/game_fn_801A5FB0.o
[539/902] EXTERNALIZE build/GEDE01/src/game/game_fn_801A1F18.o
[540/902] EXTERNALIZE build/GEDE01/src/game/game_fn_8019E8C8.o
[541/902] EXTERNALIZE build/GEDE01/src/game/game_fn_8019E5E4.o
[542/902] EXTERNALIZE build/GEDE01/src/game/game_fn_8019CFC4.o
[543/902] EXTERNALIZE build/GEDE01/src/game/game_fn_8019CC28.o
[544/902] EXTERNALIZE build/GEDE01/src/game/game_fn_801991E0.o
[545/902] EXTERNALIZE build/GEDE01/src/game/game_fn_80198BF4.o
[546/902] EXTERNALIZE build/GEDE01/src/game/game_fn_80198AAC.o
[547/902] EXTERNALIZE build/GEDE01/src/game/game_fn_80198154.o
[548/902] EXTERNALIZE build/GEDE01/src/game/game_fn_80194F80.o
[549/902] EXTERNALIZE build/GEDE01/src/game/game_fn_80197910.o
[550/902] EXTERNALIZE build/GEDE01/src/game/game_fn_80177434.o
repointed 2 relocations to lbl_80250588
[551/902] EXTERNALIZE build/GEDE01/src/game/game_fn_80193E1C.o
[552/902] EXTERNALIZE build/GEDE01/src/game/game_fn_801931C4.o
[553/902] EXTERNALIZE build/GEDE01/src/game/game_fn_80193F3C.o
[554/902] EXTERNALIZE build/GEDE01/src/game/game_fn_80192F54.o
[555/902] EXTERNALIZE build/GEDE01/src/game/game_fn_80191F58.o
[556/902] EXTERNALIZE build/GEDE01/src/game/game_fn_8019197C.o
[557/902] EXTERNALIZE build/GEDE01/src/game/game_fn_80191360.o
[558/902] GLOBALIZE build/GEDE01/src/game/game_fn_8018F1D0.o
[559/902] EXTERNALIZE build/GEDE01/src/game/game_fn_8018D688.o
[560/902] EXTERNALIZE build/GEDE01/src/game/game_fn_8018F81C.o
[561/902] EXTERNALIZE build/GEDE01/src/game/game_fn_8018D2E0.o
[562/902] EXTERNALIZE build/GEDE01/src/game/game_fn_80189968.o
[563/902] EXTERNALIZE build/GEDE01/src/game/game_fn_80189760.o
[564/902] EXTERNALIZE build/GEDE01/src/game/game_fn_8018D1F0.o
[565/902] EXTERNALIZE build/GEDE01/src/game/game_fn_801896A0.o
[566/902] EXTERNALIZE build/GEDE01/src/game/game_fn_801895E8.o
[567/902] EXTERNALIZE build/GEDE01/src/game/game_fn_80189390.o
[568/902] EXTERNALIZE build/GEDE01/src/game/game_fn_801891D8.o
[569/902] EXTERNALIZE build/GEDE01/src/game/game_fn_80188E28.o
[570/902] EXTERNALIZE build/GEDE01/src/game/game_fn_80189028.o
[571/902] EXTERNALIZE build/GEDE01/src/game/game_fn_80188B44.o
[572/902] EXTERNALIZE build/GEDE01/src/game/game_fn_80188C1C.o
[573/902] EXTERNALIZE build/GEDE01/src/game/game_fn_80188A7C.o
[574/902] EXTERNALIZE build/GEDE01/src/game/game_fn_801878E0.o
[575/902] EXTERNALIZE build/GEDE01/src/game/game_fn_80187120.o
[576/902] EXTERNALIZE build/GEDE01/src/game/game_fn_8018FEDC.o
[577/902] EXTERNALIZE build/GEDE01/src/game/game_fn_80186E10.o
[578/902] EXTERNALIZE build/GEDE01/src/game/game_fn_801865EC.o
[579/902] EXTERNALIZE build/GEDE01/src/game/game_fn_80185AE8.o
[580/902] EXTERNALIZE build/GEDE01/src/game/game_fn_801859FC.o
[581/902] EXTERNALIZE build/GEDE01/src/game/game_fn_80180DDC.o
[582/902] EXTERNALIZE build/GEDE01/src/game/game_fn_8017E958.o
[583/902] EXTERNALIZE build/GEDE01/src/game/game_fn_8017E850.o
[584/902] EXTERNALIZE build/GEDE01/src/game/game_fn_8017718C.o
[585/902] EXTERNALIZE build/GEDE01/src/game/game_fn_801770F8.o
[586/902] EXTERNALIZE build/GEDE01/src/game/game_fn_80176FA0.o
[587/902] EXTERNALIZE build/GEDE01/src/game/game_fn_80176DF4.o
[588/902] EXTERNALIZE build/GEDE01/src/game/game_fn_80174358.o
[589/902] EXTERNALIZE build/GEDE01/src/game/game_fn_80173F04.o
[590/902] EXTERNALIZE build/GEDE01/src/game/game_fn_80174184.o
[591/902] EXTERNALIZE build/GEDE01/src/game/game_fn_8017553C.o
[592/902] EXTERNALIZE build/GEDE01/src/game/game_fn_80173D44.o
[593/902] EXTERNALIZE build/GEDE01/src/game/game_fn_80173770.o
[594/902] EXTERNALIZE build/GEDE01/src/game/game_fn_801734B4.o
[595/902] EXTERNALIZE build/GEDE01/src/game/game_fn_80173270.o
[596/902] EXTERNALIZE build/GEDE01/src/game/game_fn_80172DB8.o
[597/902] EXTERNALIZE build/GEDE01/src/game/game_fn_80172C78.o
[598/902] EXTERNALIZE build/GEDE01/src/game/game_fn_80172BB0.o
[599/902] EXTERNALIZE build/GEDE01/src/game/game_fn_801726EC.o
[600/902] EXTERNALIZE build/GEDE01/src/game/game_fn_8017250C.o
[601/902] EXTERNALIZE build/GEDE01/src/game/game_fn_80171F30.o
[602/902] EXTERNALIZE build/GEDE01/src/game/game_fn_801719B4.o
[603/902] EXTERNALIZE build/GEDE01/src/game/game_fn_801718F4.o
[604/902] EXTERNALIZE build/GEDE01/src/game/game_fn_80171664.o
[605/902] EXTERNALIZE build/GEDE01/src/game/game_fn_8017138C.o
[606/902] EXTERNALIZE build/GEDE01/src/game/game_fn_80170A40.o
[607/902] NORMALIZE build/GEDE01/src/game/game_TRKNubWelcome.o
[608/902] NORMALIZE build/GEDE01/src/game/game_TRK_main.o
[609/902] NORMALIZE build/GEDE01/src/game/game_data_80239E10.o
[610/902] NORMALIZE build/GEDE01/src/game/game_data_80239E18.o
[611/902] EXTERNALIZE build/GEDE01/src/game/game_fn_801706DC.o
[612/902] EXTERNALIZE build/GEDE01/src/game/game_fn_8017652C.o
[613/902] EXTERNALIZE build/GEDE01/src/game/game_fn_80170E9C.o
[614/902] EXTERNALIZE build/GEDE01/src/game/game_fn_80175E64.o
[615/902] EXTERNALIZE build/GEDE01/src/game/game_fn_80175F0C.o
[616/902] EXTERNALIZE build/GEDE01/src/game/game_fn_80175FD4.o
[617/902] EXTERNALIZE build/GEDE01/src/game/game_fn_80176098.o
[618/902] EXTERNALIZE build/GEDE01/src/game/game_fn_80176160.o
[619/902] EXTERNALIZE build/GEDE01/src/game/game_fn_80176220.o
[620/902] EXTERNALIZE build/GEDE01/src/game/game_fn_80170DF4.o
[621/902] EXTERNALIZE build/GEDE01/src/game/game_fn_801762E8.o
[622/902] EXTERNALIZE build/GEDE01/src/game/game_fn_8016E8F8.o
[623/902] EXTERNALIZE build/GEDE01/src/game/game_fn_8016FEF8.o
[624/902] EXTERNALIZE build/GEDE01/src/game/game_fn_801704F8.o
[625/902] NORMALIZE build/GEDE01/src/game/game_fn_8016DF4C.o
[626/902] EXTERNALIZE build/GEDE01/src/game/game_fn_8016D2B8.o
[627/902] EXTERNALIZE build/GEDE01/src/game/game_fn_8016D040.o
[628/902] EXTERNALIZE build/GEDE01/src/game/game_fn_8016D1F8.o
[629/902] EXTERNALIZE build/GEDE01/src/game/game_fn_8016C774.o
[630/902] EXTERNALIZE build/GEDE01/src/game/game_fn_8016C4BC.o
[631/902] EXTERNALIZE build/GEDE01/src/game/game_fn_8016C238.o
[632/902] EXTERNALIZE build/GEDE01/src/game/game_fn_8016C164.o
[633/902] EXTERNALIZE build/GEDE01/src/game/game_fn_8016C0BC.o
[634/902] EXTERNALIZE build/GEDE01/src/game/game_fn_8017038C.o
[635/902] EXTERNALIZE build/GEDE01/src/game/game_fn_8016BE1C.o
[636/902] EXTERNALIZE build/GEDE01/src/game/game_fn_8016BF60.o
[637/902] EXTERNALIZE build/GEDE01/src/game/game_fn_8016BD0C.o
[638/902] EXTERNALIZE build/GEDE01/src/game/game_fn_80169650.o
[639/902] EXTERNALIZE build/GEDE01/src/game/game_fn_80167B5C.o
[640/902] EXTERNALIZE build/GEDE01/src/game/game_fn_8015EDC0.o
[641/902] EXTERNALIZE build/GEDE01/src/game/game_fn_8015DB84.o
[642/902] EXTERNALIZE build/GEDE01/src/game/game_fn_8015DC54.o
[643/902] EXTERNALIZE build/GEDE01/src/game/game_fn_80158B20.o
[644/902] EXTERNALIZE build/GEDE01/src/game/game_fn_8017960C.o
[645/902] EXTERNALIZE build/GEDE01/src/game/game_fn_80179398.o
[646/902] EXTERNALIZE build/GEDE01/src/game/game_fn_8017974C.o
[647/902] EXTERNALIZE build/GEDE01/src/game/game_fn_80179904.o
[648/902] EXTERNALIZE build/GEDE01/src/game/game_fn_8017A9B8.o
[649/902] EXTERNALIZE build/GEDE01/src/game/game_fn_80179A18.o
[650/902] EXTERNALIZE build/GEDE01/src/game/game_fn_80179A74.o
[651/902] EXTERNALIZE build/GEDE01/src/game/game_fn_80179EB8.o
[652/902] EXTERNALIZE build/GEDE01/src/game/game_fn_80179F20.o
[653/902] EXTERNALIZE build/GEDE01/src/game/game_fn_8017A010.o
[654/902] EXTERNALIZE build/GEDE01/src/game/game_fn_8017A12C.o
[655/902] EXTERNALIZE build/GEDE01/src/game/game_fn_80157C0C.o
[656/902] EXTERNALIZE build/GEDE01/src/game/game_fn_8017A1C0.o
[657/902] EXTERNALIZE build/GEDE01/src/game/game_fn_80155814.o
[658/902] EXTERNALIZE build/GEDE01/src/game/game_fn_80153898.o
[659/902] EXTERNALIZE build/GEDE01/src/game/game_fn_8014AF38.o
[660/902] EXTERNALIZE build/GEDE01/src/game/game_fn_8014B494.o
[661/902] EXTERNALIZE build/GEDE01/src/game/game_fn_801141B8.o
[662/902] EXTERNALIZE build/GEDE01/src/game/game_fn_8012DB28.o
[663/902] EXTERNALIZE build/GEDE01/src/game/game_fn_801128E4.o
[664/902] EXTERNALIZE build/GEDE01/src/game/game_fn_801126E0.o
[665/902] EXTERNALIZE build/GEDE01/src/game/game_fn_8010F184.o
[666/902] EXTERNALIZE build/GEDE01/src/game/game_fn_800E4980.o
[667/902] EXTERNALIZE build/GEDE01/src/game/game_fn_800C17EC.o
[668/902] EXTERNALIZE build/GEDE01/src/game/game_fn_800C030C.o
[669/902] EXTERNALIZE build/GEDE01/src/game/game_fn_800C59F0.o
[670/902] EXTERNALIZE build/GEDE01/src/game/game_fn_800C644C.o
[671/902] EXTERNALIZE build/GEDE01/src/game/game_fn_800C65FC.o
[672/902] EXTERNALIZE build/GEDE01/src/game/game_fn_800CB760.o
[673/902] EXTERNALIZE build/GEDE01/src/game/game_fn_800CB8F4.o
[674/902] EXTERNALIZE build/GEDE01/src/game/game_fn_80078500.o
[675/902] EXTERNALIZE build/GEDE01/src/game/game_fn_80079908.o
[676/902] EXTERNALIZE build/GEDE01/src/game/game_fn_8007B2F4.o
[677/902] EXTERNALIZE build/GEDE01/src/game/game_fn_8007B640.o
[678/902] EXTERNALIZE build/GEDE01/src/game/game_fn_8007B540.o
[679/902] EXTERNALIZE build/GEDE01/src/game/game_fn_800886D8.o
[680/902] EXTERNALIZE build/GEDE01/src/game/game_fn_8007BA3C.o
[681/902] EXTERNALIZE build/GEDE01/src/game/game_fn_800934A0.o
[682/902] EXTERNALIZE build/GEDE01/src/game/game_fn_800A3894.o
[683/902] EXTERNALIZE build/GEDE01/src/game/game_fn_800A7E88.o
[684/902] EXTERNALIZE build/GEDE01/src/game/game_fn_800A4798.o
[685/902] EXTERNALIZE build/GEDE01/src/game/game_fn_800A2FCC.o
[686/902] GLOBALIZE build/GEDE01/src/game/game_fn_800A2130.o
[687/902] EXTERNALIZE build/GEDE01/src/game/game_fn_8009C424.o
[688/902] EXTERNALIZE build/GEDE01/src/game/game_fn_80096830.o
[689/902] GLOBALIZE build/GEDE01/src/game/game_fn_8008F890.o
[690/902] EXTERNALIZE SWITCHES build/GEDE01/src/game/game_fn_80095FDC.o
[691/902] EXTERNALIZE build/GEDE01/src/game/game_fn_800A4428.o
[692/902] EXTERNALIZE build/GEDE01/src/game/game_fn_80074310.o
[693/902] EXTERNALIZE build/GEDE01/src/game/game_fn_80066888.o
[694/902] GLOBALIZE build/GEDE01/src/game/game_fn_8005FD84.o
[695/902] EXTERNALIZE build/GEDE01/src/game/game_fn_80052310.o
[696/902] EXTERNALIZE build/GEDE01/src/game/game_fn_8005EC6C.o
[697/902] EXTERNALIZE build/GEDE01/src/game/game_fn_80048ADC.o
[698/902] EXTERNALIZE build/GEDE01/src/game/game_fn_80048B24.o
[699/902] NAME SWITCH build/GEDE01/src/game/game_fn_80020E94.o
[700/902] NAME SWITCH build/GEDE01/src/game/game_fn_8005EE9C.o
[701/902] NAME SWITCH build/GEDE01/src/game/game_fn_8016D9C0.o
[702/902] NAME SWITCH build/GEDE01/src/game/game_fn_80071A58.o
[703/902] NAME SWITCH build/GEDE01/src/game/game_fn_8006B620.o
[704/902] NAME SWITCH build/GEDE01/src/game/game_fn_8001FE1C.o
[705/902] NAME SWITCH build/GEDE01/src/game/game_fn_8001E644.o
[706/902] EXTERNALIZE build/GEDE01/src/game/game_fn_80038878.o
[707/902] EXTERNALIZE build/GEDE01/src/game/game_fn_80036C40.o
[708/902] EXTERNALIZE build/GEDE01/src/game/game_fn_801B46C8.o
build/GEDE01/src/game/game_fn_801B46C8.o: lbl_8060C020 now undefined; section 6 emptied
[709/902] EXTERNALIZE build/GEDE01/src/game/game_fn_800359A0.o
[710/902] EXTERNALIZE build/GEDE01/src/game/game_fn_80033180.o
[711/902] EXTERNALIZE build/GEDE01/src/game/game_fn_80033038.o
[712/902] EXTERNALIZE build/GEDE01/src/game/game_fn_80032B84.o
[713/902] EXTERNALIZE build/GEDE01/src/game/game_fn_8003232C.o
[714/902] EXTERNALIZE build/GEDE01/src/game/game_fn_8002E3F0.o
[715/902] EXTERNALIZE build/GEDE01/src/game/game_fn_8002DAE0.o
[716/902] EXTERNALIZE build/GEDE01/src/game/game_fn_8002EA68.o
[717/902] GLOBALIZE build/GEDE01/src/game/game_fn_8002B748.o
[718/902] EXTERNALIZE build/GEDE01/src/game/game_fn_8002F428.o
[719/902] NAME SWITCHES build/GEDE01/src/game/game_fn_80024F28.o
[720/902] EXTERNALIZE build/GEDE01/src/game/game_fn_800272B4.o
[721/902] EXTERNALIZE build/GEDE01/src/game/game_fn_8001CD58.o
[722/902] EXTERNALIZE build/GEDE01/src/game/game_fn_8001CE94.o
[723/902] EXTERNALIZE build/GEDE01/src/game/game_fn_8001C078.o
[724/902] EXTERNALIZE build/GEDE01/src/game/game_fn_8001B874.o
[725/902] EXTERNALIZE build/GEDE01/src/game/game_fn_8001B294.o
[726/902] EXTERNALIZE build/GEDE01/src/game/game_fn_8001B808.o
[727/902] EXTERNALIZE build/GEDE01/src/game/game_fn_8001B124.o
[728/902] EXTERNALIZE build/GEDE01/src/game/game_fn_8001ADF8.o
[729/902] EXTERNALIZE build/GEDE01/src/game/game_fn_8001AF68.o
[730/902] EXTERNALIZE build/GEDE01/src/game/game_fn_8001AAB8.o
[731/902] EXTERNALIZE build/GEDE01/src/game/game_fn_8001A6C4.o
[732/902] EXTERNALIZE build/GEDE01/src/game/game_fn_80019F98.o
[733/902] EXTERNALIZE build/GEDE01/src/game/game_fn_80019D2C.o
[734/902] EXTERNALIZE build/GEDE01/src/game/game_fn_80019C10.o
[735/902] EXTERNALIZE build/GEDE01/src/game/game_fn_80019940.o
[736/902] EXTERNALIZE build/GEDE01/src/game/game_fn_800194D0.o
[737/902] EXTERNALIZE build/GEDE01/src/game/game_fn_80019244.o
[738/902] EXTERNALIZE build/GEDE01/src/game/game_fn_80019054.o
[739/902] EXTERNALIZE build/GEDE01/src/game/game_fn_80018EF4.o
[740/902] EXTERNALIZE build/GEDE01/src/game/game_fn_80017DB0.o
[741/902] EXTERNALIZE build/GEDE01/src/game/game_fn_80017CC8.o
[742/902] EXTERNALIZE build/GEDE01/src/game/game_fn_80017C3C.o
[743/902] EXTERNALIZE build/GEDE01/src/game/game_fn_80017AE4.o
[744/902] EXTERNALIZE build/GEDE01/src/game/game_fn_80017A3C.o
[745/902] EXTERNALIZE build/GEDE01/src/game/game_fn_800179AC.o
[746/902] EXTERNALIZE build/GEDE01/src/game/game_fn_80017910.o
[747/902] EXTERNALIZE FLAGS build/GEDE01/src/game/game_fn_800119FC.o
[748/902] EXTERNALIZE build/GEDE01/src/game/game_fn_8000FFD8.o
[749/902] EXTERNALIZE build/GEDE01/src/game/game_fn_8000F4B0.o
[750/902] GLOBALIZE build/GEDE01/src/game/game_fn_800094C0.o
[751/902] EXTERNALIZE build/GEDE01/src/game/game_fn_8000EFC4.o
[752/902] EXTERNALIZE build/GEDE01/src/game/game_fn_800096E0.o
[753/902] EXTERNALIZE build/GEDE01/src/game/game_fn_800098C0.o
[754/902] EXTERNALIZE build/GEDE01/src/game/game_fn_800099D8.o
[755/902] EXTERNALIZE build/GEDE01/src/game/game_fn_80009AB4.o
[756/902] EXTERNALIZE build/GEDE01/src/game/game_fn_8000A26C.o
[757/902] EXTERNALIZE build/GEDE01/src/game/game_fn_800176F0.o
[758/902] EXTERNALIZE build/GEDE01/src/game/game_fn_800171C0.o
[759/902] EXTERNALIZE build/GEDE01/src/game/game_fn_8000AC88.o
[760/902] EXTERNALIZE build/GEDE01/src/game/game_fn_8000AEB4.o
[761/902] EXTERNALIZE build/GEDE01/src/game/game_fn_8000B1B8.o
[762/902] EXTERNALIZE build/GEDE01/src/game/game_fn_8000AFB4.o
[763/902] EXTERNALIZE build/GEDE01/src/game/game_fn_8000B36C.o
[764/902] EXTERNALIZE build/GEDE01/src/game/game_fn_8000B630.o
[765/902] EXTERNALIZE build/GEDE01/src/game/game_fn_8000B900.o
[766/902] EXTERNALIZE build/GEDE01/src/game/game_fn_8000B7FC.o
[767/902] EXTERNALIZE build/GEDE01/src/game/game_fn_8000BA0C.o
[768/902] EXTERNALIZE build/GEDE01/src/game/game_fn_8000BAA0.o
[769/902] EXTERNALIZE build/GEDE01/src/game/game_fn_8000C06C.o
[770/902] EXTERNALIZE build/GEDE01/src/game/game_fn_8000BC40.o
[771/902] EXTERNALIZE build/GEDE01/src/game/game_fn_8000C400.o
[772/902] EXTERNALIZE build/GEDE01/src/game/game_fn_8000C17C.o
[773/902] EXTERNALIZE build/GEDE01/src/game/game_fn_8000C848.o
[774/902] EXTERNALIZE build/GEDE01/src/game/game_fn_8000C91C.o
[775/902] EXTERNALIZE build/GEDE01/src/game/game_fn_8000D0BC.o
[776/902] EXTERNALIZE build/GEDE01/src/game/game_fn_8000D3D4.o
[777/902] NAME SWITCH build/GEDE01/src/game/game_fn_8000D8A4.o
[778/902] EXTERNALIZE build/GEDE01/src/game/game_fn_8000E054.o
[779/902] EXTERNALIZE build/GEDE01/src/game/game_fn_8000E0AC.o
[780/902] EXTERNALIZE build/GEDE01/src/game/game_fn_8000F774.o
[781/902] EXTERNALIZE build/GEDE01/src/game/game_fn_8000E96C.o
[782/902] EXTERNALIZE build/GEDE01/src/game/game_fn_8000EBD4.o
[783/902] EXTERNALIZE build/GEDE01/src/game/game_fn_8000EB14.o
[784/902] EXTERNALIZE build/GEDE01/src/game/game_fn_8000ED44.o
[785/902] EXTERNALIZE build/GEDE01/src/game/game_fn_8000E138.o
[786/902] EXTERNALIZE build/GEDE01/src/game/game_fn_8000E1C4.o
[787/902] EXTERNALIZE build/GEDE01/src/game/game_fn_8000D590.o
[788/902] EXTERNALIZE build/GEDE01/src/game/game_fn_8000DAF4.o
[789/902] EXTERNALIZE build/GEDE01/src/game/game_fn_8000DA50.o
[790/902] EXTERNALIZE build/GEDE01/src/game/game_fn_80012F40.o
[791/902] EXTERNALIZE build/GEDE01/src/game/game_fn_80012DA8.o
[792/902] EXTERNALIZE build/GEDE01/src/game/game_fn_80012FD0.o
[793/902] EXTERNALIZE build/GEDE01/src/game/game_fn_800131E8.o
[794/902] EXTERNALIZE build/GEDE01/src/game/game_fn_80013340.o
[795/902] EXTERNALIZE build/GEDE01/src/game/game_fn_80013870.o
[796/902] EXTERNALIZE build/GEDE01/src/game/game_fn_80013CB0.o
[797/902] EXTERNALIZE build/GEDE01/src/game/game_fn_80013D54.o
[798/902] EXTERNALIZE build/GEDE01/src/game/game_fn_800142DC.o
[799/902] EXTERNALIZE build/GEDE01/src/game/game_fn_800144CC.o
[800/902] EXTERNALIZE build/GEDE01/src/game/game_fn_80014784.o
[801/902] EXTERNALIZE build/GEDE01/src/game/game_fn_800149D4.o
[802/902] EXTERNALIZE build/GEDE01/src/game/game_fn_80015058.o
[803/902] EXTERNALIZE build/GEDE01/src/game/game_fn_80015320.o
[804/902] EXTERNALIZE build/GEDE01/src/game/game_fn_800156FC.o
[805/902] EXTERNALIZE build/GEDE01/src/game/game_fn_80015568.o
[806/902] EXTERNALIZE build/GEDE01/src/game/game_fn_80015D40.o
[807/902] EXTERNALIZE build/GEDE01/src/game/game_fn_80015BE0.o
[808/902] EXTERNALIZE build/GEDE01/src/game/game_fn_80015F04.o
[809/902] EXTERNALIZE build/GEDE01/src/game/game_fn_80016128.o
[810/902] EXTERNALIZE build/GEDE01/src/game/game_fn_80016270.o
[811/902] EXTERNALIZE build/GEDE01/src/game/game_fn_80016904.o
[812/902] EXTERNALIZE build/GEDE01/src/game/game_fn_800173CC.o
[813/902] EXTERNALIZE build/GEDE01/src/game/game_fn_80016B24.o
[814/902] EXTERNALIZE build/GEDE01/src/game/game_fn_801BEF40.o
[815/902] EXTERNALIZE build/GEDE01/src/game/game_fn_801B86C0.o
[816/902] EXTERNALIZE STATIC POOL build/GEDE01/src/game/game_fn_801C4B5C.o
build/GEDE01/src/game/game_fn_801C4B5C.o: lbl_80628CB0 now undefined; section 6 emptied
[817/902] EXTERNALIZE build/GEDE01/src/game/game_fn_8014BA14.o
[818/902] EXTERNALIZE build/GEDE01/src/game/game_fn_801C8600.o
[819/902] EXTERNALIZE build/GEDE01/src/game/game_fn_800B2EC0.o
[820/902] EXTERNALIZE build/GEDE01/src/game/game_fn_8001CA04.o
[821/902] EXTERNALIZE build/GEDE01/src/game/game_fn_80031544.o
[822/902] EXTERNALIZE build/GEDE01/src/game/game_fn_8006B0F0.o
[823/902] EXTERNALIZE build/GEDE01/src/game/game_fn_8007D4D8.o
[824/902] EXTERNALIZE build/GEDE01/src/game/game_fn_8007F770.o
[825/902] EXTERNALIZE build/GEDE01/src/game/game_fn_80088F4C.o
[826/902] EXTERNALIZE build/GEDE01/src/game/game_fn_8008A2E0.o
[827/902] EXTERNALIZE build/GEDE01/src/game/game_fn_80090004.o
[828/902] EXTERNALIZE build/GEDE01/src/game/game_fn_80095D10.o
[829/902] EXTERNALIZE build/GEDE01/src/game/game_fn_800A3180.o
[830/902] EXTERNALIZE build/GEDE01/src/game/game_fn_800BB7A8.o
[831/902] EXTERNALIZE build/GEDE01/src/game/game_fn_800BB5C4.o
[832/902] EXTERNALIZE build/GEDE01/src/game/game_fn_800BB9A4.o
[833/902] EXTERNALIZE build/GEDE01/src/game/game_fn_800BBAF0.o
[834/902] EXTERNALIZE build/GEDE01/src/game/game_fn_800D9064.o
[835/902] EXTERNALIZE build/GEDE01/src/game/game_fn_800D9E10.o
[836/902] EXTERNALIZE build/GEDE01/src/game/game_fn_8012976C.o
[837/902] EXTERNALIZE build/GEDE01/src/game/game_fn_8013DB8C.o
[838/902] EXTERNALIZE build/GEDE01/src/game/game_fn_8013CBE4.o
[839/902] EXTERNALIZE build/GEDE01/src/game/game_fn_8014CA98.o
[840/902] EXTERNALIZE build/GEDE01/src/game/game_fn_80153A24.o
[841/902] EXTERNALIZE build/GEDE01/src/game/game_fn_801535D8.o
[842/902] EXTERNALIZE build/GEDE01/src/game/game_fn_80174F2C.o
[843/902] EXTERNALIZE build/GEDE01/src/game/game_fn_801752B0.o
[844/902] EXTERNALIZE build/GEDE01/src/game/game_fn_8017AC20.o
[845/902] EXTERNALIZE build/GEDE01/src/game/game_fn_801861C4.o
[846/902] EXTERNALIZE build/GEDE01/src/game/game_fn_8018680C.o
[847/902] EXTERNALIZE build/GEDE01/src/game/game_fn_80186F70.o
[848/902] EXTERNALIZE build/GEDE01/src/game/game_fn_80187320.o
[849/902] EXTERNALIZE build/GEDE01/src/game/game_fn_801810A0.o
[850/902] EXTERNALIZE build/GEDE01/src/game/game_fn_801875FC.o
[851/902] EXTERNALIZE build/GEDE01/src/game/game_fn_800542D0.o
[852/902] EXTERNALIZE build/GEDE01/src/game/game_fn_80189C14.o
[853/902] EXTERNALIZE build/GEDE01/src/game/game_fn_80187BB4.o
[854/902] EXTERNALIZE build/GEDE01/src/game/game_fn_8018C2D0.o
[855/902] EXTERNALIZE build/GEDE01/src/game/game_fn_8018D400.o
[856/902] EXTERNALIZE build/GEDE01/src/game/game_fn_8018E0D8.o
[857/902] EXTERNALIZE build/GEDE01/src/game/game_fn_8019120C.o
[858/902] EXTERNALIZE build/GEDE01/src/game/game_fn_8018DC24.o
[859/902] EXTERNALIZE build/GEDE01/src/game/game_fn_801916D0.o
[860/902] EXTERNALIZE build/GEDE01/src/game/game_fn_801926EC.o
[861/902] EXTERNALIZE build/GEDE01/src/game/game_fn_801929A4.o
[862/902] EXTERNALIZE build/GEDE01/src/game/game_fn_801A2A54.o
[863/902] EXTERNALIZE build/GEDE01/src/game/game_fn_801952E8.o
[864/902] EXTERNALIZE build/GEDE01/src/game/game_fn_801A34BC.o
[865/902] EXTERNALIZE build/GEDE01/src/game/game_fn_801A657C.o
[866/902] EXTERNALIZE build/GEDE01/src/game/game_fn_801D1F78.o
[867/902] EXTERNALIZE build/GEDE01/src/game/game_fn_801E2A48.o
[868/902] EXTERNALIZE build/GEDE01/src/game/game_fn_801E6814.o
[869/902] EXTERNALIZE build/GEDE01/src/game/game_fn_801E995C.o
[870/902] EXTERNALIZE build/GEDE01/src/game/game_fn_801F0CB0.o
[871/902] EXTERNALIZE build/GEDE01/src/game/game_fn_801EF580.o
[872/902] EXTERNALIZE build/GEDE01/src/game/game_fn_801F10BC.o
[873/902] EXTERNALIZE build/GEDE01/src/game/game_fn_801F35A8.o
[874/902] EXTERNALIZE build/GEDE01/src/game/game_fn_801ECD74.o
[875/902] EXTERNALIZE build/GEDE01/src/game/game_fn_801ED5F4.o
[876/902] EXTERNALIZE build/GEDE01/src/game/game_fn_801F69F0.o
[877/902] EXTERNALIZE build/GEDE01/src/game/game_fn_801F76EC.o
[878/902] EXTERNALIZE build/GEDE01/src/game/game_fn_801F8264.o
[879/902] EXTERNALIZE build/GEDE01/src/game/game_fn_801F89B4.o
[880/902] EXTERNALIZE build/GEDE01/src/game/game_fn_801F9AF8.o
[881/902] EXTERNALIZE build/GEDE01/src/game/game_fn_801F6BD8.o
[882/902] EXTERNALIZE JUMPTABLES build/GEDE01/src/game/game_fn_800361F8.o
[883/902] EXTERNALIZE build/GEDE01/src/game/game_fn_801FB6A4.o
[884/902] EXTERNALIZE JUMPTABLES build/GEDE01/src/game/game_fn_8006E53C.o
[885/902] EXTERNALIZE JUMPTABLES build/GEDE01/src/game/game_fn_800CF598.o
[886/902] EXTERNALIZE JUMPTABLES build/GEDE01/src/game/game_fn_801ACFE8.o
[887/902] EXTERNALIZE build/GEDE01/src/game/game_fn_80154F74.o
[888/902] EXTERNALIZE JUMPTABLES build/GEDE01/src/game/game_fn_801B1BA0.o
[889/902] EXTERNALIZE build/GEDE01/src/game/game_fn_8009E808.o
[890/902] EXTERNALIZE build/GEDE01/src/game/game_fn_801F1A38.o
[891/902] EXTERNALIZE build/GEDE01/src/game/game_fn_801FFE78.o
[892/902] EXTERNALIZE build/GEDE01/src/game/game_fn_801F55A0.o
[893/902] EXTERNALIZE build/GEDE01/src/game/game_fn_801F7510.o
[894/902] EXTERNALIZE build/GEDE01/src/game/game_fn_801F9CF4.o
[895/902] EXTERNALIZE build/GEDE01/src/game/game_fn_801FC034.o
[896/902] EXTERNALIZE build/GEDE01/src/game/game_fn_801FA9C8.o
[897/902] REPORT
 INFO Loading project .
 INFO Generating report for 7068 units (using 8 threads)
 INFO Report generated in 0.199s
 INFO Writing to build/GEDE01/report.json
[898/902] LINK build/GEDE01/main.elf
### mwldeppc.exe Linker Warning:
#   Section '.ignored' is unknown. Section ignored.
### mwldeppc.exe Linker Warning:
#   Section '.ignored' is unknown. Section ignored.
### mwldeppc.exe Linker Warning:
#   Section '.ignored' is unknown. Section ignored.
### mwldeppc.exe Linker Warning:
#   Section '.ignored' is unknown. Section ignored.
### mwldeppc.exe Linker Warning:
#   Section '.ignored' is unknown. Section ignored.
### mwldeppc.exe Linker Warning:
#   Section '.ignored' is unknown. Section ignored.
### mwldeppc.exe Linker Warning:
#   Section '.ignored' is unknown. Section ignored.
### mwldeppc.exe Linker Warning:
#   Section '.ignored' is unknown. Section ignored.
### mwldeppc.exe Linker Warning:
#   Section '.ignored' is unknown. Section ignored.
### mwldeppc.exe Linker Warning:
#   Section '.ignored' is unknown. Section ignored.
### mwldeppc.exe Linker Warning:
#   Section '.ignored' is unknown. Section ignored.
### mwldeppc.exe Linker Warning:
#   Section '.ignored' is unknown. Section ignored.
### mwldeppc.exe Linker Warning:
#   Section '.ignored' is unknown. Section ignored.
### mwldeppc.exe Linker Warning:
#   Section '.ignored' is unknown. Section ignored.
### mwldeppc.exe Linker Warning:
#   Section '.ignored' is unknown. Section ignored.
### mwldeppc.exe Linker Warning:
#   Section '.ignored' is unknown. Section ignored.
### mwldeppc.exe Linker Warning:
#   Section '.ignored' is unknown. Section ignored.
### mwldeppc.exe Linker Warning:
#   Section '.ignored' is unknown. Section ignored.
### mwldeppc.exe Linker Warning:
#   Section '.ignored' is unknown. Section ignored.
### mwldeppc.exe Linker Warning:
#   Section '.ignored' is unknown. Section ignored.
### mwldeppc.exe Linker Warning:
#   Section '.ignored' is unknown. Section ignored.
### mwldeppc.exe Linker Warning:
#   Section '.ignored' is unknown. Section ignored.
### mwldeppc.exe Linker Warning:
#   Section '.ignored' is unknown. Section ignored.
### mwldeppc.exe Linker Warning:
#   Section '.ignored' is unknown. Section ignored.
### mwldeppc.exe Linker Warning:
#   Section '.ignored' is unknown. Section ignored.
### mwldeppc.exe Linker Warning:
#   Section '.ignored' is unknown. Section ignored.
### mwldeppc.exe Linker Warning:
#   Section '.ignored' is unknown. Section ignored.
### mwldeppc.exe Linker Warning:
#   Section '.ignored' is unknown. Section ignored.
### mwldeppc.exe Linker Warning:
#   Section '.ignored' is unknown. Section ignored.
### mwldeppc.exe Linker Warning:
#   Section '.ignored' is unknown. Section ignored.
### mwldeppc.exe Linker Warning:
#   Section '.ignored' is unknown. Section ignored.
### mwldeppc.exe Linker Warning:
#   Section '.ignored' is unknown. Section ignored.
### mwldeppc.exe Linker Warning:
#   Section '.ignored' is unknown. Section ignored.
### mwldeppc.exe Linker Warning:
#   Section '.ignored' is unknown. Section ignored.
### mwldeppc.exe Linker Warning:
#   Section '.ignored' is unknown. Section ignored.
### mwldeppc.exe Linker Warning:
#   Section '.ignored' is unknown. Section ignored.
### mwldeppc.exe Linker Warning:
#   Section '.ignored' is unknown. Section ignored.
### mwldeppc.exe Linker Warning:
#   Section '.ignored' is unknown. Section ignored.
### mwldeppc.exe Linker Warning:
#   Section '.ignored' is unknown. Section ignored.
### mwldeppc.exe Linker Warning:
#   Section '.ignored' is unknown. Section ignored.
### mwldeppc.exe Linker Warning:
#   Section '.ignored' is unknown. Section ignored.
### mwldeppc.exe Linker Warning:
#   Section '.ignored' is unknown. Section ignored.
### mwldeppc.exe Linker Warning:
#   Section '.ignored' is unknown. Section ignored.
### mwldeppc.exe Linker Warning:
#   Section '.ignored' is unknown. Section ignored.
### mwldeppc.exe Linker Warning:
#   Section '.ignored' is unknown. Section ignored.
### mwldeppc.exe Linker Warning:
#   Section '.ignored' is unknown. Section ignored.
### mwldeppc.exe Linker Warning:
#   Section '.ignored' is unknown. Section ignored.
### mwldeppc.exe Linker Warning:
#   Section '.ignored' is unknown. Section ignored.
### mwldeppc.exe Linker Warning:
#   Section '.ignored' is unknown. Section ignored.
### mwldeppc.exe Linker Warning:
#   Section '.ignored' is unknown. Section ignored.
### mwldeppc.exe Linker Warning:
#   Section '.ignored' is unknown. Section ignored.
### mwldeppc.exe Linker Warning:
#   Section '.ignored' is unknown. Section ignored.
### mwldeppc.exe Linker Warning:
#   Section '.ignored' is unknown. Section ignored.
### mwldeppc.exe Linker Warning:
#   Section '.ignored' is unknown. Section ignored.
### mwldeppc.exe Linker Warning:
#   Section '.ignored' is unknown. Section ignored.
### mwldeppc.exe Linker Warning:
#   Section '.ignored' is unknown. Section ignored.
### mwldeppc.exe Linker Warning:
#   Section '.ignored' is unknown. Section ignored.
### mwldeppc.exe Linker Warning:
#   Section '.ignored' is unknown. Section ignored.
### mwldeppc.exe Linker Warning:
#   Section '.ignored' is unknown. Section ignored.
### mwldeppc.exe Linker Warning:
#   Section '.ignored' is unknown. Section ignored.
### mwldeppc.exe Linker Warning:
#   Section '.ignored' is unknown. Section ignored.
### mwldeppc.exe Linker Warning:
#   Section '.ignored' is unknown. Section ignored.
### mwldeppc.exe Linker Warning:
#   Section '.ignored' is unknown. Section ignored.
### mwldeppc.exe Linker Warning:
#   Section '.ignored' is unknown. Section ignored.
### mwldeppc.exe Linker Warning:
#   Section '.ignored' is unknown. Section ignored.
### mwldeppc.exe Linker Warning:
#   Section '.ignored' is unknown. Section ignored.
### mwldeppc.exe Linker Warning:
#   Section '.ignored' is unknown. Section ignored.
### mwldeppc.exe Linker Warning:
#   Section '.ignored' is unknown. Section ignored.
### mwldeppc.exe Linker Warning:
#   Section '.ignored' is unknown. Section ignored.
### mwldeppc.exe Linker Warning:
#   Section '.ignored' is unknown. Section ignored.
### mwldeppc.exe Linker Warning:
#   Section '.ignored' is unknown. Section ignored.
### mwldeppc.exe Linker Warning:
#   Section '.ignored' is unknown. Section ignored.
### mwldeppc.exe Linker Warning:
#   Section '.ignored' is unknown. Section ignored.
### mwldeppc.exe Linker Warning:
#   Section '.ignored' is unknown. Section ignored.
### mwldeppc.exe Linker Warning:
#   Section '.ignored' is unknown. Section ignored.
### mwldeppc.exe Linker Warning:
#   Section '.ignored' is unknown. Section ignored.
### mwldeppc.exe Linker Warning:
#   Section '.ignored' is unknown. Section ignored.
### mwldeppc.exe Linker Warning:
#   Section '.ignored' is unknown. Section ignored.
### mwldeppc.exe Linker Warning:
#   Section '.ignored' is unknown. Section ignored.
### mwldeppc.exe Linker Warning:
#   Section '.ignored' is unknown. Section ignored.
### mwldeppc.exe Linker Warning:
#   Section '.ignored' is unknown. Section ignored.
### mwldeppc.exe Linker Warning:
#   Section '.ignored' is unknown. Section ignored.
### mwldeppc.exe Linker Warning:
#   Section '.ignored' is unknown. Section ignored.
### mwldeppc.exe Linker Warning:
#   Section '.ignored' is unknown. Section ignored.
### mwldeppc.exe Linker Warning:
#   Section '.ignored' is unknown. Section ignored.
### mwldeppc.exe Linker Warning:
#   Section '.ignored' is unknown. Section ignored.
### mwldeppc.exe Linker Warning:
#   Section '.ignored' is unknown. Section ignored.
### mwldeppc.exe Linker Warning:
#   Section '.ignored' is unknown. Section ignored.
### mwldeppc.exe Linker Warning:
#   Section '.ignored' is unknown. Section ignored.
### mwldeppc.exe Linker Warning:
#   Section '.ignored' is unknown. Section ignored.
### mwldeppc.exe Linker Warning:
#   Section '.ignored' is unknown. Section ignored.
### mwldeppc.exe Linker Warning:
#   Section '.ignored' is unknown. Section ignored.
### mwldeppc.exe Linker Warning:
#   Section '.ignored' is unknown. Section ignored.
### mwldeppc.exe Linker Warning:
#   Section '.ignored' is unknown. Section ignored.
### mwldeppc.exe Linker Warning:
#   Section '.ignored' is unknown. Section ignored.
### mwldeppc.exe Linker Warning:
#   Section '.ignored' is unknown. Section ignored.
### mwldeppc.exe Linker Warning:
#   Section '.ignored' is unknown. Section ignored.
### mwldeppc.exe Linker Warning:
#   Section '.ignored' is unknown. Section ignored.
### mwldeppc.exe Linker Warning:
#   Section '.ignored' is unknown. Section ignored.
### mwldeppc.exe Linker Warning:
#   Section '.ignored' is unknown. Section ignored.
### mwldeppc.exe Linker Warning:
#   Section '.ignored' is unknown. Section ignored.
### mwldeppc.exe Linker Warning:
#   Section '.ignored' is unknown. Section ignored.
### mwldeppc.exe Linker Warning:
#   Section '.ignored' is unknown. Section ignored.
### mwldeppc.exe Linker Warning:
#   Section '.ignored' is unknown. Section ignored.
### mwldeppc.exe Linker Warning:
#   Section '.ignored' is unknown. Section ignored.
### mwldeppc.exe Linker Warning:
#   Section '.ignored' is unknown. Section ignored.
### mwldeppc.exe Linker Warning:
#   Section '.ignored' is unknown. Section ignored.
### mwldeppc.exe Linker Warning:
#   Section '.ignored' is unknown. Section ignored.
### mwldeppc.exe Linker Warning:
#   Section '.ignored' is unknown. Section ignored.
### mwldeppc.exe Linker Warning:
#   Section '.ignored' is unknown. Section ignored.
### mwldeppc.exe Linker Warning:
#   Section '.ignored' is unknown. Section ignored.
### mwldeppc.exe Linker Warning:
#   Section '.ignored' is unknown. Section ignored.
### mwldeppc.exe Linker Warning:
#   Section '.ignored' is unknown. Section ignored.
### mwldeppc.exe Linker Warning:
#   Section '.ignored' is unknown. Section ignored.
### mwldeppc.exe Linker Warning:
#   Section '.ignored' is unknown. Section ignored.
### mwldeppc.exe Linker Warning:
#   Section '.ignored' is unknown. Section ignored.
### mwldeppc.exe Linker Warning:
#   Section '.ignored' is unknown. Section ignored.
### mwldeppc.exe Linker Warning:
#   Section '.ignored' is unknown. Section ignored.
### mwldeppc.exe Linker Warning:
#   Section '.ignored' is unknown. Section ignored.
### mwldeppc.exe Linker Warning:
#   Section '.ignored' is unknown. Section ignored.
### mwldeppc.exe Linker Warning:
#   Section '.ignored' is unknown. Section ignored.
### mwldeppc.exe Linker Warning:
#   Section '.ignored' is unknown. Section ignored.
### mwldeppc.exe Linker Warning:
#   Section '.ignored' is unknown. Section ignored.
### mwldeppc.exe Linker Warning:
#   Section '.ignored' is unknown. Section ignored.
### mwldeppc.exe Linker Warning:
#   Section '.ignored' is unknown. Section ignored.
### mwldeppc.exe Linker Warning:
#   Section '.ignored' is unknown. Section ignored.
### mwldeppc.exe Linker Warning:
#   Section '.ignored' is unknown. Section ignored.
### mwldeppc.exe Linker Warning:
#   Section '.ignored' is unknown. Section ignored.
### mwldeppc.exe Linker Warning:
#   Section '.ignored' is unknown. Section ignored.
### mwldeppc.exe Linker Warning:
#   Section '.ignored' is unknown. Section ignored.
### mwldeppc.exe Linker Warning:
#   Section '.ignored' is unknown. Section ignored.
### mwldeppc.exe Linker Warning:
#   Section '.ignored' is unknown. Section ignored.
### mwldeppc.exe Linker Warning:
#   Section '.ignored' is unknown. Section ignored.
### mwldeppc.exe Linker Warning:
#   Section '.ignored' is unknown. Section ignored.
### mwldeppc.exe Linker Warning:
#   Section '.ignored' is unknown. Section ignored.
### mwldeppc.exe Linker Warning:
#   Section '.ignored' is unknown. Section ignored.
### mwldeppc.exe Linker Warning:
#   Section '.ignored' is unknown. Section ignored.
### mwldeppc.exe Linker Warning:
#   Section '.ignored' is unknown. Section ignored.
### mwldeppc.exe Linker Warning:
#   Section '.ignored' is unknown. Section ignored.
### mwldeppc.exe Linker Warning:
#   Section '.ignored' is unknown. Section ignored.
### mwldeppc.exe Linker Warning:
#   Section '.ignored' is unknown. Section ignored.
### mwldeppc.exe Linker Warning:
#   Section '.ignored' is unknown. Section ignored.
### mwldeppc.exe Linker Warning:
#   Section '.ignored' is unknown. Section ignored.
### mwldeppc.exe Linker Warning:
#   Section '.ignored' is unknown. Section ignored.
### mwldeppc.exe Linker Warning:
#   Section '.ignored' is unknown. Section ignored.
### mwldeppc.exe Linker Warning:
#   Section '.ignored' is unknown. Section ignored.
### mwldeppc.exe Linker Warning:
#   Section '.ignored' is unknown. Section ignored.
### mwldeppc.exe Linker Warning:
#   Section '.ignored' is unknown. Section ignored.
### mwldeppc.exe Linker Warning:
#   Section '.ignored' is unknown. Section ignored.
### mwldeppc.exe Linker Warning:
#   Section '.ignored' is unknown. Section ignored.
### mwldeppc.exe Linker Warning:
#   Section '.ignored' is unknown. Section ignored.
### mwldeppc.exe Linker Warning:
#   Section '.ignored' is unknown. Section ignored.
### mwldeppc.exe Linker Warning:
#   Section '.ignored' is unknown. Section ignored.
### mwldeppc.exe Linker Warning:
#   Section '.ignored' is unknown. Section ignored.
### mwldeppc.exe Linker Warning:
#   Section '.ignored' is unknown. Section ignored.
### mwldeppc.exe Linker Warning:
#   Section '.ignored' is unknown. Section ignored.
### mwldeppc.exe Linker Warning:
#   Section '.ignored' is unknown. Section ignored.
### mwldeppc.exe Linker Warning:
#   Section '.ignored' is unknown. Section ignored.
### mwldeppc.exe Linker Warning:
#   Section '.ignored' is unknown. Section ignored.
### mwldeppc.exe Linker Warning:
#   Section '.ignored' is unknown. Section ignored.
### mwldeppc.exe Linker Warning:
#   Section '.ignored' is unknown. Section ignored.
### mwldeppc.exe Linker Warning:
#   Section '.ignored' is unknown. Section ignored.
### mwldeppc.exe Linker Warning:
#   Section '.ignored' is unknown. Section ignored.
### mwldeppc.exe Linker Warning:
#   Section '.ignored' is unknown. Section ignored.
### mwldeppc.exe Linker Warning:
#   Section '.ignored' is unknown. Section ignored.
### mwldeppc.exe Linker Warning:
#   Section '.ignored' is unknown. Section ignored.
### mwldeppc.exe Linker Warning:
#   Section '.ignored' is unknown. Section ignored.
### mwldeppc.exe Linker Warning:
#   Section '.ignored' is unknown. Section ignored.
### mwldeppc.exe Linker Warning:
#   Section '.ignored' is unknown. Section ignored.
### mwldeppc.exe Linker Warning:
#   Section '.ignored' is unknown. Section ignored.
### mwldeppc.exe Linker Warning:
#   Section '.ignored' is unknown. Section ignored.
### mwldeppc.exe Linker Warning:
#   Section '.ignored' is unknown. Section ignored.
### mwldeppc.exe Linker Warning:
#   Section '.ignored' is unknown. Section ignored.
### mwldeppc.exe Linker Warning:
#   Section '.ignored' is unknown. Section ignored.
### mwldeppc.exe Linker Warning:
#   Section '.ignored' is unknown. Section ignored.
### mwldeppc.exe Linker Warning:
#   Section '.ignored' is unknown. Section ignored.
### mwldeppc.exe Linker Warning:
#   Section '.ignored' is unknown. Section ignored.
### mwldeppc.exe Linker Warning:
#   Section '.ignored' is unknown. Section ignored.
### mwldeppc.exe Linker Warning:
#   Section '.ignored' is unknown. Section ignored.
### mwldeppc.exe Linker Warning:
#   Section '.ignored' is unknown. Section ignored.
### mwldeppc.exe Linker Warning:
#   Section '.ignored' is unknown. Section ignored.
### mwldeppc.exe Linker Warning:
#   Section '.ignored' is unknown. Section ignored.
### mwldeppc.exe Linker Warning:
#   Section '.ignored' is unknown. Section ignored.
### mwldeppc.exe Linker Warning:
#   Section '.ignored' is unknown. Section ignored.
### mwldeppc.exe Linker Warning:
#   Section '.ignored' is unknown. Section ignored.
### mwldeppc.exe Linker Warning:
#   Section '.ignored' is unknown. Section ignored.
### mwldeppc.exe Linker Warning:
#   Section '.ignored' is unknown. Section ignored.
### mwldeppc.exe Linker Warning:
#   Section '.ignored' is unknown. Section ignored.
### mwldeppc.exe Linker Warning:
#   Section '.ignored' is unknown. Section ignored.
### mwldeppc.exe Linker Warning:
#   Section '.ignored' is unknown. Section ignored.
### mwldeppc.exe Linker Warning:
#   Section '.ignored' is unknown. Section ignored.
### mwldeppc.exe Linker Warning:
#   Section '.ignored' is unknown. Section ignored.
### mwldeppc.exe Linker Warning:
#   Section '.ignored' is unknown. Section ignored.
### mwldeppc.exe Linker Warning:
#   Section '.ignored' is unknown. Section ignored.
### mwldeppc.exe Linker Warning:
#   Section '.ignored' is unknown. Section ignored.
### mwldeppc.exe Linker Warning:
#   Section '.ignored' is unknown. Section ignored.
### mwldeppc.exe Linker Warning:
#   Section '.ignored' is unknown. Section ignored.
### mwldeppc.exe Linker Warning:
#   Section '.ignored' is unknown. Section ignored.
### mwldeppc.exe Linker Warning:
#   Section '.ignored' is unknown. Section ignored.
### mwldeppc.exe Linker Warning:
#   Section '.ignored' is unknown. Section ignored.
### mwldeppc.exe Linker Warning:
#   Section '.ignored' is unknown. Section ignored.
### mwldeppc.exe Linker Warning:
#   Section '.ignored' is unknown. Section ignored.
### mwldeppc.exe Linker Warning:
#   Section '.ignored' is unknown. Section ignored.
### mwldeppc.exe Linker Warning:
#   Section '.ignored' is unknown. Section ignored.
### mwldeppc.exe Linker Warning:
#   Section '.ignored' is unknown. Section ignored.
### mwldeppc.exe Linker Warning:
#   Section '.ignored' is unknown. Section ignored.
### mwldeppc.exe Linker Warning:
#   Section '.ignored' is unknown. Section ignored.
### mwldeppc.exe Linker Warning:
#   Section '.ignored' is unknown. Section ignored.
### mwldeppc.exe Linker Warning:
#   Section '.ignored' is unknown. Section ignored.
### mwldeppc.exe Linker Warning:
#   Section '.ignored' is unknown. Section ignored.
### mwldeppc.exe Linker Warning:
#   Section '.ignored' is unknown. Section ignored.
### mwldeppc.exe Linker Warning:
#   Section '.ignored' is unknown. Section ignored.
### mwldeppc.exe Linker Warning:
#   Section '.ignored' is unknown. Section ignored.
### mwldeppc.exe Linker Warning:
#   Section '.ignored' is unknown. Section ignored.
### mwldeppc.exe Linker Warning:
#   Section '.ignored' is unknown. Section ignored.
### mwldeppc.exe Linker Warning:
#   Section '.ignored' is unknown. Section ignored.
### mwldeppc.exe Linker Warning:
#   Section '.ignored' is unknown. Section ignored.
### mwldeppc.exe Linker Warning:
#   Section '.ignored' is unknown. Section ignored.
### mwldeppc.exe Linker Warning:
#   Section '.ignored' is unknown. Section ignored.
### mwldeppc.exe Linker Warning:
#   Section '.ignored' is unknown. Section ignored.
### mwldeppc.exe Linker Warning:
#   Section '.ignored' is unknown. Section ignored.
### mwldeppc.exe Linker Warning:
#   Section '.ignored' is unknown. Section ignored.
### mwldeppc.exe Linker Warning:
#   Section '.ignored' is unknown. Section ignored.
### mwldeppc.exe Linker Warning:
#   Section '.ignored' is unknown. Section ignored.
### mwldeppc.exe Linker Warning:
#   Section '.ignored' is unknown. Section ignored.
### mwldeppc.exe Linker Warning:
#   Section '.ignored' is unknown. Section ignored.
### mwldeppc.exe Linker Warning:
#   Section '.ignored' is unknown. Section ignored.
### mwldeppc.exe Linker Warning:
#   Section '.ignored' is unknown. Section ignored.
### mwldeppc.exe Linker Warning:
#   Section '.ignored' is unknown. Section ignored.
### mwldeppc.exe Linker Warning:
#   Section '.ignored' is unknown. Section ignored.
### mwldeppc.exe Linker Warning:
#   Section '.ignored' is unknown. Section ignored.
### mwldeppc.exe Linker Warning:
#   Section '.ignored' is unknown. Section ignored.
### mwldeppc.exe Linker Warning:
#   Section '.ignored' is unknown. Section ignored.
### mwldeppc.exe Linker Warning:
#   Section '.ignored' is unknown. Section ignored.
### mwldeppc.exe Linker Warning:
#   Section '.ignored' is unknown. Section ignored.
### mwldeppc.exe Linker Warning:
#   Section '.ignored' is unknown. Section ignored.
### mwldeppc.exe Linker Warning:
#   Section '.ignored' is unknown. Section ignored.
### mwldeppc.exe Linker Warning:
#   Section '.ignored' is unknown. Section ignored.
### mwldeppc.exe Linker Warning:
#   Section '.ignored' is unknown. Section ignored.
### mwldeppc.exe Linker Warning:
#   Section '.ignored' is unknown. Section ignored.
### mwldeppc.exe Linker Warning:
#   Section '.ignored' is unknown. Section ignored.
### mwldeppc.exe Linker Warning:
#   Section '.ignored' is unknown. Section ignored.
### mwldeppc.exe Linker Warning:
#   Section '.ignored' is unknown. Section ignored.
### mwldeppc.exe Linker Warning:
#   Section '.ignored' is unknown. Section ignored.
### mwldeppc.exe Linker Warning:
#   Section '.ignored' is unknown. Section ignored.
### mwldeppc.exe Linker Warning:
#   Section '.ignored' is unknown. Section ignored.
### mwldeppc.exe Linker Warning:
#   Section '.ignored' is unknown. Section ignored.
### mwldeppc.exe Linker Warning:
#   Section '.ignored' is unknown. Section ignored.
### mwldeppc.exe Linker Warning:
#   Section '.ignored' is unknown. Section ignored.
### mwldeppc.exe Linker Warning:
#   Section '.ignored' is unknown. Section ignored.
### mwldeppc.exe Linker Warning:
#   Section '.ignored' is unknown. Section ignored.
### mwldeppc.exe Linker Warning:
#   Section '.ignored' is unknown. Section ignored.
### mwldeppc.exe Linker Warning:
#   Section '.ignored' is unknown. Section ignored.
### mwldeppc.exe Linker Warning:
#   Section '.ignored' is unknown. Section ignored.
### mwldeppc.exe Linker Warning:
#   Section '.ignored' is unknown. Section ignored.
### mwldeppc.exe Linker Warning:
#   Section '.ignored' is unknown. Section ignored.
### mwldeppc.exe Linker Warning:
#   Section '.ignored' is unknown. Section ignored.
### mwldeppc.exe Linker Warning:
#   Section '.ignored' is unknown. Section ignored.
### mwldeppc.exe Linker Warning:
#   Section '.ignored' is unknown. Section ignored.
### mwldeppc.exe Linker Warning:
#   Section '.ignored' is unknown. Section ignored.
### mwldeppc.exe Linker Warning:
#   Section '.ignored' is unknown. Section ignored.
### mwldeppc.exe Linker Warning:
#   Section '.ignored' is unknown. Section ignored.
### mwldeppc.exe Linker Warning:
#   Section '.ignored' is unknown. Section ignored.
### mwldeppc.exe Linker Warning:
#   Section '.ignored' is unknown. Section ignored.
### mwldeppc.exe Linker Warning:
#   Section '.ignored' is unknown. Section ignored.
### mwldeppc.exe Linker Warning:
#   Section '.ignored' is unknown. Section ignored.
### mwldeppc.exe Linker Warning:
#   Section '.ignored' is unknown. Section ignored.
### mwldeppc.exe Linker Warning:
#   Section '.ignored' is unknown. Section ignored.
### mwldeppc.exe Linker Warning:
#   Section '.ignored' is unknown. Section ignored.
### mwldeppc.exe Linker Warning:
#   Section '.ignored' is unknown. Section ignored.
### mwldeppc.exe Linker Warning:
#   Section '.ignored' is unknown. Section ignored.
### mwldeppc.exe Linker Warning:
#   Section '.ignored' is unknown. Section ignored.
### mwldeppc.exe Linker Warning:
#   Section '.ignored' is unknown. Section ignored.
### mwldeppc.exe Linker Warning:
#   Section '.ignored' is unknown. Section ignored.
### mwldeppc.exe Linker Warning:
#   Section '.ignored' is unknown. Section ignored.
### mwldeppc.exe Linker Warning:
#   Section '.ignored' is unknown. Section ignored.
### mwldeppc.exe Linker Warning:
#   Section '.ignored' is unknown. Section ignored.
### mwldeppc.exe Linker Warning:
#   Section '.ignored' is unknown. Section ignored.
### mwldeppc.exe Linker Warning:
#   Section '.ignored' is unknown. Section ignored.
### mwldeppc.exe Linker Warning:
#   Section '.ignored' is unknown. Section ignored.
### mwldeppc.exe Linker Warning:
#   Section '.ignored' is unknown. Section ignored.
### mwldeppc.exe Linker Warning:
#   Section '.ignored' is unknown. Section ignored.
### mwldeppc.exe Linker Warning:
#   Section '.ignored' is unknown. Section ignored.
### mwldeppc.exe Linker Warning:
#   Section '.ignored' is unknown. Section ignored.
### mwldeppc.exe Linker Warning:
#   Section '.ignored' is unknown. Section ignored.
### mwldeppc.exe Linker Warning:
#   Section '.ignored' is unknown. Section ignored.
### mwldeppc.exe Linker Warning:
#   Section '.ignored' is unknown. Section ignored.
### mwldeppc.exe Linker Warning:
#   Section '.ignored' is unknown. Section ignored.
### mwldeppc.exe Linker Warning:
#   Section '.ignored' is unknown. Section ignored.
### mwldeppc.exe Linker Warning:
#   Section '.ignored' is unknown. Section ignored.
### mwldeppc.exe Linker Warning:
#   Section '.ignored' is unknown. Section ignored.
### mwldeppc.exe Linker Warning:
#   Section '.ignored' is unknown. Section ignored.
### mwldeppc.exe Linker Warning:
#   Section '.ignored' is unknown. Section ignored.
### mwldeppc.exe Linker Warning:
#   Section '.ignored' is unknown. Section ignored.
### mwldeppc.exe Linker Warning:
#   Section '.ignored' is unknown. Section ignored.
### mwldeppc.exe Linker Warning:
#   Section '.ignored' is unknown. Section ignored.
### mwldeppc.exe Linker Warning:
#   Section '.ignored' is unknown. Section ignored.
### mwldeppc.exe Linker Warning:
#   Section '.ignored' is unknown. Section ignored.
### mwldeppc.exe Linker Warning:
#   Section '.ignored' is unknown. Section ignored.
### mwldeppc.exe Linker Warning:
#   Section '.ignored' is unknown. Section ignored.
### mwldeppc.exe Linker Warning:
#   Section '.ignored' is unknown. Section ignored.
### mwldeppc.exe Linker Warning:
#   Section '.ignored' is unknown. Section ignored.
### mwldeppc.exe Linker Warning:
#   Section '.ignored' is unknown. Section ignored.
### mwldeppc.exe Linker Warning:
#   Section '.ignored' is unknown. Section ignored.
### mwldeppc.exe Linker Warning:
#   Section '.ignored' is unknown. Section ignored.
### mwldeppc.exe Linker Warning:
#   Section '.ignored' is unknown. Section ignored.
### mwldeppc.exe Linker Warning:
#   Section '.ignored' is unknown. Section ignored.
### mwldeppc.exe Linker Warning:
#   Section '.ignored' is unknown. Section ignored.
### mwldeppc.exe Linker Warning:
#   Section '.ignored' is unknown. Section ignored.
### mwldeppc.exe Linker Warning:
#   Section '.ignored' is unknown. Section ignored.
### mwldeppc.exe Linker Warning:
#   Section '.ignored' is unknown. Section ignored.
### mwldeppc.exe Linker Warning:
#   Section '.ignored' is unknown. Section ignored.
### mwldeppc.exe Linker Warning:
#   Section '.ignored' is unknown. Section ignored.
### mwldeppc.exe Linker Warning:
#   Section '.ignored' is unknown. Section ignored.
### mwldeppc.exe Linker Warning:
#   Section '.ignored' is unknown. Section ignored.
### mwldeppc.exe Linker Warning:
#   Section '.ignored' is unknown. Section ignored.
### mwldeppc.exe Linker Warning:
#   Section '.ignored' is unknown. Section ignored.
### mwldeppc.exe Linker Warning:
#   Section '.ignored' is unknown. Section ignored.
### mwldeppc.exe Linker Warning:
#   Section '.ignored' is unknown. Section ignored.
### mwldeppc.exe Linker Warning:
#   Section '.ignored' is unknown. Section ignored.
### mwldeppc.exe Linker Warning:
#   Section '.ignored' is unknown. Section ignored.
### mwldeppc.exe Linker Warning:
#   Section '.ignored' is unknown. Section ignored.
### mwldeppc.exe Linker Warning:
#   Section '.ignored' is unknown. Section ignored.
### mwldeppc.exe Linker Warning:
#   Section '.ignored' is unknown. Section ignored.
### mwldeppc.exe Linker Warning:
#   Section '.ignored' is unknown. Section ignored.
### mwldeppc.exe Linker Warning:
#   Section '.ignored' is unknown. Section ignored.
### mwldeppc.exe Linker Warning:
#   Section '.ignored' is unknown. Section ignored.
### mwldeppc.exe Linker Warning:
#   Section '.ignored' is unknown. Section ignored.
### mwldeppc.exe Linker Warning:
#   Section '.ignored' is unknown. Section ignored.
### mwldeppc.exe Linker Warning:
#   Section '.ignored' is unknown. Section ignored.
### mwldeppc.exe Linker Warning:
#   Section '.ignored' is unknown. Section ignored.
### mwldeppc.exe Linker Warning:
#   Section '.ignored' is unknown. Section ignored.
### mwldeppc.exe Linker Warning:
#   Section '.ignored' is unknown. Section ignored.
### mwldeppc.exe Linker Warning:
#   Section '.ignored' is unknown. Section ignored.
### mwldeppc.exe Linker Warning:
#   Section '.ignored' is unknown. Section ignored.
### mwldeppc.exe Linker Warning:
#   Section '.ignored' is unknown. Section ignored.
### mwldeppc.exe Linker Warning:
#   Section '.ignored' is unknown. Section ignored.
### mwldeppc.exe Linker Warning:
#   Section '.ignored' is unknown. Section ignored.
### mwldeppc.exe Linker Warning:
#   Section '.ignored' is unknown. Section ignored.
### mwldeppc.exe Linker Warning:
#   Section '.ignored' is unknown. Section ignored.
### mwldeppc.exe Linker Warning:
#   Section '.ignored' is unknown. Section ignored.
### mwldeppc.exe Linker Warning:
#   Section '.ignored' is unknown. Section ignored.
### mwldeppc.exe Linker Warning:
#   Section '.ignored' is unknown. Section ignored.
### mwldeppc.exe Linker Warning:
#   Section '.ignored' is unknown. Section ignored.
### mwldeppc.exe Linker Warning:
#   Section '.ignored' is unknown. Section ignored.
### mwldeppc.exe Linker Warning:
#   Section '.ignored' is unknown. Section ignored.
### mwldeppc.exe Linker Warning:
#   Section '.ignored' is unknown. Section ignored.
### mwldeppc.exe Linker Warning:
#   Section '.ignored' is unknown. Section ignored.
### mwldeppc.exe Linker Warning:
#   Section '.ignored' is unknown. Section ignored.
### mwldeppc.exe Linker Warning:
#   Section '.ignored' is unknown. Section ignored.
### mwldeppc.exe Linker Warning:
#   Section '.ignored' is unknown. Section ignored.
### mwldeppc.exe Linker Warning:
#   Section '.ignored' is unknown. Section ignored.
### mwldeppc.exe Linker Warning:
#   Section '.ignored' is unknown. Section ignored.
### mwldeppc.exe Linker Warning:
#   Section '.ignored' is unknown. Section ignored.
### mwldeppc.exe Linker Warning:
#   Section '.ignored' is unknown. Section ignored.
### mwldeppc.exe Linker Warning:
#   Section '.ignored' is unknown. Section ignored.
### mwldeppc.exe Linker Warning:
#   Section '.ignored' is unknown. Section ignored.
### mwldeppc.exe Linker Warning:
#   Section '.ignored' is unknown. Section ignored.
### mwldeppc.exe Linker Warning:
#   Section '.ignored' is unknown. Section ignored.
### mwldeppc.exe Linker Warning:
#   Section '.ignored' is unknown. Section ignored.
### mwldeppc.exe Linker Warning:
#   Section '.ignored' is unknown. Section ignored.
### mwldeppc.exe Linker Warning:
#   Section '.ignored' is unknown. Section ignored.
### mwldeppc.exe Linker Warning:
#   Section '.ignored' is unknown. Section ignored.
### mwldeppc.exe Linker Warning:
#   Section '.ignored' is unknown. Section ignored.
### mwldeppc.exe Linker Warning:
#   Section '.ignored' is unknown. Section ignored.
### mwldeppc.exe Linker Warning:
#   Section '.ignored' is unknown. Section ignored.
### mwldeppc.exe Linker Warning:
#   Section '.ignored' is unknown. Section ignored.
### mwldeppc.exe Linker Warning:
#   Section '.ignored' is unknown. Section ignored.
### mwldeppc.exe Linker Warning:
#   Section '.ignored' is unknown. Section ignored.
### mwldeppc.exe Linker Warning:
#   Section '.ignored' is unknown. Section ignored.
### mwldeppc.exe Linker Warning:
#   Section '.ignored' is unknown. Section ignored.
### mwldeppc.exe Linker Warning:
#   Section '.ignored' is unknown. Section ignored.
### mwldeppc.exe Linker Warning:
#   Section '.ignored' is unknown. Section ignored.
### mwldeppc.exe Linker Warning:
#   Section '.ignored' is unknown. Section ignored.
### mwldeppc.exe Linker Warning:
#   Section '.ignored' is unknown. Section ignored.
### mwldeppc.exe Linker Warning:
#   Section '.ignored' is unknown. Section ignored.
### mwldeppc.exe Linker Warning:
#   Section '.ignored' is unknown. Section ignored.
### mwldeppc.exe Linker Warning:
#   Section '.ignored' is unknown. Section ignored.
### mwldeppc.exe Linker Warning:
#   Section '.ignored' is unknown. Section ignored.
### mwldeppc.exe Linker Warning:
#   Section '.ignored' is unknown. Section ignored.
### mwldeppc.exe Linker Warning:
#   Section '.ignored' is unknown. Section ignored.
### mwldeppc.exe Linker Warning:
#   Section '.ignored' is unknown. Section ignored.
### mwldeppc.exe Linker Warning:
#   Section '.ignored' is unknown. Section ignored.
### mwldeppc.exe Linker Warning:
#   Section '.ignored' is unknown. Section ignored.
### mwldeppc.exe Linker Warning:
#   Section '.ignored' is unknown. Section ignored.
### mwldeppc.exe Linker Warning:
#   Section '.ignored' is unknown. Section ignored.
### mwldeppc.exe Linker Warning:
#   Section '.ignored' is unknown. Section ignored.
### mwldeppc.exe Linker Warning:
#   Section '.ignored' is unknown. Section ignored.
### mwldeppc.exe Linker Warning:
#   Section '.ignored' is unknown. Section ignored.
### mwldeppc.exe Linker Warning:
#   Section '.ignored' is unknown. Section ignored.
### mwldeppc.exe Linker Warning:
#   Section '.ignored' is unknown. Section ignored.
### mwldeppc.exe Linker Warning:
#   Section '.ignored' is unknown. Section ignored.
### mwldeppc.exe Linker Warning:
#   Section '.ignored' is unknown. Section ignored.
### mwldeppc.exe Linker Warning:
#   Section '.ignored' is unknown. Section ignored.
### mwldeppc.exe Linker Warning:
#   Section '.ignored' is unknown. Section ignored.
### mwldeppc.exe Linker Warning:
#   Section '.ignored' is unknown. Section ignored.
### mwldeppc.exe Linker Warning:
#   Section '.ignored' is unknown. Section ignored.
### mwldeppc.exe Linker Warning:
#   Section '.ignored' is unknown. Section ignored.
### mwldeppc.exe Linker Warning:
#   Section '.ignored' is unknown. Section ignored.
### mwldeppc.exe Linker Warning:
#   Section '.ignored' is unknown. Section ignored.
### mwldeppc.exe Linker Warning:
#   Section '.ignored' is unknown. Section ignored.
### mwldeppc.exe Linker Warning:
#   Section '.ignored' is unknown. Section ignored.
### mwldeppc.exe Linker Warning:
#   Section '.ignored' is unknown. Section ignored.
### mwldeppc.exe Linker Warning:
#   Section '.ignored' is unknown. Section ignored.
### mwldeppc.exe Linker Warning:
#   Section '.ignored' is unknown. Section ignored.
### mwldeppc.exe Linker Warning:
#   Section '.ignored' is unknown. Section ignored.
### mwldeppc.exe Linker Warning:
#   Section '.ignored' is unknown. Section ignored.
### mwldeppc.exe Linker Warning:
#   Section '.ignored' is unknown. Section ignored.
### mwldeppc.exe Linker Warning:
#   Section '.ignored' is unknown. Section ignored.
### mwldeppc.exe Linker Warning:
#   Section '.ignored' is unknown. Section ignored.
### mwldeppc.exe Linker Warning:
#   Section '.ignored' is unknown. Section ignored.
### mwldeppc.exe Linker Warning:
#   Section '.ignored' is unknown. Section ignored.
### mwldeppc.exe Linker Warning:
#   Section '.ignored' is unknown. Section ignored.
### mwldeppc.exe Linker Warning:
#   Section '.ignored' is unknown. Section ignored.
### mwldeppc.exe Linker Warning:
#   Section '.ignored' is unknown. Section ignored.
### mwldeppc.exe Linker Warning:
#   Section '.ignored' is unknown. Section ignored.
### mwldeppc.exe Linker Warning:
#   Section '.ignored' is unknown. Section ignored.
### mwldeppc.exe Linker Warning:
#   Section '.ignored' is unknown. Section ignored.
### mwldeppc.exe Linker Warning:
#   Section '.ignored' is unknown. Section ignored.
### mwldeppc.exe Linker Warning:
#   Section '.ignored' is unknown. Section ignored.
### mwldeppc.exe Linker Warning:
#   Section '.ignored' is unknown. Section ignored.
### mwldeppc.exe Linker Warning:
#   Section '.ignored' is unknown. Section ignored.
### mwldeppc.exe Linker Warning:
#   Section '.ignored' is unknown. Section ignored.
### mwldeppc.exe Linker Warning:
#   Section '.ignored' is unknown. Section ignored.
### mwldeppc.exe Linker Warning:
#   Section '.ignored' is unknown. Section ignored.
### mwldeppc.exe Linker Warning:
#   Section '.ignored' is unknown. Section ignored.
### mwldeppc.exe Linker Warning:
#   Section '.ignored' is unknown. Section ignored.
### mwldeppc.exe Linker Warning:
#   Section '.ignored' is unknown. Section ignored.
### mwldeppc.exe Linker Warning:
#   Section '.ignored' is unknown. Section ignored.
### mwldeppc.exe Linker Warning:
#   Section '.ignored' is unknown. Section ignored.
### mwldeppc.exe Linker Warning:
#   Section '.ignored' is unknown. Section ignored.
### mwldeppc.exe Linker Warning:
#   Section '.ignored' is unknown. Section ignored.
### mwldeppc.exe Linker Warning:
#   Section '.ignored' is unknown. Section ignored.
### mwldeppc.exe Linker Warning:
#   Section '.ignored' is unknown. Section ignored.
### mwldeppc.exe Linker Warning:
#   Section '.ignored' is unknown. Section ignored.
### mwldeppc.exe Linker Warning:
#   Section '.ignored' is unknown. Section ignored.
### mwldeppc.exe Linker Warning:
#   Section '.ignored' is unknown. Section ignored.
### mwldeppc.exe Linker Warning:
#   Section '.ignored' is unknown. Section ignored.
### mwldeppc.exe Linker Warning:
#   Section '.ignored' is unknown. Section ignored.
### mwldeppc.exe Linker Warning:
#   Section '.ignored' is unknown. Section ignored.
### mwldeppc.exe Linker Warning:
#   Section '.ignored' is unknown. Section ignored.
### mwldeppc.exe Linker Warning:
#   Section '.ignored' is unknown. Section ignored.
### mwldeppc.exe Linker Warning:
#   Section '.ignored' is unknown. Section ignored.
### mwldeppc.exe Linker Warning:
#   Section '.ignored' is unknown. Section ignored.
### mwldeppc.exe Linker Warning:
#   Section '.ignored' is unknown. Section ignored.
### mwldeppc.exe Linker Warning:
#   Section '.ignored' is unknown. Section ignored.
### mwldeppc.exe Linker Warning:
#   Section '.ignored' is unknown. Section ignored.
### mwldeppc.exe Linker Warning:
#   Section '.ignored' is unknown. Section ignored.
### mwldeppc.exe Linker Warning:
#   Section '.ignored' is unknown. Section ignored.
### mwldeppc.exe Linker Warning:
#   Section '.ignored' is unknown. Section ignored.
### mwldeppc.exe Linker Warning:
#   Section '.ignored' is unknown. Section ignored.
### mwldeppc.exe Linker Warning:
#   Section '.ignored' is unknown. Section ignored.
### mwldeppc.exe Linker Warning:
#   Section '.ignored' is unknown. Section ignored.
### mwldeppc.exe Linker Warning:
#   Section '.ignored' is unknown. Section ignored.
### mwldeppc.exe Linker Warning:
#   Section '.ignored' is unknown. Section ignored.
### mwldeppc.exe Linker Warning:
#   Section '.ignored' is unknown. Section ignored.
### mwldeppc.exe Linker Warning:
#   Section '.ignored' is unknown. Section ignored.
### mwldeppc.exe Linker Warning:
#   Section '.ignored' is unknown. Section ignored.
### mwldeppc.exe Linker Warning:
#   Section '.ignored' is unknown. Section ignored.
### mwldeppc.exe Linker Warning:
#   Section '.ignored' is unknown. Section ignored.
### mwldeppc.exe Linker Warning:
#   Section '.ignored' is unknown. Section ignored.
### mwldeppc.exe Linker Warning:
#   Section '.ignored' is unknown. Section ignored.
### mwldeppc.exe Linker Warning:
#   Section '.ignored' is unknown. Section ignored.
### mwldeppc.exe Linker Warning:
#   Section '.ignored' is unknown. Section ignored.
### mwldeppc.exe Linker Warning:
#   Section '.ignored' is unknown. Section ignored.
### mwldeppc.exe Linker Warning:
#   Section '.ignored' is unknown. Section ignored.
### mwldeppc.exe Linker Warning:
#   Section '.ignored' is unknown. Section ignored.
### mwldeppc.exe Linker Warning:
#   Section '.ignored' is unknown. Section ignored.
### mwldeppc.exe Linker Warning:
#   Section '.ignored' is unknown. Section ignored.
### mwldeppc.exe Linker Warning:
#   Section '.ignored' is unknown. Section ignored.
### mwldeppc.exe Linker Warning:
#   Section '.ignored' is unknown. Section ignored.
### mwldeppc.exe Linker Warning:
#   Section '.ignored' is unknown. Section ignored.
### mwldeppc.exe Linker Warning:
#   Section '.ignored' is unknown. Section ignored.
### mwldeppc.exe Linker Warning:
#   Section '.ignored' is unknown. Section ignored.
### mwldeppc.exe Linker Warning:
#   Section '.ignored' is unknown. Section ignored.
### mwldeppc.exe Linker Warning:
#   Section '.ignored' is unknown. Section ignored.
### mwldeppc.exe Linker Warning:
#   Section '.ignored' is unknown. Section ignored.
### mwldeppc.exe Linker Warning:
#   Section '.ignored' is unknown. Section ignored.
### mwldeppc.exe Linker Warning:
#   Section '.ignored' is unknown. Section ignored.
### mwldeppc.exe Linker Warning:
#   Section '.ignored' is unknown. Section ignored.
### mwldeppc.exe Linker Warning:
#   Section '.ignored' is unknown. Section ignored.
### mwldeppc.exe Linker Warning:
#   Section '.ignored' is unknown. Section ignored.
### mwldeppc.exe Linker Warning:
#   Section '.ignored' is unknown. Section ignored.
### mwldeppc.exe Linker Warning:
#   Section '.ignored' is unknown. Section ignored.
### mwldeppc.exe Linker Warning:
#   Section '.ignored' is unknown. Section ignored.
### mwldeppc.exe Linker Warning:
#   Section '.ignored' is unknown. Section ignored.
### mwldeppc.exe Linker Warning:
#   Section '.ignored' is unknown. Section ignored.
### mwldeppc.exe Linker Warning:
#   Section '.ignored' is unknown. Section ignored.
### mwldeppc.exe Linker Warning:
#   Section '.ignored' is unknown. Section ignored.
### mwldeppc.exe Linker Warning:
#   Section '.ignored' is unknown. Section ignored.
### mwldeppc.exe Linker Warning:
#   Section '.ignored' is unknown. Section ignored.
### mwldeppc.exe Linker Warning:
#   Section '.ignored' is unknown. Section ignored.
### mwldeppc.exe Linker Warning:
#   Section '.ignored' is unknown. Section ignored.
### mwldeppc.exe Linker Warning:
#   Section '.ignored' is unknown. Section ignored.
### mwldeppc.exe Linker Warning:
#   Section '.ignored' is unknown. Section ignored.
### mwldeppc.exe Linker Warning:
#   Section '.ignored' is unknown. Section ignored.
### mwldeppc.exe Linker Warning:
#   Section '.ignored' is unknown. Section ignored.
### mwldeppc.exe Linker Warning:
#   Section '.ignored' is unknown. Section ignored.
### mwldeppc.exe Linker Warning:
#   Section '.ignored' is unknown. Section ignored.
### mwldeppc.exe Linker Warning:
#   Section '.ignored' is unknown. Section ignored.
### mwldeppc.exe Linker Warning:
#   Section '.ignored' is unknown. Section ignored.
### mwldeppc.exe Linker Warning:
#   Section '.ignored' is unknown. Section ignored.
### mwldeppc.exe Linker Warning:
#   Section '.ignored' is unknown. Section ignored.
### mwldeppc.exe Linker Warning:
#   Section '.ignored' is unknown. Section ignored.
### mwldeppc.exe Linker Warning:
#   Section '.ignored' is unknown. Section ignored.
### mwldeppc.exe Linker Warning:
#   Section '.ignored' is unknown. Section ignored.
### mwldeppc.exe Linker Warning:
#   Section '.ignored' is unknown. Section ignored.
### mwldeppc.exe Linker Warning:
#   Section '.ignored' is unknown. Section ignored.
### mwldeppc.exe Linker Warning:
#   Section '.ignored' is unknown. Section ignored.
### mwldeppc.exe Linker Warning:
#   Section '.ignored' is unknown. Section ignored.
### mwldeppc.exe Linker Warning:
#   Section '.ignored' is unknown. Section ignored.
### mwldeppc.exe Linker Warning:
#   Section '.ignored' is unknown. Section ignored.
### mwldeppc.exe Linker Warning:
#   Section '.ignored' is unknown. Section ignored.
### mwldeppc.exe Linker Warning:
#   Section '.ignored' is unknown. Section ignored.
### mwldeppc.exe Linker Warning:
#   Section '.ignored' is unknown. Section ignored.
### mwldeppc.exe Linker Warning:
#   Section '.ignored' is unknown. Section ignored.
### mwldeppc.exe Linker Warning:
#   Section '.ignored' is unknown. Section ignored.
### mwldeppc.exe Linker Warning:
#   Section '.ignored' is unknown. Section ignored.
### mwldeppc.exe Linker Warning:
#   Section '.ignored' is unknown. Section ignored.
### mwldeppc.exe Linker Warning:
#   Section '.ignored' is unknown. Section ignored.
### mwldeppc.exe Linker Warning:
#   Section '.ignored' is unknown. Section ignored.
### mwldeppc.exe Linker Warning:
#   Section '.ignored' is unknown. Section ignored.
### mwldeppc.exe Linker Warning:
#   Section '.ignored' is unknown. Section ignored.
### mwldeppc.exe Linker Warning:
#   Section '.ignored' is unknown. Section ignored.
[899/902] DOL build/GEDE01/main.dol
[900/902] CHECK config/GEDE01/build.sha1
build/GEDE01/main.dol: OK
[901/902] PROGRESS
Progress:
  All: 58.18% fuzzy, 48.41% matched, 48.38% linked (6280 / 7068 files)
    Code: 1113716 / 2300692 bytes (6046 / 8214 functions)
    Data: 39594 / 4305642 bytes (0.92%)
  Game Code: 93.71% fuzzy, 77.94% matched, 77.89% linked (6262 / 6633 files)
    Code: 1110688 / 1425104 bytes (5984 / 6354 functions)
    Data: 39370 / 40426 bytes (97.39%)
  SDK/Runtime: 100.00% fuzzy, 100.00% matched, 100.00% linked (18 / 18 files)
    Code: 3028 / 3028 bytes (62 / 62 functions)
    Data: 224 / 224 bytes (100.00%)
