$ python3 configure.py
Exit status: 0
$ .tools/bin/ninja -j2
[1/912] MWCC build/GEDE01/src/game/game_fn_800094C0.o
[2/912] MWCC build/GEDE01/src/game/game_fn_80008014.o
[3/912] MWCC build/GEDE01/src/game/game_fn_800098C0.o
[4/912] MWCC build/GEDE01/src/game/game_fn_800096E0.o
[5/912] MWCC build/GEDE01/src/game/game_fn_800099D8.o
[6/912] MWCC build/GEDE01/src/game/game_fn_80009AB4.o
[7/912] MWCC build/GEDE01/src/game/game_fn_8000A26C.o
[8/912] MWCC build/GEDE01/src/game/game_fn_8000AC88.o
[9/912] MWCC build/GEDE01/src/game/game_fn_8000AEB4.o
[10/912] MWCC build/GEDE01/src/game/game_fn_8000AFB4.o
[11/912] MWCC build/GEDE01/src/game/game_fn_8000B1B8.o
[12/912] MWCC build/GEDE01/src/game/game_fn_8000B36C.o
[13/912] MWCC build/GEDE01/src/game/game_fn_8000B630.o
[14/912] MWCC build/GEDE01/src/game/game_fn_8000B7FC.o
[15/912] MWCC build/GEDE01/src/game/game_fn_8000B900.o
[16/912] MWCC build/GEDE01/src/game/game_fn_8000BA0C.o
[17/912] MWCC build/GEDE01/src/game/game_fn_8000BAA0.o
[18/912] MWCC build/GEDE01/src/game/game_fn_8000BC40.o
[19/912] MWCC build/GEDE01/src/game/game_fn_8000C06C.o
[20/912] MWCC build/GEDE01/src/game/game_fn_8000C17C.o
[21/912] MWCC build/GEDE01/src/game/game_fn_8000C848.o
[22/912] MWCC build/GEDE01/src/game/game_fn_8000C400.o
[23/912] MWCC build/GEDE01/src/game/game_fn_8000C91C.o
[24/912] MWCC build/GEDE01/src/game/game_fn_8000D0BC.o
[25/912] MWCC build/GEDE01/src/game/game_fn_8000D3D4.o
[26/912] MWCC build/GEDE01/src/game/game_fn_8000D590.o
[27/912] MWCC build/GEDE01/src/game/game_fn_8000D8A4.o
[28/912] MWCC build/GEDE01/src/game/game_fn_8000DA50.o
[29/912] MWCC build/GEDE01/src/game/game_fn_8000E054.o
[30/912] MWCC build/GEDE01/src/game/game_fn_8000DAF4.o
[31/912] MWCC build/GEDE01/src/game/game_fn_8000E0AC.o
[32/912] MWCC build/GEDE01/src/game/game_fn_8000E138.o
[33/912] MWCC build/GEDE01/src/game/game_fn_8000E1C4.o
[34/912] MWCC build/GEDE01/src/game/game_fn_8000E96C.o
[35/912] MWCC build/GEDE01/src/game/game_fn_8000EBD4.o
[36/912] MWCC build/GEDE01/src/game/game_fn_8000EB14.o
[37/912] MWCC build/GEDE01/src/game/game_fn_8000ED44.o
[38/912] MWCC build/GEDE01/src/game/game_fn_8000EFC4.o
[39/912] MWCC build/GEDE01/src/game/game_fn_8000F4B0.o
[40/912] MWCC build/GEDE01/src/game/game_fn_8000F774.o
[41/912] MWCC build/GEDE01/src/game/game_fn_8000FDE8.o
[42/912] MWCC build/GEDE01/src/game/game_fn_8000FFD8.o
[43/912] MWCC build/GEDE01/src/game/game_fn_800119FC.o
[44/912] MWCC build/GEDE01/src/game/game_fn_80012DA8.o
[45/912] MWCC build/GEDE01/src/game/game_fn_80012F40.o
[46/912] MWCC build/GEDE01/src/game/game_fn_80012FD0.o
[47/912] MWCC build/GEDE01/src/game/game_fn_800131E8.o
[48/912] MWCC build/GEDE01/src/game/game_fn_80013340.o
[49/912] MWCC build/GEDE01/src/game/game_fn_80013870.o
[50/912] MWCC build/GEDE01/src/game/game_fn_80013CB0.o
[51/912] MWCC build/GEDE01/src/game/game_fn_80013D54.o
[52/912] MWCC build/GEDE01/src/game/game_fn_800142DC.o
[53/912] MWCC build/GEDE01/src/game/game_fn_800144CC.o
[54/912] MWCC build/GEDE01/src/game/game_fn_80014784.o
[55/912] MWCC build/GEDE01/src/game/game_fn_800149D4.o
[56/912] MWCC build/GEDE01/src/game/game_fn_80015058.o
[57/912] MWCC build/GEDE01/src/game/game_fn_80015320.o
[58/912] MWCC build/GEDE01/src/game/game_fn_80015568.o
[59/912] MWCC build/GEDE01/src/game/game_fn_800156FC.o
[60/912] MWCC build/GEDE01/src/game/game_fn_80015BE0.o
[61/912] MWCC build/GEDE01/src/game/game_fn_80015D40.o
[62/912] MWCC build/GEDE01/src/game/game_fn_80015F04.o
[63/912] MWCC build/GEDE01/src/game/game_fn_80016128.o
[64/912] MWCC build/GEDE01/src/game/game_fn_80016270.o
[65/912] MWCC build/GEDE01/src/game/game_fn_80016904.o
[66/912] MWCC build/GEDE01/src/game/game_fn_80016B24.o
[67/912] MWCC build/GEDE01/src/game/game_fn_800171C0.o
[68/912] MWCC build/GEDE01/src/game/game_fn_800173CC.o
[69/912] MWCC build/GEDE01/src/game/game_fn_800176F0.o
[70/912] MWCC build/GEDE01/src/game/game_fn_80017910.o
[71/912] MWCC build/GEDE01/src/game/game_fn_800179AC.o
[72/912] MWCC build/GEDE01/src/game/game_fn_80017A3C.o
[73/912] MWCC build/GEDE01/src/game/game_fn_80017AE4.o
[74/912] MWCC build/GEDE01/src/game/game_fn_80017C3C.o
[75/912] MWCC build/GEDE01/src/game/game_fn_80017CC8.o
[76/912] MWCC build/GEDE01/src/game/game_fn_80017DB0.o
[77/912] MWCC build/GEDE01/src/game/game_fn_80018EF4.o
[78/912] MWCC build/GEDE01/src/game/game_fn_80019054.o
[79/912] MWCC build/GEDE01/src/game/game_fn_80019244.o
[80/912] MWCC build/GEDE01/src/game/game_fn_800194D0.o
[81/912] MWCC build/GEDE01/src/game/game_fn_80019940.o
[82/912] MWCC build/GEDE01/src/game/game_fn_80019C10.o
[83/912] MWCC build/GEDE01/src/game/game_fn_80019D2C.o
[84/912] MWCC build/GEDE01/src/game/game_fn_80019F98.o
[85/912] MWCC build/GEDE01/src/game/game_fn_8001A6C4.o
[86/912] MWCC build/GEDE01/src/game/game_fn_8001AAB8.o
[87/912] MWCC build/GEDE01/src/game/game_fn_8001ADF8.o
[88/912] MWCC build/GEDE01/src/game/game_fn_8001AF68.o
[89/912] MWCC build/GEDE01/src/game/game_fn_8001B124.o
[90/912] MWCC build/GEDE01/src/game/game_fn_8001B294.o
[91/912] MWCC build/GEDE01/src/game/game_fn_8001B808.o
[92/912] MWCC build/GEDE01/src/game/game_fn_8001B874.o
[93/912] MWCC build/GEDE01/src/game/game_fn_8001C078.o
[94/912] MWCC build/GEDE01/src/game/game_fn_8001CA04.o
[95/912] MWCC build/GEDE01/src/game/game_fn_8001CD58.o
[96/912] MWCC build/GEDE01/src/game/game_fn_8001CE94.o
[97/912] MWCC build/GEDE01/src/game/game_fn_8001E644.o
[98/912] MWCC build/GEDE01/src/game/game_fn_8001FE1C.o
[99/912] MWCC build/GEDE01/src/game/game_fn_80020E94.o
[100/912] MWCC build/GEDE01/src/game/game_fn_80024F28.o
[101/912] MWCC build/GEDE01/src/game/game_fn_800272B4.o
[102/912] MWCC build/GEDE01/src/game/game_fn_8002B748.o
[103/912] MWCC build/GEDE01/src/game/game_fn_8002DAE0.o
[104/912] MWCC build/GEDE01/src/game/game_fn_8002E3F0.o
[105/912] MWCC build/GEDE01/src/game/game_fn_8002EA68.o
[106/912] MWCC build/GEDE01/src/game/game_fn_8002F428.o
[107/912] MWCC build/GEDE01/src/game/game_fn_80031544.o
[108/912] MWCC build/GEDE01/src/game/game_fn_8003232C.o
[109/912] MWCC build/GEDE01/src/game/game_fn_80032B84.o
[110/912] MWCC build/GEDE01/src/game/game_fn_80033038.o
[111/912] MWCC build/GEDE01/src/game/game_fn_80033180.o
[112/912] MWCC build/GEDE01/src/game/game_fn_800359A0.o
[113/912] MWCC build/GEDE01/src/game/game_fn_800361F8.o
[114/912] MWCC build/GEDE01/src/game/game_fn_80036C40.o
[115/912] MWCC build/GEDE01/src/game/game_fn_80038878.o
[116/912] MWCC build/GEDE01/src/game/game_fn_80048ADC.o
[117/912] MWCC build/GEDE01/src/game/game_fn_80048B24.o
[118/912] MWCC build/GEDE01/src/game/game_fn_8004998C.o
[119/912] MWCC build/GEDE01/src/game/game_fn_80050B08.o
[120/912] MWCC build/GEDE01/src/game/game_fn_80052310.o
[121/912] MWCC build/GEDE01/src/game/game_fn_8005EC6C.o
[122/912] MWCC build/GEDE01/src/game/game_fn_800542D0.o
[123/912] MWCC build/GEDE01/src/game/game_fn_8005EE9C.o
[124/912] MWCC build/GEDE01/src/game/game_data_80239E10.o
[125/912] MWCC build/GEDE01/src/game/game_data_80239E18.o
[126/912] MWCC build/GEDE01/src/game/game_fn_8005FD84.o
[127/912] MWCC build/GEDE01/src/game/game_fn_80066888.o
[128/912] MWCC build/GEDE01/src/game/game_fn_80066E78.o
[129/912] MWCC build/GEDE01/src/game/game_fn_8006B0F0.o
[130/912] MWCC build/GEDE01/src/game/game_fn_8006B620.o
[131/912] MWCC build/GEDE01/src/game/game_fn_8006E53C.o
[132/912] MWCC build/GEDE01/src/game/game_fn_80071A58.o
[133/912] MWCC build/GEDE01/src/game/game_fn_80074310.o
[134/912] MWCC build/GEDE01/src/game/game_fn_80078500.o
[135/912] MWCC build/GEDE01/src/game/game_fn_80079AA4.o
[136/912] MWCC build/GEDE01/src/game/game_fn_80079908.o
[137/912] MWCC build/GEDE01/src/game/game_fn_8007B2F4.o
[138/912] MWCC build/GEDE01/src/game/game_fn_8007B540.o
[139/912] MWCC build/GEDE01/src/game/game_fn_8007B640.o
[140/912] MWCC build/GEDE01/src/game/game_fn_8007B828.o
[141/912] MWCC build/GEDE01/src/game/game_fn_8007BA3C.o
[142/912] MWCC build/GEDE01/src/game/game_fn_8007D4D8.o
[143/912] MWCC build/GEDE01/src/game/game_fn_8007F770.o
[144/912] MWCC build/GEDE01/src/game/game_fn_800886D8.o
[145/912] MWCC build/GEDE01/src/game/game_fn_80088F4C.o
[146/912] MWCC build/GEDE01/src/game/game_fn_80089A34.o
[147/912] MWCC build/GEDE01/src/game/game_fn_8008A2E0.o
[148/912] MWCC build/GEDE01/src/game/game_fn_8008F224.o
[149/912] MWCC build/GEDE01/src/game/game_fn_8008F890.o
[150/912] MWCC build/GEDE01/src/game/game_fn_80090004.o
[151/912] MWCC build/GEDE01/src/game/game_fn_800934A0.o
[152/912] MWCC build/GEDE01/src/game/game_fn_80095D10.o
[153/912] MWCC build/GEDE01/src/game/game_fn_80095FDC.o
[154/912] MWCC build/GEDE01/src/game/game_fn_80096830.o
[155/912] MWCC build/GEDE01/src/game/game_fn_8009C424.o
[156/912] MWCC build/GEDE01/src/game/game_fn_8009E808.o
[157/912] MWCC build/GEDE01/src/game/game_fn_800A2130.o
[158/912] MWCC build/GEDE01/src/game/game_fn_800A2FCC.o
[159/912] MWCC build/GEDE01/src/game/game_fn_800A3180.o
[160/912] MWCC build/GEDE01/src/game/game_fn_800A3894.o
[161/912] MWCC build/GEDE01/src/game/game_fn_800A4428.o
[162/912] MWCC build/GEDE01/src/game/game_fn_800A4798.o
[163/912] MWCC build/GEDE01/src/game/game_fn_800A7E88.o
[164/912] MWCC build/GEDE01/src/game/game_fn_800AF230.o
[165/912] MWCC build/GEDE01/src/game/game_fn_800B2EC0.o
[166/912] MWCC build/GEDE01/src/game/game_fn_800BB5C4.o
[167/912] MWCC build/GEDE01/src/game/game_fn_800BB7A8.o
[168/912] MWCC build/GEDE01/src/game/game_fn_800BB9A4.o
[169/912] MWCC build/GEDE01/src/game/game_fn_800BBAF0.o
[170/912] MWCC build/GEDE01/src/game/game_fn_800C030C.o
[171/912] MWCC build/GEDE01/src/game/game_fn_800C17EC.o
[172/912] MWCC build/GEDE01/src/game/game_fn_800C59F0.o
[173/912] MWCC build/GEDE01/src/game/game_fn_800C644C.o
[174/912] MWCC build/GEDE01/src/game/game_fn_800C65FC.o
[175/912] MWCC build/GEDE01/src/game/game_fn_800C9C60.o
[176/912] MWCC build/GEDE01/src/game/game_fn_800CB760.o
[177/912] MWCC build/GEDE01/src/game/game_fn_800CB8F4.o
[178/912] MWCC build/GEDE01/src/game/game_fn_800CF598.o
[179/912] MWCC build/GEDE01/src/game/game_fn_800D9064.o
[180/912] MWCC build/GEDE01/src/game/game_fn_800D9E10.o
[181/912] MWCC build/GEDE01/src/game/game_fn_800DC4D4.o
[182/912] MWCC build/GEDE01/src/game/game_fn_800E4980.o
[183/912] MWCC build/GEDE01/src/game/game_TRKNubWelcome.o
[184/912] MWCC build/GEDE01/src/game/game_TRK_main.o
[185/912] MWCC build/GEDE01/src/game/game_InitMetroTRKCommTable.o
[186/912] MWCC build/GEDE01/src/game/game_fn_800FD0C8.o
[187/912] MWCC build/GEDE01/src/game/game_fn_8010242C.o
[188/912] MWCC build/GEDE01/src/game/game_fn_801098C0.o
[189/912] MWCC build/GEDE01/src/game/game_fn_8010F184.o
[190/912] MWCC build/GEDE01/src/game/game_fn_801126E0.o
[191/912] MWCC build/GEDE01/src/game/game_fn_801128E4.o
[192/912] MWCC build/GEDE01/src/game/game_fn_801141B8.o
[193/912] MWCC build/GEDE01/src/game/game_fn_8011F140.o
[194/912] MWCC build/GEDE01/src/game/game_fn_801247F8.o
[195/912] MWCC build/GEDE01/src/game/game_fn_80126A00.o
[196/912] MWCC build/GEDE01/src/game/game_fn_8012976C.o
[197/912] MWCC build/GEDE01/src/game/game_fn_8012DB28.o
[198/912] MWCC build/GEDE01/src/game/game_fn_8013CBE4.o
[199/912] MWCC build/GEDE01/src/game/game_fn_8013D6A4.o
[200/912] MWCC build/GEDE01/src/game/game_fn_8013DB8C.o
[201/912] MWCC build/GEDE01/src/game/game_fn_8014549C.o
[202/912] MWCC build/GEDE01/src/game/game_fn_8014AF38.o
[203/912] MWCC build/GEDE01/src/game/game_fn_8014B494.o
[204/912] MWCC build/GEDE01/src/game/game_fn_8014BA14.o
[205/912] MWCC build/GEDE01/src/game/game_fn_8014CA98.o
[206/912] MWCC build/GEDE01/src/game/game_fn_801535D8.o
[207/912] MWCC build/GEDE01/src/game/game_fn_80153898.o
[208/912] MWCC build/GEDE01/src/game/game_fn_80153A24.o
[209/912] MWCC build/GEDE01/src/game/game_fn_80154F74.o
[210/912] MWCC build/GEDE01/src/game/game_fn_80155814.o
[211/912] MWCC build/GEDE01/src/game/game_fn_80157C0C.o
[212/912] MWCC build/GEDE01/src/game/game_fn_80158B20.o
[213/912] MWCC build/GEDE01/src/game/game_fn_80158D38.o
[214/912] MWCC build/GEDE01/src/game/game_fn_8015DB84.o
[215/912] MWCC build/GEDE01/src/game/game_fn_8015DC54.o
[216/912] MWCC build/GEDE01/src/game/game_fn_8015EDC0.o
[217/912] MWCC build/GEDE01/src/game/game_fn_80167454.o
[218/912] MWCC build/GEDE01/src/game/game_fn_80167B5C.o
[219/912] MWCC build/GEDE01/src/game/game_fn_80169650.o
[220/912] MWCC build/GEDE01/src/game/game_fn_8016BD0C.o
[221/912] MWCC build/GEDE01/src/game/game_fn_8016BE1C.o
[222/912] MWCC build/GEDE01/src/game/game_fn_8016BF60.o
[223/912] MWCC build/GEDE01/src/game/game_fn_8016C0BC.o
[224/912] MWCC build/GEDE01/src/game/game_fn_8016C164.o
[225/912] MWCC build/GEDE01/src/game/game_fn_8016C238.o
[226/912] MWCC build/GEDE01/src/game/game_fn_8016C4BC.o
[227/912] MWCC build/GEDE01/src/game/game_fn_8016C774.o
[228/912] MWCC build/GEDE01/src/game/game_fn_8016D040.o
[229/912] MWCC build/GEDE01/src/game/game_fn_8016D1F8.o
[230/912] MWCC build/GEDE01/src/game/game_fn_8016D2B8.o
[231/912] MWCC build/GEDE01/src/game/game_fn_8016D9C0.o
[232/912] MWCC build/GEDE01/src/game/game_fn_8016DF4C.o
[233/912] MWCC build/GEDE01/src/game/game_fn_8016E8F8.o
[234/912] MWCC build/GEDE01/src/game/game_fn_8016FEF8.o
[235/912] MWCC build/GEDE01/src/game/game_fn_8017038C.o
[236/912] MWCC build/GEDE01/src/game/game_fn_801704F8.o
[237/912] MWCC build/GEDE01/src/game/game_fn_801706DC.o
[238/912] MWCC build/GEDE01/src/game/game_fn_80170A40.o
[239/912] MWCC build/GEDE01/src/game/game_fn_80170DF4.o
[240/912] MWCC build/GEDE01/src/game/game_fn_80170E9C.o
[241/912] MWCC build/GEDE01/src/game/game_fn_8017138C.o
[242/912] MWCC build/GEDE01/src/game/game_fn_80171664.o
[243/912] MWCC build/GEDE01/src/game/game_fn_801718F4.o
[244/912] MWCC build/GEDE01/src/game/game_fn_801719B4.o
[245/912] MWCC build/GEDE01/src/game/game_fn_80171F30.o
[246/912] MWCC build/GEDE01/src/game/game_fn_8017250C.o
[247/912] MWCC build/GEDE01/src/game/game_fn_801726EC.o
[248/912] MWCC build/GEDE01/src/game/game_fn_80172BB0.o
[249/912] MWCC build/GEDE01/src/game/game_fn_80172C78.o
[250/912] MWCC build/GEDE01/src/game/game_fn_80172DB8.o
[251/912] MWCC build/GEDE01/src/game/game_fn_80173270.o
[252/912] MWCC build/GEDE01/src/game/game_fn_801734B4.o
[253/912] MWCC build/GEDE01/src/game/game_fn_80173770.o
[254/912] MWCC build/GEDE01/src/game/game_fn_80173D44.o
[255/912] MWCC build/GEDE01/src/game/game_fn_80173F04.o
[256/912] MWCC build/GEDE01/src/game/game_fn_80174184.o
[257/912] MWCC build/GEDE01/src/game/game_fn_80174358.o
[258/912] MWCC build/GEDE01/src/game/game_fn_80174F2C.o
[259/912] MWCC build/GEDE01/src/game/game_fn_801752B0.o
[260/912] MWCC build/GEDE01/src/game/game_fn_8017553C.o
[261/912] MWCC build/GEDE01/src/game/game_fn_80175A08.o
[262/912] MWCC build/GEDE01/src/game/game_fn_80175E64.o
[263/912] MWCC build/GEDE01/src/game/game_fn_80175F0C.o
[264/912] MWCC build/GEDE01/src/game/game_fn_80175FD4.o
[265/912] MWCC build/GEDE01/src/game/game_fn_80176098.o
[266/912] MWCC build/GEDE01/src/game/game_fn_80176160.o
[267/912] MWCC build/GEDE01/src/game/game_fn_80176220.o
[268/912] MWCC build/GEDE01/src/game/game_fn_801762E8.o
[269/912] MWCC build/GEDE01/src/game/game_fn_8017652C.o
[270/912] MWCC build/GEDE01/src/game/game_fn_80176DF4.o
[271/912] MWCC build/GEDE01/src/game/game_fn_80176FA0.o
[272/912] MWCC build/GEDE01/src/game/game_fn_801770F8.o
[273/912] MWCC build/GEDE01/src/game/game_fn_8017718C.o
[274/912] MWCC build/GEDE01/src/game/game_fn_80178F88.o
[275/912] MWCC build/GEDE01/src/game/game_fn_80177434.o
[276/912] MWCC build/GEDE01/src/game/game_fn_80179398.o
[277/912] MWCC build/GEDE01/src/game/game_fn_8017960C.o
[278/912] MWCC build/GEDE01/src/game/game_fn_8017974C.o
[279/912] MWCC build/GEDE01/src/game/game_fn_80179904.o
[280/912] MWCC build/GEDE01/src/game/game_fn_80179A18.o
[281/912] MWCC build/GEDE01/src/game/game_fn_80179A74.o
[282/912] MWCC build/GEDE01/src/game/game_fn_80179EB8.o
[283/912] MWCC build/GEDE01/src/game/game_fn_80179F20.o
[284/912] MWCC build/GEDE01/src/game/game_fn_8017A010.o
[285/912] MWCC build/GEDE01/src/game/game_fn_8017A12C.o
[286/912] MWCC build/GEDE01/src/game/game_fn_8017A1C0.o
[287/912] MWCC build/GEDE01/src/game/game_fn_8017A9B8.o
[288/912] MWCC build/GEDE01/src/game/game_fn_8017AC20.o
[289/912] MWCC build/GEDE01/src/game/game_fn_8017E850.o
[290/912] MWCC build/GEDE01/src/game/game_fn_8017E958.o
[291/912] MWCC build/GEDE01/src/game/game_fn_80180DDC.o
[292/912] MWCC build/GEDE01/src/game/game_fn_801810A0.o
[293/912] MWCC build/GEDE01/src/game/game_fn_801816D4.o
[294/912] MWCC build/GEDE01/src/game/game_fn_801859FC.o
[295/912] MWCC build/GEDE01/src/game/game_fn_80185AE8.o
[296/912] MWCC build/GEDE01/src/game/game_fn_80185F10.o
[297/912] MWCC build/GEDE01/src/game/game_fn_801861C4.o
[298/912] MWCC build/GEDE01/src/game/game_fn_801865EC.o
[299/912] MWCC build/GEDE01/src/game/game_fn_8018680C.o
[300/912] MWCC build/GEDE01/src/game/game_fn_80186E10.o
[301/912] MWCC build/GEDE01/src/game/game_fn_80186F70.o
[302/912] MWCC build/GEDE01/src/game/game_fn_80187120.o
[303/912] MWCC build/GEDE01/src/game/game_fn_80187320.o
[304/912] MWCC build/GEDE01/src/game/game_fn_801875FC.o
[305/912] MWCC build/GEDE01/src/game/game_fn_801878E0.o
[306/912] MWCC build/GEDE01/src/game/game_fn_80187BB4.o
[307/912] MWCC build/GEDE01/src/game/game_fn_80188A7C.o
[308/912] MWCC build/GEDE01/src/game/game_fn_80188B44.o
[309/912] MWCC build/GEDE01/src/game/game_fn_80188C1C.o
[310/912] MWCC build/GEDE01/src/game/game_fn_80188E28.o
[311/912] MWCC build/GEDE01/src/game/game_fn_80189028.o
[312/912] MWCC build/GEDE01/src/game/game_fn_801891D8.o
[313/912] MWCC build/GEDE01/src/game/game_fn_80189390.o
[314/912] MWCC build/GEDE01/src/game/game_fn_801895E8.o
[315/912] MWCC build/GEDE01/src/game/game_fn_801896A0.o
[316/912] MWCC build/GEDE01/src/game/game_fn_80189760.o
[317/912] MWCC build/GEDE01/src/game/game_fn_80189968.o
[318/912] MWCC build/GEDE01/src/game/game_fn_80189C14.o
[319/912] MWCC build/GEDE01/src/game/game_fn_8018C2D0.o
[320/912] MWCC build/GEDE01/src/game/game_fn_8018D1F0.o
[321/912] MWCC build/GEDE01/src/game/game_fn_8018D2E0.o
[322/912] MWCC build/GEDE01/src/game/game_fn_8018D400.o
[323/912] MWCC build/GEDE01/src/game/game_fn_8018D688.o
[324/912] MWCC build/GEDE01/src/game/game_fn_8018DC24.o
[325/912] MWCC build/GEDE01/src/game/game_fn_8018E0D8.o
[326/912] MWCC build/GEDE01/src/game/game_fn_8018F1D0.o
[327/912] MWCC build/GEDE01/src/game/game_fn_8018F81C.o
[328/912] MWCC build/GEDE01/src/game/game_fn_8018FEDC.o
[329/912] MWCC build/GEDE01/src/game/game_fn_8019120C.o
[330/912] MWCC build/GEDE01/src/game/game_fn_80191360.o
[331/912] MWCC build/GEDE01/src/game/game_fn_801916D0.o
[332/912] MWCC build/GEDE01/src/game/game_fn_8019197C.o
[333/912] MWCC build/GEDE01/src/game/game_fn_80191F58.o
[334/912] MWCC build/GEDE01/src/game/game_fn_801926EC.o
[335/912] MWCC build/GEDE01/src/game/game_fn_801929A4.o
[336/912] MWCC build/GEDE01/src/game/game_fn_80192F54.o
[337/912] MWCC build/GEDE01/src/game/game_fn_801931C4.o
[338/912] MWCC build/GEDE01/src/game/game_fn_80193E1C.o
[339/912] MWCC build/GEDE01/src/game/game_fn_80193F3C.o
[340/912] MWCC build/GEDE01/src/game/game_fn_80194F80.o
[341/912] MWCC build/GEDE01/src/game/game_fn_801952E8.o
[342/912] MWCC build/GEDE01/src/game/game_fn_80197910.o
[343/912] MWCC build/GEDE01/src/game/game_fn_80198154.o
[344/912] MWCC build/GEDE01/src/game/game_fn_80198AAC.o
[345/912] MWCC build/GEDE01/src/game/game_fn_80198BF4.o
[346/912] MWCC build/GEDE01/src/game/game_fn_801991E0.o
[347/912] MWCC build/GEDE01/src/game/game_fn_8019B1BC.o
[348/912] MWCC build/GEDE01/src/game/game_fn_8019CC28.o
[349/912] MWCC build/GEDE01/src/game/game_fn_8019CFC4.o
[350/912] MWCC build/GEDE01/src/game/game_fn_8019E5E4.o
[351/912] MWCC build/GEDE01/src/game/game_fn_8019E8C8.o
[352/912] MWCC build/GEDE01/src/game/game_fn_801A1F18.o
[353/912] MWCC build/GEDE01/src/game/game_fn_801A2A54.o
[354/912] MWCC build/GEDE01/src/game/game_fn_801A34BC.o
[355/912] MWCC build/GEDE01/src/game/game_fn_801A3A78.o
[356/912] MWCC build/GEDE01/src/game/game_fn_801A4430.o
[357/912] MWCC build/GEDE01/src/game/game_fn_801A4CE0.o
[358/912] MWCC build/GEDE01/src/game/game_fn_801A5FB0.o
[359/912] MWCC build/GEDE01/src/game/game_fn_801A6410.o
[360/912] MWCC build/GEDE01/src/game/game_fn_801A657C.o
[361/912] MWCC build/GEDE01/src/game/game_fn_801A6ADC.o
[362/912] MWCC build/GEDE01/src/game/game_fn_801A6C58.o
[363/912] MWCC build/GEDE01/src/game/game_fn_801A6CB4.o
[364/912] MWCC build/GEDE01/src/game/game_fn_801A7E04.o
[365/912] MWCC build/GEDE01/src/game/game_fn_801A7EA8.o
[366/912] MWCC build/GEDE01/src/game/game_fn_801A93E8.o
[367/912] MWCC build/GEDE01/src/game/game_fn_801AB154.o
[368/912] MWCC build/GEDE01/src/game/game_fn_801ABD3C.o
[369/912] MWCC build/GEDE01/src/game/game_fn_801AC8AC.o
[370/912] MWCC build/GEDE01/src/game/game_fn_801ACFE8.o
[371/912] MWCC build/GEDE01/src/game/game_fn_801AD08C.o
[372/912] MWCC build/GEDE01/src/game/game_fn_801AFA74.o
[373/912] MWCC build/GEDE01/src/game/game_fn_801B02F0.o
[374/912] MWCC build/GEDE01/src/game/game_fn_801B1BA0.o
[375/912] MWCC build/GEDE01/src/game/game_fn_801B35BC.o
[376/912] MWCC build/GEDE01/src/game/game_fn_801B46C8.o
[377/912] MWCC build/GEDE01/src/game/game_fn_801B4FB4.o
[378/912] MWCC build/GEDE01/src/game/game_fn_801B5228.o
[379/912] MWCC build/GEDE01/src/game/game_fn_801B58F0.o
[380/912] MWCC build/GEDE01/src/game/game_fn_801B6F1C.o
[381/912] MWCC build/GEDE01/src/game/game_fn_801B86C0.o
[382/912] MWCC build/GEDE01/src/game/game_fn_801B941C.o
[383/912] MWCC build/GEDE01/src/game/game_fn_801B9E7C.o
[384/912] MWCC build/GEDE01/src/game/game_fn_801BA15C.o
[385/912] MWCC build/GEDE01/src/game/game_fn_801BA708.o
[386/912] MWCC build/GEDE01/src/game/game_fn_801BB1A0.o
[387/912] MWCC build/GEDE01/src/game/game_fn_801BC0D4.o
[388/912] MWCC build/GEDE01/src/game/game_fn_801BC240.o
[389/912] MWCC build/GEDE01/src/game/game_fn_801BC8F4.o
[390/912] MWCC build/GEDE01/src/game/game_fn_801BCC04.o
[391/912] MWCC build/GEDE01/src/game/game_fn_801BD990.o
[392/912] MWCC build/GEDE01/src/game/game_fn_801BDE7C.o
[393/912] MWCC build/GEDE01/src/game/game_fn_801BE0D4.o
[394/912] MWCC build/GEDE01/src/game/game_fn_801C1CB0.o
[395/912] MWCC build/GEDE01/src/game/game_fn_801BEF40.o
[396/912] MWCC build/GEDE01/src/game/game_fn_801C2980.o
[397/912] MWCC build/GEDE01/src/game/game_fn_801C29BC.o
[398/912] MWCC build/GEDE01/src/game/game_fn_801C2AAC.o
[399/912] MWCC build/GEDE01/src/game/game_fn_801C2D9C.o
[400/912] MWCC build/GEDE01/src/game/game_fn_801C8160.o
[401/912] MWCC build/GEDE01/src/game/game_fn_801C8224.o
[402/912] MWCC build/GEDE01/src/game/game_fn_801C8600.o
[403/912] MWCC build/GEDE01/src/game/game_fn_801C4B5C.o
[404/912] MWCC build/GEDE01/src/game/game_fn_801C87DC.o
[405/912] MWCC build/GEDE01/src/game/game_fn_801C8CC0.o
[406/912] MWCC build/GEDE01/src/game/game_fn_801C8F50.o
[407/912] MWCC build/GEDE01/src/game/game_fn_801C90A4.o
[408/912] MWCC build/GEDE01/src/game/game_fn_801C9510.o
[409/912] MWCC build/GEDE01/src/game/game_fn_801C970C.o
[410/912] MWCC build/GEDE01/src/game/game_fn_801C9A08.o
[411/912] MWCC build/GEDE01/src/game/game_fn_801C9B1C.o
[412/912] MWCC build/GEDE01/src/game/game_fn_801CB4F8.o
[413/912] MWCC build/GEDE01/src/game/game_fn_801CD228.o
[414/912] MWCC build/GEDE01/src/game/game_fn_801CE09C.o
[415/912] MWCC build/GEDE01/src/game/game_fn_801CE594.o
[416/912] MWCC build/GEDE01/src/game/game_fn_801D1B10.o
[417/912] MWCC build/GEDE01/src/game/game_fn_801D1F78.o
[418/912] MWCC build/GEDE01/src/game/game_fn_801D3988.o
[419/912] MWCC build/GEDE01/src/game/game_fn_801D76A8.o
[420/912] MWCC build/GEDE01/src/game/game_fn_801D7C24.o
[421/912] MWCC build/GEDE01/src/game/game_fn_801D8050.o
[422/912] MWCC build/GEDE01/src/game/game_fn_801D9FE4.o
[423/912] MWCC build/GEDE01/src/game/game_fn_801E2A48.o
[424/912] MWCC build/GEDE01/src/game/game_fn_801E41AC.o
[425/912] MWCC build/GEDE01/src/game/game_fn_801E504C.o
[426/912] MWCC build/GEDE01/src/game/game_fn_801E6814.o
[427/912] MWCC build/GEDE01/src/game/game_fn_801E7014.o
[428/912] MWCC build/GEDE01/src/game/game_fn_801EB09C.o
[429/912] MWCC build/GEDE01/src/game/game_fn_801E995C.o
[430/912] MWCC build/GEDE01/src/game/game_fn_801EB11C.o
[431/912] MWCC build/GEDE01/src/game/game_fn_801ECD74.o
[432/912] MWCC build/GEDE01/src/game/game_fn_801ECF50.o
[433/912] MWCC build/GEDE01/src/game/game_fn_801ED5F4.o
[434/912] MWCC build/GEDE01/src/game/game_fn_801EF580.o
[435/912] MWCC build/GEDE01/src/game/game_fn_801EF910.o
[436/912] MWCC build/GEDE01/src/game/game_fn_801F0CB0.o
[437/912] MWCC build/GEDE01/src/game/game_fn_801F10BC.o
[438/912] MWCC build/GEDE01/src/game/game_fn_801F1A38.o
[439/912] MWCC build/GEDE01/src/game/game_fn_801F35A8.o
[440/912] MWCC build/GEDE01/src/game/game_fn_801F55A0.o
[441/912] MWCC build/GEDE01/src/game/game_fn_801F69F0.o
[442/912] MWCC build/GEDE01/src/game/game_fn_801F6BD8.o
[443/912] MWCC build/GEDE01/src/game/game_fn_801F7510.o
[444/912] MWCC build/GEDE01/src/game/game_fn_801F76EC.o
[445/912] MWCC build/GEDE01/src/game/game_fn_801F8264.o
[446/912] MWCC build/GEDE01/src/game/game_fn_801F9AF8.o
[447/912] MWCC build/GEDE01/src/game/game_fn_801F89B4.o
[448/912] MWCC build/GEDE01/src/game/game_fn_801F9CF4.o
[449/912] MWCC build/GEDE01/src/game/game_fn_801FA9C8.o
[450/912] MWCC build/GEDE01/src/game/game_fn_801FC034.o
[451/912] MWCC build/GEDE01/src/game/game_fn_801FB6A4.o
[452/912] MWCC build/GEDE01/src/game/game_fn_801FFE78.o
[453/912] MWCC build/GEDE01/src/game/game_fn_801FC204.o
[454/912] EXTERNALIZE build/GEDE01/src/game/game_fn_800DC4D4.o
[455/912] EXTERNALIZE build/GEDE01/src/game/game_fn_80175A08.o
[456/912] EXTERNALIZE build/GEDE01/src/game/game_fn_80066E78.o
[457/912] EXTERNALIZE build/GEDE01/src/game/game_fn_801247F8.o
[458/912] EXTERNALIZE build/GEDE01/src/game/game_fn_801EF910.o
[459/912] EXTERNALIZE build/GEDE01/src/game/game_fn_801ECF50.o
[460/912] EXTERNALIZE build/GEDE01/src/game/game_fn_801FC204.o
[461/912] EXTERNALIZE build/GEDE01/src/game/game_fn_801EB09C.o
[462/912] EXTERNALIZE build/GEDE01/src/game/game_fn_801EB11C.o
[463/912] EXTERNALIZE JUMPTABLES build/GEDE01/src/game/game_fn_80050B08.o
[464/912] EXTERNALIZE build/GEDE01/src/game/game_fn_801E41AC.o
[465/912] EXTERNALIZE build/GEDE01/src/game/game_fn_801D9FE4.o
[466/912] EXTERNALIZE build/GEDE01/src/game/game_fn_801D76A8.o
[467/912] EXTERNALIZE build/GEDE01/src/game/game_fn_801D8050.o
[468/912] EXTERNALIZE build/GEDE01/src/game/game_fn_801D7C24.o
[469/912] EXTERNALIZE build/GEDE01/src/game/game_fn_8019B1BC.o
[470/912] EXTERNALIZE build/GEDE01/src/game/game_fn_80178F88.o
[471/912] EXTERNALIZE build/GEDE01/src/game/game_fn_801CD228.o
[472/912] EXTERNALIZE build/GEDE01/src/game/game_fn_801C970C.o
[473/912] EXTERNALIZE build/GEDE01/src/game/game_fn_801BA15C.o
[474/912] EXTERNALIZE build/GEDE01/src/game/game_fn_801C9510.o
[475/912] EXTERNALIZE build/GEDE01/src/game/game_fn_80126A00.o
[476/912] EXTERNALIZE build/GEDE01/src/game/game_fn_8013D6A4.o
[477/912] EXTERNALIZE build/GEDE01/src/game/game_fn_800C9C60.o
[478/912] EXTERNALIZE build/GEDE01/src/game/game_fn_801B5228.o
[479/912] EXTERNALIZE build/GEDE01/src/game/game_fn_801B4FB4.o
[480/912] EXTERNALIZE build/GEDE01/src/game/game_fn_801C87DC.o
[481/912] EXTERNALIZE build/GEDE01/src/game/game_fn_801B6F1C.o
[482/912] EXTERNALIZE build/GEDE01/src/game/game_fn_801C8CC0.o
[483/912] EXTERNALIZE build/GEDE01/src/game/game_fn_800FD0C8.o
[484/912] EXTERNALIZE build/GEDE01/src/game/game_fn_801BDE7C.o
[485/912] EXTERNALIZE build/GEDE01/src/game/game_fn_801BE0D4.o
[486/912] EXTERNALIZE STATIC POOL build/GEDE01/src/game/game_fn_801C9A08.o
build/GEDE01/src/game/game_fn_801C9A08.o: lbl_80629390 now undefined; section 3 emptied
[487/912] EXTERNALIZE STATIC POOL build/GEDE01/src/game/game_fn_801C9B1C.o
build/GEDE01/src/game/game_fn_801C9B1C.o: lbl_80629390 now undefined; section 3 emptied
[488/912] EXTERNALIZE build/GEDE01/src/game/game_fn_801B941C.o
[489/912] EXTERNALIZE STATIC POOL build/GEDE01/src/game/game_fn_801BD990.o
build/GEDE01/src/game/game_fn_801BD990.o: lbl_80626D80 now undefined; section 6 emptied
[490/912] EXTERNALIZE STATIC POOL build/GEDE01/src/game/game_fn_801B58F0.o
build/GEDE01/src/game/game_fn_801B58F0.o: lbl_8060C020 now undefined; section 3 emptied
[491/912] EXTERNALIZE STATIC POOL build/GEDE01/src/game/game_fn_801B9E7C.o
build/GEDE01/src/game/game_fn_801B9E7C.o: 0 relocation(s) moved from streamInfo to ...bss.0
build/GEDE01/src/game/game_fn_801B9E7C.o: lbl_8061AE48 now undefined; section 6 emptied
[492/912] EXTERNALIZE STATIC POOL build/GEDE01/src/game/game_fn_801BB1A0.o
build/GEDE01/src/game/game_fn_801BB1A0.o: 0 relocation(s) moved from streamInfo to ...bss.0
build/GEDE01/src/game/game_fn_801BB1A0.o: lbl_8061AE48 now undefined; section 6 emptied
[493/912] EXTERNALIZE STATIC build/GEDE01/src/game/game_fn_801B35BC.o
build/GEDE01/src/game/game_fn_801B35BC.o: lbl_8060D420 now undefined; section 6 emptied
[494/912] EXTERNALIZE STATIC POOL build/GEDE01/src/game/game_fn_801BA708.o
build/GEDE01/src/game/game_fn_801BA708.o: 0 relocation(s) moved from streamInfo to ...bss.0
build/GEDE01/src/game/game_fn_801BA708.o: lbl_8061AE48 now undefined; section 6 emptied
[495/912] EXTERNALIZE STATIC POOL build/GEDE01/src/game/game_fn_801BC8F4.o
build/GEDE01/src/game/game_fn_801BC8F4.o: lbl_8061C748 now undefined; section 6 emptied
[496/912] EXTERNALIZE STATIC build/GEDE01/src/game/game_fn_801BC240.o
build/GEDE01/src/game/game_fn_801BC240.o: lbl_8061C748 now undefined; section 6 emptied
[497/912] EXTERNALIZE STATIC POOL build/GEDE01/src/game/game_fn_801BCC04.o
build/GEDE01/src/game/game_fn_801BCC04.o: lbl_8061C748 now undefined; section 6 emptied
[498/912] EXTERNALIZE STATIC POOL build/GEDE01/src/game/game_fn_801BC0D4.o
build/GEDE01/src/game/game_fn_801BC0D4.o: lbl_8061C748 now undefined; section 6 emptied
[499/912] EXTERNALIZE STATIC POOL build/GEDE01/src/game/game_fn_801C1CB0.o
build/GEDE01/src/game/game_fn_801C1CB0.o: lbl_80626DA0 now undefined; section 3 emptied
[500/912] RENAME build/GEDE01/src/game/game_InitMetroTRKCommTable.o
[501/912] EXTERNALIZE STATIC POOL build/GEDE01/src/game/game_fn_801CE09C.o
build/GEDE01/src/game/game_fn_801CE09C.o: lbl_80631340 now undefined; section 6 emptied
[502/912] RENAME RUNTIME INTRINSICS build/GEDE01/src/game/game_fn_801CB4F8.o
[503/912] EXTERNALIZE STATIC POOL build/GEDE01/src/game/game_fn_8010242C.o
build/GEDE01/src/game/game_fn_8010242C.o: lbl_8032CC08 now undefined; section 3 emptied
[504/912] EXTERNALIZE build/GEDE01/src/game/game_fn_801D3988.o
[505/912] EXTERNALIZE build/GEDE01/src/game/game_fn_801D1B10.o
[506/912] ALIGN DATA build/GEDE01/src/game/game_fn_80008014.o
[507/912] EXTERNALIZE build/GEDE01/src/game/game_fn_801CE594.o
[508/912] EXTERNALIZE build/GEDE01/src/game/game_fn_8014549C.o
[509/912] EXTERNALIZE build/GEDE01/src/game/game_fn_801C8224.o
[510/912] EXTERNALIZE build/GEDE01/src/game/game_fn_801098C0.o
[511/912] EXTERNALIZE build/GEDE01/src/game/game_fn_8000FDE8.o
[512/912] EXTERNALIZE build/GEDE01/src/game/game_fn_80185F10.o
[513/912] EXTERNALIZE build/GEDE01/src/game/game_fn_801C29BC.o
[514/912] EXTERNALIZE build/GEDE01/src/game/game_fn_801C8F50.o
[515/912] EXTERNALIZE build/GEDE01/src/game/game_fn_8007B828.o
[516/912] EXTERNALIZE build/GEDE01/src/game/game_fn_801C90A4.o
[517/912] EXTERNALIZE build/GEDE01/src/game/game_fn_801C8160.o
[518/912] EXTERNALIZE build/GEDE01/src/game/game_fn_801C2AAC.o
[519/912] EXTERNALIZE build/GEDE01/src/game/game_fn_801C2D9C.o
[520/912] EXTERNALIZE build/GEDE01/src/game/game_fn_801C2980.o
[521/912] EXTERNALIZE build/GEDE01/src/game/game_fn_801B02F0.o
[522/912] EXTERNALIZE build/GEDE01/src/game/game_fn_801AFA74.o
[523/912] EXTERNALIZE build/GEDE01/src/game/game_fn_801AC8AC.o
[524/912] EXTERNALIZE build/GEDE01/src/game/game_fn_801ABD3C.o
[525/912] EXTERNALIZE build/GEDE01/src/game/game_fn_801816D4.o
[526/912] EXTERNALIZE build/GEDE01/src/game/game_fn_8011F140.o
[527/912] EXTERNALIZE build/GEDE01/src/game/game_fn_801AD08C.o
[528/912] EXTERNALIZE build/GEDE01/src/game/game_fn_8004998C.o
[529/912] EXTERNALIZE build/GEDE01/src/game/game_fn_80079AA4.o
[530/912] EXTERNALIZE build/GEDE01/src/game/game_fn_80158D38.o
[531/912] EXTERNALIZE build/GEDE01/src/game/game_fn_801A3A78.o
[532/912] EXTERNALIZE build/GEDE01/src/game/game_fn_8008F224.o
[533/912] EXTERNALIZE build/GEDE01/src/game/game_fn_80167454.o
[534/912] EXTERNALIZE build/GEDE01/src/game/game_fn_800AF230.o
[535/912] EXTERNALIZE build/GEDE01/src/game/game_fn_801A93E8.o
[536/912] EXTERNALIZE build/GEDE01/src/game/game_fn_801AB154.o
[537/912] EXTERNALIZE build/GEDE01/src/game/game_fn_801A7E04.o
[538/912] EXTERNALIZE build/GEDE01/src/game/game_fn_801A7EA8.o
[539/912] EXTERNALIZE build/GEDE01/src/game/game_fn_801A6CB4.o
[540/912] EXTERNALIZE build/GEDE01/src/game/game_fn_801A4CE0.o
[541/912] EXTERNALIZE build/GEDE01/src/game/game_fn_801A6C58.o
[542/912] NAME JUMPTABLE build/GEDE01/src/game/game_fn_801A6ADC.o
[543/912] EXTERNALIZE build/GEDE01/src/game/game_fn_801A6410.o
[544/912] EXTERNALIZE build/GEDE01/src/game/game_fn_801A5FB0.o
[545/912] EXTERNALIZE build/GEDE01/src/game/game_fn_801A1F18.o
[546/912] EXTERNALIZE build/GEDE01/src/game/game_fn_8019E5E4.o
[547/912] EXTERNALIZE build/GEDE01/src/game/game_fn_8019E8C8.o
[548/912] EXTERNALIZE build/GEDE01/src/game/game_fn_8019CFC4.o
[549/912] EXTERNALIZE build/GEDE01/src/game/game_fn_8019CC28.o
[550/912] EXTERNALIZE build/GEDE01/src/game/game_fn_80198BF4.o
[551/912] EXTERNALIZE build/GEDE01/src/game/game_fn_801991E0.o
[552/912] EXTERNALIZE build/GEDE01/src/game/game_fn_80198154.o
[553/912] EXTERNALIZE build/GEDE01/src/game/game_fn_80198AAC.o
[554/912] EXTERNALIZE build/GEDE01/src/game/game_fn_80194F80.o
[555/912] EXTERNALIZE build/GEDE01/src/game/game_fn_80197910.o
[556/912] EXTERNALIZE build/GEDE01/src/game/game_fn_80177434.o
repointed 2 relocations to lbl_80250588
[557/912] EXTERNALIZE build/GEDE01/src/game/game_fn_80193E1C.o
[558/912] EXTERNALIZE build/GEDE01/src/game/game_fn_801931C4.o
[559/912] EXTERNALIZE build/GEDE01/src/game/game_fn_80193F3C.o
[560/912] EXTERNALIZE build/GEDE01/src/game/game_fn_80192F54.o
[561/912] EXTERNALIZE build/GEDE01/src/game/game_fn_80191F58.o
[562/912] EXTERNALIZE build/GEDE01/src/game/game_fn_8019197C.o
[563/912] EXTERNALIZE build/GEDE01/src/game/game_fn_80191360.o
[564/912] GLOBALIZE build/GEDE01/src/game/game_fn_8018F1D0.o
[565/912] EXTERNALIZE build/GEDE01/src/game/game_fn_8018D688.o
[566/912] EXTERNALIZE build/GEDE01/src/game/game_fn_8018F81C.o
[567/912] EXTERNALIZE build/GEDE01/src/game/game_fn_8018D2E0.o
[568/912] EXTERNALIZE build/GEDE01/src/game/game_fn_80189968.o
[569/912] EXTERNALIZE build/GEDE01/src/game/game_fn_80189760.o
[570/912] EXTERNALIZE build/GEDE01/src/game/game_fn_8018D1F0.o
[571/912] EXTERNALIZE build/GEDE01/src/game/game_fn_801896A0.o
[572/912] EXTERNALIZE build/GEDE01/src/game/game_fn_801895E8.o
[573/912] EXTERNALIZE build/GEDE01/src/game/game_fn_80189390.o
[574/912] EXTERNALIZE build/GEDE01/src/game/game_fn_801891D8.o
[575/912] EXTERNALIZE build/GEDE01/src/game/game_fn_80188E28.o
[576/912] EXTERNALIZE build/GEDE01/src/game/game_fn_80189028.o
[577/912] EXTERNALIZE build/GEDE01/src/game/game_fn_80188B44.o
[578/912] EXTERNALIZE build/GEDE01/src/game/game_fn_80188C1C.o
[579/912] EXTERNALIZE build/GEDE01/src/game/game_fn_80188A7C.o
[580/912] EXTERNALIZE build/GEDE01/src/game/game_fn_801878E0.o
[581/912] EXTERNALIZE build/GEDE01/src/game/game_fn_80187120.o
[582/912] EXTERNALIZE build/GEDE01/src/game/game_fn_8018FEDC.o
[583/912] EXTERNALIZE build/GEDE01/src/game/game_fn_80186E10.o
[584/912] EXTERNALIZE build/GEDE01/src/game/game_fn_801865EC.o
[585/912] EXTERNALIZE build/GEDE01/src/game/game_fn_80185AE8.o
[586/912] EXTERNALIZE build/GEDE01/src/game/game_fn_80180DDC.o
[587/912] EXTERNALIZE build/GEDE01/src/game/game_fn_801859FC.o
[588/912] EXTERNALIZE build/GEDE01/src/game/game_fn_8017E850.o
[589/912] EXTERNALIZE build/GEDE01/src/game/game_fn_8017E958.o
[590/912] EXTERNALIZE build/GEDE01/src/game/game_fn_801770F8.o
[591/912] EXTERNALIZE build/GEDE01/src/game/game_fn_8017718C.o
[592/912] EXTERNALIZE build/GEDE01/src/game/game_fn_80176FA0.o
[593/912] EXTERNALIZE build/GEDE01/src/game/game_fn_80176DF4.o
[594/912] EXTERNALIZE build/GEDE01/src/game/game_fn_80173F04.o
[595/912] EXTERNALIZE build/GEDE01/src/game/game_fn_80174358.o
[596/912] EXTERNALIZE build/GEDE01/src/game/game_fn_80174184.o
[597/912] EXTERNALIZE build/GEDE01/src/game/game_fn_8017553C.o
[598/912] EXTERNALIZE build/GEDE01/src/game/game_fn_80173D44.o
[599/912] EXTERNALIZE build/GEDE01/src/game/game_fn_80173770.o
[600/912] EXTERNALIZE build/GEDE01/src/game/game_fn_801734B4.o
[601/912] EXTERNALIZE build/GEDE01/src/game/game_fn_80173270.o
[602/912] EXTERNALIZE build/GEDE01/src/game/game_fn_80172DB8.o
[603/912] EXTERNALIZE build/GEDE01/src/game/game_fn_80172C78.o
[604/912] EXTERNALIZE build/GEDE01/src/game/game_fn_80172BB0.o
[605/912] EXTERNALIZE build/GEDE01/src/game/game_fn_801726EC.o
[606/912] EXTERNALIZE build/GEDE01/src/game/game_fn_8017250C.o
[607/912] EXTERNALIZE build/GEDE01/src/game/game_fn_80171F30.o
[608/912] EXTERNALIZE build/GEDE01/src/game/game_fn_801719B4.o
[609/912] EXTERNALIZE build/GEDE01/src/game/game_fn_801718F4.o
[610/912] EXTERNALIZE build/GEDE01/src/game/game_fn_80171664.o
[611/912] EXTERNALIZE build/GEDE01/src/game/game_fn_8017138C.o
[612/912] EXTERNALIZE build/GEDE01/src/game/game_fn_80170A40.o
[613/912] NORMALIZE build/GEDE01/src/game/game_TRKNubWelcome.o
[614/912] NORMALIZE build/GEDE01/src/game/game_TRK_main.o
[615/912] NORMALIZE build/GEDE01/src/game/game_data_80239E10.o
[616/912] NORMALIZE build/GEDE01/src/game/game_data_80239E18.o
[617/912] EXTERNALIZE build/GEDE01/src/game/game_fn_801706DC.o
[618/912] EXTERNALIZE build/GEDE01/src/game/game_fn_80170E9C.o
[619/912] EXTERNALIZE build/GEDE01/src/game/game_fn_8017652C.o
[620/912] EXTERNALIZE build/GEDE01/src/game/game_fn_80175E64.o
[621/912] EXTERNALIZE build/GEDE01/src/game/game_fn_80175F0C.o
[622/912] EXTERNALIZE build/GEDE01/src/game/game_fn_80175FD4.o
[623/912] EXTERNALIZE build/GEDE01/src/game/game_fn_80176098.o
[624/912] EXTERNALIZE build/GEDE01/src/game/game_fn_80176160.o
[625/912] EXTERNALIZE build/GEDE01/src/game/game_fn_80176220.o
[626/912] EXTERNALIZE build/GEDE01/src/game/game_fn_80170DF4.o
[627/912] EXTERNALIZE build/GEDE01/src/game/game_fn_801762E8.o
[628/912] EXTERNALIZE build/GEDE01/src/game/game_fn_8016E8F8.o
[629/912] EXTERNALIZE build/GEDE01/src/game/game_fn_8016FEF8.o
[630/912] EXTERNALIZE build/GEDE01/src/game/game_fn_801704F8.o
[631/912] NORMALIZE build/GEDE01/src/game/game_fn_8016DF4C.o
[632/912] EXTERNALIZE build/GEDE01/src/game/game_fn_8016D2B8.o
[633/912] EXTERNALIZE build/GEDE01/src/game/game_fn_8016D040.o
[634/912] EXTERNALIZE build/GEDE01/src/game/game_fn_8016D1F8.o
[635/912] EXTERNALIZE build/GEDE01/src/game/game_fn_8016C774.o
[636/912] EXTERNALIZE build/GEDE01/src/game/game_fn_8016C4BC.o
[637/912] EXTERNALIZE build/GEDE01/src/game/game_fn_8016C238.o
[638/912] EXTERNALIZE build/GEDE01/src/game/game_fn_8016C164.o
[639/912] EXTERNALIZE build/GEDE01/src/game/game_fn_8016C0BC.o
[640/912] EXTERNALIZE build/GEDE01/src/game/game_fn_8017038C.o
[641/912] EXTERNALIZE build/GEDE01/src/game/game_fn_8016BE1C.o
[642/912] EXTERNALIZE build/GEDE01/src/game/game_fn_8016BF60.o
[643/912] EXTERNALIZE build/GEDE01/src/game/game_fn_8016BD0C.o
[644/912] EXTERNALIZE build/GEDE01/src/game/game_fn_80169650.o
[645/912] EXTERNALIZE build/GEDE01/src/game/game_fn_80167B5C.o
[646/912] EXTERNALIZE build/GEDE01/src/game/game_fn_8015EDC0.o
[647/912] EXTERNALIZE build/GEDE01/src/game/game_fn_8015DC54.o
[648/912] EXTERNALIZE build/GEDE01/src/game/game_fn_8015DB84.o
[649/912] EXTERNALIZE build/GEDE01/src/game/game_fn_80179398.o
[650/912] EXTERNALIZE build/GEDE01/src/game/game_fn_80158B20.o
[651/912] EXTERNALIZE build/GEDE01/src/game/game_fn_8017960C.o
[652/912] EXTERNALIZE build/GEDE01/src/game/game_fn_8017974C.o
[653/912] EXTERNALIZE build/GEDE01/src/game/game_fn_80179904.o
[654/912] EXTERNALIZE build/GEDE01/src/game/game_fn_8017A9B8.o
[655/912] EXTERNALIZE build/GEDE01/src/game/game_fn_80179A18.o
[656/912] EXTERNALIZE build/GEDE01/src/game/game_fn_80179A74.o
[657/912] EXTERNALIZE build/GEDE01/src/game/game_fn_80179EB8.o
[658/912] EXTERNALIZE build/GEDE01/src/game/game_fn_80179F20.o
[659/912] EXTERNALIZE build/GEDE01/src/game/game_fn_8017A010.o
[660/912] EXTERNALIZE build/GEDE01/src/game/game_fn_8017A12C.o
[661/912] EXTERNALIZE build/GEDE01/src/game/game_fn_80157C0C.o
[662/912] EXTERNALIZE build/GEDE01/src/game/game_fn_8017A1C0.o
[663/912] EXTERNALIZE build/GEDE01/src/game/game_fn_80155814.o
[664/912] EXTERNALIZE build/GEDE01/src/game/game_fn_80153898.o
[665/912] EXTERNALIZE build/GEDE01/src/game/game_fn_8014B494.o
[666/912] EXTERNALIZE build/GEDE01/src/game/game_fn_8014AF38.o
[667/912] EXTERNALIZE build/GEDE01/src/game/game_fn_8012DB28.o
[668/912] EXTERNALIZE build/GEDE01/src/game/game_fn_801141B8.o
[669/912] EXTERNALIZE build/GEDE01/src/game/game_fn_801128E4.o
[670/912] EXTERNALIZE build/GEDE01/src/game/game_fn_801126E0.o
[671/912] EXTERNALIZE build/GEDE01/src/game/game_fn_8010F184.o
[672/912] EXTERNALIZE build/GEDE01/src/game/game_fn_800E4980.o
[673/912] EXTERNALIZE build/GEDE01/src/game/game_fn_800C17EC.o
[674/912] EXTERNALIZE build/GEDE01/src/game/game_fn_800C030C.o
[675/912] EXTERNALIZE build/GEDE01/src/game/game_fn_800C59F0.o
[676/912] EXTERNALIZE build/GEDE01/src/game/game_fn_800C644C.o
[677/912] EXTERNALIZE build/GEDE01/src/game/game_fn_800C65FC.o
[678/912] EXTERNALIZE build/GEDE01/src/game/game_fn_800CB760.o
[679/912] EXTERNALIZE build/GEDE01/src/game/game_fn_800CB8F4.o
[680/912] EXTERNALIZE build/GEDE01/src/game/game_fn_80078500.o
[681/912] EXTERNALIZE build/GEDE01/src/game/game_fn_80079908.o
[682/912] EXTERNALIZE build/GEDE01/src/game/game_fn_8007B2F4.o
[683/912] EXTERNALIZE build/GEDE01/src/game/game_fn_8007B540.o
[684/912] EXTERNALIZE build/GEDE01/src/game/game_fn_8007B640.o
[685/912] EXTERNALIZE build/GEDE01/src/game/game_fn_8007BA3C.o
[686/912] EXTERNALIZE build/GEDE01/src/game/game_fn_800886D8.o
[687/912] EXTERNALIZE build/GEDE01/src/game/game_fn_800934A0.o
[688/912] EXTERNALIZE build/GEDE01/src/game/game_fn_800A3894.o
[689/912] EXTERNALIZE build/GEDE01/src/game/game_fn_800A4798.o
[690/912] EXTERNALIZE build/GEDE01/src/game/game_fn_800A7E88.o
[691/912] GLOBALIZE build/GEDE01/src/game/game_fn_800A2130.o
[692/912] EXTERNALIZE build/GEDE01/src/game/game_fn_8009C424.o
[693/912] EXTERNALIZE build/GEDE01/src/game/game_fn_800A2FCC.o
[694/912] EXTERNALIZE SWITCHES build/GEDE01/src/game/game_fn_80095FDC.o
[695/912] GLOBALIZE build/GEDE01/src/game/game_fn_8008F890.o
[696/912] EXTERNALIZE build/GEDE01/src/game/game_fn_80096830.o
[697/912] EXTERNALIZE build/GEDE01/src/game/game_fn_80074310.o
[698/912] EXTERNALIZE build/GEDE01/src/game/game_fn_800A4428.o
[699/912] GLOBALIZE build/GEDE01/src/game/game_fn_8005FD84.o
[700/912] EXTERNALIZE build/GEDE01/src/game/game_fn_80066888.o
[701/912] EXTERNALIZE build/GEDE01/src/game/game_fn_8005EC6C.o
[702/912] EXTERNALIZE build/GEDE01/src/game/game_fn_80048B24.o
[703/912] EXTERNALIZE build/GEDE01/src/game/game_fn_80052310.o
[704/912] NAME SWITCH build/GEDE01/src/game/game_fn_80020E94.o
[705/912] NAME SWITCH build/GEDE01/src/game/game_fn_8005EE9C.o
[706/912] NAME SWITCH build/GEDE01/src/game/game_fn_8016D9C0.o
[707/912] NAME SWITCH build/GEDE01/src/game/game_fn_80071A58.o
[708/912] EXTERNALIZE build/GEDE01/src/game/game_fn_80048ADC.o
[709/912] NAME SWITCH build/GEDE01/src/game/game_fn_8006B620.o
[710/912] NAME SWITCH build/GEDE01/src/game/game_fn_8001FE1C.o
[711/912] NAME SWITCH build/GEDE01/src/game/game_fn_8001E644.o
[712/912] EXTERNALIZE build/GEDE01/src/game/game_fn_80038878.o
[713/912] EXTERNALIZE build/GEDE01/src/game/game_fn_801B46C8.o
build/GEDE01/src/game/game_fn_801B46C8.o: lbl_8060C020 now undefined; section 6 emptied
[714/912] EXTERNALIZE build/GEDE01/src/game/game_fn_80036C40.o
[715/912] EXTERNALIZE build/GEDE01/src/game/game_fn_800359A0.o
[716/912] EXTERNALIZE build/GEDE01/src/game/game_fn_80033180.o
[717/912] EXTERNALIZE build/GEDE01/src/game/game_fn_80033038.o
[718/912] EXTERNALIZE build/GEDE01/src/game/game_fn_80032B84.o
[719/912] EXTERNALIZE build/GEDE01/src/game/game_fn_8003232C.o
[720/912] EXTERNALIZE build/GEDE01/src/game/game_fn_8002E3F0.o
[721/912] EXTERNALIZE build/GEDE01/src/game/game_fn_8002DAE0.o
[722/912] EXTERNALIZE build/GEDE01/src/game/game_fn_8002EA68.o
[723/912] GLOBALIZE build/GEDE01/src/game/game_fn_8002B748.o
[724/912] EXTERNALIZE build/GEDE01/src/game/game_fn_8002F428.o
[725/912] NAME SWITCHES build/GEDE01/src/game/game_fn_80024F28.o
[726/912] EXTERNALIZE build/GEDE01/src/game/game_fn_800272B4.o
[727/912] EXTERNALIZE build/GEDE01/src/game/game_fn_8001CE94.o
[728/912] EXTERNALIZE build/GEDE01/src/game/game_fn_8001CD58.o
[729/912] EXTERNALIZE build/GEDE01/src/game/game_fn_8001C078.o
[730/912] EXTERNALIZE build/GEDE01/src/game/game_fn_8001B874.o
[731/912] EXTERNALIZE build/GEDE01/src/game/game_fn_8001B808.o
[732/912] EXTERNALIZE build/GEDE01/src/game/game_fn_8001B294.o
[733/912] EXTERNALIZE build/GEDE01/src/game/game_fn_8001B124.o
[734/912] EXTERNALIZE build/GEDE01/src/game/game_fn_8001ADF8.o
[735/912] EXTERNALIZE build/GEDE01/src/game/game_fn_8001AF68.o
[736/912] EXTERNALIZE build/GEDE01/src/game/game_fn_8001AAB8.o
[737/912] EXTERNALIZE build/GEDE01/src/game/game_fn_8001A6C4.o
[738/912] EXTERNALIZE build/GEDE01/src/game/game_fn_80019F98.o
[739/912] EXTERNALIZE build/GEDE01/src/game/game_fn_80019D2C.o
[740/912] EXTERNALIZE build/GEDE01/src/game/game_fn_80019C10.o
[741/912] EXTERNALIZE build/GEDE01/src/game/game_fn_80019940.o
[742/912] EXTERNALIZE build/GEDE01/src/game/game_fn_800194D0.o
[743/912] EXTERNALIZE build/GEDE01/src/game/game_fn_80019244.o
[744/912] EXTERNALIZE build/GEDE01/src/game/game_fn_80019054.o
[745/912] EXTERNALIZE build/GEDE01/src/game/game_fn_80018EF4.o
[746/912] EXTERNALIZE build/GEDE01/src/game/game_fn_80017DB0.o
[747/912] EXTERNALIZE build/GEDE01/src/game/game_fn_80017CC8.o
[748/912] EXTERNALIZE build/GEDE01/src/game/game_fn_80017C3C.o
[749/912] EXTERNALIZE build/GEDE01/src/game/game_fn_80017AE4.o
[750/912] EXTERNALIZE build/GEDE01/src/game/game_fn_80017A3C.o
[751/912] EXTERNALIZE build/GEDE01/src/game/game_fn_800179AC.o
[752/912] EXTERNALIZE build/GEDE01/src/game/game_fn_80017910.o
[753/912] EXTERNALIZE FLAGS build/GEDE01/src/game/game_fn_800119FC.o
[754/912] EXTERNALIZE build/GEDE01/src/game/game_fn_8000FFD8.o
[755/912] EXTERNALIZE build/GEDE01/src/game/game_fn_8000F4B0.o
[756/912] EXTERNALIZE build/GEDE01/src/game/game_fn_8000EFC4.o
[757/912] GLOBALIZE build/GEDE01/src/game/game_fn_800094C0.o
[758/912] EXTERNALIZE build/GEDE01/src/game/game_fn_800096E0.o
[759/912] EXTERNALIZE build/GEDE01/src/game/game_fn_800098C0.o
[760/912] EXTERNALIZE build/GEDE01/src/game/game_fn_80009AB4.o
[761/912] EXTERNALIZE build/GEDE01/src/game/game_fn_800099D8.o
[762/912] EXTERNALIZE build/GEDE01/src/game/game_fn_8000A26C.o
[763/912] EXTERNALIZE build/GEDE01/src/game/game_fn_800171C0.o
[764/912] EXTERNALIZE build/GEDE01/src/game/game_fn_800176F0.o
[765/912] EXTERNALIZE build/GEDE01/src/game/game_fn_8000AC88.o
[766/912] EXTERNALIZE build/GEDE01/src/game/game_fn_8000AFB4.o
[767/912] EXTERNALIZE build/GEDE01/src/game/game_fn_8000AEB4.o
[768/912] EXTERNALIZE build/GEDE01/src/game/game_fn_8000B1B8.o
[769/912] EXTERNALIZE build/GEDE01/src/game/game_fn_8000B36C.o
[770/912] EXTERNALIZE build/GEDE01/src/game/game_fn_8000B630.o
[771/912] EXTERNALIZE build/GEDE01/src/game/game_fn_8000B7FC.o
[772/912] EXTERNALIZE build/GEDE01/src/game/game_fn_8000BA0C.o
[773/912] EXTERNALIZE build/GEDE01/src/game/game_fn_8000B900.o
[774/912] EXTERNALIZE build/GEDE01/src/game/game_fn_8000BC40.o
[775/912] EXTERNALIZE build/GEDE01/src/game/game_fn_8000BAA0.o
[776/912] EXTERNALIZE build/GEDE01/src/game/game_fn_8000C17C.o
[777/912] EXTERNALIZE build/GEDE01/src/game/game_fn_8000C06C.o
[778/912] EXTERNALIZE build/GEDE01/src/game/game_fn_8000C400.o
[779/912] EXTERNALIZE build/GEDE01/src/game/game_fn_8000C848.o
[780/912] EXTERNALIZE build/GEDE01/src/game/game_fn_8000C91C.o
[781/912] EXTERNALIZE build/GEDE01/src/game/game_fn_8000D0BC.o
[782/912] NAME SWITCH build/GEDE01/src/game/game_fn_8000D8A4.o
[783/912] EXTERNALIZE build/GEDE01/src/game/game_fn_8000D3D4.o
[784/912] EXTERNALIZE build/GEDE01/src/game/game_fn_8000E054.o
[785/912] EXTERNALIZE build/GEDE01/src/game/game_fn_8000E0AC.o
[786/912] EXTERNALIZE build/GEDE01/src/game/game_fn_8000E96C.o
[787/912] EXTERNALIZE build/GEDE01/src/game/game_fn_8000F774.o
[788/912] EXTERNALIZE build/GEDE01/src/game/game_fn_8000EB14.o
[789/912] EXTERNALIZE build/GEDE01/src/game/game_fn_8000EBD4.o
[790/912] EXTERNALIZE build/GEDE01/src/game/game_fn_8000ED44.o
[791/912] EXTERNALIZE build/GEDE01/src/game/game_fn_8000E138.o
[792/912] EXTERNALIZE build/GEDE01/src/game/game_fn_8000E1C4.o
[793/912] EXTERNALIZE build/GEDE01/src/game/game_fn_8000D590.o
[794/912] EXTERNALIZE build/GEDE01/src/game/game_fn_8000DA50.o
[795/912] EXTERNALIZE build/GEDE01/src/game/game_fn_8000DAF4.o
[796/912] EXTERNALIZE build/GEDE01/src/game/game_fn_80012DA8.o
[797/912] EXTERNALIZE build/GEDE01/src/game/game_fn_80012F40.o
[798/912] EXTERNALIZE build/GEDE01/src/game/game_fn_80012FD0.o
[799/912] EXTERNALIZE build/GEDE01/src/game/game_fn_800131E8.o
[800/912] EXTERNALIZE build/GEDE01/src/game/game_fn_80013340.o
[801/912] EXTERNALIZE build/GEDE01/src/game/game_fn_80013870.o
[802/912] EXTERNALIZE build/GEDE01/src/game/game_fn_80013CB0.o
[803/912] EXTERNALIZE build/GEDE01/src/game/game_fn_80013D54.o
[804/912] EXTERNALIZE build/GEDE01/src/game/game_fn_800142DC.o
[805/912] EXTERNALIZE build/GEDE01/src/game/game_fn_800144CC.o
[806/912] EXTERNALIZE build/GEDE01/src/game/game_fn_80014784.o
[807/912] EXTERNALIZE build/GEDE01/src/game/game_fn_800149D4.o
[808/912] EXTERNALIZE build/GEDE01/src/game/game_fn_80015058.o
[809/912] EXTERNALIZE build/GEDE01/src/game/game_fn_80015320.o
[810/912] EXTERNALIZE build/GEDE01/src/game/game_fn_80015568.o
[811/912] EXTERNALIZE build/GEDE01/src/game/game_fn_800156FC.o
[812/912] EXTERNALIZE build/GEDE01/src/game/game_fn_80015BE0.o
[813/912] EXTERNALIZE build/GEDE01/src/game/game_fn_80015D40.o
[814/912] EXTERNALIZE build/GEDE01/src/game/game_fn_80015F04.o
[815/912] EXTERNALIZE build/GEDE01/src/game/game_fn_80016128.o
[816/912] EXTERNALIZE build/GEDE01/src/game/game_fn_80016270.o
[817/912] EXTERNALIZE build/GEDE01/src/game/game_fn_80016904.o
[818/912] EXTERNALIZE build/GEDE01/src/game/game_fn_800173CC.o
[819/912] EXTERNALIZE build/GEDE01/src/game/game_fn_80016B24.o
[820/912] EXTERNALIZE build/GEDE01/src/game/game_fn_801BEF40.o
[821/912] EXTERNALIZE build/GEDE01/src/game/game_fn_801B86C0.o
[822/912] EXTERNALIZE STATIC POOL build/GEDE01/src/game/game_fn_801C4B5C.o
build/GEDE01/src/game/game_fn_801C4B5C.o: lbl_80628CB0 now undefined; section 6 emptied
[823/912] EXTERNALIZE build/GEDE01/src/game/game_fn_801C8600.o
[824/912] EXTERNALIZE build/GEDE01/src/game/game_fn_801E7014.o
[825/912] EXTERNALIZE build/GEDE01/src/game/game_fn_8014BA14.o
[826/912] EXTERNALIZE build/GEDE01/src/game/game_fn_801A4430.o
[827/912] EXTERNALIZE build/GEDE01/src/game/game_fn_800B2EC0.o
[828/912] EXTERNALIZE build/GEDE01/src/game/game_fn_8001CA04.o
[829/912] EXTERNALIZE build/GEDE01/src/game/game_fn_80031544.o
[830/912] EXTERNALIZE build/GEDE01/src/game/game_fn_8006B0F0.o
[831/912] EXTERNALIZE build/GEDE01/src/game/game_fn_8007D4D8.o
[832/912] EXTERNALIZE build/GEDE01/src/game/game_fn_8007F770.o
[833/912] EXTERNALIZE build/GEDE01/src/game/game_fn_80088F4C.o
[834/912] EXTERNALIZE build/GEDE01/src/game/game_fn_8008A2E0.o
[835/912] EXTERNALIZE build/GEDE01/src/game/game_fn_80089A34.o
[836/912] EXTERNALIZE build/GEDE01/src/game/game_fn_80090004.o
[837/912] EXTERNALIZE build/GEDE01/src/game/game_fn_80095D10.o
[838/912] EXTERNALIZE build/GEDE01/src/game/game_fn_800A3180.o
[839/912] EXTERNALIZE build/GEDE01/src/game/game_fn_800BB7A8.o
[840/912] EXTERNALIZE build/GEDE01/src/game/game_fn_800BB5C4.o
[841/912] EXTERNALIZE build/GEDE01/src/game/game_fn_800BB9A4.o
[842/912] EXTERNALIZE build/GEDE01/src/game/game_fn_800BBAF0.o
[843/912] EXTERNALIZE build/GEDE01/src/game/game_fn_800D9064.o
[844/912] EXTERNALIZE build/GEDE01/src/game/game_fn_800D9E10.o
[845/912] EXTERNALIZE build/GEDE01/src/game/game_fn_8012976C.o
[846/912] EXTERNALIZE build/GEDE01/src/game/game_fn_8013DB8C.o
[847/912] EXTERNALIZE build/GEDE01/src/game/game_fn_8013CBE4.o
[848/912] EXTERNALIZE build/GEDE01/src/game/game_fn_8014CA98.o
[849/912] EXTERNALIZE build/GEDE01/src/game/game_fn_80153A24.o
[850/912] EXTERNALIZE build/GEDE01/src/game/game_fn_801535D8.o
[851/912] EXTERNALIZE build/GEDE01/src/game/game_fn_80174F2C.o
[852/912] EXTERNALIZE build/GEDE01/src/game/game_fn_801752B0.o
[853/912] EXTERNALIZE build/GEDE01/src/game/game_fn_8017AC20.o
[854/912] EXTERNALIZE build/GEDE01/src/game/game_fn_801861C4.o
[855/912] EXTERNALIZE build/GEDE01/src/game/game_fn_8018680C.o
[856/912] EXTERNALIZE build/GEDE01/src/game/game_fn_80186F70.o
[857/912] EXTERNALIZE build/GEDE01/src/game/game_fn_80187320.o
[858/912] EXTERNALIZE build/GEDE01/src/game/game_fn_801810A0.o
[859/912] EXTERNALIZE build/GEDE01/src/game/game_fn_801875FC.o
[860/912] EXTERNALIZE build/GEDE01/src/game/game_fn_800542D0.o
[861/912] EXTERNALIZE build/GEDE01/src/game/game_fn_80189C14.o
[862/912] EXTERNALIZE build/GEDE01/src/game/game_fn_80187BB4.o
[863/912] EXTERNALIZE build/GEDE01/src/game/game_fn_8018C2D0.o
[864/912] EXTERNALIZE build/GEDE01/src/game/game_fn_8018D400.o
[865/912] EXTERNALIZE build/GEDE01/src/game/game_fn_8018E0D8.o
[866/912] EXTERNALIZE build/GEDE01/src/game/game_fn_8019120C.o
[867/912] EXTERNALIZE build/GEDE01/src/game/game_fn_8018DC24.o
[868/912] EXTERNALIZE build/GEDE01/src/game/game_fn_801916D0.o
[869/912] EXTERNALIZE build/GEDE01/src/game/game_fn_801926EC.o
[870/912] EXTERNALIZE build/GEDE01/src/game/game_fn_801929A4.o
[871/912] EXTERNALIZE build/GEDE01/src/game/game_fn_801A2A54.o
[872/912] EXTERNALIZE build/GEDE01/src/game/game_fn_801952E8.o
[873/912] EXTERNALIZE build/GEDE01/src/game/game_fn_801A34BC.o
[874/912] EXTERNALIZE build/GEDE01/src/game/game_fn_801A657C.o
[875/912] EXTERNALIZE build/GEDE01/src/game/game_fn_801D1F78.o
[876/912] EXTERNALIZE build/GEDE01/src/game/game_fn_801E2A48.o
[877/912] EXTERNALIZE build/GEDE01/src/game/game_fn_801E6814.o
[878/912] EXTERNALIZE build/GEDE01/src/game/game_fn_801E995C.o
[879/912] EXTERNALIZE build/GEDE01/src/game/game_fn_801F0CB0.o
[880/912] EXTERNALIZE build/GEDE01/src/game/game_fn_801EF580.o
[881/912] EXTERNALIZE build/GEDE01/src/game/game_fn_801F10BC.o
[882/912] EXTERNALIZE build/GEDE01/src/game/game_fn_801F35A8.o
[883/912] EXTERNALIZE build/GEDE01/src/game/game_fn_801ECD74.o
[884/912] EXTERNALIZE build/GEDE01/src/game/game_fn_801ED5F4.o
[885/912] EXTERNALIZE build/GEDE01/src/game/game_fn_801F69F0.o
[886/912] EXTERNALIZE build/GEDE01/src/game/game_fn_801F76EC.o
[887/912] EXTERNALIZE build/GEDE01/src/game/game_fn_801F8264.o
[888/912] EXTERNALIZE build/GEDE01/src/game/game_fn_801F89B4.o
[889/912] EXTERNALIZE build/GEDE01/src/game/game_fn_801F9AF8.o
[890/912] EXTERNALIZE build/GEDE01/src/game/game_fn_801F6BD8.o
[891/912] EXTERNALIZE JUMPTABLES build/GEDE01/src/game/game_fn_800361F8.o
[892/912] EXTERNALIZE build/GEDE01/src/game/game_fn_801FB6A4.o
[893/912] EXTERNALIZE JUMPTABLES build/GEDE01/src/game/game_fn_8006E53C.o
[894/912] EXTERNALIZE JUMPTABLES build/GEDE01/src/game/game_fn_800CF598.o
[895/912] EXTERNALIZE JUMPTABLES build/GEDE01/src/game/game_fn_801ACFE8.o
[896/912] EXTERNALIZE JUMPTABLES build/GEDE01/src/game/game_fn_801B1BA0.o
[897/912] EXTERNALIZE build/GEDE01/src/game/game_fn_80154F74.o
[898/912] EXTERNALIZE build/GEDE01/src/game/game_fn_801E504C.o
[899/912] EXTERNALIZE build/GEDE01/src/game/game_fn_8009E808.o
[900/912] EXTERNALIZE build/GEDE01/src/game/game_fn_801F1A38.o
[901/912] EXTERNALIZE build/GEDE01/src/game/game_fn_801F55A0.o
[902/912] EXTERNALIZE build/GEDE01/src/game/game_fn_801FFE78.o
[903/912] EXTERNALIZE build/GEDE01/src/game/game_fn_801F7510.o
[904/912] EXTERNALIZE build/GEDE01/src/game/game_fn_801F9CF4.o
[905/912] EXTERNALIZE build/GEDE01/src/game/game_fn_801FC034.o
[906/912] EXTERNALIZE build/GEDE01/src/game/game_fn_801FA9C8.o
[907/912] MWCC build/GEDE01/src/game/game_fn_801AD528.o
[908/912] REPORT
 INFO Loading project .
 INFO Generating report for 7068 units (using 8 threads)
 INFO Report generated in 0.176s
 INFO Writing to build/GEDE01/report.json
[909/912] LINK build/GEDE01/main.elf
### mwldeppc.exe Linker Warning:
#   Section '.ignored' is unknown. Section ignored.
### mwldeppc.exe Linker Warning:
#   Section '.ignored' is unknown. Section ignored.
### mwldeppc.exe Linker Warning:
#   Section '.ignored' is unknown. Section ignored.
### mwldeppc.exe Linker Warning:
#   Section '.ignored' is unknown. Section ignored.
### mwldeppc.exe Linker Warning:
#   Section '.ignored' is unknown. Section ignored.
### mwldeppc.exe Linker Warning:
#   Section '.ignored' is unknown. Section ignored.
### mwldeppc.exe Linker Warning:
#   Section '.ignored' is unknown. Section ignored.
### mwldeppc.exe Linker Warning:
#   Section '.ignored' is unknown. Section ignored.
### mwldeppc.exe Linker Warning:
#   Section '.ignored' is unknown. Section ignored.
### mwldeppc.exe Linker Warning:
#   Section '.ignored' is unknown. Section ignored.
### mwldeppc.exe Linker Warning:
#   Section '.ignored' is unknown. Section ignored.
### mwldeppc.exe Linker Warning:
#   Section '.ignored' is unknown. Section ignored.
### mwldeppc.exe Linker Warning:
#   Section '.ignored' is unknown. Section ignored.
### mwldeppc.exe Linker Warning:
#   Section '.ignored' is unknown. Section ignored.
### mwldeppc.exe Linker Warning:
#   Section '.ignored' is unknown. Section ignored.
### mwldeppc.exe Linker Warning:
#   Section '.ignored' is unknown. Section ignored.
### mwldeppc.exe Linker Warning:
#   Section '.ignored' is unknown. Section ignored.
### mwldeppc.exe Linker Warning:
#   Section '.ignored' is unknown. Section ignored.
### mwldeppc.exe Linker Warning:
#   Section '.ignored' is unknown. Section ignored.
### mwldeppc.exe Linker Warning:
#   Section '.ignored' is unknown. Section ignored.
### mwldeppc.exe Linker Warning:
#   Section '.ignored' is unknown. Section ignored.
### mwldeppc.exe Linker Warning:
#   Section '.ignored' is unknown. Section ignored.
### mwldeppc.exe Linker Warning:
#   Section '.ignored' is unknown. Section ignored.
### mwldeppc.exe Linker Warning:
#   Section '.ignored' is unknown. Section ignored.
### mwldeppc.exe Linker Warning:
#   Section '.ignored' is unknown. Section ignored.
### mwldeppc.exe Linker Warning:
#   Section '.ignored' is unknown. Section ignored.
### mwldeppc.exe Linker Warning:
#   Section '.ignored' is unknown. Section ignored.
### mwldeppc.exe Linker Warning:
#   Section '.ignored' is unknown. Section ignored.
### mwldeppc.exe Linker Warning:
#   Section '.ignored' is unknown. Section ignored.
### mwldeppc.exe Linker Warning:
#   Section '.ignored' is unknown. Section ignored.
### mwldeppc.exe Linker Warning:
#   Section '.ignored' is unknown. Section ignored.
### mwldeppc.exe Linker Warning:
#   Section '.ignored' is unknown. Section ignored.
### mwldeppc.exe Linker Warning:
#   Section '.ignored' is unknown. Section ignored.
### mwldeppc.exe Linker Warning:
#   Section '.ignored' is unknown. Section ignored.
### mwldeppc.exe Linker Warning:
#   Section '.ignored' is unknown. Section ignored.
### mwldeppc.exe Linker Warning:
#   Section '.ignored' is unknown. Section ignored.
### mwldeppc.exe Linker Warning:
#   Section '.ignored' is unknown. Section ignored.
### mwldeppc.exe Linker Warning:
#   Section '.ignored' is unknown. Section ignored.
### mwldeppc.exe Linker Warning:
#   Section '.ignored' is unknown. Section ignored.
### mwldeppc.exe Linker Warning:
#   Section '.ignored' is unknown. Section ignored.
### mwldeppc.exe Linker Warning:
#   Section '.ignored' is unknown. Section ignored.
### mwldeppc.exe Linker Warning:
#   Section '.ignored' is unknown. Section ignored.
### mwldeppc.exe Linker Warning:
#   Section '.ignored' is unknown. Section ignored.
### mwldeppc.exe Linker Warning:
#   Section '.ignored' is unknown. Section ignored.
### mwldeppc.exe Linker Warning:
#   Section '.ignored' is unknown. Section ignored.
### mwldeppc.exe Linker Warning:
#   Section '.ignored' is unknown. Section ignored.
### mwldeppc.exe Linker Warning:
#   Section '.ignored' is unknown. Section ignored.
### mwldeppc.exe Linker Warning:
#   Section '.ignored' is unknown. Section ignored.
### mwldeppc.exe Linker Warning:
#   Section '.ignored' is unknown. Section ignored.
### mwldeppc.exe Linker Warning:
#   Section '.ignored' is unknown. Section ignored.
### mwldeppc.exe Linker Warning:
#   Section '.ignored' is unknown. Section ignored.
### mwldeppc.exe Linker Warning:
#   Section '.ignored' is unknown. Section ignored.
### mwldeppc.exe Linker Warning:
#   Section '.ignored' is unknown. Section ignored.
### mwldeppc.exe Linker Warning:
#   Section '.ignored' is unknown. Section ignored.
### mwldeppc.exe Linker Warning:
#   Section '.ignored' is unknown. Section ignored.
### mwldeppc.exe Linker Warning:
#   Section '.ignored' is unknown. Section ignored.
### mwldeppc.exe Linker Warning:
#   Section '.ignored' is unknown. Section ignored.
### mwldeppc.exe Linker Warning:
#   Section '.ignored' is unknown. Section ignored.
### mwldeppc.exe Linker Warning:
#   Section '.ignored' is unknown. Section ignored.
### mwldeppc.exe Linker Warning:
#   Section '.ignored' is unknown. Section ignored.
### mwldeppc.exe Linker Warning:
#   Section '.ignored' is unknown. Section ignored.
### mwldeppc.exe Linker Warning:
#   Section '.ignored' is unknown. Section ignored.
### mwldeppc.exe Linker Warning:
#   Section '.ignored' is unknown. Section ignored.
### mwldeppc.exe Linker Warning:
#   Section '.ignored' is unknown. Section ignored.
### mwldeppc.exe Linker Warning:
#   Section '.ignored' is unknown. Section ignored.
### mwldeppc.exe Linker Warning:
#   Section '.ignored' is unknown. Section ignored.
### mwldeppc.exe Linker Warning:
#   Section '.ignored' is unknown. Section ignored.
### mwldeppc.exe Linker Warning:
#   Section '.ignored' is unknown. Section ignored.
### mwldeppc.exe Linker Warning:
#   Section '.ignored' is unknown. Section ignored.
### mwldeppc.exe Linker Warning:
#   Section '.ignored' is unknown. Section ignored.
### mwldeppc.exe Linker Warning:
#   Section '.ignored' is unknown. Section ignored.
### mwldeppc.exe Linker Warning:
#   Section '.ignored' is unknown. Section ignored.
### mwldeppc.exe Linker Warning:
#   Section '.ignored' is unknown. Section ignored.
### mwldeppc.exe Linker Warning:
#   Section '.ignored' is unknown. Section ignored.
### mwldeppc.exe Linker Warning:
#   Section '.ignored' is unknown. Section ignored.
### mwldeppc.exe Linker Warning:
#   Section '.ignored' is unknown. Section ignored.
### mwldeppc.exe Linker Warning:
#   Section '.ignored' is unknown. Section ignored.
### mwldeppc.exe Linker Warning:
#   Section '.ignored' is unknown. Section ignored.
### mwldeppc.exe Linker Warning:
#   Section '.ignored' is unknown. Section ignored.
### mwldeppc.exe Linker Warning:
#   Section '.ignored' is unknown. Section ignored.
### mwldeppc.exe Linker Warning:
#   Section '.ignored' is unknown. Section ignored.
### mwldeppc.exe Linker Warning:
#   Section '.ignored' is unknown. Section ignored.
### mwldeppc.exe Linker Warning:
#   Section '.ignored' is unknown. Section ignored.
### mwldeppc.exe Linker Warning:
#   Section '.ignored' is unknown. Section ignored.
### mwldeppc.exe Linker Warning:
#   Section '.ignored' is unknown. Section ignored.
### mwldeppc.exe Linker Warning:
#   Section '.ignored' is unknown. Section ignored.
### mwldeppc.exe Linker Warning:
#   Section '.ignored' is unknown. Section ignored.
### mwldeppc.exe Linker Warning:
#   Section '.ignored' is unknown. Section ignored.
### mwldeppc.exe Linker Warning:
#   Section '.ignored' is unknown. Section ignored.
### mwldeppc.exe Linker Warning:
#   Section '.ignored' is unknown. Section ignored.
### mwldeppc.exe Linker Warning:
#   Section '.ignored' is unknown. Section ignored.
### mwldeppc.exe Linker Warning:
#   Section '.ignored' is unknown. Section ignored.
### mwldeppc.exe Linker Warning:
#   Section '.ignored' is unknown. Section ignored.
### mwldeppc.exe Linker Warning:
#   Section '.ignored' is unknown. Section ignored.
### mwldeppc.exe Linker Warning:
#   Section '.ignored' is unknown. Section ignored.
### mwldeppc.exe Linker Warning:
#   Section '.ignored' is unknown. Section ignored.
### mwldeppc.exe Linker Warning:
#   Section '.ignored' is unknown. Section ignored.
### mwldeppc.exe Linker Warning:
#   Section '.ignored' is unknown. Section ignored.
### mwldeppc.exe Linker Warning:
#   Section '.ignored' is unknown. Section ignored.
### mwldeppc.exe Linker Warning:
#   Section '.ignored' is unknown. Section ignored.
### mwldeppc.exe Linker Warning:
#   Section '.ignored' is unknown. Section ignored.
### mwldeppc.exe Linker Warning:
#   Section '.ignored' is unknown. Section ignored.
### mwldeppc.exe Linker Warning:
#   Section '.ignored' is unknown. Section ignored.
### mwldeppc.exe Linker Warning:
#   Section '.ignored' is unknown. Section ignored.
### mwldeppc.exe Linker Warning:
#   Section '.ignored' is unknown. Section ignored.
### mwldeppc.exe Linker Warning:
#   Section '.ignored' is unknown. Section ignored.
### mwldeppc.exe Linker Warning:
#   Section '.ignored' is unknown. Section ignored.
### mwldeppc.exe Linker Warning:
#   Section '.ignored' is unknown. Section ignored.
### mwldeppc.exe Linker Warning:
#   Section '.ignored' is unknown. Section ignored.
### mwldeppc.exe Linker Warning:
#   Section '.ignored' is unknown. Section ignored.
### mwldeppc.exe Linker Warning:
#   Section '.ignored' is unknown. Section ignored.
### mwldeppc.exe Linker Warning:
#   Section '.ignored' is unknown. Section ignored.
### mwldeppc.exe Linker Warning:
#   Section '.ignored' is unknown. Section ignored.
### mwldeppc.exe Linker Warning:
#   Section '.ignored' is unknown. Section ignored.
### mwldeppc.exe Linker Warning:
#   Section '.ignored' is unknown. Section ignored.
### mwldeppc.exe Linker Warning:
#   Section '.ignored' is unknown. Section ignored.
### mwldeppc.exe Linker Warning:
#   Section '.ignored' is unknown. Section ignored.
### mwldeppc.exe Linker Warning:
#   Section '.ignored' is unknown. Section ignored.
### mwldeppc.exe Linker Warning:
#   Section '.ignored' is unknown. Section ignored.
### mwldeppc.exe Linker Warning:
#   Section '.ignored' is unknown. Section ignored.
### mwldeppc.exe Linker Warning:
#   Section '.ignored' is unknown. Section ignored.
### mwldeppc.exe Linker Warning:
#   Section '.ignored' is unknown. Section ignored.
### mwldeppc.exe Linker Warning:
#   Section '.ignored' is unknown. Section ignored.
### mwldeppc.exe Linker Warning:
#   Section '.ignored' is unknown. Section ignored.
### mwldeppc.exe Linker Warning:
#   Section '.ignored' is unknown. Section ignored.
### mwldeppc.exe Linker Warning:
#   Section '.ignored' is unknown. Section ignored.
### mwldeppc.exe Linker Warning:
#   Section '.ignored' is unknown. Section ignored.
### mwldeppc.exe Linker Warning:
#   Section '.ignored' is unknown. Section ignored.
### mwldeppc.exe Linker Warning:
#   Section '.ignored' is unknown. Section ignored.
### mwldeppc.exe Linker Warning:
#   Section '.ignored' is unknown. Section ignored.
### mwldeppc.exe Linker Warning:
#   Section '.ignored' is unknown. Section ignored.
### mwldeppc.exe Linker Warning:
#   Section '.ignored' is unknown. Section ignored.
### mwldeppc.exe Linker Warning:
#   Section '.ignored' is unknown. Section ignored.
### mwldeppc.exe Linker Warning:
#   Section '.ignored' is unknown. Section ignored.
### mwldeppc.exe Linker Warning:
#   Section '.ignored' is unknown. Section ignored.
### mwldeppc.exe Linker Warning:
#   Section '.ignored' is unknown. Section ignored.
### mwldeppc.exe Linker Warning:
#   Section '.ignored' is unknown. Section ignored.
### mwldeppc.exe Linker Warning:
#   Section '.ignored' is unknown. Section ignored.
### mwldeppc.exe Linker Warning:
#   Section '.ignored' is unknown. Section ignored.
### mwldeppc.exe Linker Warning:
#   Section '.ignored' is unknown. Section ignored.
### mwldeppc.exe Linker Warning:
#   Section '.ignored' is unknown. Section ignored.
### mwldeppc.exe Linker Warning:
#   Section '.ignored' is unknown. Section ignored.
### mwldeppc.exe Linker Warning:
#   Section '.ignored' is unknown. Section ignored.
### mwldeppc.exe Linker Warning:
#   Section '.ignored' is unknown. Section ignored.
### mwldeppc.exe Linker Warning:
#   Section '.ignored' is unknown. Section ignored.
### mwldeppc.exe Linker Warning:
#   Section '.ignored' is unknown. Section ignored.
### mwldeppc.exe Linker Warning:
#   Section '.ignored' is unknown. Section ignored.
### mwldeppc.exe Linker Warning:
#   Section '.ignored' is unknown. Section ignored.
### mwldeppc.exe Linker Warning:
#   Section '.ignored' is unknown. Section ignored.
### mwldeppc.exe Linker Warning:
#   Section '.ignored' is unknown. Section ignored.
### mwldeppc.exe Linker Warning:
#   Section '.ignored' is unknown. Section ignored.
### mwldeppc.exe Linker Warning:
#   Section '.ignored' is unknown. Section ignored.
### mwldeppc.exe Linker Warning:
#   Section '.ignored' is unknown. Section ignored.
### mwldeppc.exe Linker Warning:
#   Section '.ignored' is unknown. Section ignored.
### mwldeppc.exe Linker Warning:
#   Section '.ignored' is unknown. Section ignored.
### mwldeppc.exe Linker Warning:
#   Section '.ignored' is unknown. Section ignored.
### mwldeppc.exe Linker Warning:
#   Section '.ignored' is unknown. Section ignored.
### mwldeppc.exe Linker Warning:
#   Section '.ignored' is unknown. Section ignored.
### mwldeppc.exe Linker Warning:
#   Section '.ignored' is unknown. Section ignored.
### mwldeppc.exe Linker Warning:
#   Section '.ignored' is unknown. Section ignored.
### mwldeppc.exe Linker Warning:
#   Section '.ignored' is unknown. Section ignored.
### mwldeppc.exe Linker Warning:
#   Section '.ignored' is unknown. Section ignored.
### mwldeppc.exe Linker Warning:
#   Section '.ignored' is unknown. Section ignored.
### mwldeppc.exe Linker Warning:
#   Section '.ignored' is unknown. Section ignored.
### mwldeppc.exe Linker Warning:
#   Section '.ignored' is unknown. Section ignored.
### mwldeppc.exe Linker Warning:
#   Section '.ignored' is unknown. Section ignored.
### mwldeppc.exe Linker Warning:
#   Section '.ignored' is unknown. Section ignored.
### mwldeppc.exe Linker Warning:
#   Section '.ignored' is unknown. Section ignored.
### mwldeppc.exe Linker Warning:
#   Section '.ignored' is unknown. Section ignored.
### mwldeppc.exe Linker Warning:
#   Section '.ignored' is unknown. Section ignored.
### mwldeppc.exe Linker Warning:
#   Section '.ignored' is unknown. Section ignored.
### mwldeppc.exe Linker Warning:
#   Section '.ignored' is unknown. Section ignored.
### mwldeppc.exe Linker Warning:
#   Section '.ignored' is unknown. Section ignored.
### mwldeppc.exe Linker Warning:
#   Section '.ignored' is unknown. Section ignored.
### mwldeppc.exe Linker Warning:
#   Section '.ignored' is unknown. Section ignored.
### mwldeppc.exe Linker Warning:
#   Section '.ignored' is unknown. Section ignored.
### mwldeppc.exe Linker Warning:
#   Section '.ignored' is unknown. Section ignored.
### mwldeppc.exe Linker Warning:
#   Section '.ignored' is unknown. Section ignored.
### mwldeppc.exe Linker Warning:
#   Section '.ignored' is unknown. Section ignored.
### mwldeppc.exe Linker Warning:
#   Section '.ignored' is unknown. Section ignored.
### mwldeppc.exe Linker Warning:
#   Section '.ignored' is unknown. Section ignored.
### mwldeppc.exe Linker Warning:
#   Section '.ignored' is unknown. Section ignored.
### mwldeppc.exe Linker Warning:
#   Section '.ignored' is unknown. Section ignored.
### mwldeppc.exe Linker Warning:
#   Section '.ignored' is unknown. Section ignored.
### mwldeppc.exe Linker Warning:
#   Section '.ignored' is unknown. Section ignored.
### mwldeppc.exe Linker Warning:
#   Section '.ignored' is unknown. Section ignored.
### mwldeppc.exe Linker Warning:
#   Section '.ignored' is unknown. Section ignored.
### mwldeppc.exe Linker Warning:
#   Section '.ignored' is unknown. Section ignored.
### mwldeppc.exe Linker Warning:
#   Section '.ignored' is unknown. Section ignored.
### mwldeppc.exe Linker Warning:
#   Section '.ignored' is unknown. Section ignored.
### mwldeppc.exe Linker Warning:
#   Section '.ignored' is unknown. Section ignored.
### mwldeppc.exe Linker Warning:
#   Section '.ignored' is unknown. Section ignored.
### mwldeppc.exe Linker Warning:
#   Section '.ignored' is unknown. Section ignored.
### mwldeppc.exe Linker Warning:
#   Section '.ignored' is unknown. Section ignored.
### mwldeppc.exe Linker Warning:
#   Section '.ignored' is unknown. Section ignored.
### mwldeppc.exe Linker Warning:
#   Section '.ignored' is unknown. Section ignored.
### mwldeppc.exe Linker Warning:
#   Section '.ignored' is unknown. Section ignored.
### mwldeppc.exe Linker Warning:
#   Section '.ignored' is unknown. Section ignored.
### mwldeppc.exe Linker Warning:
#   Section '.ignored' is unknown. Section ignored.
### mwldeppc.exe Linker Warning:
#   Section '.ignored' is unknown. Section ignored.
### mwldeppc.exe Linker Warning:
#   Section '.ignored' is unknown. Section ignored.
### mwldeppc.exe Linker Warning:
#   Section '.ignored' is unknown. Section ignored.
### mwldeppc.exe Linker Warning:
#   Section '.ignored' is unknown. Section ignored.
### mwldeppc.exe Linker Warning:
#   Section '.ignored' is unknown. Section ignored.
### mwldeppc.exe Linker Warning:
#   Section '.ignored' is unknown. Section ignored.
### mwldeppc.exe Linker Warning:
#   Section '.ignored' is unknown. Section ignored.
### mwldeppc.exe Linker Warning:
#   Section '.ignored' is unknown. Section ignored.
### mwldeppc.exe Linker Warning:
#   Section '.ignored' is unknown. Section ignored.
### mwldeppc.exe Linker Warning:
#   Section '.ignored' is unknown. Section ignored.
### mwldeppc.exe Linker Warning:
#   Section '.ignored' is unknown. Section ignored.
### mwldeppc.exe Linker Warning:
#   Section '.ignored' is unknown. Section ignored.
### mwldeppc.exe Linker Warning:
#   Section '.ignored' is unknown. Section ignored.
### mwldeppc.exe Linker Warning:
#   Section '.ignored' is unknown. Section ignored.
### mwldeppc.exe Linker Warning:
#   Section '.ignored' is unknown. Section ignored.
### mwldeppc.exe Linker Warning:
#   Section '.ignored' is unknown. Section ignored.
### mwldeppc.exe Linker Warning:
#   Section '.ignored' is unknown. Section ignored.
### mwldeppc.exe Linker Warning:
#   Section '.ignored' is unknown. Section ignored.
### mwldeppc.exe Linker Warning:
#   Section '.ignored' is unknown. Section ignored.
### mwldeppc.exe Linker Warning:
#   Section '.ignored' is unknown. Section ignored.
### mwldeppc.exe Linker Warning:
#   Section '.ignored' is unknown. Section ignored.
### mwldeppc.exe Linker Warning:
#   Section '.ignored' is unknown. Section ignored.
### mwldeppc.exe Linker Warning:
#   Section '.ignored' is unknown. Section ignored.
### mwldeppc.exe Linker Warning:
#   Section '.ignored' is unknown. Section ignored.
### mwldeppc.exe Linker Warning:
#   Section '.ignored' is unknown. Section ignored.
### mwldeppc.exe Linker Warning:
#   Section '.ignored' is unknown. Section ignored.
### mwldeppc.exe Linker Warning:
#   Section '.ignored' is unknown. Section ignored.
### mwldeppc.exe Linker Warning:
#   Section '.ignored' is unknown. Section ignored.
### mwldeppc.exe Linker Warning:
#   Section '.ignored' is unknown. Section ignored.
### mwldeppc.exe Linker Warning:
#   Section '.ignored' is unknown. Section ignored.
### mwldeppc.exe Linker Warning:
#   Section '.ignored' is unknown. Section ignored.
### mwldeppc.exe Linker Warning:
#   Section '.ignored' is unknown. Section ignored.
### mwldeppc.exe Linker Warning:
#   Section '.ignored' is unknown. Section ignored.
### mwldeppc.exe Linker Warning:
#   Section '.ignored' is unknown. Section ignored.
### mwldeppc.exe Linker Warning:
#   Section '.ignored' is unknown. Section ignored.
### mwldeppc.exe Linker Warning:
#   Section '.ignored' is unknown. Section ignored.
### mwldeppc.exe Linker Warning:
#   Section '.ignored' is unknown. Section ignored.
### mwldeppc.exe Linker Warning:
#   Section '.ignored' is unknown. Section ignored.
### mwldeppc.exe Linker Warning:
#   Section '.ignored' is unknown. Section ignored.
### mwldeppc.exe Linker Warning:
#   Section '.ignored' is unknown. Section ignored.
### mwldeppc.exe Linker Warning:
#   Section '.ignored' is unknown. Section ignored.
### mwldeppc.exe Linker Warning:
#   Section '.ignored' is unknown. Section ignored.
### mwldeppc.exe Linker Warning:
#   Section '.ignored' is unknown. Section ignored.
### mwldeppc.exe Linker Warning:
#   Section '.ignored' is unknown. Section ignored.
### mwldeppc.exe Linker Warning:
#   Section '.ignored' is unknown. Section ignored.
### mwldeppc.exe Linker Warning:
#   Section '.ignored' is unknown. Section ignored.
### mwldeppc.exe Linker Warning:
#   Section '.ignored' is unknown. Section ignored.
### mwldeppc.exe Linker Warning:
#   Section '.ignored' is unknown. Section ignored.
### mwldeppc.exe Linker Warning:
#   Section '.ignored' is unknown. Section ignored.
### mwldeppc.exe Linker Warning:
#   Section '.ignored' is unknown. Section ignored.
### mwldeppc.exe Linker Warning:
#   Section '.ignored' is unknown. Section ignored.
### mwldeppc.exe Linker Warning:
#   Section '.ignored' is unknown. Section ignored.
### mwldeppc.exe Linker Warning:
#   Section '.ignored' is unknown. Section ignored.
### mwldeppc.exe Linker Warning:
#   Section '.ignored' is unknown. Section ignored.
### mwldeppc.exe Linker Warning:
#   Section '.ignored' is unknown. Section ignored.
### mwldeppc.exe Linker Warning:
#   Section '.ignored' is unknown. Section ignored.
### mwldeppc.exe Linker Warning:
#   Section '.ignored' is unknown. Section ignored.
### mwldeppc.exe Linker Warning:
#   Section '.ignored' is unknown. Section ignored.
### mwldeppc.exe Linker Warning:
#   Section '.ignored' is unknown. Section ignored.
### mwldeppc.exe Linker Warning:
#   Section '.ignored' is unknown. Section ignored.
### mwldeppc.exe Linker Warning:
#   Section '.ignored' is unknown. Section ignored.
### mwldeppc.exe Linker Warning:
#   Section '.ignored' is unknown. Section ignored.
### mwldeppc.exe Linker Warning:
#   Section '.ignored' is unknown. Section ignored.
### mwldeppc.exe Linker Warning:
#   Section '.ignored' is unknown. Section ignored.
### mwldeppc.exe Linker Warning:
#   Section '.ignored' is unknown. Section ignored.
### mwldeppc.exe Linker Warning:
#   Section '.ignored' is unknown. Section ignored.
### mwldeppc.exe Linker Warning:
#   Section '.ignored' is unknown. Section ignored.
### mwldeppc.exe Linker Warning:
#   Section '.ignored' is unknown. Section ignored.
### mwldeppc.exe Linker Warning:
#   Section '.ignored' is unknown. Section ignored.
### mwldeppc.exe Linker Warning:
#   Section '.ignored' is unknown. Section ignored.
### mwldeppc.exe Linker Warning:
#   Section '.ignored' is unknown. Section ignored.
### mwldeppc.exe Linker Warning:
#   Section '.ignored' is unknown. Section ignored.
### mwldeppc.exe Linker Warning:
#   Section '.ignored' is unknown. Section ignored.
### mwldeppc.exe Linker Warning:
#   Section '.ignored' is unknown. Section ignored.
### mwldeppc.exe Linker Warning:
#   Section '.ignored' is unknown. Section ignored.
### mwldeppc.exe Linker Warning:
#   Section '.ignored' is unknown. Section ignored.
### mwldeppc.exe Linker Warning:
#   Section '.ignored' is unknown. Section ignored.
### mwldeppc.exe Linker Warning:
#   Section '.ignored' is unknown. Section ignored.
### mwldeppc.exe Linker Warning:
#   Section '.ignored' is unknown. Section ignored.
### mwldeppc.exe Linker Warning:
#   Section '.ignored' is unknown. Section ignored.
### mwldeppc.exe Linker Warning:
#   Section '.ignored' is unknown. Section ignored.
### mwldeppc.exe Linker Warning:
#   Section '.ignored' is unknown. Section ignored.
### mwldeppc.exe Linker Warning:
#   Section '.ignored' is unknown. Section ignored.
### mwldeppc.exe Linker Warning:
#   Section '.ignored' is unknown. Section ignored.
### mwldeppc.exe Linker Warning:
#   Section '.ignored' is unknown. Section ignored.
### mwldeppc.exe Linker Warning:
#   Section '.ignored' is unknown. Section ignored.
### mwldeppc.exe Linker Warning:
#   Section '.ignored' is unknown. Section ignored.
### mwldeppc.exe Linker Warning:
#   Section '.ignored' is unknown. Section ignored.
### mwldeppc.exe Linker Warning:
#   Section '.ignored' is unknown. Section ignored.
### mwldeppc.exe Linker Warning:
#   Section '.ignored' is unknown. Section ignored.
### mwldeppc.exe Linker Warning:
#   Section '.ignored' is unknown. Section ignored.
### mwldeppc.exe Linker Warning:
#   Section '.ignored' is unknown. Section ignored.
### mwldeppc.exe Linker Warning:
#   Section '.ignored' is unknown. Section ignored.
### mwldeppc.exe Linker Warning:
#   Section '.ignored' is unknown. Section ignored.
### mwldeppc.exe Linker Warning:
#   Section '.ignored' is unknown. Section ignored.
### mwldeppc.exe Linker Warning:
#   Section '.ignored' is unknown. Section ignored.
### mwldeppc.exe Linker Warning:
#   Section '.ignored' is unknown. Section ignored.
### mwldeppc.exe Linker Warning:
#   Section '.ignored' is unknown. Section ignored.
### mwldeppc.exe Linker Warning:
#   Section '.ignored' is unknown. Section ignored.
### mwldeppc.exe Linker Warning:
#   Section '.ignored' is unknown. Section ignored.
### mwldeppc.exe Linker Warning:
#   Section '.ignored' is unknown. Section ignored.
### mwldeppc.exe Linker Warning:
#   Section '.ignored' is unknown. Section ignored.
### mwldeppc.exe Linker Warning:
#   Section '.ignored' is unknown. Section ignored.
### mwldeppc.exe Linker Warning:
#   Section '.ignored' is unknown. Section ignored.
### mwldeppc.exe Linker Warning:
#   Section '.ignored' is unknown. Section ignored.
### mwldeppc.exe Linker Warning:
#   Section '.ignored' is unknown. Section ignored.
### mwldeppc.exe Linker Warning:
#   Section '.ignored' is unknown. Section ignored.
### mwldeppc.exe Linker Warning:
#   Section '.ignored' is unknown. Section ignored.
### mwldeppc.exe Linker Warning:
#   Section '.ignored' is unknown. Section ignored.
### mwldeppc.exe Linker Warning:
#   Section '.ignored' is unknown. Section ignored.
### mwldeppc.exe Linker Warning:
#   Section '.ignored' is unknown. Section ignored.
### mwldeppc.exe Linker Warning:
#   Section '.ignored' is unknown. Section ignored.
### mwldeppc.exe Linker Warning:
#   Section '.ignored' is unknown. Section ignored.
### mwldeppc.exe Linker Warning:
#   Section '.ignored' is unknown. Section ignored.
### mwldeppc.exe Linker Warning:
#   Section '.ignored' is unknown. Section ignored.
### mwldeppc.exe Linker Warning:
#   Section '.ignored' is unknown. Section ignored.
### mwldeppc.exe Linker Warning:
#   Section '.ignored' is unknown. Section ignored.
### mwldeppc.exe Linker Warning:
#   Section '.ignored' is unknown. Section ignored.
### mwldeppc.exe Linker Warning:
#   Section '.ignored' is unknown. Section ignored.
### mwldeppc.exe Linker Warning:
#   Section '.ignored' is unknown. Section ignored.
### mwldeppc.exe Linker Warning:
#   Section '.ignored' is unknown. Section ignored.
### mwldeppc.exe Linker Warning:
#   Section '.ignored' is unknown. Section ignored.
### mwldeppc.exe Linker Warning:
#   Section '.ignored' is unknown. Section ignored.
### mwldeppc.exe Linker Warning:
#   Section '.ignored' is unknown. Section ignored.
### mwldeppc.exe Linker Warning:
#   Section '.ignored' is unknown. Section ignored.
### mwldeppc.exe Linker Warning:
#   Section '.ignored' is unknown. Section ignored.
### mwldeppc.exe Linker Warning:
#   Section '.ignored' is unknown. Section ignored.
### mwldeppc.exe Linker Warning:
#   Section '.ignored' is unknown. Section ignored.
### mwldeppc.exe Linker Warning:
#   Section '.ignored' is unknown. Section ignored.
### mwldeppc.exe Linker Warning:
#   Section '.ignored' is unknown. Section ignored.
### mwldeppc.exe Linker Warning:
#   Section '.ignored' is unknown. Section ignored.
### mwldeppc.exe Linker Warning:
#   Section '.ignored' is unknown. Section ignored.
### mwldeppc.exe Linker Warning:
#   Section '.ignored' is unknown. Section ignored.
### mwldeppc.exe Linker Warning:
#   Section '.ignored' is unknown. Section ignored.
### mwldeppc.exe Linker Warning:
#   Section '.ignored' is unknown. Section ignored.
### mwldeppc.exe Linker Warning:
#   Section '.ignored' is unknown. Section ignored.
### mwldeppc.exe Linker Warning:
#   Section '.ignored' is unknown. Section ignored.
### mwldeppc.exe Linker Warning:
#   Section '.ignored' is unknown. Section ignored.
### mwldeppc.exe Linker Warning:
#   Section '.ignored' is unknown. Section ignored.
### mwldeppc.exe Linker Warning:
#   Section '.ignored' is unknown. Section ignored.
### mwldeppc.exe Linker Warning:
#   Section '.ignored' is unknown. Section ignored.
### mwldeppc.exe Linker Warning:
#   Section '.ignored' is unknown. Section ignored.
### mwldeppc.exe Linker Warning:
#   Section '.ignored' is unknown. Section ignored.
### mwldeppc.exe Linker Warning:
#   Section '.ignored' is unknown. Section ignored.
### mwldeppc.exe Linker Warning:
#   Section '.ignored' is unknown. Section ignored.
### mwldeppc.exe Linker Warning:
#   Section '.ignored' is unknown. Section ignored.
### mwldeppc.exe Linker Warning:
#   Section '.ignored' is unknown. Section ignored.
### mwldeppc.exe Linker Warning:
#   Section '.ignored' is unknown. Section ignored.
### mwldeppc.exe Linker Warning:
#   Section '.ignored' is unknown. Section ignored.
### mwldeppc.exe Linker Warning:
#   Section '.ignored' is unknown. Section ignored.
### mwldeppc.exe Linker Warning:
#   Section '.ignored' is unknown. Section ignored.
### mwldeppc.exe Linker Warning:
#   Section '.ignored' is unknown. Section ignored.
### mwldeppc.exe Linker Warning:
#   Section '.ignored' is unknown. Section ignored.
### mwldeppc.exe Linker Warning:
#   Section '.ignored' is unknown. Section ignored.
### mwldeppc.exe Linker Warning:
#   Section '.ignored' is unknown. Section ignored.
### mwldeppc.exe Linker Warning:
#   Section '.ignored' is unknown. Section ignored.
### mwldeppc.exe Linker Warning:
#   Section '.ignored' is unknown. Section ignored.
### mwldeppc.exe Linker Warning:
#   Section '.ignored' is unknown. Section ignored.
### mwldeppc.exe Linker Warning:
#   Section '.ignored' is unknown. Section ignored.
### mwldeppc.exe Linker Warning:
#   Section '.ignored' is unknown. Section ignored.
### mwldeppc.exe Linker Warning:
#   Section '.ignored' is unknown. Section ignored.
### mwldeppc.exe Linker Warning:
#   Section '.ignored' is unknown. Section ignored.
### mwldeppc.exe Linker Warning:
#   Section '.ignored' is unknown. Section ignored.
### mwldeppc.exe Linker Warning:
#   Section '.ignored' is unknown. Section ignored.
### mwldeppc.exe Linker Warning:
#   Section '.ignored' is unknown. Section ignored.
### mwldeppc.exe Linker Warning:
#   Section '.ignored' is unknown. Section ignored.
### mwldeppc.exe Linker Warning:
#   Section '.ignored' is unknown. Section ignored.
### mwldeppc.exe Linker Warning:
#   Section '.ignored' is unknown. Section ignored.
### mwldeppc.exe Linker Warning:
#   Section '.ignored' is unknown. Section ignored.
### mwldeppc.exe Linker Warning:
#   Section '.ignored' is unknown. Section ignored.
### mwldeppc.exe Linker Warning:
#   Section '.ignored' is unknown. Section ignored.
### mwldeppc.exe Linker Warning:
#   Section '.ignored' is unknown. Section ignored.
### mwldeppc.exe Linker Warning:
#   Section '.ignored' is unknown. Section ignored.
### mwldeppc.exe Linker Warning:
#   Section '.ignored' is unknown. Section ignored.
### mwldeppc.exe Linker Warning:
#   Section '.ignored' is unknown. Section ignored.
### mwldeppc.exe Linker Warning:
#   Section '.ignored' is unknown. Section ignored.
### mwldeppc.exe Linker Warning:
#   Section '.ignored' is unknown. Section ignored.
### mwldeppc.exe Linker Warning:
#   Section '.ignored' is unknown. Section ignored.
### mwldeppc.exe Linker Warning:
#   Section '.ignored' is unknown. Section ignored.
### mwldeppc.exe Linker Warning:
#   Section '.ignored' is unknown. Section ignored.
### mwldeppc.exe Linker Warning:
#   Section '.ignored' is unknown. Section ignored.
### mwldeppc.exe Linker Warning:
#   Section '.ignored' is unknown. Section ignored.
### mwldeppc.exe Linker Warning:
#   Section '.ignored' is unknown. Section ignored.
### mwldeppc.exe Linker Warning:
#   Section '.ignored' is unknown. Section ignored.
### mwldeppc.exe Linker Warning:
#   Section '.ignored' is unknown. Section ignored.
### mwldeppc.exe Linker Warning:
#   Section '.ignored' is unknown. Section ignored.
### mwldeppc.exe Linker Warning:
#   Section '.ignored' is unknown. Section ignored.
### mwldeppc.exe Linker Warning:
#   Section '.ignored' is unknown. Section ignored.
### mwldeppc.exe Linker Warning:
#   Section '.ignored' is unknown. Section ignored.
### mwldeppc.exe Linker Warning:
#   Section '.ignored' is unknown. Section ignored.
### mwldeppc.exe Linker Warning:
#   Section '.ignored' is unknown. Section ignored.
### mwldeppc.exe Linker Warning:
#   Section '.ignored' is unknown. Section ignored.
### mwldeppc.exe Linker Warning:
#   Section '.ignored' is unknown. Section ignored.
### mwldeppc.exe Linker Warning:
#   Section '.ignored' is unknown. Section ignored.
### mwldeppc.exe Linker Warning:
#   Section '.ignored' is unknown. Section ignored.
### mwldeppc.exe Linker Warning:
#   Section '.ignored' is unknown. Section ignored.
### mwldeppc.exe Linker Warning:
#   Section '.ignored' is unknown. Section ignored.
### mwldeppc.exe Linker Warning:
#   Section '.ignored' is unknown. Section ignored.
### mwldeppc.exe Linker Warning:
#   Section '.ignored' is unknown. Section ignored.
### mwldeppc.exe Linker Warning:
#   Section '.ignored' is unknown. Section ignored.
### mwldeppc.exe Linker Warning:
#   Section '.ignored' is unknown. Section ignored.
### mwldeppc.exe Linker Warning:
#   Section '.ignored' is unknown. Section ignored.
### mwldeppc.exe Linker Warning:
#   Section '.ignored' is unknown. Section ignored.
### mwldeppc.exe Linker Warning:
#   Section '.ignored' is unknown. Section ignored.
### mwldeppc.exe Linker Warning:
#   Section '.ignored' is unknown. Section ignored.
### mwldeppc.exe Linker Warning:
#   Section '.ignored' is unknown. Section ignored.
### mwldeppc.exe Linker Warning:
#   Section '.ignored' is unknown. Section ignored.
### mwldeppc.exe Linker Warning:
#   Section '.ignored' is unknown. Section ignored.
### mwldeppc.exe Linker Warning:
#   Section '.ignored' is unknown. Section ignored.
### mwldeppc.exe Linker Warning:
#   Section '.ignored' is unknown. Section ignored.
### mwldeppc.exe Linker Warning:
#   Section '.ignored' is unknown. Section ignored.
### mwldeppc.exe Linker Warning:
#   Section '.ignored' is unknown. Section ignored.
### mwldeppc.exe Linker Warning:
#   Section '.ignored' is unknown. Section ignored.
### mwldeppc.exe Linker Warning:
#   Section '.ignored' is unknown. Section ignored.
### mwldeppc.exe Linker Warning:
#   Section '.ignored' is unknown. Section ignored.
### mwldeppc.exe Linker Warning:
#   Section '.ignored' is unknown. Section ignored.
### mwldeppc.exe Linker Warning:
#   Section '.ignored' is unknown. Section ignored.
### mwldeppc.exe Linker Warning:
#   Section '.ignored' is unknown. Section ignored.
### mwldeppc.exe Linker Warning:
#   Section '.ignored' is unknown. Section ignored.
### mwldeppc.exe Linker Warning:
#   Section '.ignored' is unknown. Section ignored.
### mwldeppc.exe Linker Warning:
#   Section '.ignored' is unknown. Section ignored.
### mwldeppc.exe Linker Warning:
#   Section '.ignored' is unknown. Section ignored.
### mwldeppc.exe Linker Warning:
#   Section '.ignored' is unknown. Section ignored.
### mwldeppc.exe Linker Warning:
#   Section '.ignored' is unknown. Section ignored.
### mwldeppc.exe Linker Warning:
#   Section '.ignored' is unknown. Section ignored.
### mwldeppc.exe Linker Warning:
#   Section '.ignored' is unknown. Section ignored.
### mwldeppc.exe Linker Warning:
#   Section '.ignored' is unknown. Section ignored.
### mwldeppc.exe Linker Warning:
#   Section '.ignored' is unknown. Section ignored.
### mwldeppc.exe Linker Warning:
#   Section '.ignored' is unknown. Section ignored.
### mwldeppc.exe Linker Warning:
#   Section '.ignored' is unknown. Section ignored.
### mwldeppc.exe Linker Warning:
#   Section '.ignored' is unknown. Section ignored.
### mwldeppc.exe Linker Warning:
#   Section '.ignored' is unknown. Section ignored.
### mwldeppc.exe Linker Warning:
#   Section '.ignored' is unknown. Section ignored.
### mwldeppc.exe Linker Warning:
#   Section '.ignored' is unknown. Section ignored.
### mwldeppc.exe Linker Warning:
#   Section '.ignored' is unknown. Section ignored.
### mwldeppc.exe Linker Warning:
#   Section '.ignored' is unknown. Section ignored.
### mwldeppc.exe Linker Warning:
#   Section '.ignored' is unknown. Section ignored.
### mwldeppc.exe Linker Warning:
#   Section '.ignored' is unknown. Section ignored.
### mwldeppc.exe Linker Warning:
#   Section '.ignored' is unknown. Section ignored.
### mwldeppc.exe Linker Warning:
#   Section '.ignored' is unknown. Section ignored.
### mwldeppc.exe Linker Warning:
#   Section '.ignored' is unknown. Section ignored.
### mwldeppc.exe Linker Warning:
#   Section '.ignored' is unknown. Section ignored.
### mwldeppc.exe Linker Warning:
#   Section '.ignored' is unknown. Section ignored.
### mwldeppc.exe Linker Warning:
#   Section '.ignored' is unknown. Section ignored.
### mwldeppc.exe Linker Warning:
#   Section '.ignored' is unknown. Section ignored.
### mwldeppc.exe Linker Warning:
#   Section '.ignored' is unknown. Section ignored.
### mwldeppc.exe Linker Warning:
#   Section '.ignored' is unknown. Section ignored.
### mwldeppc.exe Linker Warning:
#   Section '.ignored' is unknown. Section ignored.
### mwldeppc.exe Linker Warning:
#   Section '.ignored' is unknown. Section ignored.
### mwldeppc.exe Linker Warning:
#   Section '.ignored' is unknown. Section ignored.
### mwldeppc.exe Linker Warning:
#   Section '.ignored' is unknown. Section ignored.
### mwldeppc.exe Linker Warning:
#   Section '.ignored' is unknown. Section ignored.
### mwldeppc.exe Linker Warning:
#   Section '.ignored' is unknown. Section ignored.
### mwldeppc.exe Linker Warning:
#   Section '.ignored' is unknown. Section ignored.
### mwldeppc.exe Linker Warning:
#   Section '.ignored' is unknown. Section ignored.
### mwldeppc.exe Linker Warning:
#   Section '.ignored' is unknown. Section ignored.
### mwldeppc.exe Linker Warning:
#   Section '.ignored' is unknown. Section ignored.
### mwldeppc.exe Linker Warning:
#   Section '.ignored' is unknown. Section ignored.
### mwldeppc.exe Linker Warning:
#   Section '.ignored' is unknown. Section ignored.
### mwldeppc.exe Linker Warning:
#   Section '.ignored' is unknown. Section ignored.
### mwldeppc.exe Linker Warning:
#   Section '.ignored' is unknown. Section ignored.
### mwldeppc.exe Linker Warning:
#   Section '.ignored' is unknown. Section ignored.
### mwldeppc.exe Linker Warning:
#   Section '.ignored' is unknown. Section ignored.
### mwldeppc.exe Linker Warning:
#   Section '.ignored' is unknown. Section ignored.
### mwldeppc.exe Linker Warning:
#   Section '.ignored' is unknown. Section ignored.
### mwldeppc.exe Linker Warning:
#   Section '.ignored' is unknown. Section ignored.
### mwldeppc.exe Linker Warning:
#   Section '.ignored' is unknown. Section ignored.
### mwldeppc.exe Linker Warning:
#   Section '.ignored' is unknown. Section ignored.
### mwldeppc.exe Linker Warning:
#   Section '.ignored' is unknown. Section ignored.
### mwldeppc.exe Linker Warning:
#   Section '.ignored' is unknown. Section ignored.
### mwldeppc.exe Linker Warning:
#   Section '.ignored' is unknown. Section ignored.
### mwldeppc.exe Linker Warning:
#   Section '.ignored' is unknown. Section ignored.
### mwldeppc.exe Linker Warning:
#   Section '.ignored' is unknown. Section ignored.
### mwldeppc.exe Linker Warning:
#   Section '.ignored' is unknown. Section ignored.
### mwldeppc.exe Linker Warning:
#   Section '.ignored' is unknown. Section ignored.
### mwldeppc.exe Linker Warning:
#   Section '.ignored' is unknown. Section ignored.
### mwldeppc.exe Linker Warning:
#   Section '.ignored' is unknown. Section ignored.
### mwldeppc.exe Linker Warning:
#   Section '.ignored' is unknown. Section ignored.
### mwldeppc.exe Linker Warning:
#   Section '.ignored' is unknown. Section ignored.
### mwldeppc.exe Linker Warning:
#   Section '.ignored' is unknown. Section ignored.
### mwldeppc.exe Linker Warning:
#   Section '.ignored' is unknown. Section ignored.
### mwldeppc.exe Linker Warning:
#   Section '.ignored' is unknown. Section ignored.
### mwldeppc.exe Linker Warning:
#   Section '.ignored' is unknown. Section ignored.
### mwldeppc.exe Linker Warning:
#   Section '.ignored' is unknown. Section ignored.
### mwldeppc.exe Linker Warning:
#   Section '.ignored' is unknown. Section ignored.
### mwldeppc.exe Linker Warning:
#   Section '.ignored' is unknown. Section ignored.
### mwldeppc.exe Linker Warning:
#   Section '.ignored' is unknown. Section ignored.
### mwldeppc.exe Linker Warning:
#   Section '.ignored' is unknown. Section ignored.
### mwldeppc.exe Linker Warning:
#   Section '.ignored' is unknown. Section ignored.
### mwldeppc.exe Linker Warning:
#   Section '.ignored' is unknown. Section ignored.
### mwldeppc.exe Linker Warning:
#   Section '.ignored' is unknown. Section ignored.
### mwldeppc.exe Linker Warning:
#   Section '.ignored' is unknown. Section ignored.
### mwldeppc.exe Linker Warning:
#   Section '.ignored' is unknown. Section ignored.
### mwldeppc.exe Linker Warning:
#   Section '.ignored' is unknown. Section ignored.
### mwldeppc.exe Linker Warning:
#   Section '.ignored' is unknown. Section ignored.
### mwldeppc.exe Linker Warning:
#   Section '.ignored' is unknown. Section ignored.
### mwldeppc.exe Linker Warning:
#   Section '.ignored' is unknown. Section ignored.
### mwldeppc.exe Linker Warning:
#   Section '.ignored' is unknown. Section ignored.
### mwldeppc.exe Linker Warning:
#   Section '.ignored' is unknown. Section ignored.
### mwldeppc.exe Linker Warning:
#   Section '.ignored' is unknown. Section ignored.
### mwldeppc.exe Linker Warning:
#   Section '.ignored' is unknown. Section ignored.
### mwldeppc.exe Linker Warning:
#   Section '.ignored' is unknown. Section ignored.
### mwldeppc.exe Linker Warning:
#   Section '.ignored' is unknown. Section ignored.
### mwldeppc.exe Linker Warning:
#   Section '.ignored' is unknown. Section ignored.
### mwldeppc.exe Linker Warning:
#   Section '.ignored' is unknown. Section ignored.
### mwldeppc.exe Linker Warning:
#   Section '.ignored' is unknown. Section ignored.
### mwldeppc.exe Linker Warning:
#   Section '.ignored' is unknown. Section ignored.
### mwldeppc.exe Linker Warning:
#   Section '.ignored' is unknown. Section ignored.
### mwldeppc.exe Linker Warning:
#   Section '.ignored' is unknown. Section ignored.
### mwldeppc.exe Linker Warning:
#   Section '.ignored' is unknown. Section ignored.
### mwldeppc.exe Linker Warning:
#   Section '.ignored' is unknown. Section ignored.
### mwldeppc.exe Linker Warning:
#   Section '.ignored' is unknown. Section ignored.
### mwldeppc.exe Linker Warning:
#   Section '.ignored' is unknown. Section ignored.
### mwldeppc.exe Linker Warning:
#   Section '.ignored' is unknown. Section ignored.
### mwldeppc.exe Linker Warning:
#   Section '.ignored' is unknown. Section ignored.
### mwldeppc.exe Linker Warning:
#   Section '.ignored' is unknown. Section ignored.
### mwldeppc.exe Linker Warning:
#   Section '.ignored' is unknown. Section ignored.
### mwldeppc.exe Linker Warning:
#   Section '.ignored' is unknown. Section ignored.
### mwldeppc.exe Linker Warning:
#   Section '.ignored' is unknown. Section ignored.
### mwldeppc.exe Linker Warning:
#   Section '.ignored' is unknown. Section ignored.
### mwldeppc.exe Linker Warning:
#   Section '.ignored' is unknown. Section ignored.
### mwldeppc.exe Linker Warning:
#   Section '.ignored' is unknown. Section ignored.
### mwldeppc.exe Linker Warning:
#   Section '.ignored' is unknown. Section ignored.
### mwldeppc.exe Linker Warning:
#   Section '.ignored' is unknown. Section ignored.
### mwldeppc.exe Linker Warning:
#   Section '.ignored' is unknown. Section ignored.
### mwldeppc.exe Linker Warning:
#   Section '.ignored' is unknown. Section ignored.
### mwldeppc.exe Linker Warning:
#   Section '.ignored' is unknown. Section ignored.
### mwldeppc.exe Linker Warning:
#   Section '.ignored' is unknown. Section ignored.
### mwldeppc.exe Linker Warning:
#   Section '.ignored' is unknown. Section ignored.
### mwldeppc.exe Linker Warning:
#   Section '.ignored' is unknown. Section ignored.
[910/912] DOL build/GEDE01/main.dol
[911/912] CHECK config/GEDE01/build.sha1
build/GEDE01/main.dol: OK
[912/912] PROGRESS
Progress:
  All: 58.26% fuzzy, 49.01% matched, 48.94% linked (6301 / 7068 files)
    Code: 1127652 / 2300692 bytes (6068 / 8214 functions)
    Data: 39606 / 4305642 bytes (0.92%)
  Game Code: 93.84% fuzzy, 78.92% matched, 78.79% linked (6283 / 6633 files)
    Code: 1124624 / 1425104 bytes (6006 / 6354 functions)
    Data: 39382 / 40426 bytes (97.42%)
  SDK/Runtime: 100.00% fuzzy, 100.00% matched, 100.00% linked (18 / 18 files)
    Code: 3028 / 3028 bytes (62 / 62 functions)
    Data: 224 / 224 bytes (100.00%)
Exit status: 0
$ sha1sum build/GEDE01/main.dol
ea24b6af954876ce072562ff39cdb4c81d32be1f  build/GEDE01/main.dol
Exit status: 0
$ python3 tools/legal_audit.py
legal audit passed (21127 tracked project files inspected)
Exit status: 0

$ python3 tools/legal_audit.py (after staging assignment reports)
legal audit passed (21133 tracked project files inspected)
Exit status: 0
