[1/1] RUN configure.py
[1/898] MWCC build/GEDE01/src/game/game_fn_80008014.o
[2/898] MWCC build/GEDE01/src/game/game_fn_800094C0.o
[3/898] MWCC build/GEDE01/src/game/game_fn_800098C0.o
[4/898] MWCC build/GEDE01/src/game/game_fn_800096E0.o
[5/898] MWCC build/GEDE01/src/game/game_fn_800099D8.o
[6/898] MWCC build/GEDE01/src/game/game_fn_80009AB4.o
[7/898] MWCC build/GEDE01/src/game/game_fn_8000AC88.o
[8/898] MWCC build/GEDE01/src/game/game_fn_8000A26C.o
[9/898] MWCC build/GEDE01/src/game/game_fn_8000AEB4.o
[10/898] MWCC build/GEDE01/src/game/game_fn_8000AFB4.o
[11/898] MWCC build/GEDE01/src/game/game_fn_8000B1B8.o
[12/898] MWCC build/GEDE01/src/game/game_fn_8000B36C.o
[13/898] MWCC build/GEDE01/src/game/game_fn_8000B630.o
[14/898] MWCC build/GEDE01/src/game/game_fn_8000B7FC.o
[15/898] MWCC build/GEDE01/src/game/game_fn_8000B900.o
[16/898] MWCC build/GEDE01/src/game/game_fn_8000BA0C.o
[17/898] MWCC build/GEDE01/src/game/game_fn_8000BAA0.o
[18/898] MWCC build/GEDE01/src/game/game_fn_8000BC40.o
[19/898] MWCC build/GEDE01/src/game/game_fn_8000C17C.o
[20/898] MWCC build/GEDE01/src/game/game_fn_8000C06C.o
[21/898] MWCC build/GEDE01/src/game/game_fn_8000C848.o
[22/898] MWCC build/GEDE01/src/game/game_fn_8000C400.o
[23/898] MWCC build/GEDE01/src/game/game_fn_8000C91C.o
[24/898] MWCC build/GEDE01/src/game/game_fn_8000D0BC.o
[25/898] MWCC build/GEDE01/src/game/game_fn_8000D590.o
[26/898] MWCC build/GEDE01/src/game/game_fn_8000D3D4.o
[27/898] MWCC build/GEDE01/src/game/game_fn_8000DA50.o
[28/898] MWCC build/GEDE01/src/game/game_fn_8000D8A4.o
[29/898] MWCC build/GEDE01/src/game/game_fn_8000DAF4.o
[30/898] MWCC build/GEDE01/src/game/game_fn_8000E054.o
[31/898] MWCC build/GEDE01/src/game/game_fn_8000E0AC.o
[32/898] MWCC build/GEDE01/src/game/game_fn_8000E138.o
[33/898] MWCC build/GEDE01/src/game/game_fn_8000E1C4.o
[34/898] MWCC build/GEDE01/src/game/game_fn_8000E96C.o
[35/898] MWCC build/GEDE01/src/game/game_fn_8000EB14.o
[36/898] MWCC build/GEDE01/src/game/game_fn_8000EBD4.o
[37/898] MWCC build/GEDE01/src/game/game_fn_8000ED44.o
[38/898] MWCC build/GEDE01/src/game/game_fn_8000EFC4.o
[39/898] MWCC build/GEDE01/src/game/game_fn_8000F4B0.o
[40/898] MWCC build/GEDE01/src/game/game_fn_8000F774.o
[41/898] MWCC build/GEDE01/src/game/game_fn_8000FDE8.o
[42/898] MWCC build/GEDE01/src/game/game_fn_8000FFD8.o
[43/898] MWCC build/GEDE01/src/game/game_fn_800119FC.o
[44/898] MWCC build/GEDE01/src/game/game_fn_80012DA8.o
[45/898] MWCC build/GEDE01/src/game/game_fn_80012F40.o
[46/898] MWCC build/GEDE01/src/game/game_fn_80012FD0.o
[47/898] MWCC build/GEDE01/src/game/game_fn_800131E8.o
[48/898] MWCC build/GEDE01/src/game/game_fn_80013340.o
[49/898] MWCC build/GEDE01/src/game/game_fn_80013870.o
[50/898] MWCC build/GEDE01/src/game/game_fn_80013CB0.o
[51/898] MWCC build/GEDE01/src/game/game_fn_80013D54.o
[52/898] MWCC build/GEDE01/src/game/game_fn_800142DC.o
[53/898] MWCC build/GEDE01/src/game/game_fn_800144CC.o
[54/898] MWCC build/GEDE01/src/game/game_fn_80014784.o
[55/898] MWCC build/GEDE01/src/game/game_fn_800149D4.o
[56/898] MWCC build/GEDE01/src/game/game_fn_80015058.o
[57/898] MWCC build/GEDE01/src/game/game_fn_80015320.o
[58/898] MWCC build/GEDE01/src/game/game_fn_80015568.o
[59/898] MWCC build/GEDE01/src/game/game_fn_800156FC.o
[60/898] MWCC build/GEDE01/src/game/game_fn_80015BE0.o
[61/898] MWCC build/GEDE01/src/game/game_fn_80015D40.o
[62/898] MWCC build/GEDE01/src/game/game_fn_80015F04.o
[63/898] MWCC build/GEDE01/src/game/game_fn_80016270.o
[64/898] MWCC build/GEDE01/src/game/game_fn_80016128.o
[65/898] MWCC build/GEDE01/src/game/game_fn_80016904.o
[66/898] MWCC build/GEDE01/src/game/game_fn_80016B24.o
[67/898] MWCC build/GEDE01/src/game/game_fn_800171C0.o
[68/898] MWCC build/GEDE01/src/game/game_fn_800173CC.o
[69/898] MWCC build/GEDE01/src/game/game_fn_800176F0.o
[70/898] MWCC build/GEDE01/src/game/game_fn_80017910.o
[71/898] MWCC build/GEDE01/src/game/game_fn_800179AC.o
[72/898] MWCC build/GEDE01/src/game/game_fn_80017A3C.o
[73/898] MWCC build/GEDE01/src/game/game_fn_80017AE4.o
[74/898] MWCC build/GEDE01/src/game/game_fn_80017C3C.o
[75/898] MWCC build/GEDE01/src/game/game_fn_80017DB0.o
[76/898] MWCC build/GEDE01/src/game/game_fn_80017CC8.o
[77/898] MWCC build/GEDE01/src/game/game_fn_80018EF4.o
[78/898] MWCC build/GEDE01/src/game/game_fn_80019054.o
[79/898] MWCC build/GEDE01/src/game/game_fn_80019244.o
[80/898] MWCC build/GEDE01/src/game/game_fn_800194D0.o
[81/898] MWCC build/GEDE01/src/game/game_fn_80019C10.o
[82/898] MWCC build/GEDE01/src/game/game_fn_80019940.o
[83/898] MWCC build/GEDE01/src/game/game_fn_80019D2C.o
[84/898] MWCC build/GEDE01/src/game/game_fn_80019F98.o
[85/898] MWCC build/GEDE01/src/game/game_fn_8001AAB8.o
[86/898] MWCC build/GEDE01/src/game/game_fn_8001A6C4.o
[87/898] MWCC build/GEDE01/src/game/game_fn_8001AF68.o
[88/898] MWCC build/GEDE01/src/game/game_fn_8001ADF8.o
[89/898] MWCC build/GEDE01/src/game/game_fn_8001B124.o
[90/898] MWCC build/GEDE01/src/game/game_fn_8001B294.o
[91/898] MWCC build/GEDE01/src/game/game_fn_8001B874.o
[92/898] MWCC build/GEDE01/src/game/game_fn_8001B808.o
[93/898] MWCC build/GEDE01/src/game/game_fn_8001CA04.o
[94/898] MWCC build/GEDE01/src/game/game_fn_8001C078.o
[95/898] MWCC build/GEDE01/src/game/game_fn_8001CD58.o
[96/898] MWCC build/GEDE01/src/game/game_fn_8001CE94.o
[97/898] MWCC build/GEDE01/src/game/game_fn_8001E644.o
[98/898] MWCC build/GEDE01/src/game/game_fn_8001FE1C.o
[99/898] MWCC build/GEDE01/src/game/game_fn_80020E94.o
[100/898] MWCC build/GEDE01/src/game/game_fn_80024F28.o
[101/898] MWCC build/GEDE01/src/game/game_fn_800272B4.o
[102/898] MWCC build/GEDE01/src/game/game_fn_8002B748.o
[103/898] MWCC build/GEDE01/src/game/game_fn_8002DAE0.o
[104/898] MWCC build/GEDE01/src/game/game_fn_8002E3F0.o
[105/898] MWCC build/GEDE01/src/game/game_fn_8002EA68.o
[106/898] MWCC build/GEDE01/src/game/game_fn_8002F428.o
[107/898] MWCC build/GEDE01/src/game/game_fn_80031544.o
[108/898] MWCC build/GEDE01/src/game/game_fn_8003232C.o
[109/898] MWCC build/GEDE01/src/game/game_fn_80032B84.o
[110/898] MWCC build/GEDE01/src/game/game_fn_80033038.o
[111/898] MWCC build/GEDE01/src/game/game_fn_80033180.o
[112/898] MWCC build/GEDE01/src/game/game_fn_800359A0.o
[113/898] MWCC build/GEDE01/src/game/game_fn_800361F8.o
[114/898] MWCC build/GEDE01/src/game/game_fn_80036C40.o
[115/898] MWCC build/GEDE01/src/game/game_fn_80038878.o
[116/898] MWCC build/GEDE01/src/game/game_fn_80048ADC.o
[117/898] MWCC build/GEDE01/src/game/game_fn_80048B24.o
[118/898] MWCC build/GEDE01/src/game/game_fn_8004998C.o
[119/898] MWCC build/GEDE01/src/game/game_fn_80052310.o
[120/898] MWCC build/GEDE01/src/game/game_fn_800542D0.o
[121/898] MWCC build/GEDE01/src/game/game_fn_8005EC6C.o
[122/898] MWCC build/GEDE01/src/game/game_fn_8005EE9C.o
[123/898] MWCC build/GEDE01/src/game/game_data_80239E10.o
[124/898] MWCC build/GEDE01/src/game/game_data_80239E18.o
[125/898] MWCC build/GEDE01/src/game/game_fn_8005FD84.o
[126/898] MWCC build/GEDE01/src/game/game_fn_80066888.o
[127/898] MWCC build/GEDE01/src/game/game_fn_80066E78.o
[128/898] MWCC build/GEDE01/src/game/game_fn_8006B0F0.o
[129/898] MWCC build/GEDE01/src/game/game_fn_8006B620.o
[130/898] MWCC build/GEDE01/src/game/game_fn_8006E53C.o
[131/898] MWCC build/GEDE01/src/game/game_fn_80071A58.o
[132/898] MWCC build/GEDE01/src/game/game_fn_80074310.o
[133/898] MWCC build/GEDE01/src/game/game_fn_80078500.o
[134/898] MWCC build/GEDE01/src/game/game_fn_80079908.o
[135/898] MWCC build/GEDE01/src/game/game_fn_80079AA4.o
[136/898] MWCC build/GEDE01/src/game/game_fn_8007B2F4.o
[137/898] MWCC build/GEDE01/src/game/game_fn_8007B540.o
[138/898] MWCC build/GEDE01/src/game/game_fn_8007B640.o
[139/898] MWCC build/GEDE01/src/game/game_fn_8007B828.o
[140/898] MWCC build/GEDE01/src/game/game_fn_8007BA3C.o
[141/898] MWCC build/GEDE01/src/game/game_fn_8007D4D8.o
[142/898] MWCC build/GEDE01/src/game/game_fn_8007F770.o
[143/898] MWCC build/GEDE01/src/game/game_fn_800886D8.o
[144/898] MWCC build/GEDE01/src/game/game_fn_80088F4C.o
[145/898] MWCC build/GEDE01/src/game/game_fn_8008A2E0.o
[146/898] MWCC build/GEDE01/src/game/game_fn_8008F224.o
[147/898] MWCC build/GEDE01/src/game/game_fn_8008F890.o
[148/898] MWCC build/GEDE01/src/game/game_fn_80090004.o
[149/898] MWCC build/GEDE01/src/game/game_fn_800934A0.o
[150/898] MWCC build/GEDE01/src/game/game_fn_80095D10.o
[151/898] MWCC build/GEDE01/src/game/game_fn_80095FDC.o
[152/898] MWCC build/GEDE01/src/game/game_fn_80096830.o
[153/898] MWCC build/GEDE01/src/game/game_fn_8009C424.o
[154/898] MWCC build/GEDE01/src/game/game_fn_8009E808.o
[155/898] MWCC build/GEDE01/src/game/game_fn_800A2130.o
[156/898] MWCC build/GEDE01/src/game/game_fn_800A2FCC.o
[157/898] MWCC build/GEDE01/src/game/game_fn_800A3180.o
[158/898] MWCC build/GEDE01/src/game/game_fn_800A3894.o
[159/898] MWCC build/GEDE01/src/game/game_fn_800A4428.o
[160/898] MWCC build/GEDE01/src/game/game_fn_800A4798.o
[161/898] MWCC build/GEDE01/src/game/game_fn_800A7E88.o
[162/898] MWCC build/GEDE01/src/game/game_fn_800AF230.o
[163/898] MWCC build/GEDE01/src/game/game_fn_800B2EC0.o
[164/898] MWCC build/GEDE01/src/game/game_fn_800BB5C4.o
[165/898] MWCC build/GEDE01/src/game/game_fn_800BB7A8.o
[166/898] MWCC build/GEDE01/src/game/game_fn_800BB9A4.o
[167/898] MWCC build/GEDE01/src/game/game_fn_800BBAF0.o
[168/898] MWCC build/GEDE01/src/game/game_fn_800C030C.o
[169/898] MWCC build/GEDE01/src/game/game_fn_800C17EC.o
[170/898] MWCC build/GEDE01/src/game/game_fn_800C59F0.o
[171/898] MWCC build/GEDE01/src/game/game_fn_800C644C.o
[172/898] MWCC build/GEDE01/src/game/game_fn_800C65FC.o
[173/898] MWCC build/GEDE01/src/game/game_fn_800C9C60.o
[174/898] MWCC build/GEDE01/src/game/game_fn_800CB760.o
[175/898] MWCC build/GEDE01/src/game/game_fn_800CB8F4.o
[176/898] MWCC build/GEDE01/src/game/game_fn_800CF598.o
[177/898] MWCC build/GEDE01/src/game/game_fn_800D9064.o
[178/898] MWCC build/GEDE01/src/game/game_fn_800D9E10.o
[179/898] MWCC build/GEDE01/src/game/game_fn_800E4980.o
[180/898] MWCC build/GEDE01/src/game/game_TRKNubWelcome.o
[181/898] MWCC build/GEDE01/src/game/game_TRK_main.o
[182/898] MWCC build/GEDE01/src/game/game_InitMetroTRKCommTable.o
[183/898] MWCC build/GEDE01/src/game/game_fn_800FD0C8.o
[184/898] MWCC build/GEDE01/src/game/game_fn_8010242C.o
[185/898] MWCC build/GEDE01/src/game/game_fn_801098C0.o
[186/898] MWCC build/GEDE01/src/game/game_fn_8010F184.o
[187/898] MWCC build/GEDE01/src/game/game_fn_801126E0.o
[188/898] MWCC build/GEDE01/src/game/game_fn_801128E4.o
[189/898] MWCC build/GEDE01/src/game/game_fn_801141B8.o
[190/898] MWCC build/GEDE01/src/game/game_fn_8011F140.o
[191/898] MWCC build/GEDE01/src/game/game_fn_801247F8.o
[192/898] MWCC build/GEDE01/src/game/game_fn_80126A00.o
[193/898] MWCC build/GEDE01/src/game/game_fn_8012976C.o
[194/898] MWCC build/GEDE01/src/game/game_fn_8012DB28.o
[195/898] MWCC build/GEDE01/src/game/game_fn_8013CBE4.o
[196/898] MWCC build/GEDE01/src/game/game_fn_8013D6A4.o
[197/898] MWCC build/GEDE01/src/game/game_fn_8013DB8C.o
[198/898] MWCC build/GEDE01/src/game/game_fn_8014549C.o
[199/898] MWCC build/GEDE01/src/game/game_fn_8014AF38.o
[200/898] MWCC build/GEDE01/src/game/game_fn_8014B494.o
[201/898] MWCC build/GEDE01/src/game/game_fn_8014BA14.o
[202/898] MWCC build/GEDE01/src/game/game_fn_8014CA98.o
[203/898] MWCC build/GEDE01/src/game/game_fn_801535D8.o
[204/898] MWCC build/GEDE01/src/game/game_fn_80153898.o
[205/898] MWCC build/GEDE01/src/game/game_fn_80153A24.o
[206/898] MWCC build/GEDE01/src/game/game_fn_80154F74.o
[207/898] MWCC build/GEDE01/src/game/game_fn_80155814.o
[208/898] MWCC build/GEDE01/src/game/game_fn_80157C0C.o
[209/898] MWCC build/GEDE01/src/game/game_fn_80158B20.o
[210/898] MWCC build/GEDE01/src/game/game_fn_80158D38.o
[211/898] MWCC build/GEDE01/src/game/game_fn_8015DB84.o
[212/898] MWCC build/GEDE01/src/game/game_fn_8015DC54.o
[213/898] MWCC build/GEDE01/src/game/game_fn_8015EDC0.o
[214/898] MWCC build/GEDE01/src/game/game_fn_80167454.o
[215/898] MWCC build/GEDE01/src/game/game_fn_80167B5C.o
[216/898] MWCC build/GEDE01/src/game/game_fn_80169650.o
[217/898] MWCC build/GEDE01/src/game/game_fn_8016BD0C.o
[218/898] MWCC build/GEDE01/src/game/game_fn_8016BE1C.o
[219/898] MWCC build/GEDE01/src/game/game_fn_8016BF60.o
[220/898] MWCC build/GEDE01/src/game/game_fn_8016C0BC.o
[221/898] MWCC build/GEDE01/src/game/game_fn_8016C164.o
[222/898] MWCC build/GEDE01/src/game/game_fn_8016C238.o
[223/898] MWCC build/GEDE01/src/game/game_fn_8016C4BC.o
[224/898] MWCC build/GEDE01/src/game/game_fn_8016C774.o
[225/898] MWCC build/GEDE01/src/game/game_fn_8016D040.o
[226/898] MWCC build/GEDE01/src/game/game_fn_8016D1F8.o
[227/898] MWCC build/GEDE01/src/game/game_fn_8016D2B8.o
[228/898] MWCC build/GEDE01/src/game/game_fn_8016D9C0.o
[229/898] MWCC build/GEDE01/src/game/game_fn_8016DF4C.o
[230/898] MWCC build/GEDE01/src/game/game_fn_8016E8F8.o
[231/898] MWCC build/GEDE01/src/game/game_fn_8016FEF8.o
[232/898] MWCC build/GEDE01/src/game/game_fn_8017038C.o
[233/898] MWCC build/GEDE01/src/game/game_fn_801704F8.o
[234/898] MWCC build/GEDE01/src/game/game_fn_801706DC.o
[235/898] MWCC build/GEDE01/src/game/game_fn_80170A40.o
[236/898] MWCC build/GEDE01/src/game/game_fn_80170DF4.o
[237/898] MWCC build/GEDE01/src/game/game_fn_80170E9C.o
[238/898] MWCC build/GEDE01/src/game/game_fn_8017138C.o
[239/898] MWCC build/GEDE01/src/game/game_fn_80171664.o
[240/898] MWCC build/GEDE01/src/game/game_fn_801718F4.o
[241/898] MWCC build/GEDE01/src/game/game_fn_801719B4.o
[242/898] MWCC build/GEDE01/src/game/game_fn_80171F30.o
[243/898] MWCC build/GEDE01/src/game/game_fn_8017250C.o
[244/898] MWCC build/GEDE01/src/game/game_fn_801726EC.o
[245/898] MWCC build/GEDE01/src/game/game_fn_80172BB0.o
[246/898] MWCC build/GEDE01/src/game/game_fn_80172C78.o
[247/898] MWCC build/GEDE01/src/game/game_fn_80172DB8.o
[248/898] MWCC build/GEDE01/src/game/game_fn_80173270.o
[249/898] MWCC build/GEDE01/src/game/game_fn_801734B4.o
[250/898] MWCC build/GEDE01/src/game/game_fn_80173770.o
[251/898] MWCC build/GEDE01/src/game/game_fn_80173D44.o
[252/898] MWCC build/GEDE01/src/game/game_fn_80173F04.o
[253/898] MWCC build/GEDE01/src/game/game_fn_80174184.o
[254/898] MWCC build/GEDE01/src/game/game_fn_80174358.o
[255/898] MWCC build/GEDE01/src/game/game_fn_80174F2C.o
[256/898] MWCC build/GEDE01/src/game/game_fn_801752B0.o
[257/898] MWCC build/GEDE01/src/game/game_fn_8017553C.o
[258/898] MWCC build/GEDE01/src/game/game_fn_80175A08.o
[259/898] MWCC build/GEDE01/src/game/game_fn_80175E64.o
[260/898] MWCC build/GEDE01/src/game/game_fn_80175F0C.o
[261/898] MWCC build/GEDE01/src/game/game_fn_80175FD4.o
[262/898] MWCC build/GEDE01/src/game/game_fn_80176098.o
[263/898] MWCC build/GEDE01/src/game/game_fn_80176160.o
[264/898] MWCC build/GEDE01/src/game/game_fn_80176220.o
[265/898] MWCC build/GEDE01/src/game/game_fn_801762E8.o
[266/898] MWCC build/GEDE01/src/game/game_fn_8017652C.o
[267/898] MWCC build/GEDE01/src/game/game_fn_80176DF4.o
[268/898] MWCC build/GEDE01/src/game/game_fn_80176FA0.o
[269/898] MWCC build/GEDE01/src/game/game_fn_801770F8.o
[270/898] MWCC build/GEDE01/src/game/game_fn_8017718C.o
[271/898] MWCC build/GEDE01/src/game/game_fn_80178F88.o
[272/898] MWCC build/GEDE01/src/game/game_fn_80177434.o
[273/898] MWCC build/GEDE01/src/game/game_fn_80179398.o
[274/898] MWCC build/GEDE01/src/game/game_fn_8017960C.o
[275/898] MWCC build/GEDE01/src/game/game_fn_8017974C.o
[276/898] MWCC build/GEDE01/src/game/game_fn_80179904.o
[277/898] MWCC build/GEDE01/src/game/game_fn_80179A18.o
[278/898] MWCC build/GEDE01/src/game/game_fn_80179A74.o
[279/898] MWCC build/GEDE01/src/game/game_fn_80179EB8.o
[280/898] MWCC build/GEDE01/src/game/game_fn_80179F20.o
[281/898] MWCC build/GEDE01/src/game/game_fn_8017A010.o
[282/898] MWCC build/GEDE01/src/game/game_fn_8017A12C.o
[283/898] MWCC build/GEDE01/src/game/game_fn_8017A1C0.o
[284/898] MWCC build/GEDE01/src/game/game_fn_8017A9B8.o
[285/898] MWCC build/GEDE01/src/game/game_fn_8017AC20.o
[286/898] MWCC build/GEDE01/src/game/game_fn_8017E850.o
[287/898] MWCC build/GEDE01/src/game/game_fn_8017E958.o
[288/898] MWCC build/GEDE01/src/game/game_fn_80180DDC.o
[289/898] MWCC build/GEDE01/src/game/game_fn_801810A0.o
[290/898] MWCC build/GEDE01/src/game/game_fn_801816D4.o
[291/898] MWCC build/GEDE01/src/game/game_fn_801859FC.o
[292/898] MWCC build/GEDE01/src/game/game_fn_80185AE8.o
[293/898] MWCC build/GEDE01/src/game/game_fn_80185F10.o
[294/898] MWCC build/GEDE01/src/game/game_fn_801865EC.o
[295/898] MWCC build/GEDE01/src/game/game_fn_8018680C.o
[296/898] MWCC build/GEDE01/src/game/game_fn_80186E10.o
[297/898] MWCC build/GEDE01/src/game/game_fn_80186F70.o
[298/898] MWCC build/GEDE01/src/game/game_fn_80187120.o
[299/898] MWCC build/GEDE01/src/game/game_fn_80187320.o
[300/898] MWCC build/GEDE01/src/game/game_fn_801875FC.o
[301/898] MWCC build/GEDE01/src/game/game_fn_801878E0.o
[302/898] MWCC build/GEDE01/src/game/game_fn_80187BB4.o
[303/898] MWCC build/GEDE01/src/game/game_fn_80188A7C.o
[304/898] MWCC build/GEDE01/src/game/game_fn_80188B44.o
[305/898] MWCC build/GEDE01/src/game/game_fn_80188C1C.o
[306/898] MWCC build/GEDE01/src/game/game_fn_80188E28.o
[307/898] MWCC build/GEDE01/src/game/game_fn_80189028.o
[308/898] MWCC build/GEDE01/src/game/game_fn_801891D8.o
[309/898] MWCC build/GEDE01/src/game/game_fn_80189390.o
[310/898] MWCC build/GEDE01/src/game/game_fn_801895E8.o
[311/898] MWCC build/GEDE01/src/game/game_fn_801896A0.o
[312/898] MWCC build/GEDE01/src/game/game_fn_80189760.o
[313/898] MWCC build/GEDE01/src/game/game_fn_80189968.o
[314/898] MWCC build/GEDE01/src/game/game_fn_80189C14.o
[315/898] MWCC build/GEDE01/src/game/game_fn_8018C2D0.o
[316/898] MWCC build/GEDE01/src/game/game_fn_8018D1F0.o
[317/898] MWCC build/GEDE01/src/game/game_fn_8018D2E0.o
[318/898] MWCC build/GEDE01/src/game/game_fn_8018D400.o
[319/898] MWCC build/GEDE01/src/game/game_fn_8018D688.o
[320/898] MWCC build/GEDE01/src/game/game_fn_8018DC24.o
[321/898] MWCC build/GEDE01/src/game/game_fn_8018E0D8.o
[322/898] MWCC build/GEDE01/src/game/game_fn_8018F1D0.o
[323/898] MWCC build/GEDE01/src/game/game_fn_8018F81C.o
[324/898] MWCC build/GEDE01/src/game/game_fn_8018FEDC.o
[325/898] MWCC build/GEDE01/src/game/game_fn_8019120C.o
[326/898] MWCC build/GEDE01/src/game/game_fn_80191360.o
[327/898] MWCC build/GEDE01/src/game/game_fn_801916D0.o
[328/898] MWCC build/GEDE01/src/game/game_fn_8019197C.o
[329/898] MWCC build/GEDE01/src/game/game_fn_80191F58.o
[330/898] MWCC build/GEDE01/src/game/game_fn_801926EC.o
[331/898] MWCC build/GEDE01/src/game/game_fn_801929A4.o
[332/898] MWCC build/GEDE01/src/game/game_fn_80192F54.o
[333/898] MWCC build/GEDE01/src/game/game_fn_801931C4.o
[334/898] MWCC build/GEDE01/src/game/game_fn_80193E1C.o
[335/898] MWCC build/GEDE01/src/game/game_fn_80193F3C.o
[336/898] MWCC build/GEDE01/src/game/game_fn_80194F80.o
[337/898] MWCC build/GEDE01/src/game/game_fn_80197910.o
[338/898] MWCC build/GEDE01/src/game/game_fn_801952E8.o
[339/898] MWCC build/GEDE01/src/game/game_fn_80198154.o
[340/898] MWCC build/GEDE01/src/game/game_fn_80198AAC.o
[341/898] MWCC build/GEDE01/src/game/game_fn_80198BF4.o
[342/898] MWCC build/GEDE01/src/game/game_fn_801991E0.o
[343/898] MWCC build/GEDE01/src/game/game_fn_8019B1BC.o
[344/898] MWCC build/GEDE01/src/game/game_fn_8019CC28.o
[345/898] MWCC build/GEDE01/src/game/game_fn_8019CFC4.o
[346/898] MWCC build/GEDE01/src/game/game_fn_8019E5E4.o
[347/898] MWCC build/GEDE01/src/game/game_fn_801A1F18.o
[348/898] MWCC build/GEDE01/src/game/game_fn_8019E8C8.o
[349/898] MWCC build/GEDE01/src/game/game_fn_801A2A54.o
[350/898] MWCC build/GEDE01/src/game/game_fn_801A34BC.o
[351/898] MWCC build/GEDE01/src/game/game_fn_801A3A78.o
[352/898] MWCC build/GEDE01/src/game/game_fn_801A4CE0.o
[353/898] MWCC build/GEDE01/src/game/game_fn_801A5FB0.o
[354/898] MWCC build/GEDE01/src/game/game_fn_801A6410.o
[355/898] MWCC build/GEDE01/src/game/game_fn_801A6ADC.o
[356/898] MWCC build/GEDE01/src/game/game_fn_801A657C.o
[357/898] MWCC build/GEDE01/src/game/game_fn_801A6C58.o
[358/898] MWCC build/GEDE01/src/game/game_fn_801A6CB4.o
[359/898] MWCC build/GEDE01/src/game/game_fn_801A7EA8.o
[360/898] MWCC build/GEDE01/src/game/game_fn_801A7E04.o
[361/898] MWCC build/GEDE01/src/game/game_fn_801AB154.o
[362/898] MWCC build/GEDE01/src/game/game_fn_801A93E8.o
[363/898] MWCC build/GEDE01/src/game/game_fn_801ABD3C.o
[364/898] MWCC build/GEDE01/src/game/game_fn_801AC8AC.o
[365/898] MWCC build/GEDE01/src/game/game_fn_801ACFE8.o
[366/898] MWCC build/GEDE01/src/game/game_fn_801AD08C.o
[367/898] MWCC build/GEDE01/src/game/game_fn_801AFA74.o
[368/898] MWCC build/GEDE01/src/game/game_fn_801B02F0.o
[369/898] MWCC build/GEDE01/src/game/game_fn_801B35BC.o
[370/898] MWCC build/GEDE01/src/game/game_fn_801B1BA0.o
[371/898] MWCC build/GEDE01/src/game/game_fn_801B46C8.o
[372/898] MWCC build/GEDE01/src/game/game_fn_801B4FB4.o
[373/898] MWCC build/GEDE01/src/game/game_fn_801B58F0.o
[374/898] MWCC build/GEDE01/src/game/game_fn_801B5228.o
[375/898] MWCC build/GEDE01/src/game/game_fn_801B6F1C.o
[376/898] MWCC build/GEDE01/src/game/game_fn_801B86C0.o
[377/898] MWCC build/GEDE01/src/game/game_fn_801B941C.o
[378/898] MWCC build/GEDE01/src/game/game_fn_801B9E7C.o
[379/898] MWCC build/GEDE01/src/game/game_fn_801BA15C.o
[380/898] MWCC build/GEDE01/src/game/game_fn_801BA708.o
[381/898] MWCC build/GEDE01/src/game/game_fn_801BB1A0.o
[382/898] MWCC build/GEDE01/src/game/game_fn_801BC0D4.o
[383/898] MWCC build/GEDE01/src/game/game_fn_801BC240.o
[384/898] MWCC build/GEDE01/src/game/game_fn_801BC8F4.o
[385/898] MWCC build/GEDE01/src/game/game_fn_801BCC04.o
[386/898] MWCC build/GEDE01/src/game/game_fn_801BD990.o
[387/898] MWCC build/GEDE01/src/game/game_fn_801BDE7C.o
[388/898] MWCC build/GEDE01/src/game/game_fn_801BE0D4.o
[389/898] MWCC build/GEDE01/src/game/game_fn_801C1CB0.o
[390/898] MWCC build/GEDE01/src/game/game_fn_801BEF40.o
[391/898] MWCC build/GEDE01/src/game/game_fn_801C2980.o
[392/898] MWCC build/GEDE01/src/game/game_fn_801C29BC.o
[393/898] MWCC build/GEDE01/src/game/game_fn_801C2AAC.o
[394/898] MWCC build/GEDE01/src/game/game_fn_801C2D9C.o
[395/898] MWCC build/GEDE01/src/game/game_fn_801C8160.o
[396/898] MWCC build/GEDE01/src/game/game_fn_801C8224.o
[397/898] MWCC build/GEDE01/src/game/game_fn_801C4B5C.o
[398/898] MWCC build/GEDE01/src/game/game_fn_801C8600.o
[399/898] MWCC build/GEDE01/src/game/game_fn_801C87DC.o
[400/898] MWCC build/GEDE01/src/game/game_fn_801C8CC0.o
[401/898] MWCC build/GEDE01/src/game/game_fn_801C8F50.o
[402/898] MWCC build/GEDE01/src/game/game_fn_801C90A4.o
[403/898] MWCC build/GEDE01/src/game/game_fn_801C9510.o
[404/898] MWCC build/GEDE01/src/game/game_fn_801C970C.o
[405/898] MWCC build/GEDE01/src/game/game_fn_801C9A08.o
[406/898] MWCC build/GEDE01/src/game/game_fn_801C9B1C.o
[407/898] MWCC build/GEDE01/src/game/game_fn_801CB4F8.o
[408/898] MWCC build/GEDE01/src/game/game_fn_801CD228.o
[409/898] MWCC build/GEDE01/src/game/game_fn_801CE09C.o
[410/898] MWCC build/GEDE01/src/game/game_fn_801CE594.o
[411/898] MWCC build/GEDE01/src/game/game_fn_801D1B10.o
[412/898] MWCC build/GEDE01/src/game/game_fn_801D1F78.o
[413/898] MWCC build/GEDE01/src/game/game_fn_801D3988.o
[414/898] MWCC build/GEDE01/src/game/game_fn_801D76A8.o
[415/898] MWCC build/GEDE01/src/game/game_fn_801D7C24.o
[416/898] MWCC build/GEDE01/src/game/game_fn_801D8050.o
[417/898] MWCC build/GEDE01/src/game/game_fn_801D9FE4.o
[418/898] MWCC build/GEDE01/src/game/game_fn_801E2A48.o
[419/898] MWCC build/GEDE01/src/game/game_fn_801E41AC.o
[420/898] MWCC build/GEDE01/src/game/game_fn_801E6814.o
[421/898] MWCC build/GEDE01/src/game/game_fn_801EB09C.o
[422/898] MWCC build/GEDE01/src/game/game_fn_801E995C.o
[423/898] MWCC build/GEDE01/src/game/game_fn_801EB11C.o
[424/898] MWCC build/GEDE01/src/game/game_fn_801ECD74.o
[425/898] MWCC build/GEDE01/src/game/game_fn_801ECF50.o
[426/898] MWCC build/GEDE01/src/game/game_fn_801ED5F4.o
[427/898] MWCC build/GEDE01/src/game/game_fn_801EF580.o
[428/898] MWCC build/GEDE01/src/game/game_fn_801EF910.o
[429/898] MWCC build/GEDE01/src/game/game_fn_801F0CB0.o
[430/898] MWCC build/GEDE01/src/game/game_fn_801F10BC.o
[431/898] MWCC build/GEDE01/src/game/game_fn_801F1A38.o
[432/898] MWCC build/GEDE01/src/game/game_fn_801F35A8.o
[433/898] MWCC build/GEDE01/src/game/game_fn_801F55A0.o
[434/898] MWCC build/GEDE01/src/game/game_fn_801F69F0.o
[435/898] MWCC build/GEDE01/src/game/game_fn_801F6BD8.o
[436/898] MWCC build/GEDE01/src/game/game_fn_801F7510.o
[437/898] MWCC build/GEDE01/src/game/game_fn_801F76EC.o
[438/898] MWCC build/GEDE01/src/game/game_fn_801F8264.o
[439/898] MWCC build/GEDE01/src/game/game_fn_801F89B4.o
[440/898] MWCC build/GEDE01/src/game/game_fn_801F9AF8.o
[441/898] MWCC build/GEDE01/src/game/game_fn_801FA9C8.o
[442/898] MWCC build/GEDE01/src/game/game_fn_801F9CF4.o
[443/898] MWCC build/GEDE01/src/game/game_fn_801FC034.o
[444/898] MWCC build/GEDE01/src/game/game_fn_801FB6A4.o
[445/898] MWCC build/GEDE01/src/game/game_fn_801FFE78.o
[446/898] MWCC build/GEDE01/src/game/game_fn_801FC204.o
[447/898] EXTERNALIZE build/GEDE01/src/game/game_fn_80175A08.o
[448/898] EXTERNALIZE build/GEDE01/src/game/game_fn_80066E78.o
[449/898] EXTERNALIZE build/GEDE01/src/game/game_fn_801EF910.o
[450/898] EXTERNALIZE build/GEDE01/src/game/game_fn_801247F8.o
[451/898] EXTERNALIZE build/GEDE01/src/game/game_fn_801ECF50.o
[452/898] EXTERNALIZE build/GEDE01/src/game/game_fn_801FC204.o
[453/898] EXTERNALIZE build/GEDE01/src/game/game_fn_801EB09C.o
[454/898] EXTERNALIZE build/GEDE01/src/game/game_fn_801EB11C.o
[455/898] EXTERNALIZE build/GEDE01/src/game/game_fn_801E41AC.o
[456/898] EXTERNALIZE build/GEDE01/src/game/game_fn_801D9FE4.o
[457/898] EXTERNALIZE build/GEDE01/src/game/game_fn_801D76A8.o
[458/898] EXTERNALIZE build/GEDE01/src/game/game_fn_801D8050.o
[459/898] EXTERNALIZE build/GEDE01/src/game/game_fn_801D7C24.o
[460/898] EXTERNALIZE build/GEDE01/src/game/game_fn_8019B1BC.o
[461/898] EXTERNALIZE build/GEDE01/src/game/game_fn_80178F88.o
[462/898] EXTERNALIZE build/GEDE01/src/game/game_fn_801CD228.o
[463/898] EXTERNALIZE build/GEDE01/src/game/game_fn_801C970C.o
[464/898] EXTERNALIZE build/GEDE01/src/game/game_fn_801BA15C.o
[465/898] EXTERNALIZE build/GEDE01/src/game/game_fn_801C9510.o
[466/898] EXTERNALIZE build/GEDE01/src/game/game_fn_80126A00.o
[467/898] EXTERNALIZE build/GEDE01/src/game/game_fn_8013D6A4.o
[468/898] EXTERNALIZE build/GEDE01/src/game/game_fn_800C9C60.o
[469/898] EXTERNALIZE build/GEDE01/src/game/game_fn_801B5228.o
[470/898] EXTERNALIZE build/GEDE01/src/game/game_fn_801B4FB4.o
[471/898] EXTERNALIZE build/GEDE01/src/game/game_fn_801C87DC.o
[472/898] EXTERNALIZE build/GEDE01/src/game/game_fn_801B6F1C.o
[473/898] EXTERNALIZE build/GEDE01/src/game/game_fn_801C8CC0.o
[474/898] EXTERNALIZE build/GEDE01/src/game/game_fn_800FD0C8.o
[475/898] EXTERNALIZE build/GEDE01/src/game/game_fn_801BDE7C.o
[476/898] EXTERNALIZE build/GEDE01/src/game/game_fn_801BE0D4.o
[477/898] EXTERNALIZE STATIC POOL build/GEDE01/src/game/game_fn_801C9A08.o
build/GEDE01/src/game/game_fn_801C9A08.o: lbl_80629390 now undefined; section 3 emptied
[478/898] EXTERNALIZE build/GEDE01/src/game/game_fn_801B941C.o
[479/898] EXTERNALIZE STATIC POOL build/GEDE01/src/game/game_fn_801C9B1C.o
build/GEDE01/src/game/game_fn_801C9B1C.o: lbl_80629390 now undefined; section 3 emptied
[480/898] EXTERNALIZE STATIC POOL build/GEDE01/src/game/game_fn_801BD990.o
build/GEDE01/src/game/game_fn_801BD990.o: lbl_80626D80 now undefined; section 6 emptied
[481/898] EXTERNALIZE STATIC POOL build/GEDE01/src/game/game_fn_801B58F0.o
build/GEDE01/src/game/game_fn_801B58F0.o: lbl_8060C020 now undefined; section 3 emptied
[482/898] EXTERNALIZE STATIC POOL build/GEDE01/src/game/game_fn_801B9E7C.o
build/GEDE01/src/game/game_fn_801B9E7C.o: 0 relocation(s) moved from streamInfo to ...bss.0
build/GEDE01/src/game/game_fn_801B9E7C.o: lbl_8061AE48 now undefined; section 6 emptied
[483/898] EXTERNALIZE STATIC POOL build/GEDE01/src/game/game_fn_801BB1A0.o
build/GEDE01/src/game/game_fn_801BB1A0.o: 0 relocation(s) moved from streamInfo to ...bss.0
build/GEDE01/src/game/game_fn_801BB1A0.o: lbl_8061AE48 now undefined; section 6 emptied
[484/898] EXTERNALIZE STATIC build/GEDE01/src/game/game_fn_801B35BC.o
build/GEDE01/src/game/game_fn_801B35BC.o: lbl_8060D420 now undefined; section 6 emptied
[485/898] EXTERNALIZE STATIC POOL build/GEDE01/src/game/game_fn_801BA708.o
build/GEDE01/src/game/game_fn_801BA708.o: 0 relocation(s) moved from streamInfo to ...bss.0
build/GEDE01/src/game/game_fn_801BA708.o: lbl_8061AE48 now undefined; section 6 emptied
[486/898] EXTERNALIZE STATIC POOL build/GEDE01/src/game/game_fn_801BC8F4.o
build/GEDE01/src/game/game_fn_801BC8F4.o: lbl_8061C748 now undefined; section 6 emptied
[487/898] EXTERNALIZE STATIC build/GEDE01/src/game/game_fn_801BC240.o
build/GEDE01/src/game/game_fn_801BC240.o: lbl_8061C748 now undefined; section 6 emptied
[488/898] EXTERNALIZE STATIC POOL build/GEDE01/src/game/game_fn_801BCC04.o
build/GEDE01/src/game/game_fn_801BCC04.o: lbl_8061C748 now undefined; section 6 emptied
[489/898] EXTERNALIZE STATIC POOL build/GEDE01/src/game/game_fn_801BC0D4.o
build/GEDE01/src/game/game_fn_801BC0D4.o: lbl_8061C748 now undefined; section 6 emptied
[490/898] EXTERNALIZE STATIC POOL build/GEDE01/src/game/game_fn_801C1CB0.o
build/GEDE01/src/game/game_fn_801C1CB0.o: lbl_80626DA0 now undefined; section 3 emptied
[491/898] RENAME build/GEDE01/src/game/game_InitMetroTRKCommTable.o
[492/898] EXTERNALIZE STATIC POOL build/GEDE01/src/game/game_fn_801CE09C.o
build/GEDE01/src/game/game_fn_801CE09C.o: lbl_80631340 now undefined; section 6 emptied
[493/898] RENAME RUNTIME INTRINSICS build/GEDE01/src/game/game_fn_801CB4F8.o
[494/898] EXTERNALIZE STATIC POOL build/GEDE01/src/game/game_fn_8010242C.o
build/GEDE01/src/game/game_fn_8010242C.o: lbl_8032CC08 now undefined; section 3 emptied
[495/898] EXTERNALIZE build/GEDE01/src/game/game_fn_801D3988.o
[496/898] EXTERNALIZE build/GEDE01/src/game/game_fn_801D1B10.o
[497/898] EXTERNALIZE build/GEDE01/src/game/game_fn_801CE594.o
[498/898] ALIGN DATA build/GEDE01/src/game/game_fn_80008014.o
[499/898] EXTERNALIZE build/GEDE01/src/game/game_fn_8014549C.o
[500/898] EXTERNALIZE build/GEDE01/src/game/game_fn_801C8224.o
[501/898] EXTERNALIZE build/GEDE01/src/game/game_fn_801098C0.o
[502/898] EXTERNALIZE build/GEDE01/src/game/game_fn_8000FDE8.o
[503/898] EXTERNALIZE build/GEDE01/src/game/game_fn_80185F10.o
[504/898] EXTERNALIZE build/GEDE01/src/game/game_fn_801C29BC.o
[505/898] EXTERNALIZE build/GEDE01/src/game/game_fn_8007B828.o
[506/898] EXTERNALIZE build/GEDE01/src/game/game_fn_801C8F50.o
[507/898] EXTERNALIZE build/GEDE01/src/game/game_fn_801C90A4.o
[508/898] EXTERNALIZE build/GEDE01/src/game/game_fn_801C8160.o
[509/898] EXTERNALIZE build/GEDE01/src/game/game_fn_801C2AAC.o
[510/898] EXTERNALIZE build/GEDE01/src/game/game_fn_801C2D9C.o
[511/898] EXTERNALIZE build/GEDE01/src/game/game_fn_801C2980.o
[512/898] EXTERNALIZE build/GEDE01/src/game/game_fn_801B02F0.o
[513/898] EXTERNALIZE build/GEDE01/src/game/game_fn_801AFA74.o
[514/898] EXTERNALIZE build/GEDE01/src/game/game_fn_801AC8AC.o
[515/898] EXTERNALIZE build/GEDE01/src/game/game_fn_801ABD3C.o
[516/898] EXTERNALIZE build/GEDE01/src/game/game_fn_801816D4.o
[517/898] EXTERNALIZE build/GEDE01/src/game/game_fn_8011F140.o
[518/898] EXTERNALIZE build/GEDE01/src/game/game_fn_801AD08C.o
[519/898] EXTERNALIZE build/GEDE01/src/game/game_fn_8004998C.o
[520/898] EXTERNALIZE build/GEDE01/src/game/game_fn_80079AA4.o
[521/898] EXTERNALIZE build/GEDE01/src/game/game_fn_80158D38.o
[522/898] EXTERNALIZE build/GEDE01/src/game/game_fn_801A3A78.o
[523/898] EXTERNALIZE build/GEDE01/src/game/game_fn_8008F224.o
[524/898] EXTERNALIZE build/GEDE01/src/game/game_fn_80167454.o
[525/898] EXTERNALIZE build/GEDE01/src/game/game_fn_800AF230.o
[526/898] EXTERNALIZE build/GEDE01/src/game/game_fn_801A93E8.o
[527/898] EXTERNALIZE build/GEDE01/src/game/game_fn_801AB154.o
[528/898] EXTERNALIZE build/GEDE01/src/game/game_fn_801A7E04.o
[529/898] EXTERNALIZE build/GEDE01/src/game/game_fn_801A7EA8.o
[530/898] EXTERNALIZE build/GEDE01/src/game/game_fn_801A6CB4.o
[531/898] EXTERNALIZE build/GEDE01/src/game/game_fn_801A4CE0.o
[532/898] EXTERNALIZE build/GEDE01/src/game/game_fn_801A6C58.o
[533/898] NAME JUMPTABLE build/GEDE01/src/game/game_fn_801A6ADC.o
[534/898] EXTERNALIZE build/GEDE01/src/game/game_fn_801A6410.o
[535/898] EXTERNALIZE build/GEDE01/src/game/game_fn_801A5FB0.o
[536/898] EXTERNALIZE build/GEDE01/src/game/game_fn_801A1F18.o
[537/898] EXTERNALIZE build/GEDE01/src/game/game_fn_8019E8C8.o
[538/898] EXTERNALIZE build/GEDE01/src/game/game_fn_8019E5E4.o
[539/898] EXTERNALIZE build/GEDE01/src/game/game_fn_8019CFC4.o
[540/898] EXTERNALIZE build/GEDE01/src/game/game_fn_8019CC28.o
[541/898] EXTERNALIZE build/GEDE01/src/game/game_fn_801991E0.o
[542/898] EXTERNALIZE build/GEDE01/src/game/game_fn_80198BF4.o
[543/898] EXTERNALIZE build/GEDE01/src/game/game_fn_80198AAC.o
[544/898] EXTERNALIZE build/GEDE01/src/game/game_fn_80198154.o
[545/898] EXTERNALIZE build/GEDE01/src/game/game_fn_80194F80.o
[546/898] EXTERNALIZE build/GEDE01/src/game/game_fn_80197910.o
[547/898] EXTERNALIZE build/GEDE01/src/game/game_fn_80177434.o
repointed 2 relocations to lbl_80250588
[548/898] EXTERNALIZE build/GEDE01/src/game/game_fn_80193E1C.o
[549/898] EXTERNALIZE build/GEDE01/src/game/game_fn_801931C4.o
[550/898] EXTERNALIZE build/GEDE01/src/game/game_fn_80193F3C.o
[551/898] EXTERNALIZE build/GEDE01/src/game/game_fn_80192F54.o
[552/898] EXTERNALIZE build/GEDE01/src/game/game_fn_80191F58.o
[553/898] EXTERNALIZE build/GEDE01/src/game/game_fn_8019197C.o
[554/898] EXTERNALIZE build/GEDE01/src/game/game_fn_80191360.o
[555/898] GLOBALIZE build/GEDE01/src/game/game_fn_8018F1D0.o
[556/898] EXTERNALIZE build/GEDE01/src/game/game_fn_8018D688.o
[557/898] EXTERNALIZE build/GEDE01/src/game/game_fn_8018F81C.o
[558/898] EXTERNALIZE build/GEDE01/src/game/game_fn_8018D2E0.o
[559/898] EXTERNALIZE build/GEDE01/src/game/game_fn_80189968.o
[560/898] EXTERNALIZE build/GEDE01/src/game/game_fn_80189760.o
[561/898] EXTERNALIZE build/GEDE01/src/game/game_fn_8018D1F0.o
[562/898] EXTERNALIZE build/GEDE01/src/game/game_fn_801896A0.o
[563/898] EXTERNALIZE build/GEDE01/src/game/game_fn_801895E8.o
[564/898] EXTERNALIZE build/GEDE01/src/game/game_fn_80189390.o
[565/898] EXTERNALIZE build/GEDE01/src/game/game_fn_801891D8.o
[566/898] EXTERNALIZE build/GEDE01/src/game/game_fn_80188E28.o
[567/898] EXTERNALIZE build/GEDE01/src/game/game_fn_80189028.o
[568/898] EXTERNALIZE build/GEDE01/src/game/game_fn_80188B44.o
[569/898] EXTERNALIZE build/GEDE01/src/game/game_fn_80188C1C.o
[570/898] EXTERNALIZE build/GEDE01/src/game/game_fn_80188A7C.o
[571/898] EXTERNALIZE build/GEDE01/src/game/game_fn_801878E0.o
[572/898] EXTERNALIZE build/GEDE01/src/game/game_fn_80187120.o
[573/898] EXTERNALIZE build/GEDE01/src/game/game_fn_8018FEDC.o
[574/898] EXTERNALIZE build/GEDE01/src/game/game_fn_80186E10.o
[575/898] EXTERNALIZE build/GEDE01/src/game/game_fn_801865EC.o
[576/898] EXTERNALIZE build/GEDE01/src/game/game_fn_80185AE8.o
[577/898] EXTERNALIZE build/GEDE01/src/game/game_fn_801859FC.o
[578/898] EXTERNALIZE build/GEDE01/src/game/game_fn_80180DDC.o
[579/898] EXTERNALIZE build/GEDE01/src/game/game_fn_8017E958.o
[580/898] EXTERNALIZE build/GEDE01/src/game/game_fn_8017E850.o
[581/898] EXTERNALIZE build/GEDE01/src/game/game_fn_8017718C.o
[582/898] EXTERNALIZE build/GEDE01/src/game/game_fn_801770F8.o
[583/898] EXTERNALIZE build/GEDE01/src/game/game_fn_80176FA0.o
[584/898] EXTERNALIZE build/GEDE01/src/game/game_fn_80176DF4.o
[585/898] EXTERNALIZE build/GEDE01/src/game/game_fn_80174358.o
[586/898] EXTERNALIZE build/GEDE01/src/game/game_fn_80173F04.o
[587/898] EXTERNALIZE build/GEDE01/src/game/game_fn_80174184.o
[588/898] EXTERNALIZE build/GEDE01/src/game/game_fn_8017553C.o
[589/898] EXTERNALIZE build/GEDE01/src/game/game_fn_80173D44.o
[590/898] EXTERNALIZE build/GEDE01/src/game/game_fn_80173770.o
[591/898] EXTERNALIZE build/GEDE01/src/game/game_fn_801734B4.o
[592/898] EXTERNALIZE build/GEDE01/src/game/game_fn_80173270.o
[593/898] EXTERNALIZE build/GEDE01/src/game/game_fn_80172DB8.o
[594/898] EXTERNALIZE build/GEDE01/src/game/game_fn_80172C78.o
[595/898] EXTERNALIZE build/GEDE01/src/game/game_fn_80172BB0.o
[596/898] EXTERNALIZE build/GEDE01/src/game/game_fn_801726EC.o
[597/898] EXTERNALIZE build/GEDE01/src/game/game_fn_8017250C.o
[598/898] EXTERNALIZE build/GEDE01/src/game/game_fn_80171F30.o
[599/898] EXTERNALIZE build/GEDE01/src/game/game_fn_801719B4.o
[600/898] EXTERNALIZE build/GEDE01/src/game/game_fn_801718F4.o
[601/898] EXTERNALIZE build/GEDE01/src/game/game_fn_80171664.o
[602/898] EXTERNALIZE build/GEDE01/src/game/game_fn_8017138C.o
[603/898] EXTERNALIZE build/GEDE01/src/game/game_fn_80170A40.o
[604/898] NORMALIZE build/GEDE01/src/game/game_TRKNubWelcome.o
[605/898] NORMALIZE build/GEDE01/src/game/game_TRK_main.o
[606/898] EXTERNALIZE build/GEDE01/src/game/game_fn_801706DC.o
[607/898] NORMALIZE build/GEDE01/src/game/game_data_80239E10.o
[608/898] NORMALIZE build/GEDE01/src/game/game_data_80239E18.o
[609/898] EXTERNALIZE build/GEDE01/src/game/game_fn_8017652C.o
[610/898] EXTERNALIZE build/GEDE01/src/game/game_fn_80170E9C.o
[611/898] EXTERNALIZE build/GEDE01/src/game/game_fn_80175F0C.o
[612/898] EXTERNALIZE build/GEDE01/src/game/game_fn_80175E64.o
[613/898] EXTERNALIZE build/GEDE01/src/game/game_fn_80175FD4.o
[614/898] EXTERNALIZE build/GEDE01/src/game/game_fn_80176098.o
[615/898] EXTERNALIZE build/GEDE01/src/game/game_fn_80176220.o
[616/898] EXTERNALIZE build/GEDE01/src/game/game_fn_80176160.o
[617/898] EXTERNALIZE build/GEDE01/src/game/game_fn_80170DF4.o
[618/898] EXTERNALIZE build/GEDE01/src/game/game_fn_801762E8.o
[619/898] EXTERNALIZE build/GEDE01/src/game/game_fn_8016E8F8.o
[620/898] EXTERNALIZE build/GEDE01/src/game/game_fn_8016FEF8.o
[621/898] EXTERNALIZE build/GEDE01/src/game/game_fn_801704F8.o
[622/898] NORMALIZE build/GEDE01/src/game/game_fn_8016DF4C.o
[623/898] EXTERNALIZE build/GEDE01/src/game/game_fn_8016D2B8.o
[624/898] EXTERNALIZE build/GEDE01/src/game/game_fn_8016D1F8.o
[625/898] EXTERNALIZE build/GEDE01/src/game/game_fn_8016D040.o
[626/898] EXTERNALIZE build/GEDE01/src/game/game_fn_8016C774.o
[627/898] EXTERNALIZE build/GEDE01/src/game/game_fn_8016C4BC.o
[628/898] EXTERNALIZE build/GEDE01/src/game/game_fn_8016C164.o
[629/898] EXTERNALIZE build/GEDE01/src/game/game_fn_8016C238.o
[630/898] EXTERNALIZE build/GEDE01/src/game/game_fn_8016C0BC.o
[631/898] EXTERNALIZE build/GEDE01/src/game/game_fn_8017038C.o
[632/898] EXTERNALIZE build/GEDE01/src/game/game_fn_8016BE1C.o
[633/898] EXTERNALIZE build/GEDE01/src/game/game_fn_8016BF60.o
[634/898] EXTERNALIZE build/GEDE01/src/game/game_fn_8016BD0C.o
[635/898] EXTERNALIZE build/GEDE01/src/game/game_fn_80169650.o
[636/898] EXTERNALIZE build/GEDE01/src/game/game_fn_80167B5C.o
[637/898] EXTERNALIZE build/GEDE01/src/game/game_fn_8015EDC0.o
[638/898] EXTERNALIZE build/GEDE01/src/game/game_fn_8015DB84.o
[639/898] EXTERNALIZE build/GEDE01/src/game/game_fn_8015DC54.o
[640/898] EXTERNALIZE build/GEDE01/src/game/game_fn_80158B20.o
[641/898] EXTERNALIZE build/GEDE01/src/game/game_fn_80179398.o
[642/898] EXTERNALIZE build/GEDE01/src/game/game_fn_8017960C.o
[643/898] EXTERNALIZE build/GEDE01/src/game/game_fn_8017974C.o
[644/898] EXTERNALIZE build/GEDE01/src/game/game_fn_80179904.o
[645/898] EXTERNALIZE build/GEDE01/src/game/game_fn_8017A9B8.o
[646/898] EXTERNALIZE build/GEDE01/src/game/game_fn_80179A18.o
[647/898] EXTERNALIZE build/GEDE01/src/game/game_fn_80179A74.o
[648/898] EXTERNALIZE build/GEDE01/src/game/game_fn_80179EB8.o
[649/898] EXTERNALIZE build/GEDE01/src/game/game_fn_80179F20.o
[650/898] EXTERNALIZE build/GEDE01/src/game/game_fn_8017A010.o
[651/898] EXTERNALIZE build/GEDE01/src/game/game_fn_8017A12C.o
[652/898] EXTERNALIZE build/GEDE01/src/game/game_fn_80157C0C.o
[653/898] EXTERNALIZE build/GEDE01/src/game/game_fn_8017A1C0.o
[654/898] EXTERNALIZE build/GEDE01/src/game/game_fn_80155814.o
[655/898] EXTERNALIZE build/GEDE01/src/game/game_fn_80153898.o
[656/898] EXTERNALIZE build/GEDE01/src/game/game_fn_8014B494.o
[657/898] EXTERNALIZE build/GEDE01/src/game/game_fn_8014AF38.o
[658/898] EXTERNALIZE build/GEDE01/src/game/game_fn_8012DB28.o
[659/898] EXTERNALIZE build/GEDE01/src/game/game_fn_801141B8.o
[660/898] EXTERNALIZE build/GEDE01/src/game/game_fn_801128E4.o
[661/898] EXTERNALIZE build/GEDE01/src/game/game_fn_801126E0.o
[662/898] EXTERNALIZE build/GEDE01/src/game/game_fn_8010F184.o
[663/898] EXTERNALIZE build/GEDE01/src/game/game_fn_800E4980.o
[664/898] EXTERNALIZE build/GEDE01/src/game/game_fn_800C17EC.o
[665/898] EXTERNALIZE build/GEDE01/src/game/game_fn_800C030C.o
[666/898] EXTERNALIZE build/GEDE01/src/game/game_fn_800C59F0.o
[667/898] EXTERNALIZE build/GEDE01/src/game/game_fn_800C644C.o
[668/898] EXTERNALIZE build/GEDE01/src/game/game_fn_800C65FC.o
[669/898] EXTERNALIZE build/GEDE01/src/game/game_fn_800CB760.o
[670/898] EXTERNALIZE build/GEDE01/src/game/game_fn_800CB8F4.o
[671/898] EXTERNALIZE build/GEDE01/src/game/game_fn_80079908.o
[672/898] EXTERNALIZE build/GEDE01/src/game/game_fn_80078500.o
[673/898] EXTERNALIZE build/GEDE01/src/game/game_fn_8007B2F4.o
[674/898] EXTERNALIZE build/GEDE01/src/game/game_fn_8007B540.o
[675/898] EXTERNALIZE build/GEDE01/src/game/game_fn_8007B640.o
[676/898] EXTERNALIZE build/GEDE01/src/game/game_fn_8007BA3C.o
[677/898] EXTERNALIZE build/GEDE01/src/game/game_fn_800886D8.o
[678/898] EXTERNALIZE build/GEDE01/src/game/game_fn_800934A0.o
[679/898] EXTERNALIZE build/GEDE01/src/game/game_fn_800A3894.o
[680/898] EXTERNALIZE build/GEDE01/src/game/game_fn_800A4798.o
[681/898] EXTERNALIZE build/GEDE01/src/game/game_fn_800A7E88.o
[682/898] GLOBALIZE build/GEDE01/src/game/game_fn_800A2130.o
[683/898] EXTERNALIZE build/GEDE01/src/game/game_fn_800A2FCC.o
[684/898] EXTERNALIZE build/GEDE01/src/game/game_fn_8009C424.o
[685/898] EXTERNALIZE SWITCHES build/GEDE01/src/game/game_fn_80095FDC.o
[686/898] EXTERNALIZE build/GEDE01/src/game/game_fn_80096830.o
[687/898] GLOBALIZE build/GEDE01/src/game/game_fn_8008F890.o
[688/898] EXTERNALIZE build/GEDE01/src/game/game_fn_800A4428.o
[689/898] EXTERNALIZE build/GEDE01/src/game/game_fn_80074310.o
[690/898] GLOBALIZE build/GEDE01/src/game/game_fn_8005FD84.o
[691/898] EXTERNALIZE build/GEDE01/src/game/game_fn_80066888.o
[692/898] EXTERNALIZE build/GEDE01/src/game/game_fn_8005EC6C.o
[693/898] EXTERNALIZE build/GEDE01/src/game/game_fn_80048B24.o
[694/898] EXTERNALIZE build/GEDE01/src/game/game_fn_80052310.o
[695/898] NAME SWITCH build/GEDE01/src/game/game_fn_80020E94.o
[696/898] NAME SWITCH build/GEDE01/src/game/game_fn_8005EE9C.o
[697/898] NAME SWITCH build/GEDE01/src/game/game_fn_8016D9C0.o
[698/898] NAME SWITCH build/GEDE01/src/game/game_fn_80071A58.o
[699/898] EXTERNALIZE build/GEDE01/src/game/game_fn_80048ADC.o
[700/898] NAME SWITCH build/GEDE01/src/game/game_fn_8006B620.o
[701/898] NAME SWITCH build/GEDE01/src/game/game_fn_8001FE1C.o
[702/898] NAME SWITCH build/GEDE01/src/game/game_fn_8001E644.o
[703/898] EXTERNALIZE build/GEDE01/src/game/game_fn_80038878.o
[704/898] EXTERNALIZE build/GEDE01/src/game/game_fn_801B46C8.o
build/GEDE01/src/game/game_fn_801B46C8.o: lbl_8060C020 now undefined; section 6 emptied
[705/898] EXTERNALIZE build/GEDE01/src/game/game_fn_80036C40.o
[706/898] EXTERNALIZE build/GEDE01/src/game/game_fn_800359A0.o
[707/898] EXTERNALIZE build/GEDE01/src/game/game_fn_80033180.o
[708/898] EXTERNALIZE build/GEDE01/src/game/game_fn_80033038.o
[709/898] EXTERNALIZE build/GEDE01/src/game/game_fn_80032B84.o
[710/898] EXTERNALIZE build/GEDE01/src/game/game_fn_8003232C.o
[711/898] EXTERNALIZE build/GEDE01/src/game/game_fn_8002E3F0.o
[712/898] EXTERNALIZE build/GEDE01/src/game/game_fn_8002DAE0.o
[713/898] EXTERNALIZE build/GEDE01/src/game/game_fn_8002F428.o
[714/898] EXTERNALIZE build/GEDE01/src/game/game_fn_8002EA68.o
[715/898] GLOBALIZE build/GEDE01/src/game/game_fn_8002B748.o
[716/898] NAME SWITCHES build/GEDE01/src/game/game_fn_80024F28.o
[717/898] EXTERNALIZE build/GEDE01/src/game/game_fn_800272B4.o
[718/898] EXTERNALIZE build/GEDE01/src/game/game_fn_8001CE94.o
[719/898] EXTERNALIZE build/GEDE01/src/game/game_fn_8001CD58.o
[720/898] EXTERNALIZE build/GEDE01/src/game/game_fn_8001C078.o
[721/898] EXTERNALIZE build/GEDE01/src/game/game_fn_8001B874.o
[722/898] EXTERNALIZE build/GEDE01/src/game/game_fn_8001B808.o
[723/898] EXTERNALIZE build/GEDE01/src/game/game_fn_8001B124.o
[724/898] EXTERNALIZE build/GEDE01/src/game/game_fn_8001B294.o
[725/898] EXTERNALIZE build/GEDE01/src/game/game_fn_8001ADF8.o
[726/898] EXTERNALIZE build/GEDE01/src/game/game_fn_8001AF68.o
[727/898] EXTERNALIZE build/GEDE01/src/game/game_fn_8001AAB8.o
[728/898] EXTERNALIZE build/GEDE01/src/game/game_fn_8001A6C4.o
[729/898] EXTERNALIZE build/GEDE01/src/game/game_fn_80019F98.o
[730/898] EXTERNALIZE build/GEDE01/src/game/game_fn_80019C10.o
[731/898] EXTERNALIZE build/GEDE01/src/game/game_fn_80019D2C.o
[732/898] EXTERNALIZE build/GEDE01/src/game/game_fn_80019940.o
[733/898] EXTERNALIZE build/GEDE01/src/game/game_fn_800194D0.o
[734/898] EXTERNALIZE build/GEDE01/src/game/game_fn_80019244.o
[735/898] EXTERNALIZE build/GEDE01/src/game/game_fn_80019054.o
[736/898] EXTERNALIZE build/GEDE01/src/game/game_fn_80017DB0.o
[737/898] EXTERNALIZE build/GEDE01/src/game/game_fn_80018EF4.o
[738/898] EXTERNALIZE build/GEDE01/src/game/game_fn_80017CC8.o
[739/898] EXTERNALIZE build/GEDE01/src/game/game_fn_80017C3C.o
[740/898] EXTERNALIZE build/GEDE01/src/game/game_fn_80017AE4.o
[741/898] EXTERNALIZE build/GEDE01/src/game/game_fn_80017A3C.o
[742/898] EXTERNALIZE build/GEDE01/src/game/game_fn_80017910.o
[743/898] EXTERNALIZE build/GEDE01/src/game/game_fn_800179AC.o
[744/898] EXTERNALIZE build/GEDE01/src/game/game_fn_8000FFD8.o
[745/898] EXTERNALIZE FLAGS build/GEDE01/src/game/game_fn_800119FC.o
[746/898] EXTERNALIZE build/GEDE01/src/game/game_fn_8000F4B0.o
[747/898] EXTERNALIZE build/GEDE01/src/game/game_fn_8000EFC4.o
[748/898] GLOBALIZE build/GEDE01/src/game/game_fn_800094C0.o
[749/898] EXTERNALIZE build/GEDE01/src/game/game_fn_800096E0.o
[750/898] EXTERNALIZE build/GEDE01/src/game/game_fn_800098C0.o
[751/898] EXTERNALIZE build/GEDE01/src/game/game_fn_800099D8.o
[752/898] EXTERNALIZE build/GEDE01/src/game/game_fn_80009AB4.o
[753/898] EXTERNALIZE build/GEDE01/src/game/game_fn_800171C0.o
[754/898] EXTERNALIZE build/GEDE01/src/game/game_fn_8000A26C.o
[755/898] EXTERNALIZE build/GEDE01/src/game/game_fn_800176F0.o
[756/898] EXTERNALIZE build/GEDE01/src/game/game_fn_8000AC88.o
[757/898] EXTERNALIZE build/GEDE01/src/game/game_fn_8000AFB4.o
[758/898] EXTERNALIZE build/GEDE01/src/game/game_fn_8000AEB4.o
[759/898] EXTERNALIZE build/GEDE01/src/game/game_fn_8000B1B8.o
[760/898] EXTERNALIZE build/GEDE01/src/game/game_fn_8000B36C.o
[761/898] EXTERNALIZE build/GEDE01/src/game/game_fn_8000B630.o
[762/898] EXTERNALIZE build/GEDE01/src/game/game_fn_8000B7FC.o
[763/898] EXTERNALIZE build/GEDE01/src/game/game_fn_8000B900.o
[764/898] EXTERNALIZE build/GEDE01/src/game/game_fn_8000BA0C.o
[765/898] EXTERNALIZE build/GEDE01/src/game/game_fn_8000BAA0.o
[766/898] EXTERNALIZE build/GEDE01/src/game/game_fn_8000BC40.o
[767/898] EXTERNALIZE build/GEDE01/src/game/game_fn_8000C06C.o
[768/898] EXTERNALIZE build/GEDE01/src/game/game_fn_8000C17C.o
[769/898] EXTERNALIZE build/GEDE01/src/game/game_fn_8000C848.o
[770/898] EXTERNALIZE build/GEDE01/src/game/game_fn_8000C400.o
[771/898] EXTERNALIZE build/GEDE01/src/game/game_fn_8000D0BC.o
[772/898] EXTERNALIZE build/GEDE01/src/game/game_fn_8000C91C.o
[773/898] NAME SWITCH build/GEDE01/src/game/game_fn_8000D8A4.o
[774/898] EXTERNALIZE build/GEDE01/src/game/game_fn_8000D3D4.o
[775/898] EXTERNALIZE build/GEDE01/src/game/game_fn_8000E054.o
[776/898] EXTERNALIZE build/GEDE01/src/game/game_fn_8000E0AC.o
[777/898] EXTERNALIZE build/GEDE01/src/game/game_fn_8000E96C.o
[778/898] EXTERNALIZE build/GEDE01/src/game/game_fn_8000F774.o
[779/898] EXTERNALIZE build/GEDE01/src/game/game_fn_8000EB14.o
[780/898] EXTERNALIZE build/GEDE01/src/game/game_fn_8000EBD4.o
[781/898] EXTERNALIZE build/GEDE01/src/game/game_fn_8000ED44.o
[782/898] EXTERNALIZE build/GEDE01/src/game/game_fn_8000E138.o
[783/898] EXTERNALIZE build/GEDE01/src/game/game_fn_8000E1C4.o
[784/898] EXTERNALIZE build/GEDE01/src/game/game_fn_8000D590.o
[785/898] EXTERNALIZE build/GEDE01/src/game/game_fn_8000DA50.o
[786/898] EXTERNALIZE build/GEDE01/src/game/game_fn_80012DA8.o
[787/898] EXTERNALIZE build/GEDE01/src/game/game_fn_8000DAF4.o
[788/898] EXTERNALIZE build/GEDE01/src/game/game_fn_80012F40.o
[789/898] EXTERNALIZE build/GEDE01/src/game/game_fn_80012FD0.o
[790/898] EXTERNALIZE build/GEDE01/src/game/game_fn_80013340.o
[791/898] EXTERNALIZE build/GEDE01/src/game/game_fn_800131E8.o
[792/898] EXTERNALIZE build/GEDE01/src/game/game_fn_80013870.o
[793/898] EXTERNALIZE build/GEDE01/src/game/game_fn_80013CB0.o
[794/898] EXTERNALIZE build/GEDE01/src/game/game_fn_800142DC.o
[795/898] EXTERNALIZE build/GEDE01/src/game/game_fn_80013D54.o
[796/898] EXTERNALIZE build/GEDE01/src/game/game_fn_800144CC.o
[797/898] EXTERNALIZE build/GEDE01/src/game/game_fn_80014784.o
[798/898] EXTERNALIZE build/GEDE01/src/game/game_fn_80015058.o
[799/898] EXTERNALIZE build/GEDE01/src/game/game_fn_800149D4.o
[800/898] EXTERNALIZE build/GEDE01/src/game/game_fn_80015320.o
[801/898] EXTERNALIZE build/GEDE01/src/game/game_fn_80015568.o
[802/898] EXTERNALIZE build/GEDE01/src/game/game_fn_800156FC.o
[803/898] EXTERNALIZE build/GEDE01/src/game/game_fn_80015BE0.o
[804/898] EXTERNALIZE build/GEDE01/src/game/game_fn_80015D40.o
[805/898] EXTERNALIZE build/GEDE01/src/game/game_fn_80015F04.o
[806/898] EXTERNALIZE build/GEDE01/src/game/game_fn_80016270.o
[807/898] EXTERNALIZE build/GEDE01/src/game/game_fn_80016128.o
[808/898] EXTERNALIZE build/GEDE01/src/game/game_fn_80016904.o
[809/898] EXTERNALIZE build/GEDE01/src/game/game_fn_800173CC.o
[810/898] EXTERNALIZE build/GEDE01/src/game/game_fn_80016B24.o
[811/898] EXTERNALIZE build/GEDE01/src/game/game_fn_801B86C0.o
[812/898] EXTERNALIZE build/GEDE01/src/game/game_fn_801BEF40.o
[813/898] EXTERNALIZE STATIC POOL build/GEDE01/src/game/game_fn_801C4B5C.o
build/GEDE01/src/game/game_fn_801C4B5C.o: lbl_80628CB0 now undefined; section 6 emptied
[814/898] EXTERNALIZE build/GEDE01/src/game/game_fn_801C8600.o
[815/898] EXTERNALIZE build/GEDE01/src/game/game_fn_8014BA14.o
[816/898] EXTERNALIZE build/GEDE01/src/game/game_fn_800B2EC0.o
[817/898] EXTERNALIZE build/GEDE01/src/game/game_fn_8001CA04.o
[818/898] EXTERNALIZE build/GEDE01/src/game/game_fn_80031544.o
[819/898] EXTERNALIZE build/GEDE01/src/game/game_fn_8006B0F0.o
[820/898] EXTERNALIZE build/GEDE01/src/game/game_fn_8007D4D8.o
[821/898] EXTERNALIZE build/GEDE01/src/game/game_fn_8007F770.o
[822/898] EXTERNALIZE build/GEDE01/src/game/game_fn_80088F4C.o
[823/898] EXTERNALIZE build/GEDE01/src/game/game_fn_8008A2E0.o
[824/898] EXTERNALIZE build/GEDE01/src/game/game_fn_80090004.o
[825/898] EXTERNALIZE build/GEDE01/src/game/game_fn_80095D10.o
[826/898] EXTERNALIZE build/GEDE01/src/game/game_fn_800A3180.o
[827/898] EXTERNALIZE build/GEDE01/src/game/game_fn_800BB7A8.o
[828/898] EXTERNALIZE build/GEDE01/src/game/game_fn_800BB5C4.o
[829/898] EXTERNALIZE build/GEDE01/src/game/game_fn_800BB9A4.o
[830/898] EXTERNALIZE build/GEDE01/src/game/game_fn_800BBAF0.o
[831/898] EXTERNALIZE build/GEDE01/src/game/game_fn_800D9064.o
[832/898] EXTERNALIZE build/GEDE01/src/game/game_fn_800D9E10.o
[833/898] EXTERNALIZE build/GEDE01/src/game/game_fn_8012976C.o
[834/898] EXTERNALIZE build/GEDE01/src/game/game_fn_8013DB8C.o
[835/898] EXTERNALIZE build/GEDE01/src/game/game_fn_8013CBE4.o
[836/898] EXTERNALIZE build/GEDE01/src/game/game_fn_8014CA98.o
[837/898] EXTERNALIZE build/GEDE01/src/game/game_fn_80153A24.o
[838/898] EXTERNALIZE build/GEDE01/src/game/game_fn_801535D8.o
[839/898] EXTERNALIZE build/GEDE01/src/game/game_fn_80174F2C.o
[840/898] EXTERNALIZE build/GEDE01/src/game/game_fn_801752B0.o
[841/898] EXTERNALIZE build/GEDE01/src/game/game_fn_8017AC20.o
[842/898] EXTERNALIZE build/GEDE01/src/game/game_fn_80186F70.o
[843/898] EXTERNALIZE build/GEDE01/src/game/game_fn_8018680C.o
[844/898] EXTERNALIZE build/GEDE01/src/game/game_fn_80187320.o
[845/898] EXTERNALIZE build/GEDE01/src/game/game_fn_801875FC.o
[846/898] EXTERNALIZE build/GEDE01/src/game/game_fn_801810A0.o
[847/898] EXTERNALIZE build/GEDE01/src/game/game_fn_800542D0.o
[848/898] EXTERNALIZE build/GEDE01/src/game/game_fn_80189C14.o
[849/898] EXTERNALIZE build/GEDE01/src/game/game_fn_80187BB4.o
[850/898] EXTERNALIZE build/GEDE01/src/game/game_fn_8018C2D0.o
[851/898] EXTERNALIZE build/GEDE01/src/game/game_fn_8018D400.o
[852/898] EXTERNALIZE build/GEDE01/src/game/game_fn_8018E0D8.o
[853/898] EXTERNALIZE build/GEDE01/src/game/game_fn_8019120C.o
[854/898] EXTERNALIZE build/GEDE01/src/game/game_fn_8018DC24.o
[855/898] EXTERNALIZE build/GEDE01/src/game/game_fn_801916D0.o
[856/898] EXTERNALIZE build/GEDE01/src/game/game_fn_801926EC.o
[857/898] EXTERNALIZE build/GEDE01/src/game/game_fn_801929A4.o
[858/898] EXTERNALIZE build/GEDE01/src/game/game_fn_801A2A54.o
[859/898] EXTERNALIZE build/GEDE01/src/game/game_fn_801952E8.o
[860/898] EXTERNALIZE build/GEDE01/src/game/game_fn_801A34BC.o
[861/898] EXTERNALIZE build/GEDE01/src/game/game_fn_801A657C.o
[862/898] EXTERNALIZE build/GEDE01/src/game/game_fn_801D1F78.o
[863/898] EXTERNALIZE build/GEDE01/src/game/game_fn_801E2A48.o
[864/898] EXTERNALIZE build/GEDE01/src/game/game_fn_801E6814.o
[865/898] EXTERNALIZE build/GEDE01/src/game/game_fn_801E995C.o
[866/898] EXTERNALIZE build/GEDE01/src/game/game_fn_801F0CB0.o
[867/898] EXTERNALIZE build/GEDE01/src/game/game_fn_801EF580.o
[868/898] EXTERNALIZE build/GEDE01/src/game/game_fn_801F10BC.o
[869/898] EXTERNALIZE build/GEDE01/src/game/game_fn_801F35A8.o
[870/898] EXTERNALIZE build/GEDE01/src/game/game_fn_801ECD74.o
[871/898] EXTERNALIZE build/GEDE01/src/game/game_fn_801ED5F4.o
[872/898] EXTERNALIZE build/GEDE01/src/game/game_fn_801F69F0.o
[873/898] EXTERNALIZE build/GEDE01/src/game/game_fn_801F76EC.o
[874/898] EXTERNALIZE build/GEDE01/src/game/game_fn_801F8264.o
[875/898] EXTERNALIZE build/GEDE01/src/game/game_fn_801F89B4.o
[876/898] EXTERNALIZE build/GEDE01/src/game/game_fn_801F9AF8.o
[877/898] EXTERNALIZE build/GEDE01/src/game/game_fn_801F6BD8.o
[878/898] EXTERNALIZE JUMPTABLES build/GEDE01/src/game/game_fn_800361F8.o
[879/898] EXTERNALIZE JUMPTABLES build/GEDE01/src/game/game_fn_8006E53C.o
[880/898] EXTERNALIZE build/GEDE01/src/game/game_fn_801FB6A4.o
[881/898] EXTERNALIZE JUMPTABLES build/GEDE01/src/game/game_fn_800CF598.o
[882/898] EXTERNALIZE JUMPTABLES build/GEDE01/src/game/game_fn_801ACFE8.o
[883/898] EXTERNALIZE build/GEDE01/src/game/game_fn_80154F74.o
[884/898] EXTERNALIZE JUMPTABLES build/GEDE01/src/game/game_fn_801B1BA0.o
[885/898] EXTERNALIZE build/GEDE01/src/game/game_fn_8009E808.o
[886/898] EXTERNALIZE build/GEDE01/src/game/game_fn_801F1A38.o
[887/898] EXTERNALIZE build/GEDE01/src/game/game_fn_801FFE78.o
[888/898] EXTERNALIZE build/GEDE01/src/game/game_fn_801F55A0.o
[889/898] EXTERNALIZE build/GEDE01/src/game/game_fn_801F9CF4.o
[890/898] EXTERNALIZE build/GEDE01/src/game/game_fn_801F7510.o
[891/898] EXTERNALIZE build/GEDE01/src/game/game_fn_801FC034.o
[892/898] EXTERNALIZE build/GEDE01/src/game/game_fn_801FA9C8.o
[893/898] REPORT
 INFO Loading project .
 INFO Generating report for 7068 units (using 8 threads)
 INFO Report generated in 0.180s
 INFO Writing to build/GEDE01/report.json
[894/898] LINK build/GEDE01/main.elf
### mwldeppc.exe Linker Warning:
#   Section '.ignored' is unknown. Section ignored.
### mwldeppc.exe Linker Warning:
#   Section '.ignored' is unknown. Section ignored.
### mwldeppc.exe Linker Warning:
#   Section '.ignored' is unknown. Section ignored.
### mwldeppc.exe Linker Warning:
#   Section '.ignored' is unknown. Section ignored.
### mwldeppc.exe Linker Warning:
#   Section '.ignored' is unknown. Section ignored.
### mwldeppc.exe Linker Warning:
#   Section '.ignored' is unknown. Section ignored.
### mwldeppc.exe Linker Warning:
#   Section '.ignored' is unknown. Section ignored.
### mwldeppc.exe Linker Warning:
#   Section '.ignored' is unknown. Section ignored.
### mwldeppc.exe Linker Warning:
#   Section '.ignored' is unknown. Section ignored.
### mwldeppc.exe Linker Warning:
#   Section '.ignored' is unknown. Section ignored.
### mwldeppc.exe Linker Warning:
#   Section '.ignored' is unknown. Section ignored.
### mwldeppc.exe Linker Warning:
#   Section '.ignored' is unknown. Section ignored.
### mwldeppc.exe Linker Warning:
#   Section '.ignored' is unknown. Section ignored.
### mwldeppc.exe Linker Warning:
#   Section '.ignored' is unknown. Section ignored.
### mwldeppc.exe Linker Warning:
#   Section '.ignored' is unknown. Section ignored.
### mwldeppc.exe Linker Warning:
#   Section '.ignored' is unknown. Section ignored.
### mwldeppc.exe Linker Warning:
#   Section '.ignored' is unknown. Section ignored.
### mwldeppc.exe Linker Warning:
#   Section '.ignored' is unknown. Section ignored.
### mwldeppc.exe Linker Warning:
#   Section '.ignored' is unknown. Section ignored.
### mwldeppc.exe Linker Warning:
#   Section '.ignored' is unknown. Section ignored.
### mwldeppc.exe Linker Warning:
#   Section '.ignored' is unknown. Section ignored.
### mwldeppc.exe Linker Warning:
#   Section '.ignored' is unknown. Section ignored.
### mwldeppc.exe Linker Warning:
#   Section '.ignored' is unknown. Section ignored.
### mwldeppc.exe Linker Warning:
#   Section '.ignored' is unknown. Section ignored.
### mwldeppc.exe Linker Warning:
#   Section '.ignored' is unknown. Section ignored.
### mwldeppc.exe Linker Warning:
#   Section '.ignored' is unknown. Section ignored.
### mwldeppc.exe Linker Warning:
#   Section '.ignored' is unknown. Section ignored.
### mwldeppc.exe Linker Warning:
#   Section '.ignored' is unknown. Section ignored.
### mwldeppc.exe Linker Warning:
#   Section '.ignored' is unknown. Section ignored.
### mwldeppc.exe Linker Warning:
#   Section '.ignored' is unknown. Section ignored.
### mwldeppc.exe Linker Warning:
#   Section '.ignored' is unknown. Section ignored.
### mwldeppc.exe Linker Warning:
#   Section '.ignored' is unknown. Section ignored.
### mwldeppc.exe Linker Warning:
#   Section '.ignored' is unknown. Section ignored.
### mwldeppc.exe Linker Warning:
#   Section '.ignored' is unknown. Section ignored.
### mwldeppc.exe Linker Warning:
#   Section '.ignored' is unknown. Section ignored.
### mwldeppc.exe Linker Warning:
#   Section '.ignored' is unknown. Section ignored.
### mwldeppc.exe Linker Warning:
#   Section '.ignored' is unknown. Section ignored.
### mwldeppc.exe Linker Warning:
#   Section '.ignored' is unknown. Section ignored.
### mwldeppc.exe Linker Warning:
#   Section '.ignored' is unknown. Section ignored.
### mwldeppc.exe Linker Warning:
#   Section '.ignored' is unknown. Section ignored.
### mwldeppc.exe Linker Warning:
#   Section '.ignored' is unknown. Section ignored.
### mwldeppc.exe Linker Warning:
#   Section '.ignored' is unknown. Section ignored.
### mwldeppc.exe Linker Warning:
#   Section '.ignored' is unknown. Section ignored.
### mwldeppc.exe Linker Warning:
#   Section '.ignored' is unknown. Section ignored.
### mwldeppc.exe Linker Warning:
#   Section '.ignored' is unknown. Section ignored.
### mwldeppc.exe Linker Warning:
#   Section '.ignored' is unknown. Section ignored.
### mwldeppc.exe Linker Warning:
#   Section '.ignored' is unknown. Section ignored.
### mwldeppc.exe Linker Warning:
#   Section '.ignored' is unknown. Section ignored.
### mwldeppc.exe Linker Warning:
#   Section '.ignored' is unknown. Section ignored.
### mwldeppc.exe Linker Warning:
#   Section '.ignored' is unknown. Section ignored.
### mwldeppc.exe Linker Warning:
#   Section '.ignored' is unknown. Section ignored.
### mwldeppc.exe Linker Warning:
#   Section '.ignored' is unknown. Section ignored.
### mwldeppc.exe Linker Warning:
#   Section '.ignored' is unknown. Section ignored.
### mwldeppc.exe Linker Warning:
#   Section '.ignored' is unknown. Section ignored.
### mwldeppc.exe Linker Warning:
#   Section '.ignored' is unknown. Section ignored.
### mwldeppc.exe Linker Warning:
#   Section '.ignored' is unknown. Section ignored.
### mwldeppc.exe Linker Warning:
#   Section '.ignored' is unknown. Section ignored.
### mwldeppc.exe Linker Warning:
#   Section '.ignored' is unknown. Section ignored.
### mwldeppc.exe Linker Warning:
#   Section '.ignored' is unknown. Section ignored.
### mwldeppc.exe Linker Warning:
#   Section '.ignored' is unknown. Section ignored.
### mwldeppc.exe Linker Warning:
#   Section '.ignored' is unknown. Section ignored.
### mwldeppc.exe Linker Warning:
#   Section '.ignored' is unknown. Section ignored.
### mwldeppc.exe Linker Warning:
#   Section '.ignored' is unknown. Section ignored.
### mwldeppc.exe Linker Warning:
#   Section '.ignored' is unknown. Section ignored.
### mwldeppc.exe Linker Warning:
#   Section '.ignored' is unknown. Section ignored.
### mwldeppc.exe Linker Warning:
#   Section '.ignored' is unknown. Section ignored.
### mwldeppc.exe Linker Warning:
#   Section '.ignored' is unknown. Section ignored.
### mwldeppc.exe Linker Warning:
#   Section '.ignored' is unknown. Section ignored.
### mwldeppc.exe Linker Warning:
#   Section '.ignored' is unknown. Section ignored.
### mwldeppc.exe Linker Warning:
#   Section '.ignored' is unknown. Section ignored.
### mwldeppc.exe Linker Warning:
#   Section '.ignored' is unknown. Section ignored.
### mwldeppc.exe Linker Warning:
#   Section '.ignored' is unknown. Section ignored.
### mwldeppc.exe Linker Warning:
#   Section '.ignored' is unknown. Section ignored.
### mwldeppc.exe Linker Warning:
#   Section '.ignored' is unknown. Section ignored.
### mwldeppc.exe Linker Warning:
#   Section '.ignored' is unknown. Section ignored.
### mwldeppc.exe Linker Warning:
#   Section '.ignored' is unknown. Section ignored.
### mwldeppc.exe Linker Warning:
#   Section '.ignored' is unknown. Section ignored.
### mwldeppc.exe Linker Warning:
#   Section '.ignored' is unknown. Section ignored.
### mwldeppc.exe Linker Warning:
#   Section '.ignored' is unknown. Section ignored.
### mwldeppc.exe Linker Warning:
#   Section '.ignored' is unknown. Section ignored.
### mwldeppc.exe Linker Warning:
#   Section '.ignored' is unknown. Section ignored.
### mwldeppc.exe Linker Warning:
#   Section '.ignored' is unknown. Section ignored.
### mwldeppc.exe Linker Warning:
#   Section '.ignored' is unknown. Section ignored.
### mwldeppc.exe Linker Warning:
#   Section '.ignored' is unknown. Section ignored.
### mwldeppc.exe Linker Warning:
#   Section '.ignored' is unknown. Section ignored.
### mwldeppc.exe Linker Warning:
#   Section '.ignored' is unknown. Section ignored.
### mwldeppc.exe Linker Warning:
#   Section '.ignored' is unknown. Section ignored.
### mwldeppc.exe Linker Warning:
#   Section '.ignored' is unknown. Section ignored.
### mwldeppc.exe Linker Warning:
#   Section '.ignored' is unknown. Section ignored.
### mwldeppc.exe Linker Warning:
#   Section '.ignored' is unknown. Section ignored.
### mwldeppc.exe Linker Warning:
#   Section '.ignored' is unknown. Section ignored.
### mwldeppc.exe Linker Warning:
#   Section '.ignored' is unknown. Section ignored.
### mwldeppc.exe Linker Warning:
#   Section '.ignored' is unknown. Section ignored.
### mwldeppc.exe Linker Warning:
#   Section '.ignored' is unknown. Section ignored.
### mwldeppc.exe Linker Warning:
#   Section '.ignored' is unknown. Section ignored.
### mwldeppc.exe Linker Warning:
#   Section '.ignored' is unknown. Section ignored.
### mwldeppc.exe Linker Warning:
#   Section '.ignored' is unknown. Section ignored.
### mwldeppc.exe Linker Warning:
#   Section '.ignored' is unknown. Section ignored.
### mwldeppc.exe Linker Warning:
#   Section '.ignored' is unknown. Section ignored.
### mwldeppc.exe Linker Warning:
#   Section '.ignored' is unknown. Section ignored.
### mwldeppc.exe Linker Warning:
#   Section '.ignored' is unknown. Section ignored.
### mwldeppc.exe Linker Warning:
#   Section '.ignored' is unknown. Section ignored.
### mwldeppc.exe Linker Warning:
#   Section '.ignored' is unknown. Section ignored.
### mwldeppc.exe Linker Warning:
#   Section '.ignored' is unknown. Section ignored.
### mwldeppc.exe Linker Warning:
#   Section '.ignored' is unknown. Section ignored.
### mwldeppc.exe Linker Warning:
#   Section '.ignored' is unknown. Section ignored.
### mwldeppc.exe Linker Warning:
#   Section '.ignored' is unknown. Section ignored.
### mwldeppc.exe Linker Warning:
#   Section '.ignored' is unknown. Section ignored.
### mwldeppc.exe Linker Warning:
#   Section '.ignored' is unknown. Section ignored.
### mwldeppc.exe Linker Warning:
#   Section '.ignored' is unknown. Section ignored.
### mwldeppc.exe Linker Warning:
#   Section '.ignored' is unknown. Section ignored.
### mwldeppc.exe Linker Warning:
#   Section '.ignored' is unknown. Section ignored.
### mwldeppc.exe Linker Warning:
#   Section '.ignored' is unknown. Section ignored.
### mwldeppc.exe Linker Warning:
#   Section '.ignored' is unknown. Section ignored.
### mwldeppc.exe Linker Warning:
#   Section '.ignored' is unknown. Section ignored.
### mwldeppc.exe Linker Warning:
#   Section '.ignored' is unknown. Section ignored.
### mwldeppc.exe Linker Warning:
#   Section '.ignored' is unknown. Section ignored.
### mwldeppc.exe Linker Warning:
#   Section '.ignored' is unknown. Section ignored.
### mwldeppc.exe Linker Warning:
#   Section '.ignored' is unknown. Section ignored.
### mwldeppc.exe Linker Warning:
#   Section '.ignored' is unknown. Section ignored.
### mwldeppc.exe Linker Warning:
#   Section '.ignored' is unknown. Section ignored.
### mwldeppc.exe Linker Warning:
#   Section '.ignored' is unknown. Section ignored.
### mwldeppc.exe Linker Warning:
#   Section '.ignored' is unknown. Section ignored.
### mwldeppc.exe Linker Warning:
#   Section '.ignored' is unknown. Section ignored.
### mwldeppc.exe Linker Warning:
#   Section '.ignored' is unknown. Section ignored.
### mwldeppc.exe Linker Warning:
#   Section '.ignored' is unknown. Section ignored.
### mwldeppc.exe Linker Warning:
#   Section '.ignored' is unknown. Section ignored.
### mwldeppc.exe Linker Warning:
#   Section '.ignored' is unknown. Section ignored.
### mwldeppc.exe Linker Warning:
#   Section '.ignored' is unknown. Section ignored.
### mwldeppc.exe Linker Warning:
#   Section '.ignored' is unknown. Section ignored.
### mwldeppc.exe Linker Warning:
#   Section '.ignored' is unknown. Section ignored.
### mwldeppc.exe Linker Warning:
#   Section '.ignored' is unknown. Section ignored.
### mwldeppc.exe Linker Warning:
#   Section '.ignored' is unknown. Section ignored.
### mwldeppc.exe Linker Warning:
#   Section '.ignored' is unknown. Section ignored.
### mwldeppc.exe Linker Warning:
#   Section '.ignored' is unknown. Section ignored.
### mwldeppc.exe Linker Warning:
#   Section '.ignored' is unknown. Section ignored.
### mwldeppc.exe Linker Warning:
#   Section '.ignored' is unknown. Section ignored.
### mwldeppc.exe Linker Warning:
#   Section '.ignored' is unknown. Section ignored.
### mwldeppc.exe Linker Warning:
#   Section '.ignored' is unknown. Section ignored.
### mwldeppc.exe Linker Warning:
#   Section '.ignored' is unknown. Section ignored.
### mwldeppc.exe Linker Warning:
#   Section '.ignored' is unknown. Section ignored.
### mwldeppc.exe Linker Warning:
#   Section '.ignored' is unknown. Section ignored.
### mwldeppc.exe Linker Warning:
#   Section '.ignored' is unknown. Section ignored.
### mwldeppc.exe Linker Warning:
#   Section '.ignored' is unknown. Section ignored.
### mwldeppc.exe Linker Warning:
#   Section '.ignored' is unknown. Section ignored.
### mwldeppc.exe Linker Warning:
#   Section '.ignored' is unknown. Section ignored.
### mwldeppc.exe Linker Warning:
#   Section '.ignored' is unknown. Section ignored.
### mwldeppc.exe Linker Warning:
#   Section '.ignored' is unknown. Section ignored.
### mwldeppc.exe Linker Warning:
#   Section '.ignored' is unknown. Section ignored.
### mwldeppc.exe Linker Warning:
#   Section '.ignored' is unknown. Section ignored.
### mwldeppc.exe Linker Warning:
#   Section '.ignored' is unknown. Section ignored.
### mwldeppc.exe Linker Warning:
#   Section '.ignored' is unknown. Section ignored.
### mwldeppc.exe Linker Warning:
#   Section '.ignored' is unknown. Section ignored.
### mwldeppc.exe Linker Warning:
#   Section '.ignored' is unknown. Section ignored.
### mwldeppc.exe Linker Warning:
#   Section '.ignored' is unknown. Section ignored.
### mwldeppc.exe Linker Warning:
#   Section '.ignored' is unknown. Section ignored.
### mwldeppc.exe Linker Warning:
#   Section '.ignored' is unknown. Section ignored.
### mwldeppc.exe Linker Warning:
#   Section '.ignored' is unknown. Section ignored.
### mwldeppc.exe Linker Warning:
#   Section '.ignored' is unknown. Section ignored.
### mwldeppc.exe Linker Warning:
#   Section '.ignored' is unknown. Section ignored.
### mwldeppc.exe Linker Warning:
#   Section '.ignored' is unknown. Section ignored.
### mwldeppc.exe Linker Warning:
#   Section '.ignored' is unknown. Section ignored.
### mwldeppc.exe Linker Warning:
#   Section '.ignored' is unknown. Section ignored.
### mwldeppc.exe Linker Warning:
#   Section '.ignored' is unknown. Section ignored.
### mwldeppc.exe Linker Warning:
#   Section '.ignored' is unknown. Section ignored.
### mwldeppc.exe Linker Warning:
#   Section '.ignored' is unknown. Section ignored.
### mwldeppc.exe Linker Warning:
#   Section '.ignored' is unknown. Section ignored.
### mwldeppc.exe Linker Warning:
#   Section '.ignored' is unknown. Section ignored.
### mwldeppc.exe Linker Warning:
#   Section '.ignored' is unknown. Section ignored.
### mwldeppc.exe Linker Warning:
#   Section '.ignored' is unknown. Section ignored.
### mwldeppc.exe Linker Warning:
#   Section '.ignored' is unknown. Section ignored.
### mwldeppc.exe Linker Warning:
#   Section '.ignored' is unknown. Section ignored.
### mwldeppc.exe Linker Warning:
#   Section '.ignored' is unknown. Section ignored.
### mwldeppc.exe Linker Warning:
#   Section '.ignored' is unknown. Section ignored.
### mwldeppc.exe Linker Warning:
#   Section '.ignored' is unknown. Section ignored.
### mwldeppc.exe Linker Warning:
#   Section '.ignored' is unknown. Section ignored.
### mwldeppc.exe Linker Warning:
#   Section '.ignored' is unknown. Section ignored.
### mwldeppc.exe Linker Warning:
#   Section '.ignored' is unknown. Section ignored.
### mwldeppc.exe Linker Warning:
#   Section '.ignored' is unknown. Section ignored.
### mwldeppc.exe Linker Warning:
#   Section '.ignored' is unknown. Section ignored.
### mwldeppc.exe Linker Warning:
#   Section '.ignored' is unknown. Section ignored.
### mwldeppc.exe Linker Warning:
#   Section '.ignored' is unknown. Section ignored.
### mwldeppc.exe Linker Warning:
#   Section '.ignored' is unknown. Section ignored.
### mwldeppc.exe Linker Warning:
#   Section '.ignored' is unknown. Section ignored.
### mwldeppc.exe Linker Warning:
#   Section '.ignored' is unknown. Section ignored.
### mwldeppc.exe Linker Warning:
#   Section '.ignored' is unknown. Section ignored.
### mwldeppc.exe Linker Warning:
#   Section '.ignored' is unknown. Section ignored.
### mwldeppc.exe Linker Warning:
#   Section '.ignored' is unknown. Section ignored.
### mwldeppc.exe Linker Warning:
#   Section '.ignored' is unknown. Section ignored.
### mwldeppc.exe Linker Warning:
#   Section '.ignored' is unknown. Section ignored.
### mwldeppc.exe Linker Warning:
#   Section '.ignored' is unknown. Section ignored.
### mwldeppc.exe Linker Warning:
#   Section '.ignored' is unknown. Section ignored.
### mwldeppc.exe Linker Warning:
#   Section '.ignored' is unknown. Section ignored.
### mwldeppc.exe Linker Warning:
#   Section '.ignored' is unknown. Section ignored.
### mwldeppc.exe Linker Warning:
#   Section '.ignored' is unknown. Section ignored.
### mwldeppc.exe Linker Warning:
#   Section '.ignored' is unknown. Section ignored.
### mwldeppc.exe Linker Warning:
#   Section '.ignored' is unknown. Section ignored.
### mwldeppc.exe Linker Warning:
#   Section '.ignored' is unknown. Section ignored.
### mwldeppc.exe Linker Warning:
#   Section '.ignored' is unknown. Section ignored.
### mwldeppc.exe Linker Warning:
#   Section '.ignored' is unknown. Section ignored.
### mwldeppc.exe Linker Warning:
#   Section '.ignored' is unknown. Section ignored.
### mwldeppc.exe Linker Warning:
#   Section '.ignored' is unknown. Section ignored.
### mwldeppc.exe Linker Warning:
#   Section '.ignored' is unknown. Section ignored.
### mwldeppc.exe Linker Warning:
#   Section '.ignored' is unknown. Section ignored.
### mwldeppc.exe Linker Warning:
#   Section '.ignored' is unknown. Section ignored.
### mwldeppc.exe Linker Warning:
#   Section '.ignored' is unknown. Section ignored.
### mwldeppc.exe Linker Warning:
#   Section '.ignored' is unknown. Section ignored.
### mwldeppc.exe Linker Warning:
#   Section '.ignored' is unknown. Section ignored.
### mwldeppc.exe Linker Warning:
#   Section '.ignored' is unknown. Section ignored.
### mwldeppc.exe Linker Warning:
#   Section '.ignored' is unknown. Section ignored.
### mwldeppc.exe Linker Warning:
#   Section '.ignored' is unknown. Section ignored.
### mwldeppc.exe Linker Warning:
#   Section '.ignored' is unknown. Section ignored.
### mwldeppc.exe Linker Warning:
#   Section '.ignored' is unknown. Section ignored.
### mwldeppc.exe Linker Warning:
#   Section '.ignored' is unknown. Section ignored.
### mwldeppc.exe Linker Warning:
#   Section '.ignored' is unknown. Section ignored.
### mwldeppc.exe Linker Warning:
#   Section '.ignored' is unknown. Section ignored.
### mwldeppc.exe Linker Warning:
#   Section '.ignored' is unknown. Section ignored.
### mwldeppc.exe Linker Warning:
#   Section '.ignored' is unknown. Section ignored.
### mwldeppc.exe Linker Warning:
#   Section '.ignored' is unknown. Section ignored.
### mwldeppc.exe Linker Warning:
#   Section '.ignored' is unknown. Section ignored.
### mwldeppc.exe Linker Warning:
#   Section '.ignored' is unknown. Section ignored.
### mwldeppc.exe Linker Warning:
#   Section '.ignored' is unknown. Section ignored.
### mwldeppc.exe Linker Warning:
#   Section '.ignored' is unknown. Section ignored.
### mwldeppc.exe Linker Warning:
#   Section '.ignored' is unknown. Section ignored.
### mwldeppc.exe Linker Warning:
#   Section '.ignored' is unknown. Section ignored.
### mwldeppc.exe Linker Warning:
#   Section '.ignored' is unknown. Section ignored.
### mwldeppc.exe Linker Warning:
#   Section '.ignored' is unknown. Section ignored.
### mwldeppc.exe Linker Warning:
#   Section '.ignored' is unknown. Section ignored.
### mwldeppc.exe Linker Warning:
#   Section '.ignored' is unknown. Section ignored.
### mwldeppc.exe Linker Warning:
#   Section '.ignored' is unknown. Section ignored.
### mwldeppc.exe Linker Warning:
#   Section '.ignored' is unknown. Section ignored.
### mwldeppc.exe Linker Warning:
#   Section '.ignored' is unknown. Section ignored.
### mwldeppc.exe Linker Warning:
#   Section '.ignored' is unknown. Section ignored.
### mwldeppc.exe Linker Warning:
#   Section '.ignored' is unknown. Section ignored.
### mwldeppc.exe Linker Warning:
#   Section '.ignored' is unknown. Section ignored.
### mwldeppc.exe Linker Warning:
#   Section '.ignored' is unknown. Section ignored.
### mwldeppc.exe Linker Warning:
#   Section '.ignored' is unknown. Section ignored.
### mwldeppc.exe Linker Warning:
#   Section '.ignored' is unknown. Section ignored.
### mwldeppc.exe Linker Warning:
#   Section '.ignored' is unknown. Section ignored.
### mwldeppc.exe Linker Warning:
#   Section '.ignored' is unknown. Section ignored.
### mwldeppc.exe Linker Warning:
#   Section '.ignored' is unknown. Section ignored.
### mwldeppc.exe Linker Warning:
#   Section '.ignored' is unknown. Section ignored.
### mwldeppc.exe Linker Warning:
#   Section '.ignored' is unknown. Section ignored.
### mwldeppc.exe Linker Warning:
#   Section '.ignored' is unknown. Section ignored.
### mwldeppc.exe Linker Warning:
#   Section '.ignored' is unknown. Section ignored.
### mwldeppc.exe Linker Warning:
#   Section '.ignored' is unknown. Section ignored.
### mwldeppc.exe Linker Warning:
#   Section '.ignored' is unknown. Section ignored.
### mwldeppc.exe Linker Warning:
#   Section '.ignored' is unknown. Section ignored.
### mwldeppc.exe Linker Warning:
#   Section '.ignored' is unknown. Section ignored.
### mwldeppc.exe Linker Warning:
#   Section '.ignored' is unknown. Section ignored.
### mwldeppc.exe Linker Warning:
#   Section '.ignored' is unknown. Section ignored.
### mwldeppc.exe Linker Warning:
#   Section '.ignored' is unknown. Section ignored.
### mwldeppc.exe Linker Warning:
#   Section '.ignored' is unknown. Section ignored.
### mwldeppc.exe Linker Warning:
#   Section '.ignored' is unknown. Section ignored.
### mwldeppc.exe Linker Warning:
#   Section '.ignored' is unknown. Section ignored.
### mwldeppc.exe Linker Warning:
#   Section '.ignored' is unknown. Section ignored.
### mwldeppc.exe Linker Warning:
#   Section '.ignored' is unknown. Section ignored.
### mwldeppc.exe Linker Warning:
#   Section '.ignored' is unknown. Section ignored.
### mwldeppc.exe Linker Warning:
#   Section '.ignored' is unknown. Section ignored.
### mwldeppc.exe Linker Warning:
#   Section '.ignored' is unknown. Section ignored.
### mwldeppc.exe Linker Warning:
#   Section '.ignored' is unknown. Section ignored.
### mwldeppc.exe Linker Warning:
#   Section '.ignored' is unknown. Section ignored.
### mwldeppc.exe Linker Warning:
#   Section '.ignored' is unknown. Section ignored.
### mwldeppc.exe Linker Warning:
#   Section '.ignored' is unknown. Section ignored.
### mwldeppc.exe Linker Warning:
#   Section '.ignored' is unknown. Section ignored.
### mwldeppc.exe Linker Warning:
#   Section '.ignored' is unknown. Section ignored.
### mwldeppc.exe Linker Warning:
#   Section '.ignored' is unknown. Section ignored.
### mwldeppc.exe Linker Warning:
#   Section '.ignored' is unknown. Section ignored.
### mwldeppc.exe Linker Warning:
#   Section '.ignored' is unknown. Section ignored.
### mwldeppc.exe Linker Warning:
#   Section '.ignored' is unknown. Section ignored.
### mwldeppc.exe Linker Warning:
#   Section '.ignored' is unknown. Section ignored.
### mwldeppc.exe Linker Warning:
#   Section '.ignored' is unknown. Section ignored.
### mwldeppc.exe Linker Warning:
#   Section '.ignored' is unknown. Section ignored.
### mwldeppc.exe Linker Warning:
#   Section '.ignored' is unknown. Section ignored.
### mwldeppc.exe Linker Warning:
#   Section '.ignored' is unknown. Section ignored.
### mwldeppc.exe Linker Warning:
#   Section '.ignored' is unknown. Section ignored.
### mwldeppc.exe Linker Warning:
#   Section '.ignored' is unknown. Section ignored.
### mwldeppc.exe Linker Warning:
#   Section '.ignored' is unknown. Section ignored.
### mwldeppc.exe Linker Warning:
#   Section '.ignored' is unknown. Section ignored.
### mwldeppc.exe Linker Warning:
#   Section '.ignored' is unknown. Section ignored.
### mwldeppc.exe Linker Warning:
#   Section '.ignored' is unknown. Section ignored.
### mwldeppc.exe Linker Warning:
#   Section '.ignored' is unknown. Section ignored.
### mwldeppc.exe Linker Warning:
#   Section '.ignored' is unknown. Section ignored.
### mwldeppc.exe Linker Warning:
#   Section '.ignored' is unknown. Section ignored.
### mwldeppc.exe Linker Warning:
#   Section '.ignored' is unknown. Section ignored.
### mwldeppc.exe Linker Warning:
#   Section '.ignored' is unknown. Section ignored.
### mwldeppc.exe Linker Warning:
#   Section '.ignored' is unknown. Section ignored.
### mwldeppc.exe Linker Warning:
#   Section '.ignored' is unknown. Section ignored.
### mwldeppc.exe Linker Warning:
#   Section '.ignored' is unknown. Section ignored.
### mwldeppc.exe Linker Warning:
#   Section '.ignored' is unknown. Section ignored.
### mwldeppc.exe Linker Warning:
#   Section '.ignored' is unknown. Section ignored.
### mwldeppc.exe Linker Warning:
#   Section '.ignored' is unknown. Section ignored.
### mwldeppc.exe Linker Warning:
#   Section '.ignored' is unknown. Section ignored.
### mwldeppc.exe Linker Warning:
#   Section '.ignored' is unknown. Section ignored.
### mwldeppc.exe Linker Warning:
#   Section '.ignored' is unknown. Section ignored.
### mwldeppc.exe Linker Warning:
#   Section '.ignored' is unknown. Section ignored.
### mwldeppc.exe Linker Warning:
#   Section '.ignored' is unknown. Section ignored.
### mwldeppc.exe Linker Warning:
#   Section '.ignored' is unknown. Section ignored.
### mwldeppc.exe Linker Warning:
#   Section '.ignored' is unknown. Section ignored.
### mwldeppc.exe Linker Warning:
#   Section '.ignored' is unknown. Section ignored.
### mwldeppc.exe Linker Warning:
#   Section '.ignored' is unknown. Section ignored.
### mwldeppc.exe Linker Warning:
#   Section '.ignored' is unknown. Section ignored.
### mwldeppc.exe Linker Warning:
#   Section '.ignored' is unknown. Section ignored.
### mwldeppc.exe Linker Warning:
#   Section '.ignored' is unknown. Section ignored.
### mwldeppc.exe Linker Warning:
#   Section '.ignored' is unknown. Section ignored.
### mwldeppc.exe Linker Warning:
#   Section '.ignored' is unknown. Section ignored.
### mwldeppc.exe Linker Warning:
#   Section '.ignored' is unknown. Section ignored.
### mwldeppc.exe Linker Warning:
#   Section '.ignored' is unknown. Section ignored.
### mwldeppc.exe Linker Warning:
#   Section '.ignored' is unknown. Section ignored.
### mwldeppc.exe Linker Warning:
#   Section '.ignored' is unknown. Section ignored.
### mwldeppc.exe Linker Warning:
#   Section '.ignored' is unknown. Section ignored.
### mwldeppc.exe Linker Warning:
#   Section '.ignored' is unknown. Section ignored.
### mwldeppc.exe Linker Warning:
#   Section '.ignored' is unknown. Section ignored.
### mwldeppc.exe Linker Warning:
#   Section '.ignored' is unknown. Section ignored.
### mwldeppc.exe Linker Warning:
#   Section '.ignored' is unknown. Section ignored.
### mwldeppc.exe Linker Warning:
#   Section '.ignored' is unknown. Section ignored.
### mwldeppc.exe Linker Warning:
#   Section '.ignored' is unknown. Section ignored.
### mwldeppc.exe Linker Warning:
#   Section '.ignored' is unknown. Section ignored.
### mwldeppc.exe Linker Warning:
#   Section '.ignored' is unknown. Section ignored.
### mwldeppc.exe Linker Warning:
#   Section '.ignored' is unknown. Section ignored.
### mwldeppc.exe Linker Warning:
#   Section '.ignored' is unknown. Section ignored.
### mwldeppc.exe Linker Warning:
#   Section '.ignored' is unknown. Section ignored.
### mwldeppc.exe Linker Warning:
#   Section '.ignored' is unknown. Section ignored.
### mwldeppc.exe Linker Warning:
#   Section '.ignored' is unknown. Section ignored.
### mwldeppc.exe Linker Warning:
#   Section '.ignored' is unknown. Section ignored.
### mwldeppc.exe Linker Warning:
#   Section '.ignored' is unknown. Section ignored.
### mwldeppc.exe Linker Warning:
#   Section '.ignored' is unknown. Section ignored.
### mwldeppc.exe Linker Warning:
#   Section '.ignored' is unknown. Section ignored.
### mwldeppc.exe Linker Warning:
#   Section '.ignored' is unknown. Section ignored.
### mwldeppc.exe Linker Warning:
#   Section '.ignored' is unknown. Section ignored.
### mwldeppc.exe Linker Warning:
#   Section '.ignored' is unknown. Section ignored.
### mwldeppc.exe Linker Warning:
#   Section '.ignored' is unknown. Section ignored.
### mwldeppc.exe Linker Warning:
#   Section '.ignored' is unknown. Section ignored.
### mwldeppc.exe Linker Warning:
#   Section '.ignored' is unknown. Section ignored.
### mwldeppc.exe Linker Warning:
#   Section '.ignored' is unknown. Section ignored.
### mwldeppc.exe Linker Warning:
#   Section '.ignored' is unknown. Section ignored.
### mwldeppc.exe Linker Warning:
#   Section '.ignored' is unknown. Section ignored.
### mwldeppc.exe Linker Warning:
#   Section '.ignored' is unknown. Section ignored.
### mwldeppc.exe Linker Warning:
#   Section '.ignored' is unknown. Section ignored.
### mwldeppc.exe Linker Warning:
#   Section '.ignored' is unknown. Section ignored.
### mwldeppc.exe Linker Warning:
#   Section '.ignored' is unknown. Section ignored.
### mwldeppc.exe Linker Warning:
#   Section '.ignored' is unknown. Section ignored.
### mwldeppc.exe Linker Warning:
#   Section '.ignored' is unknown. Section ignored.
### mwldeppc.exe Linker Warning:
#   Section '.ignored' is unknown. Section ignored.
### mwldeppc.exe Linker Warning:
#   Section '.ignored' is unknown. Section ignored.
### mwldeppc.exe Linker Warning:
#   Section '.ignored' is unknown. Section ignored.
### mwldeppc.exe Linker Warning:
#   Section '.ignored' is unknown. Section ignored.
### mwldeppc.exe Linker Warning:
#   Section '.ignored' is unknown. Section ignored.
### mwldeppc.exe Linker Warning:
#   Section '.ignored' is unknown. Section ignored.
### mwldeppc.exe Linker Warning:
#   Section '.ignored' is unknown. Section ignored.
### mwldeppc.exe Linker Warning:
#   Section '.ignored' is unknown. Section ignored.
### mwldeppc.exe Linker Warning:
#   Section '.ignored' is unknown. Section ignored.
### mwldeppc.exe Linker Warning:
#   Section '.ignored' is unknown. Section ignored.
### mwldeppc.exe Linker Warning:
#   Section '.ignored' is unknown. Section ignored.
### mwldeppc.exe Linker Warning:
#   Section '.ignored' is unknown. Section ignored.
### mwldeppc.exe Linker Warning:
#   Section '.ignored' is unknown. Section ignored.
### mwldeppc.exe Linker Warning:
#   Section '.ignored' is unknown. Section ignored.
### mwldeppc.exe Linker Warning:
#   Section '.ignored' is unknown. Section ignored.
### mwldeppc.exe Linker Warning:
#   Section '.ignored' is unknown. Section ignored.
### mwldeppc.exe Linker Warning:
#   Section '.ignored' is unknown. Section ignored.
### mwldeppc.exe Linker Warning:
#   Section '.ignored' is unknown. Section ignored.
### mwldeppc.exe Linker Warning:
#   Section '.ignored' is unknown. Section ignored.
### mwldeppc.exe Linker Warning:
#   Section '.ignored' is unknown. Section ignored.
### mwldeppc.exe Linker Warning:
#   Section '.ignored' is unknown. Section ignored.
### mwldeppc.exe Linker Warning:
#   Section '.ignored' is unknown. Section ignored.
### mwldeppc.exe Linker Warning:
#   Section '.ignored' is unknown. Section ignored.
### mwldeppc.exe Linker Warning:
#   Section '.ignored' is unknown. Section ignored.
### mwldeppc.exe Linker Warning:
#   Section '.ignored' is unknown. Section ignored.
### mwldeppc.exe Linker Warning:
#   Section '.ignored' is unknown. Section ignored.
### mwldeppc.exe Linker Warning:
#   Section '.ignored' is unknown. Section ignored.
### mwldeppc.exe Linker Warning:
#   Section '.ignored' is unknown. Section ignored.
### mwldeppc.exe Linker Warning:
#   Section '.ignored' is unknown. Section ignored.
### mwldeppc.exe Linker Warning:
#   Section '.ignored' is unknown. Section ignored.
### mwldeppc.exe Linker Warning:
#   Section '.ignored' is unknown. Section ignored.
### mwldeppc.exe Linker Warning:
#   Section '.ignored' is unknown. Section ignored.
### mwldeppc.exe Linker Warning:
#   Section '.ignored' is unknown. Section ignored.
### mwldeppc.exe Linker Warning:
#   Section '.ignored' is unknown. Section ignored.
### mwldeppc.exe Linker Warning:
#   Section '.ignored' is unknown. Section ignored.
### mwldeppc.exe Linker Warning:
#   Section '.ignored' is unknown. Section ignored.
### mwldeppc.exe Linker Warning:
#   Section '.ignored' is unknown. Section ignored.
### mwldeppc.exe Linker Warning:
#   Section '.ignored' is unknown. Section ignored.
### mwldeppc.exe Linker Warning:
#   Section '.ignored' is unknown. Section ignored.
### mwldeppc.exe Linker Warning:
#   Section '.ignored' is unknown. Section ignored.
### mwldeppc.exe Linker Warning:
#   Section '.ignored' is unknown. Section ignored.
### mwldeppc.exe Linker Warning:
#   Section '.ignored' is unknown. Section ignored.
### mwldeppc.exe Linker Warning:
#   Section '.ignored' is unknown. Section ignored.
### mwldeppc.exe Linker Warning:
#   Section '.ignored' is unknown. Section ignored.
### mwldeppc.exe Linker Warning:
#   Section '.ignored' is unknown. Section ignored.
### mwldeppc.exe Linker Warning:
#   Section '.ignored' is unknown. Section ignored.
### mwldeppc.exe Linker Warning:
#   Section '.ignored' is unknown. Section ignored.
### mwldeppc.exe Linker Warning:
#   Section '.ignored' is unknown. Section ignored.
### mwldeppc.exe Linker Warning:
#   Section '.ignored' is unknown. Section ignored.
### mwldeppc.exe Linker Warning:
#   Section '.ignored' is unknown. Section ignored.
### mwldeppc.exe Linker Warning:
#   Section '.ignored' is unknown. Section ignored.
### mwldeppc.exe Linker Warning:
#   Section '.ignored' is unknown. Section ignored.
### mwldeppc.exe Linker Warning:
#   Section '.ignored' is unknown. Section ignored.
### mwldeppc.exe Linker Warning:
#   Section '.ignored' is unknown. Section ignored.
### mwldeppc.exe Linker Warning:
#   Section '.ignored' is unknown. Section ignored.
### mwldeppc.exe Linker Warning:
#   Section '.ignored' is unknown. Section ignored.
### mwldeppc.exe Linker Warning:
#   Section '.ignored' is unknown. Section ignored.
### mwldeppc.exe Linker Warning:
#   Section '.ignored' is unknown. Section ignored.
### mwldeppc.exe Linker Warning:
#   Section '.ignored' is unknown. Section ignored.
### mwldeppc.exe Linker Warning:
#   Section '.ignored' is unknown. Section ignored.
### mwldeppc.exe Linker Warning:
#   Section '.ignored' is unknown. Section ignored.
### mwldeppc.exe Linker Warning:
#   Section '.ignored' is unknown. Section ignored.
### mwldeppc.exe Linker Warning:
#   Section '.ignored' is unknown. Section ignored.
### mwldeppc.exe Linker Warning:
#   Section '.ignored' is unknown. Section ignored.
### mwldeppc.exe Linker Warning:
#   Section '.ignored' is unknown. Section ignored.
### mwldeppc.exe Linker Warning:
#   Section '.ignored' is unknown. Section ignored.
### mwldeppc.exe Linker Warning:
#   Section '.ignored' is unknown. Section ignored.
### mwldeppc.exe Linker Warning:
#   Section '.ignored' is unknown. Section ignored.
### mwldeppc.exe Linker Warning:
#   Section '.ignored' is unknown. Section ignored.
### mwldeppc.exe Linker Warning:
#   Section '.ignored' is unknown. Section ignored.
### mwldeppc.exe Linker Warning:
#   Section '.ignored' is unknown. Section ignored.
### mwldeppc.exe Linker Warning:
#   Section '.ignored' is unknown. Section ignored.
### mwldeppc.exe Linker Warning:
#   Section '.ignored' is unknown. Section ignored.
### mwldeppc.exe Linker Warning:
#   Section '.ignored' is unknown. Section ignored.
### mwldeppc.exe Linker Warning:
#   Section '.ignored' is unknown. Section ignored.
### mwldeppc.exe Linker Warning:
#   Section '.ignored' is unknown. Section ignored.
### mwldeppc.exe Linker Warning:
#   Section '.ignored' is unknown. Section ignored.
### mwldeppc.exe Linker Warning:
#   Section '.ignored' is unknown. Section ignored.
### mwldeppc.exe Linker Warning:
#   Section '.ignored' is unknown. Section ignored.
### mwldeppc.exe Linker Warning:
#   Section '.ignored' is unknown. Section ignored.
### mwldeppc.exe Linker Warning:
#   Section '.ignored' is unknown. Section ignored.
### mwldeppc.exe Linker Warning:
#   Section '.ignored' is unknown. Section ignored.
### mwldeppc.exe Linker Warning:
#   Section '.ignored' is unknown. Section ignored.
### mwldeppc.exe Linker Warning:
#   Section '.ignored' is unknown. Section ignored.
### mwldeppc.exe Linker Warning:
#   Section '.ignored' is unknown. Section ignored.
### mwldeppc.exe Linker Warning:
#   Section '.ignored' is unknown. Section ignored.
### mwldeppc.exe Linker Warning:
#   Section '.ignored' is unknown. Section ignored.
### mwldeppc.exe Linker Warning:
#   Section '.ignored' is unknown. Section ignored.
### mwldeppc.exe Linker Warning:
#   Section '.ignored' is unknown. Section ignored.
### mwldeppc.exe Linker Warning:
#   Section '.ignored' is unknown. Section ignored.
### mwldeppc.exe Linker Warning:
#   Section '.ignored' is unknown. Section ignored.
### mwldeppc.exe Linker Warning:
#   Section '.ignored' is unknown. Section ignored.
### mwldeppc.exe Linker Warning:
#   Section '.ignored' is unknown. Section ignored.
### mwldeppc.exe Linker Warning:
#   Section '.ignored' is unknown. Section ignored.
### mwldeppc.exe Linker Warning:
#   Section '.ignored' is unknown. Section ignored.
### mwldeppc.exe Linker Warning:
#   Section '.ignored' is unknown. Section ignored.
### mwldeppc.exe Linker Warning:
#   Section '.ignored' is unknown. Section ignored.
### mwldeppc.exe Linker Warning:
#   Section '.ignored' is unknown. Section ignored.
### mwldeppc.exe Linker Warning:
#   Section '.ignored' is unknown. Section ignored.
### mwldeppc.exe Linker Warning:
#   Section '.ignored' is unknown. Section ignored.
### mwldeppc.exe Linker Warning:
#   Section '.ignored' is unknown. Section ignored.
### mwldeppc.exe Linker Warning:
#   Section '.ignored' is unknown. Section ignored.
### mwldeppc.exe Linker Warning:
#   Section '.ignored' is unknown. Section ignored.
### mwldeppc.exe Linker Warning:
#   Section '.ignored' is unknown. Section ignored.
### mwldeppc.exe Linker Warning:
#   Section '.ignored' is unknown. Section ignored.
### mwldeppc.exe Linker Warning:
#   Section '.ignored' is unknown. Section ignored.
### mwldeppc.exe Linker Warning:
#   Section '.ignored' is unknown. Section ignored.
### mwldeppc.exe Linker Warning:
#   Section '.ignored' is unknown. Section ignored.
### mwldeppc.exe Linker Warning:
#   Section '.ignored' is unknown. Section ignored.
### mwldeppc.exe Linker Warning:
#   Section '.ignored' is unknown. Section ignored.
### mwldeppc.exe Linker Warning:
#   Section '.ignored' is unknown. Section ignored.
### mwldeppc.exe Linker Warning:
#   Section '.ignored' is unknown. Section ignored.
### mwldeppc.exe Linker Warning:
#   Section '.ignored' is unknown. Section ignored.
### mwldeppc.exe Linker Warning:
#   Section '.ignored' is unknown. Section ignored.
### mwldeppc.exe Linker Warning:
#   Section '.ignored' is unknown. Section ignored.
### mwldeppc.exe Linker Warning:
#   Section '.ignored' is unknown. Section ignored.
### mwldeppc.exe Linker Warning:
#   Section '.ignored' is unknown. Section ignored.
### mwldeppc.exe Linker Warning:
#   Section '.ignored' is unknown. Section ignored.
### mwldeppc.exe Linker Warning:
#   Section '.ignored' is unknown. Section ignored.
### mwldeppc.exe Linker Warning:
#   Section '.ignored' is unknown. Section ignored.
### mwldeppc.exe Linker Warning:
#   Section '.ignored' is unknown. Section ignored.
### mwldeppc.exe Linker Warning:
#   Section '.ignored' is unknown. Section ignored.
### mwldeppc.exe Linker Warning:
#   Section '.ignored' is unknown. Section ignored.
### mwldeppc.exe Linker Warning:
#   Section '.ignored' is unknown. Section ignored.
### mwldeppc.exe Linker Warning:
#   Section '.ignored' is unknown. Section ignored.
### mwldeppc.exe Linker Warning:
#   Section '.ignored' is unknown. Section ignored.
### mwldeppc.exe Linker Warning:
#   Section '.ignored' is unknown. Section ignored.
### mwldeppc.exe Linker Warning:
#   Section '.ignored' is unknown. Section ignored.
### mwldeppc.exe Linker Warning:
#   Section '.ignored' is unknown. Section ignored.
### mwldeppc.exe Linker Warning:
#   Section '.ignored' is unknown. Section ignored.
### mwldeppc.exe Linker Warning:
#   Section '.ignored' is unknown. Section ignored.
### mwldeppc.exe Linker Warning:
#   Section '.ignored' is unknown. Section ignored.
### mwldeppc.exe Linker Warning:
#   Section '.ignored' is unknown. Section ignored.
### mwldeppc.exe Linker Warning:
#   Section '.ignored' is unknown. Section ignored.
### mwldeppc.exe Linker Warning:
#   Section '.ignored' is unknown. Section ignored.
### mwldeppc.exe Linker Warning:
#   Section '.ignored' is unknown. Section ignored.
### mwldeppc.exe Linker Warning:
#   Section '.ignored' is unknown. Section ignored.
### mwldeppc.exe Linker Warning:
#   Section '.ignored' is unknown. Section ignored.
### mwldeppc.exe Linker Warning:
#   Section '.ignored' is unknown. Section ignored.
### mwldeppc.exe Linker Warning:
#   Section '.ignored' is unknown. Section ignored.
### mwldeppc.exe Linker Warning:
#   Section '.ignored' is unknown. Section ignored.
### mwldeppc.exe Linker Warning:
#   Section '.ignored' is unknown. Section ignored.
### mwldeppc.exe Linker Warning:
#   Section '.ignored' is unknown. Section ignored.
### mwldeppc.exe Linker Warning:
#   Section '.ignored' is unknown. Section ignored.
### mwldeppc.exe Linker Warning:
#   Section '.ignored' is unknown. Section ignored.
### mwldeppc.exe Linker Warning:
#   Section '.ignored' is unknown. Section ignored.
### mwldeppc.exe Linker Warning:
#   Section '.ignored' is unknown. Section ignored.
### mwldeppc.exe Linker Warning:
#   Section '.ignored' is unknown. Section ignored.
### mwldeppc.exe Linker Warning:
#   Section '.ignored' is unknown. Section ignored.
### mwldeppc.exe Linker Warning:
#   Section '.ignored' is unknown. Section ignored.
### mwldeppc.exe Linker Warning:
#   Section '.ignored' is unknown. Section ignored.
### mwldeppc.exe Linker Warning:
#   Section '.ignored' is unknown. Section ignored.
### mwldeppc.exe Linker Warning:
#   Section '.ignored' is unknown. Section ignored.
### mwldeppc.exe Linker Warning:
#   Section '.ignored' is unknown. Section ignored.
### mwldeppc.exe Linker Warning:
#   Section '.ignored' is unknown. Section ignored.
### mwldeppc.exe Linker Warning:
#   Section '.ignored' is unknown. Section ignored.
### mwldeppc.exe Linker Warning:
#   Section '.ignored' is unknown. Section ignored.
### mwldeppc.exe Linker Warning:
#   Section '.ignored' is unknown. Section ignored.
### mwldeppc.exe Linker Warning:
#   Section '.ignored' is unknown. Section ignored.
### mwldeppc.exe Linker Warning:
#   Section '.ignored' is unknown. Section ignored.
### mwldeppc.exe Linker Warning:
#   Section '.ignored' is unknown. Section ignored.
### mwldeppc.exe Linker Warning:
#   Section '.ignored' is unknown. Section ignored.
### mwldeppc.exe Linker Warning:
#   Section '.ignored' is unknown. Section ignored.
### mwldeppc.exe Linker Warning:
#   Section '.ignored' is unknown. Section ignored.
### mwldeppc.exe Linker Warning:
#   Section '.ignored' is unknown. Section ignored.
### mwldeppc.exe Linker Warning:
#   Section '.ignored' is unknown. Section ignored.
### mwldeppc.exe Linker Warning:
#   Section '.ignored' is unknown. Section ignored.
### mwldeppc.exe Linker Warning:
#   Section '.ignored' is unknown. Section ignored.
### mwldeppc.exe Linker Warning:
#   Section '.ignored' is unknown. Section ignored.
### mwldeppc.exe Linker Warning:
#   Section '.ignored' is unknown. Section ignored.
### mwldeppc.exe Linker Warning:
#   Section '.ignored' is unknown. Section ignored.
### mwldeppc.exe Linker Warning:
#   Section '.ignored' is unknown. Section ignored.
### mwldeppc.exe Linker Warning:
#   Section '.ignored' is unknown. Section ignored.
### mwldeppc.exe Linker Warning:
#   Section '.ignored' is unknown. Section ignored.
### mwldeppc.exe Linker Warning:
#   Section '.ignored' is unknown. Section ignored.
### mwldeppc.exe Linker Warning:
#   Section '.ignored' is unknown. Section ignored.
### mwldeppc.exe Linker Warning:
#   Section '.ignored' is unknown. Section ignored.
### mwldeppc.exe Linker Warning:
#   Section '.ignored' is unknown. Section ignored.
### mwldeppc.exe Linker Warning:
#   Section '.ignored' is unknown. Section ignored.
### mwldeppc.exe Linker Warning:
#   Section '.ignored' is unknown. Section ignored.
[895/898] DOL build/GEDE01/main.dol
[896/898] CHECK config/GEDE01/build.sha1
build/GEDE01/main.dol: OK
[897/898] PROGRESS
Progress:
  All: 58.15% fuzzy, 48.12% matched, 48.09% linked (6276 / 7068 files)
    Code: 1107160 / 2300692 bytes (6042 / 8214 functions)
    Data: 39594 / 4305642 bytes (0.92%)
  Game Code: 93.67% fuzzy, 77.48% matched, 77.43% linked (6258 / 6633 files)
    Code: 1104132 / 1425104 bytes (5980 / 6354 functions)
    Data: 39370 / 40426 bytes (97.39%)
  SDK/Runtime: 100.00% fuzzy, 100.00% matched, 100.00% linked (18 / 18 files)
    Code: 3028 / 3028 bytes (62 / 62 functions)
    Data: 224 / 224 bytes (100.00%)
