[1/1] RUN configure.py
[1/919] MWCC build/GEDE01/src/game/game_fn_80008014.o
[2/919] MWCC build/GEDE01/src/game/game_fn_800094C0.o
[3/919] MWCC build/GEDE01/src/game/game_fn_800098C0.o
[4/919] MWCC build/GEDE01/src/game/game_fn_800096E0.o
[5/919] MWCC build/GEDE01/src/game/game_fn_800099D8.o
[6/919] MWCC build/GEDE01/src/game/game_fn_80009AB4.o
[7/919] MWCC build/GEDE01/src/game/game_fn_8000A26C.o
[8/919] MWCC build/GEDE01/src/game/game_fn_8000AC88.o
[9/919] MWCC build/GEDE01/src/game/game_fn_8000AEB4.o
[10/919] MWCC build/GEDE01/src/game/game_fn_8000AFB4.o
[11/919] MWCC build/GEDE01/src/game/game_fn_8000B1B8.o
[12/919] MWCC build/GEDE01/src/game/game_fn_8000B36C.o
[13/919] MWCC build/GEDE01/src/game/game_fn_8000B7FC.o
[14/919] MWCC build/GEDE01/src/game/game_fn_8000B630.o
[15/919] MWCC build/GEDE01/src/game/game_fn_8000B900.o
[16/919] MWCC build/GEDE01/src/game/game_fn_8000BA0C.o
[17/919] MWCC build/GEDE01/src/game/game_fn_8000BC40.o
[18/919] MWCC build/GEDE01/src/game/game_fn_8000BAA0.o
[19/919] MWCC build/GEDE01/src/game/game_fn_8000C06C.o
[20/919] MWCC build/GEDE01/src/game/game_fn_8000C17C.o
[21/919] MWCC build/GEDE01/src/game/game_fn_8000C848.o
[22/919] MWCC build/GEDE01/src/game/game_fn_8000C400.o
[23/919] MWCC build/GEDE01/src/game/game_fn_8000C91C.o
[24/919] MWCC build/GEDE01/src/game/game_fn_8000D0BC.o
[25/919] MWCC build/GEDE01/src/game/game_fn_8000D3D4.o
[26/919] MWCC build/GEDE01/src/game/game_fn_8000D590.o
[27/919] MWCC build/GEDE01/src/game/game_fn_8000D8A4.o
[28/919] MWCC build/GEDE01/src/game/game_fn_8000DA50.o
[29/919] MWCC build/GEDE01/src/game/game_fn_8000DAF4.o
[30/919] MWCC build/GEDE01/src/game/game_fn_8000E054.o
[31/919] MWCC build/GEDE01/src/game/game_fn_8000E0AC.o
[32/919] MWCC build/GEDE01/src/game/game_fn_8000E138.o
[33/919] MWCC build/GEDE01/src/game/game_fn_8000E1C4.o
[34/919] MWCC build/GEDE01/src/game/game_fn_8000E96C.o
[35/919] MWCC build/GEDE01/src/game/game_fn_8000EB14.o
[36/919] MWCC build/GEDE01/src/game/game_fn_8000EBD4.o
[37/919] MWCC build/GEDE01/src/game/game_fn_8000ED44.o
[38/919] MWCC build/GEDE01/src/game/game_fn_8000EFC4.o
[39/919] MWCC build/GEDE01/src/game/game_fn_8000F4B0.o
[40/919] MWCC build/GEDE01/src/game/game_fn_8000F774.o
[41/919] MWCC build/GEDE01/src/game/game_fn_8000FDE8.o
[42/919] MWCC build/GEDE01/src/game/game_fn_8000FFD8.o
[43/919] MWCC build/GEDE01/src/game/game_fn_800119FC.o
[44/919] MWCC build/GEDE01/src/game/game_fn_80012DA8.o
[45/919] MWCC build/GEDE01/src/game/game_fn_80012F40.o
[46/919] MWCC build/GEDE01/src/game/game_fn_80012FD0.o
[47/919] MWCC build/GEDE01/src/game/game_fn_800131E8.o
[48/919] MWCC build/GEDE01/src/game/game_fn_80013340.o
[49/919] MWCC build/GEDE01/src/game/game_fn_80013870.o
[50/919] MWCC build/GEDE01/src/game/game_fn_80013CB0.o
[51/919] MWCC build/GEDE01/src/game/game_fn_80013D54.o
[52/919] MWCC build/GEDE01/src/game/game_fn_800142DC.o
[53/919] MWCC build/GEDE01/src/game/game_fn_800144CC.o
[54/919] MWCC build/GEDE01/src/game/game_fn_80014784.o
[55/919] MWCC build/GEDE01/src/game/game_fn_800149D4.o
[56/919] MWCC build/GEDE01/src/game/game_fn_80015058.o
[57/919] MWCC build/GEDE01/src/game/game_fn_80015320.o
[58/919] MWCC build/GEDE01/src/game/game_fn_80015568.o
[59/919] MWCC build/GEDE01/src/game/game_fn_800156FC.o
[60/919] MWCC build/GEDE01/src/game/game_fn_80015BE0.o
[61/919] MWCC build/GEDE01/src/game/game_fn_80015D40.o
[62/919] MWCC build/GEDE01/src/game/game_fn_80015F04.o
[63/919] MWCC build/GEDE01/src/game/game_fn_80016128.o
[64/919] MWCC build/GEDE01/src/game/game_fn_80016270.o
[65/919] MWCC build/GEDE01/src/game/game_fn_80016904.o
[66/919] MWCC build/GEDE01/src/game/game_fn_80016B24.o
[67/919] MWCC build/GEDE01/src/game/game_fn_800171C0.o
[68/919] MWCC build/GEDE01/src/game/game_fn_800173CC.o
[69/919] MWCC build/GEDE01/src/game/game_fn_800176F0.o
[70/919] MWCC build/GEDE01/src/game/game_fn_80017910.o
[71/919] MWCC build/GEDE01/src/game/game_fn_800179AC.o
[72/919] MWCC build/GEDE01/src/game/game_fn_80017A3C.o
[73/919] MWCC build/GEDE01/src/game/game_fn_80017AE4.o
[74/919] MWCC build/GEDE01/src/game/game_fn_80017C3C.o
[75/919] MWCC build/GEDE01/src/game/game_fn_80017CC8.o
[76/919] MWCC build/GEDE01/src/game/game_fn_80017DB0.o
[77/919] MWCC build/GEDE01/src/game/game_fn_80018EF4.o
[78/919] MWCC build/GEDE01/src/game/game_fn_80019054.o
[79/919] MWCC build/GEDE01/src/game/game_fn_80019244.o
[80/919] MWCC build/GEDE01/src/game/game_fn_800194D0.o
[81/919] MWCC build/GEDE01/src/game/game_fn_80019940.o
[82/919] MWCC build/GEDE01/src/game/game_fn_80019C10.o
[83/919] MWCC build/GEDE01/src/game/game_fn_80019D2C.o
[84/919] MWCC build/GEDE01/src/game/game_fn_80019F98.o
[85/919] MWCC build/GEDE01/src/game/game_fn_8001A6C4.o
[86/919] MWCC build/GEDE01/src/game/game_fn_8001AAB8.o
[87/919] MWCC build/GEDE01/src/game/game_fn_8001ADF8.o
[88/919] MWCC build/GEDE01/src/game/game_fn_8001AF68.o
[89/919] MWCC build/GEDE01/src/game/game_fn_8001B124.o
[90/919] MWCC build/GEDE01/src/game/game_fn_8001B294.o
[91/919] MWCC build/GEDE01/src/game/game_fn_8001B808.o
[92/919] MWCC build/GEDE01/src/game/game_fn_8001B874.o
[93/919] MWCC build/GEDE01/src/game/game_fn_8001C078.o
[94/919] MWCC build/GEDE01/src/game/game_fn_8001CA04.o
[95/919] MWCC build/GEDE01/src/game/game_fn_8001CD58.o
[96/919] MWCC build/GEDE01/src/game/game_fn_8001CE94.o
[97/919] MWCC build/GEDE01/src/game/game_fn_8001E644.o
[98/919] MWCC build/GEDE01/src/game/game_fn_8001FE1C.o
[99/919] MWCC build/GEDE01/src/game/game_fn_80020E94.o
[100/919] MWCC build/GEDE01/src/game/game_fn_80024F28.o
[101/919] MWCC build/GEDE01/src/game/game_fn_800272B4.o
[102/919] MWCC build/GEDE01/src/game/game_fn_8002B748.o
[103/919] MWCC build/GEDE01/src/game/game_fn_8002DAE0.o
[104/919] MWCC build/GEDE01/src/game/game_fn_8002E3F0.o
[105/919] MWCC build/GEDE01/src/game/game_fn_8002EA68.o
[106/919] MWCC build/GEDE01/src/game/game_fn_8002F428.o
[107/919] MWCC build/GEDE01/src/game/game_fn_80031544.o
[108/919] MWCC build/GEDE01/src/game/game_fn_8003232C.o
[109/919] MWCC build/GEDE01/src/game/game_fn_80032B84.o
[110/919] MWCC build/GEDE01/src/game/game_fn_80033038.o
[111/919] MWCC build/GEDE01/src/game/game_fn_80033180.o
[112/919] MWCC build/GEDE01/src/game/game_fn_800359A0.o
[113/919] MWCC build/GEDE01/src/game/game_fn_800361F8.o
[114/919] MWCC build/GEDE01/src/game/game_fn_80036C40.o
[115/919] MWCC build/GEDE01/src/game/game_fn_80038878.o
[116/919] MWCC build/GEDE01/src/game/game_fn_80048ADC.o
[117/919] MWCC build/GEDE01/src/game/game_fn_80048B24.o
[118/919] MWCC build/GEDE01/src/game/game_fn_8004998C.o
[119/919] MWCC build/GEDE01/src/game/game_fn_80050B08.o
[120/919] MWCC build/GEDE01/src/game/game_fn_80052310.o
[121/919] MWCC build/GEDE01/src/game/game_fn_8005EC6C.o
[122/919] MWCC build/GEDE01/src/game/game_fn_800542D0.o
[123/919] MWCC build/GEDE01/src/game/game_fn_8005EE9C.o
[124/919] MWCC build/GEDE01/src/game/game_data_80239E10.o
[125/919] MWCC build/GEDE01/src/game/game_data_80239E18.o
[126/919] MWCC build/GEDE01/src/game/game_fn_8005FD84.o
[127/919] MWCC build/GEDE01/src/game/game_fn_80066888.o
[128/919] MWCC build/GEDE01/src/game/game_fn_80066E78.o
[129/919] MWCC build/GEDE01/src/game/game_fn_8006B0F0.o
[130/919] MWCC build/GEDE01/src/game/game_fn_8006B620.o
[131/919] MWCC build/GEDE01/src/game/game_fn_80071A58.o
[132/919] MWCC build/GEDE01/src/game/game_fn_8006E53C.o
[133/919] MWCC build/GEDE01/src/game/game_fn_80074310.o
[134/919] MWCC build/GEDE01/src/game/game_fn_80078500.o
[135/919] MWCC build/GEDE01/src/game/game_fn_80079908.o
[136/919] MWCC build/GEDE01/src/game/game_fn_80079AA4.o
[137/919] MWCC build/GEDE01/src/game/game_fn_8007B2F4.o
[138/919] MWCC build/GEDE01/src/game/game_fn_8007B540.o
[139/919] MWCC build/GEDE01/src/game/game_fn_8007B640.o
[140/919] MWCC build/GEDE01/src/game/game_fn_8007B828.o
[141/919] MWCC build/GEDE01/src/game/game_fn_8007BA3C.o
[142/919] MWCC build/GEDE01/src/game/game_fn_8007D4D8.o
[143/919] MWCC build/GEDE01/src/game/game_fn_8007F770.o
[144/919] MWCC build/GEDE01/src/game/game_fn_800886D8.o
[145/919] MWCC build/GEDE01/src/game/game_fn_80088F4C.o
[146/919] MWCC build/GEDE01/src/game/game_fn_80089A34.o
[147/919] MWCC build/GEDE01/src/game/game_fn_8008A2E0.o
[148/919] MWCC build/GEDE01/src/game/game_fn_8008F224.o
[149/919] MWCC build/GEDE01/src/game/game_fn_8008F890.o
[150/919] MWCC build/GEDE01/src/game/game_fn_80090004.o
[151/919] MWCC build/GEDE01/src/game/game_fn_800934A0.o
[152/919] MWCC build/GEDE01/src/game/game_fn_80095D10.o
[153/919] MWCC build/GEDE01/src/game/game_fn_80095FDC.o
[154/919] MWCC build/GEDE01/src/game/game_fn_80096830.o
[155/919] MWCC build/GEDE01/src/game/game_fn_8009C424.o
[156/919] MWCC build/GEDE01/src/game/game_fn_8009E808.o
[157/919] MWCC build/GEDE01/src/game/game_fn_800A2130.o
[158/919] MWCC build/GEDE01/src/game/game_fn_800A2FCC.o
[159/919] MWCC build/GEDE01/src/game/game_fn_800A3180.o
[160/919] MWCC build/GEDE01/src/game/game_fn_800A3894.o
[161/919] MWCC build/GEDE01/src/game/game_fn_800A4428.o
[162/919] MWCC build/GEDE01/src/game/game_fn_800A4798.o
[163/919] MWCC build/GEDE01/src/game/game_fn_800A7E88.o
[164/919] MWCC build/GEDE01/src/game/game_fn_800AF230.o
[165/919] MWCC build/GEDE01/src/game/game_fn_800B2EC0.o
[166/919] MWCC build/GEDE01/src/game/game_fn_800BB5C4.o
[167/919] MWCC build/GEDE01/src/game/game_fn_800BB7A8.o
[168/919] MWCC build/GEDE01/src/game/game_fn_800BB9A4.o
[169/919] MWCC build/GEDE01/src/game/game_fn_800BBAF0.o
[170/919] MWCC build/GEDE01/src/game/game_fn_800C030C.o
[171/919] MWCC build/GEDE01/src/game/game_fn_800C17EC.o
[172/919] MWCC build/GEDE01/src/game/game_fn_800C59F0.o
[173/919] MWCC build/GEDE01/src/game/game_fn_800C644C.o
[174/919] MWCC build/GEDE01/src/game/game_fn_800C65FC.o
[175/919] MWCC build/GEDE01/src/game/game_fn_800C9C60.o
[176/919] MWCC build/GEDE01/src/game/game_fn_800CB760.o
[177/919] MWCC build/GEDE01/src/game/game_fn_800CB8F4.o
[178/919] MWCC build/GEDE01/src/game/game_fn_800CF598.o
[179/919] MWCC build/GEDE01/src/game/game_fn_800D9064.o
[180/919] MWCC build/GEDE01/src/game/game_fn_800D9E10.o
[181/919] MWCC build/GEDE01/src/game/game_fn_800DC4D4.o
[182/919] MWCC build/GEDE01/src/game/game_fn_800E4980.o
[183/919] MWCC build/GEDE01/src/game/game_TRKNubWelcome.o
[184/919] MWCC build/GEDE01/src/game/game_TRK_main.o
[185/919] MWCC build/GEDE01/src/game/game_InitMetroTRKCommTable.o
[186/919] MWCC build/GEDE01/src/game/game_fn_800FD0C8.o
[187/919] MWCC build/GEDE01/src/game/game_fn_8010242C.o
[188/919] MWCC build/GEDE01/src/game/game_fn_801098C0.o
[189/919] MWCC build/GEDE01/src/game/game_fn_8010F184.o
[190/919] MWCC build/GEDE01/src/game/game_fn_801126E0.o
[191/919] MWCC build/GEDE01/src/game/game_fn_801128E4.o
[192/919] MWCC build/GEDE01/src/game/game_fn_801141B8.o
[193/919] MWCC build/GEDE01/src/game/game_fn_8011F140.o
[194/919] MWCC build/GEDE01/src/game/game_fn_801247F8.o
[195/919] MWCC build/GEDE01/src/game/game_fn_80126A00.o
[196/919] MWCC build/GEDE01/src/game/game_fn_8012976C.o
[197/919] MWCC build/GEDE01/src/game/game_fn_8012DB28.o
[198/919] MWCC build/GEDE01/src/game/game_fn_8013CBE4.o
[199/919] MWCC build/GEDE01/src/game/game_fn_8013D6A4.o
[200/919] MWCC build/GEDE01/src/game/game_fn_8013DB8C.o
[201/919] MWCC build/GEDE01/src/game/game_fn_8014549C.o
[202/919] MWCC build/GEDE01/src/game/game_fn_8014AF38.o
[203/919] MWCC build/GEDE01/src/game/game_fn_8014B494.o
[204/919] MWCC build/GEDE01/src/game/game_fn_8014BA14.o
[205/919] MWCC build/GEDE01/src/game/game_fn_8014CA98.o
[206/919] MWCC build/GEDE01/src/game/game_fn_801535D8.o
[207/919] MWCC build/GEDE01/src/game/game_fn_80153898.o
[208/919] MWCC build/GEDE01/src/game/game_fn_80153A24.o
[209/919] MWCC build/GEDE01/src/game/game_fn_80154F74.o
[210/919] MWCC build/GEDE01/src/game/game_fn_80155814.o
[211/919] MWCC build/GEDE01/src/game/game_fn_80157C0C.o
[212/919] MWCC build/GEDE01/src/game/game_fn_80158B20.o
[213/919] MWCC build/GEDE01/src/game/game_fn_80158D38.o
[214/919] MWCC build/GEDE01/src/game/game_fn_8015DB84.o
[215/919] MWCC build/GEDE01/src/game/game_fn_8015DC54.o
[216/919] MWCC build/GEDE01/src/game/game_fn_8015EDC0.o
[217/919] MWCC build/GEDE01/src/game/game_fn_80167454.o
[218/919] MWCC build/GEDE01/src/game/game_fn_80167B5C.o
[219/919] MWCC build/GEDE01/src/game/game_fn_80169650.o
[220/919] MWCC build/GEDE01/src/game/game_fn_8016BD0C.o
[221/919] MWCC build/GEDE01/src/game/game_fn_8016BE1C.o
[222/919] MWCC build/GEDE01/src/game/game_fn_8016BF60.o
[223/919] MWCC build/GEDE01/src/game/game_fn_8016C0BC.o
[224/919] MWCC build/GEDE01/src/game/game_fn_8016C164.o
[225/919] MWCC build/GEDE01/src/game/game_fn_8016C238.o
[226/919] MWCC build/GEDE01/src/game/game_fn_8016C4BC.o
[227/919] MWCC build/GEDE01/src/game/game_fn_8016C774.o
[228/919] MWCC build/GEDE01/src/game/game_fn_8016D040.o
[229/919] MWCC build/GEDE01/src/game/game_fn_8016D1F8.o
[230/919] MWCC build/GEDE01/src/game/game_fn_8016D2B8.o
[231/919] MWCC build/GEDE01/src/game/game_fn_8016D9C0.o
[232/919] MWCC build/GEDE01/src/game/game_fn_8016DF4C.o
[233/919] MWCC build/GEDE01/src/game/game_fn_8016E8F8.o
[234/919] MWCC build/GEDE01/src/game/game_fn_8016FEF8.o
[235/919] MWCC build/GEDE01/src/game/game_fn_8017038C.o
[236/919] MWCC build/GEDE01/src/game/game_fn_801704F8.o
[237/919] MWCC build/GEDE01/src/game/game_fn_801706DC.o
[238/919] MWCC build/GEDE01/src/game/game_fn_80170A40.o
[239/919] MWCC build/GEDE01/src/game/game_fn_80170DF4.o
[240/919] MWCC build/GEDE01/src/game/game_fn_80170E9C.o
[241/919] MWCC build/GEDE01/src/game/game_fn_8017138C.o
[242/919] MWCC build/GEDE01/src/game/game_fn_80171664.o
[243/919] MWCC build/GEDE01/src/game/game_fn_801718F4.o
[244/919] MWCC build/GEDE01/src/game/game_fn_801719B4.o
[245/919] MWCC build/GEDE01/src/game/game_fn_80171F30.o
[246/919] MWCC build/GEDE01/src/game/game_fn_8017250C.o
[247/919] MWCC build/GEDE01/src/game/game_fn_801726EC.o
[248/919] MWCC build/GEDE01/src/game/game_fn_80172BB0.o
[249/919] MWCC build/GEDE01/src/game/game_fn_80172C78.o
[250/919] MWCC build/GEDE01/src/game/game_fn_80172DB8.o
[251/919] MWCC build/GEDE01/src/game/game_fn_80173270.o
[252/919] MWCC build/GEDE01/src/game/game_fn_801734B4.o
[253/919] MWCC build/GEDE01/src/game/game_fn_80173770.o
[254/919] MWCC build/GEDE01/src/game/game_fn_80173BDC.o
[255/919] MWCC build/GEDE01/src/game/game_fn_80173D44.o
[256/919] MWCC build/GEDE01/src/game/game_fn_80173F04.o
[257/919] MWCC build/GEDE01/src/game/game_fn_80174184.o
[258/919] MWCC build/GEDE01/src/game/game_fn_80174358.o
[259/919] MWCC build/GEDE01/src/game/game_fn_80174F2C.o
[260/919] MWCC build/GEDE01/src/game/game_fn_801752B0.o
[261/919] MWCC build/GEDE01/src/game/game_fn_8017553C.o
[262/919] MWCC build/GEDE01/src/game/game_fn_80175A08.o
[263/919] MWCC build/GEDE01/src/game/game_fn_80175E64.o
[264/919] MWCC build/GEDE01/src/game/game_fn_80175F0C.o
[265/919] MWCC build/GEDE01/src/game/game_fn_80175FD4.o
[266/919] MWCC build/GEDE01/src/game/game_fn_80176098.o
[267/919] MWCC build/GEDE01/src/game/game_fn_80176160.o
[268/919] MWCC build/GEDE01/src/game/game_fn_80176220.o
[269/919] MWCC build/GEDE01/src/game/game_fn_801762E8.o
[270/919] MWCC build/GEDE01/src/game/game_fn_8017652C.o
[271/919] MWCC build/GEDE01/src/game/game_fn_80176DF4.o
[272/919] MWCC build/GEDE01/src/game/game_fn_80176FA0.o
[273/919] MWCC build/GEDE01/src/game/game_fn_801770F8.o
[274/919] MWCC build/GEDE01/src/game/game_fn_8017718C.o
[275/919] MWCC build/GEDE01/src/game/game_fn_80178F88.o
[276/919] MWCC build/GEDE01/src/game/game_fn_80177434.o
[277/919] MWCC build/GEDE01/src/game/game_fn_80179398.o
[278/919] MWCC build/GEDE01/src/game/game_fn_8017960C.o
[279/919] MWCC build/GEDE01/src/game/game_fn_8017974C.o
[280/919] MWCC build/GEDE01/src/game/game_fn_80179904.o
[281/919] MWCC build/GEDE01/src/game/game_fn_80179A18.o
[282/919] MWCC build/GEDE01/src/game/game_fn_80179A74.o
[283/919] MWCC build/GEDE01/src/game/game_fn_80179EB8.o
[284/919] MWCC build/GEDE01/src/game/game_fn_80179F20.o
[285/919] MWCC build/GEDE01/src/game/game_fn_8017A010.o
[286/919] MWCC build/GEDE01/src/game/game_fn_8017A12C.o
[287/919] MWCC build/GEDE01/src/game/game_fn_8017A1C0.o
[288/919] MWCC build/GEDE01/src/game/game_fn_8017A9B8.o
[289/919] MWCC build/GEDE01/src/game/game_fn_8017AC20.o
[290/919] MWCC build/GEDE01/src/game/game_fn_8017E850.o
[291/919] MWCC build/GEDE01/src/game/game_fn_8017E958.o
[292/919] MWCC build/GEDE01/src/game/game_fn_80180DDC.o
[293/919] MWCC build/GEDE01/src/game/game_fn_801810A0.o
[294/919] MWCC build/GEDE01/src/game/game_fn_801816D4.o
[295/919] MWCC build/GEDE01/src/game/game_fn_801859FC.o
[296/919] MWCC build/GEDE01/src/game/game_fn_80185AE8.o
[297/919] MWCC build/GEDE01/src/game/game_fn_80185F10.o
[298/919] MWCC build/GEDE01/src/game/game_fn_801861C4.o
[299/919] MWCC build/GEDE01/src/game/game_fn_801865EC.o
[300/919] MWCC build/GEDE01/src/game/game_fn_8018680C.o
[301/919] MWCC build/GEDE01/src/game/game_fn_80186E10.o
[302/919] MWCC build/GEDE01/src/game/game_fn_80186F70.o
[303/919] MWCC build/GEDE01/src/game/game_fn_80187120.o
[304/919] MWCC build/GEDE01/src/game/game_fn_80187320.o
[305/919] MWCC build/GEDE01/src/game/game_fn_801875FC.o
[306/919] MWCC build/GEDE01/src/game/game_fn_801878E0.o
[307/919] MWCC build/GEDE01/src/game/game_fn_80187BB4.o
[308/919] MWCC build/GEDE01/src/game/game_fn_80187E40.o
[309/919] MWCC build/GEDE01/src/game/game_fn_80188A7C.o
[310/919] MWCC build/GEDE01/src/game/game_fn_80188B44.o
[311/919] MWCC build/GEDE01/src/game/game_fn_80188C1C.o
[312/919] MWCC build/GEDE01/src/game/game_fn_80188E28.o
[313/919] MWCC build/GEDE01/src/game/game_fn_80189028.o
[314/919] MWCC build/GEDE01/src/game/game_fn_801891D8.o
[315/919] MWCC build/GEDE01/src/game/game_fn_80189390.o
[316/919] MWCC build/GEDE01/src/game/game_fn_801895E8.o
[317/919] MWCC build/GEDE01/src/game/game_fn_801896A0.o
[318/919] MWCC build/GEDE01/src/game/game_fn_80189760.o
[319/919] MWCC build/GEDE01/src/game/game_fn_80189968.o
[320/919] MWCC build/GEDE01/src/game/game_fn_80189C14.o
[321/919] MWCC build/GEDE01/src/game/game_fn_8018C2D0.o
[322/919] MWCC build/GEDE01/src/game/game_fn_8018D1F0.o
[323/919] MWCC build/GEDE01/src/game/game_fn_8018D2E0.o
[324/919] MWCC build/GEDE01/src/game/game_fn_8018D400.o
[325/919] MWCC build/GEDE01/src/game/game_fn_8018D688.o
[326/919] MWCC build/GEDE01/src/game/game_fn_8018DC24.o
[327/919] MWCC build/GEDE01/src/game/game_fn_8018E0D8.o
[328/919] MWCC build/GEDE01/src/game/game_fn_8018F1D0.o
[329/919] MWCC build/GEDE01/src/game/game_fn_8018F81C.o
[330/919] MWCC build/GEDE01/src/game/game_fn_8018FEDC.o
[331/919] MWCC build/GEDE01/src/game/game_fn_8019120C.o
[332/919] MWCC build/GEDE01/src/game/game_fn_80191360.o
[333/919] MWCC build/GEDE01/src/game/game_fn_801916D0.o
[334/919] MWCC build/GEDE01/src/game/game_fn_8019197C.o
[335/919] MWCC build/GEDE01/src/game/game_fn_80191F58.o
[336/919] MWCC build/GEDE01/src/game/game_fn_801926EC.o
[337/919] MWCC build/GEDE01/src/game/game_fn_801929A4.o
[338/919] MWCC build/GEDE01/src/game/game_fn_80192F54.o
[339/919] MWCC build/GEDE01/src/game/game_fn_801931C4.o
[340/919] MWCC build/GEDE01/src/game/game_fn_80193E1C.o
[341/919] MWCC build/GEDE01/src/game/game_fn_80193F3C.o
[342/919] MWCC build/GEDE01/src/game/game_fn_80194F80.o
[343/919] MWCC build/GEDE01/src/game/game_fn_801952E8.o
[344/919] MWCC build/GEDE01/src/game/game_fn_80197910.o
[345/919] MWCC build/GEDE01/src/game/game_fn_80198154.o
[346/919] MWCC build/GEDE01/src/game/game_fn_80198AAC.o
[347/919] MWCC build/GEDE01/src/game/game_fn_80198BF4.o
[348/919] MWCC build/GEDE01/src/game/game_fn_801991E0.o
[349/919] MWCC build/GEDE01/src/game/game_fn_8019B1BC.o
[350/919] MWCC build/GEDE01/src/game/game_fn_8019CC28.o
[351/919] MWCC build/GEDE01/src/game/game_fn_8019CFC4.o
[352/919] MWCC build/GEDE01/src/game/game_fn_8019E5E4.o
[353/919] MWCC build/GEDE01/src/game/game_fn_8019E8C8.o
[354/919] MWCC build/GEDE01/src/game/game_fn_801A1F18.o
[355/919] MWCC build/GEDE01/src/game/game_fn_801A2A54.o
[356/919] MWCC build/GEDE01/src/game/game_fn_801A34BC.o
[357/919] MWCC build/GEDE01/src/game/game_fn_801A3A78.o
[358/919] MWCC build/GEDE01/src/game/game_fn_801A4430.o
[359/919] MWCC build/GEDE01/src/game/game_fn_801A4CE0.o
[360/919] MWCC build/GEDE01/src/game/game_fn_801A5FB0.o
[361/919] MWCC build/GEDE01/src/game/game_fn_801A6410.o
[362/919] MWCC build/GEDE01/src/game/game_fn_801A657C.o
[363/919] MWCC build/GEDE01/src/game/game_fn_801A6ADC.o
[364/919] MWCC build/GEDE01/src/game/game_fn_801A6C58.o
[365/919] MWCC build/GEDE01/src/game/game_fn_801A6CB4.o
[366/919] MWCC build/GEDE01/src/game/game_fn_801A7E04.o
[367/919] MWCC build/GEDE01/src/game/game_fn_801A7EA8.o
[368/919] MWCC build/GEDE01/src/game/game_fn_801A93E8.o
[369/919] MWCC build/GEDE01/src/game/game_fn_801AB154.o
[370/919] MWCC build/GEDE01/src/game/game_fn_801ABD3C.o
[371/919] MWCC build/GEDE01/src/game/game_fn_801AC8AC.o
[372/919] MWCC build/GEDE01/src/game/game_fn_801ACFE8.o
[373/919] MWCC build/GEDE01/src/game/game_fn_801AD08C.o
[374/919] MWCC build/GEDE01/src/game/game_fn_801AFA74.o
[375/919] MWCC build/GEDE01/src/game/game_fn_801B02F0.o
[376/919] MWCC build/GEDE01/src/game/game_fn_801B1BA0.o
[377/919] MWCC build/GEDE01/src/game/game_fn_801B35BC.o
[378/919] MWCC build/GEDE01/src/game/game_fn_801B46C8.o
[379/919] MWCC build/GEDE01/src/game/game_fn_801B4FB4.o
[380/919] MWCC build/GEDE01/src/game/game_fn_801B5228.o
[381/919] MWCC build/GEDE01/src/game/game_fn_801B58F0.o
[382/919] MWCC build/GEDE01/src/game/game_fn_801B6F1C.o
[383/919] MWCC build/GEDE01/src/game/game_fn_801B86C0.o
[384/919] MWCC build/GEDE01/src/game/game_fn_801B941C.o
[385/919] MWCC build/GEDE01/src/game/game_fn_801B9E7C.o
[386/919] MWCC build/GEDE01/src/game/game_fn_801BA15C.o
[387/919] MWCC build/GEDE01/src/game/game_fn_801BA708.o
[388/919] MWCC build/GEDE01/src/game/game_fn_801BA94C.o
[389/919] MWCC build/GEDE01/src/game/game_fn_801BB1A0.o
[390/919] MWCC build/GEDE01/src/game/game_fn_801BC0D4.o
[391/919] MWCC build/GEDE01/src/game/game_fn_801BC240.o
[392/919] MWCC build/GEDE01/src/game/game_fn_801BC8F4.o
[393/919] MWCC build/GEDE01/src/game/game_fn_801BCC04.o
[394/919] MWCC build/GEDE01/src/game/game_fn_801BD990.o
[395/919] MWCC build/GEDE01/src/game/game_fn_801BDE7C.o
[396/919] MWCC build/GEDE01/src/game/game_fn_801BE0D4.o
[397/919] MWCC build/GEDE01/src/game/game_fn_801BEF40.o
[398/919] MWCC build/GEDE01/src/game/game_fn_801C1CB0.o
[399/919] MWCC build/GEDE01/src/game/game_fn_801C2980.o
[400/919] MWCC build/GEDE01/src/game/game_fn_801C29BC.o
[401/919] MWCC build/GEDE01/src/game/game_fn_801C2AAC.o
[402/919] MWCC build/GEDE01/src/game/game_fn_801C2D9C.o
[403/919] MWCC build/GEDE01/src/game/game_fn_801C8160.o
[404/919] MWCC build/GEDE01/src/game/game_fn_801C8224.o
[405/919] MWCC build/GEDE01/src/game/game_fn_801C4B5C.o
[406/919] MWCC build/GEDE01/src/game/game_fn_801C8600.o
[407/919] MWCC build/GEDE01/src/game/game_fn_801C8CC0.o
[408/919] MWCC build/GEDE01/src/game/game_fn_801C87DC.o
[409/919] MWCC build/GEDE01/src/game/game_fn_801C8F50.o
[410/919] MWCC build/GEDE01/src/game/game_fn_801C90A4.o
[411/919] MWCC build/GEDE01/src/game/game_fn_801C9510.o
[412/919] MWCC build/GEDE01/src/game/game_fn_801C970C.o
[413/919] MWCC build/GEDE01/src/game/game_fn_801C9A08.o
[414/919] MWCC build/GEDE01/src/game/game_fn_801C9B1C.o
[415/919] MWCC build/GEDE01/src/game/game_fn_801CD228.o
[416/919] MWCC build/GEDE01/src/game/game_fn_801CB4F8.o
[417/919] MWCC build/GEDE01/src/game/game_fn_801CE09C.o
[418/919] MWCC build/GEDE01/src/game/game_fn_801CE594.o
[419/919] MWCC build/GEDE01/src/game/game_fn_801D1B10.o
[420/919] MWCC build/GEDE01/src/game/game_fn_801D1F78.o
[421/919] MWCC build/GEDE01/src/game/game_fn_801D3988.o
[422/919] MWCC build/GEDE01/src/game/game_fn_801D76A8.o
[423/919] MWCC build/GEDE01/src/game/game_fn_801D7C24.o
[424/919] MWCC build/GEDE01/src/game/game_fn_801D8050.o
[425/919] MWCC build/GEDE01/src/game/game_fn_801D9FE4.o
[426/919] MWCC build/GEDE01/src/game/game_fn_801E2A48.o
[427/919] MWCC build/GEDE01/src/game/game_fn_801E41AC.o
[428/919] MWCC build/GEDE01/src/game/game_fn_801E504C.o
[429/919] MWCC build/GEDE01/src/game/game_fn_801E6814.o
[430/919] MWCC build/GEDE01/src/game/game_fn_801E7014.o
[431/919] MWCC build/GEDE01/src/game/game_fn_801EB09C.o
[432/919] MWCC build/GEDE01/src/game/game_fn_801E995C.o
[433/919] MWCC build/GEDE01/src/game/game_fn_801EB11C.o
[434/919] MWCC build/GEDE01/src/game/game_fn_801ECD74.o
[435/919] MWCC build/GEDE01/src/game/game_fn_801ECF50.o
[436/919] MWCC build/GEDE01/src/game/game_fn_801ED5F4.o
[437/919] MWCC build/GEDE01/src/game/game_fn_801EF580.o
[438/919] MWCC build/GEDE01/src/game/game_fn_801EF910.o
[439/919] MWCC build/GEDE01/src/game/game_fn_801F0CB0.o
[440/919] MWCC build/GEDE01/src/game/game_fn_801F10BC.o
[441/919] MWCC build/GEDE01/src/game/game_fn_801F1A38.o
[442/919] MWCC build/GEDE01/src/game/game_fn_801F35A8.o
[443/919] MWCC build/GEDE01/src/game/game_fn_801F55A0.o
[444/919] MWCC build/GEDE01/src/game/game_fn_801F69F0.o
[445/919] MWCC build/GEDE01/src/game/game_fn_801F6BD8.o
[446/919] MWCC build/GEDE01/src/game/game_fn_801F7510.o
[447/919] MWCC build/GEDE01/src/game/game_fn_801F76EC.o
[448/919] MWCC build/GEDE01/src/game/game_fn_801F8264.o
[449/919] MWCC build/GEDE01/src/game/game_fn_801F89B4.o
[450/919] MWCC build/GEDE01/src/game/game_fn_801F9AF8.o
[451/919] MWCC build/GEDE01/src/game/game_fn_801F9CF4.o
[452/919] MWCC build/GEDE01/src/game/game_fn_801FA9C8.o
[453/919] MWCC build/GEDE01/src/game/game_fn_801FB6A4.o
[454/919] MWCC build/GEDE01/src/game/game_fn_801FC034.o
[455/919] MWCC build/GEDE01/src/game/game_fn_801FC204.o
[456/919] MWCC build/GEDE01/src/game/game_fn_801FFE78.o
[457/919] EXTERNALIZE build/GEDE01/src/game/game_fn_800DC4D4.o
[458/919] MWCC build/GEDE01/src/game/game_fn_801DD71C.o
[459/919] EXTERNALIZE build/GEDE01/src/game/game_fn_80175A08.o
[460/919] EXTERNALIZE build/GEDE01/src/game/game_fn_80066E78.o
[461/919] EXTERNALIZE build/GEDE01/src/game/game_fn_801247F8.o
[462/919] EXTERNALIZE build/GEDE01/src/game/game_fn_801EF910.o
[463/919] EXTERNALIZE build/GEDE01/src/game/game_fn_801ECF50.o
[464/919] EXTERNALIZE build/GEDE01/src/game/game_fn_801FC204.o
[465/919] EXTERNALIZE build/GEDE01/src/game/game_fn_801EB09C.o
[466/919] EXTERNALIZE build/GEDE01/src/game/game_fn_801EB11C.o
[467/919] EXTERNALIZE JUMPTABLES build/GEDE01/src/game/game_fn_80050B08.o
[468/919] EXTERNALIZE build/GEDE01/src/game/game_fn_801D9FE4.o
[469/919] EXTERNALIZE build/GEDE01/src/game/game_fn_801E41AC.o
[470/919] EXTERNALIZE build/GEDE01/src/game/game_fn_801D76A8.o
[471/919] EXTERNALIZE build/GEDE01/src/game/game_fn_801D8050.o
[472/919] EXTERNALIZE build/GEDE01/src/game/game_fn_801D7C24.o
[473/919] EXTERNALIZE build/GEDE01/src/game/game_fn_8019B1BC.o
[474/919] EXTERNALIZE build/GEDE01/src/game/game_fn_80178F88.o
[475/919] EXTERNALIZE build/GEDE01/src/game/game_fn_801CD228.o
[476/919] EXTERNALIZE build/GEDE01/src/game/game_fn_801C970C.o
[477/919] EXTERNALIZE build/GEDE01/src/game/game_fn_801BA15C.o
[478/919] EXTERNALIZE build/GEDE01/src/game/game_fn_801C9510.o
[479/919] EXTERNALIZE build/GEDE01/src/game/game_fn_80126A00.o
[480/919] EXTERNALIZE build/GEDE01/src/game/game_fn_8013D6A4.o
[481/919] EXTERNALIZE build/GEDE01/src/game/game_fn_800C9C60.o
[482/919] EXTERNALIZE build/GEDE01/src/game/game_fn_801B5228.o
[483/919] EXTERNALIZE build/GEDE01/src/game/game_fn_801B4FB4.o
[484/919] EXTERNALIZE build/GEDE01/src/game/game_fn_801C87DC.o
[485/919] EXTERNALIZE build/GEDE01/src/game/game_fn_801B6F1C.o
[486/919] EXTERNALIZE build/GEDE01/src/game/game_fn_801C8CC0.o
[487/919] EXTERNALIZE build/GEDE01/src/game/game_fn_800FD0C8.o
[488/919] EXTERNALIZE build/GEDE01/src/game/game_fn_801BDE7C.o
[489/919] EXTERNALIZE build/GEDE01/src/game/game_fn_801BE0D4.o
[490/919] EXTERNALIZE STATIC POOL build/GEDE01/src/game/game_fn_801C9A08.o
build/GEDE01/src/game/game_fn_801C9A08.o: lbl_80629390 now undefined; section 3 emptied
[491/919] EXTERNALIZE build/GEDE01/src/game/game_fn_801B941C.o
[492/919] EXTERNALIZE STATIC POOL build/GEDE01/src/game/game_fn_801C9B1C.o
build/GEDE01/src/game/game_fn_801C9B1C.o: lbl_80629390 now undefined; section 3 emptied
[493/919] EXTERNALIZE STATIC POOL build/GEDE01/src/game/game_fn_801BD990.o
build/GEDE01/src/game/game_fn_801BD990.o: lbl_80626D80 now undefined; section 6 emptied
[494/919] EXTERNALIZE STATIC POOL build/GEDE01/src/game/game_fn_801B58F0.o
build/GEDE01/src/game/game_fn_801B58F0.o: lbl_8060C020 now undefined; section 3 emptied
[495/919] EXTERNALIZE STATIC POOL build/GEDE01/src/game/game_fn_801B9E7C.o
build/GEDE01/src/game/game_fn_801B9E7C.o: 0 relocation(s) moved from streamInfo to ...bss.0
build/GEDE01/src/game/game_fn_801B9E7C.o: lbl_8061AE48 now undefined; section 6 emptied
[496/919] EXTERNALIZE STATIC POOL build/GEDE01/src/game/game_fn_801BB1A0.o
build/GEDE01/src/game/game_fn_801BB1A0.o: 0 relocation(s) moved from streamInfo to ...bss.0
build/GEDE01/src/game/game_fn_801BB1A0.o: lbl_8061AE48 now undefined; section 6 emptied
[497/919] EXTERNALIZE STATIC POOL build/GEDE01/src/game/game_fn_801BA708.o
build/GEDE01/src/game/game_fn_801BA708.o: 0 relocation(s) moved from streamInfo to ...bss.0
build/GEDE01/src/game/game_fn_801BA708.o: lbl_8061AE48 now undefined; section 6 emptied
[498/919] EXTERNALIZE STATIC build/GEDE01/src/game/game_fn_801B35BC.o
build/GEDE01/src/game/game_fn_801B35BC.o: lbl_8060D420 now undefined; section 6 emptied
[499/919] EXTERNALIZE build/GEDE01/src/game/game_fn_801BA94C.o
build/GEDE01/src/game/game_fn_801BA94C.o: 0 relocation(s) moved from streamInfo to ...bss.0
build/GEDE01/src/game/game_fn_801BA94C.o: lbl_8061AE48 now undefined; section 6 emptied
[500/919] EXTERNALIZE STATIC POOL build/GEDE01/src/game/game_fn_801BC8F4.o
build/GEDE01/src/game/game_fn_801BC8F4.o: lbl_8061C748 now undefined; section 6 emptied
[501/919] EXTERNALIZE STATIC build/GEDE01/src/game/game_fn_801BC240.o
build/GEDE01/src/game/game_fn_801BC240.o: lbl_8061C748 now undefined; section 6 emptied
[502/919] EXTERNALIZE STATIC POOL build/GEDE01/src/game/game_fn_801BCC04.o
build/GEDE01/src/game/game_fn_801BCC04.o: lbl_8061C748 now undefined; section 6 emptied
[503/919] EXTERNALIZE STATIC POOL build/GEDE01/src/game/game_fn_801BC0D4.o
build/GEDE01/src/game/game_fn_801BC0D4.o: lbl_8061C748 now undefined; section 6 emptied
[504/919] EXTERNALIZE STATIC POOL build/GEDE01/src/game/game_fn_801C1CB0.o
build/GEDE01/src/game/game_fn_801C1CB0.o: lbl_80626DA0 now undefined; section 3 emptied
[505/919] RENAME build/GEDE01/src/game/game_InitMetroTRKCommTable.o
[506/919] EXTERNALIZE STATIC POOL build/GEDE01/src/game/game_fn_801CE09C.o
build/GEDE01/src/game/game_fn_801CE09C.o: lbl_80631340 now undefined; section 6 emptied
[507/919] RENAME RUNTIME INTRINSICS build/GEDE01/src/game/game_fn_801CB4F8.o
[508/919] EXTERNALIZE STATIC POOL build/GEDE01/src/game/game_fn_8010242C.o
build/GEDE01/src/game/game_fn_8010242C.o: lbl_8032CC08 now undefined; section 3 emptied
[509/919] EXTERNALIZE build/GEDE01/src/game/game_fn_801D3988.o
[510/919] EXTERNALIZE build/GEDE01/src/game/game_fn_801D1B10.o
[511/919] ALIGN DATA build/GEDE01/src/game/game_fn_80008014.o
[512/919] EXTERNALIZE build/GEDE01/src/game/game_fn_801CE594.o
[513/919] EXTERNALIZE build/GEDE01/src/game/game_fn_8014549C.o
[514/919] EXTERNALIZE build/GEDE01/src/game/game_fn_801C8224.o
[515/919] EXTERNALIZE build/GEDE01/src/game/game_fn_801098C0.o
[516/919] EXTERNALIZE build/GEDE01/src/game/game_fn_8000FDE8.o
[517/919] EXTERNALIZE build/GEDE01/src/game/game_fn_80185F10.o
[518/919] EXTERNALIZE build/GEDE01/src/game/game_fn_801C29BC.o
[519/919] EXTERNALIZE build/GEDE01/src/game/game_fn_801C8F50.o
[520/919] EXTERNALIZE build/GEDE01/src/game/game_fn_8007B828.o
[521/919] EXTERNALIZE build/GEDE01/src/game/game_fn_801C90A4.o
[522/919] EXTERNALIZE build/GEDE01/src/game/game_fn_801C8160.o
[523/919] EXTERNALIZE build/GEDE01/src/game/game_fn_801C2AAC.o
[524/919] EXTERNALIZE build/GEDE01/src/game/game_fn_801C2D9C.o
[525/919] EXTERNALIZE build/GEDE01/src/game/game_fn_801C2980.o
[526/919] EXTERNALIZE build/GEDE01/src/game/game_fn_801B02F0.o
[527/919] EXTERNALIZE build/GEDE01/src/game/game_fn_801AFA74.o
[528/919] EXTERNALIZE build/GEDE01/src/game/game_fn_801AC8AC.o
[529/919] EXTERNALIZE build/GEDE01/src/game/game_fn_801ABD3C.o
[530/919] EXTERNALIZE build/GEDE01/src/game/game_fn_801816D4.o
[531/919] EXTERNALIZE build/GEDE01/src/game/game_fn_8011F140.o
[532/919] EXTERNALIZE build/GEDE01/src/game/game_fn_801AD08C.o
[533/919] EXTERNALIZE build/GEDE01/src/game/game_fn_8004998C.o
[534/919] EXTERNALIZE build/GEDE01/src/game/game_fn_80079AA4.o
[535/919] EXTERNALIZE build/GEDE01/src/game/game_fn_80158D38.o
[536/919] EXTERNALIZE build/GEDE01/src/game/game_fn_801A3A78.o
[537/919] EXTERNALIZE build/GEDE01/src/game/game_fn_8008F224.o
[538/919] EXTERNALIZE build/GEDE01/src/game/game_fn_80167454.o
[539/919] EXTERNALIZE build/GEDE01/src/game/game_fn_800AF230.o
[540/919] EXTERNALIZE build/GEDE01/src/game/game_fn_801A93E8.o
[541/919] EXTERNALIZE build/GEDE01/src/game/game_fn_801AB154.o
[542/919] EXTERNALIZE build/GEDE01/src/game/game_fn_801A7E04.o
[543/919] EXTERNALIZE build/GEDE01/src/game/game_fn_801A7EA8.o
[544/919] EXTERNALIZE build/GEDE01/src/game/game_fn_801A6CB4.o
[545/919] EXTERNALIZE build/GEDE01/src/game/game_fn_801A4CE0.o
[546/919] EXTERNALIZE build/GEDE01/src/game/game_fn_801A6C58.o
[547/919] NAME JUMPTABLE build/GEDE01/src/game/game_fn_801A6ADC.o
[548/919] EXTERNALIZE build/GEDE01/src/game/game_fn_801A6410.o
[549/919] EXTERNALIZE build/GEDE01/src/game/game_fn_801A5FB0.o
[550/919] EXTERNALIZE build/GEDE01/src/game/game_fn_801A1F18.o
[551/919] EXTERNALIZE build/GEDE01/src/game/game_fn_8019E8C8.o
[552/919] EXTERNALIZE build/GEDE01/src/game/game_fn_8019E5E4.o
[553/919] EXTERNALIZE build/GEDE01/src/game/game_fn_8019CFC4.o
[554/919] EXTERNALIZE build/GEDE01/src/game/game_fn_8019CC28.o
[555/919] EXTERNALIZE build/GEDE01/src/game/game_fn_801991E0.o
[556/919] EXTERNALIZE build/GEDE01/src/game/game_fn_80198BF4.o
[557/919] EXTERNALIZE build/GEDE01/src/game/game_fn_80198AAC.o
[558/919] EXTERNALIZE build/GEDE01/src/game/game_fn_80198154.o
[559/919] EXTERNALIZE build/GEDE01/src/game/game_fn_80194F80.o
[560/919] EXTERNALIZE build/GEDE01/src/game/game_fn_80197910.o
[561/919] EXTERNALIZE build/GEDE01/src/game/game_fn_80177434.o
repointed 2 relocations to lbl_80250588
[562/919] EXTERNALIZE build/GEDE01/src/game/game_fn_80193E1C.o
[563/919] EXTERNALIZE build/GEDE01/src/game/game_fn_801931C4.o
[564/919] EXTERNALIZE build/GEDE01/src/game/game_fn_80193F3C.o
[565/919] EXTERNALIZE build/GEDE01/src/game/game_fn_80192F54.o
[566/919] EXTERNALIZE build/GEDE01/src/game/game_fn_80191F58.o
[567/919] EXTERNALIZE build/GEDE01/src/game/game_fn_8019197C.o
[568/919] EXTERNALIZE build/GEDE01/src/game/game_fn_80191360.o
[569/919] GLOBALIZE build/GEDE01/src/game/game_fn_8018F1D0.o
[570/919] EXTERNALIZE build/GEDE01/src/game/game_fn_8018D688.o
[571/919] EXTERNALIZE build/GEDE01/src/game/game_fn_8018F81C.o
[572/919] EXTERNALIZE build/GEDE01/src/game/game_fn_8018D2E0.o
[573/919] EXTERNALIZE build/GEDE01/src/game/game_fn_80189968.o
[574/919] EXTERNALIZE build/GEDE01/src/game/game_fn_8018D1F0.o
[575/919] EXTERNALIZE build/GEDE01/src/game/game_fn_80189760.o
[576/919] EXTERNALIZE build/GEDE01/src/game/game_fn_801896A0.o
[577/919] EXTERNALIZE build/GEDE01/src/game/game_fn_801895E8.o
[578/919] EXTERNALIZE build/GEDE01/src/game/game_fn_801891D8.o
[579/919] EXTERNALIZE build/GEDE01/src/game/game_fn_80189390.o
[580/919] EXTERNALIZE build/GEDE01/src/game/game_fn_80188E28.o
[581/919] EXTERNALIZE build/GEDE01/src/game/game_fn_80189028.o
[582/919] EXTERNALIZE build/GEDE01/src/game/game_fn_80188B44.o
[583/919] EXTERNALIZE build/GEDE01/src/game/game_fn_80188C1C.o
[584/919] EXTERNALIZE build/GEDE01/src/game/game_fn_80188A7C.o
[585/919] EXTERNALIZE build/GEDE01/src/game/game_fn_801878E0.o
[586/919] EXTERNALIZE build/GEDE01/src/game/game_fn_80187120.o
[587/919] EXTERNALIZE build/GEDE01/src/game/game_fn_80186E10.o
[588/919] EXTERNALIZE build/GEDE01/src/game/game_fn_8018FEDC.o
[589/919] EXTERNALIZE build/GEDE01/src/game/game_fn_801865EC.o
[590/919] EXTERNALIZE build/GEDE01/src/game/game_fn_80185AE8.o
[591/919] EXTERNALIZE build/GEDE01/src/game/game_fn_801859FC.o
[592/919] EXTERNALIZE build/GEDE01/src/game/game_fn_80180DDC.o
[593/919] EXTERNALIZE build/GEDE01/src/game/game_fn_8017E850.o
[594/919] EXTERNALIZE build/GEDE01/src/game/game_fn_8017E958.o
[595/919] EXTERNALIZE build/GEDE01/src/game/game_fn_8017718C.o
[596/919] EXTERNALIZE build/GEDE01/src/game/game_fn_801770F8.o
[597/919] EXTERNALIZE build/GEDE01/src/game/game_fn_80176DF4.o
[598/919] EXTERNALIZE build/GEDE01/src/game/game_fn_80176FA0.o
[599/919] EXTERNALIZE build/GEDE01/src/game/game_fn_80174358.o
[600/919] EXTERNALIZE build/GEDE01/src/game/game_fn_80173F04.o
[601/919] EXTERNALIZE build/GEDE01/src/game/game_fn_80174184.o
[602/919] EXTERNALIZE build/GEDE01/src/game/game_fn_8017553C.o
[603/919] EXTERNALIZE build/GEDE01/src/game/game_fn_80173770.o
[604/919] EXTERNALIZE build/GEDE01/src/game/game_fn_80173D44.o
[605/919] EXTERNALIZE build/GEDE01/src/game/game_fn_801734B4.o
[606/919] EXTERNALIZE build/GEDE01/src/game/game_fn_80173270.o
[607/919] EXTERNALIZE build/GEDE01/src/game/game_fn_80172DB8.o
[608/919] EXTERNALIZE build/GEDE01/src/game/game_fn_80172C78.o
[609/919] EXTERNALIZE build/GEDE01/src/game/game_fn_80172BB0.o
[610/919] EXTERNALIZE build/GEDE01/src/game/game_fn_801726EC.o
[611/919] EXTERNALIZE build/GEDE01/src/game/game_fn_8017250C.o
[612/919] EXTERNALIZE build/GEDE01/src/game/game_fn_80171F30.o
[613/919] EXTERNALIZE build/GEDE01/src/game/game_fn_801719B4.o
[614/919] EXTERNALIZE build/GEDE01/src/game/game_fn_801718F4.o
[615/919] EXTERNALIZE build/GEDE01/src/game/game_fn_80171664.o
[616/919] EXTERNALIZE build/GEDE01/src/game/game_fn_8017138C.o
[617/919] EXTERNALIZE build/GEDE01/src/game/game_fn_801706DC.o
[618/919] EXTERNALIZE build/GEDE01/src/game/game_fn_80170A40.o
[619/919] NORMALIZE build/GEDE01/src/game/game_TRKNubWelcome.o
[620/919] NORMALIZE build/GEDE01/src/game/game_TRK_main.o
[621/919] NORMALIZE build/GEDE01/src/game/game_data_80239E10.o
[622/919] NORMALIZE build/GEDE01/src/game/game_data_80239E18.o
[623/919] EXTERNALIZE build/GEDE01/src/game/game_fn_8017652C.o
[624/919] EXTERNALIZE build/GEDE01/src/game/game_fn_80170E9C.o
[625/919] EXTERNALIZE build/GEDE01/src/game/game_fn_80175F0C.o
[626/919] EXTERNALIZE build/GEDE01/src/game/game_fn_80175E64.o
[627/919] EXTERNALIZE build/GEDE01/src/game/game_fn_80176098.o
[628/919] EXTERNALIZE build/GEDE01/src/game/game_fn_80175FD4.o
[629/919] EXTERNALIZE build/GEDE01/src/game/game_fn_80176160.o
[630/919] EXTERNALIZE build/GEDE01/src/game/game_fn_80176220.o
[631/919] EXTERNALIZE build/GEDE01/src/game/game_fn_80170DF4.o
[632/919] EXTERNALIZE build/GEDE01/src/game/game_fn_801762E8.o
[633/919] EXTERNALIZE build/GEDE01/src/game/game_fn_8016E8F8.o
[634/919] EXTERNALIZE build/GEDE01/src/game/game_fn_8016FEF8.o
[635/919] EXTERNALIZE build/GEDE01/src/game/game_fn_801704F8.o
[636/919] EXTERNALIZE build/GEDE01/src/game/game_fn_8016D2B8.o
[637/919] NORMALIZE build/GEDE01/src/game/game_fn_8016DF4C.o
[638/919] EXTERNALIZE build/GEDE01/src/game/game_fn_8016D1F8.o
[639/919] EXTERNALIZE build/GEDE01/src/game/game_fn_8016D040.o
[640/919] EXTERNALIZE build/GEDE01/src/game/game_fn_8016C4BC.o
[641/919] EXTERNALIZE build/GEDE01/src/game/game_fn_8016C774.o
[642/919] EXTERNALIZE build/GEDE01/src/game/game_fn_8016C238.o
[643/919] EXTERNALIZE build/GEDE01/src/game/game_fn_8016C164.o
[644/919] EXTERNALIZE build/GEDE01/src/game/game_fn_8016C0BC.o
[645/919] EXTERNALIZE build/GEDE01/src/game/game_fn_8017038C.o
[646/919] EXTERNALIZE build/GEDE01/src/game/game_fn_8016BE1C.o
[647/919] EXTERNALIZE build/GEDE01/src/game/game_fn_8016BF60.o
[648/919] EXTERNALIZE build/GEDE01/src/game/game_fn_80169650.o
[649/919] EXTERNALIZE build/GEDE01/src/game/game_fn_8016BD0C.o
[650/919] EXTERNALIZE build/GEDE01/src/game/game_fn_8015EDC0.o
[651/919] EXTERNALIZE build/GEDE01/src/game/game_fn_80167B5C.o
[652/919] EXTERNALIZE build/GEDE01/src/game/game_fn_8015DC54.o
[653/919] EXTERNALIZE build/GEDE01/src/game/game_fn_8015DB84.o
[654/919] EXTERNALIZE build/GEDE01/src/game/game_fn_80158B20.o
[655/919] EXTERNALIZE build/GEDE01/src/game/game_fn_80179398.o
[656/919] EXTERNALIZE build/GEDE01/src/game/game_fn_8017960C.o
[657/919] EXTERNALIZE build/GEDE01/src/game/game_fn_8017974C.o
[658/919] EXTERNALIZE build/GEDE01/src/game/game_fn_80179904.o
[659/919] EXTERNALIZE build/GEDE01/src/game/game_fn_8017A9B8.o
[660/919] EXTERNALIZE build/GEDE01/src/game/game_fn_80179A18.o
[661/919] EXTERNALIZE build/GEDE01/src/game/game_fn_80179A74.o
[662/919] EXTERNALIZE build/GEDE01/src/game/game_fn_80179EB8.o
[663/919] EXTERNALIZE build/GEDE01/src/game/game_fn_80179F20.o
[664/919] EXTERNALIZE build/GEDE01/src/game/game_fn_8017A010.o
[665/919] EXTERNALIZE build/GEDE01/src/game/game_fn_8017A12C.o
[666/919] EXTERNALIZE build/GEDE01/src/game/game_fn_80157C0C.o
[667/919] EXTERNALIZE build/GEDE01/src/game/game_fn_8017A1C0.o
[668/919] EXTERNALIZE build/GEDE01/src/game/game_fn_80155814.o
[669/919] EXTERNALIZE build/GEDE01/src/game/game_fn_80153898.o
[670/919] EXTERNALIZE build/GEDE01/src/game/game_fn_8014B494.o
[671/919] EXTERNALIZE build/GEDE01/src/game/game_fn_8014AF38.o
[672/919] EXTERNALIZE build/GEDE01/src/game/game_fn_8012DB28.o
[673/919] EXTERNALIZE build/GEDE01/src/game/game_fn_801141B8.o
[674/919] EXTERNALIZE build/GEDE01/src/game/game_fn_801128E4.o
[675/919] EXTERNALIZE build/GEDE01/src/game/game_fn_8010F184.o
[676/919] EXTERNALIZE build/GEDE01/src/game/game_fn_801126E0.o
[677/919] EXTERNALIZE build/GEDE01/src/game/game_fn_800E4980.o
[678/919] EXTERNALIZE build/GEDE01/src/game/game_fn_800C17EC.o
[679/919] EXTERNALIZE build/GEDE01/src/game/game_fn_800C030C.o
[680/919] EXTERNALIZE build/GEDE01/src/game/game_fn_800C59F0.o
[681/919] EXTERNALIZE build/GEDE01/src/game/game_fn_800C644C.o
[682/919] EXTERNALIZE build/GEDE01/src/game/game_fn_800C65FC.o
[683/919] EXTERNALIZE build/GEDE01/src/game/game_fn_800CB760.o
[684/919] EXTERNALIZE build/GEDE01/src/game/game_fn_800CB8F4.o
[685/919] EXTERNALIZE build/GEDE01/src/game/game_fn_80078500.o
[686/919] EXTERNALIZE build/GEDE01/src/game/game_fn_80079908.o
[687/919] EXTERNALIZE build/GEDE01/src/game/game_fn_8007B2F4.o
[688/919] EXTERNALIZE build/GEDE01/src/game/game_fn_8007B540.o
[689/919] EXTERNALIZE build/GEDE01/src/game/game_fn_8007B640.o
[690/919] EXTERNALIZE build/GEDE01/src/game/game_fn_8007BA3C.o
[691/919] EXTERNALIZE build/GEDE01/src/game/game_fn_800886D8.o
[692/919] EXTERNALIZE build/GEDE01/src/game/game_fn_800934A0.o
[693/919] EXTERNALIZE build/GEDE01/src/game/game_fn_800A3894.o
[694/919] EXTERNALIZE build/GEDE01/src/game/game_fn_800A7E88.o
[695/919] EXTERNALIZE build/GEDE01/src/game/game_fn_800A4798.o
[696/919] GLOBALIZE build/GEDE01/src/game/game_fn_800A2130.o
[697/919] EXTERNALIZE build/GEDE01/src/game/game_fn_800A2FCC.o
[698/919] EXTERNALIZE build/GEDE01/src/game/game_fn_8009C424.o
[699/919] EXTERNALIZE build/GEDE01/src/game/game_fn_80096830.o
[700/919] GLOBALIZE build/GEDE01/src/game/game_fn_8008F890.o
[701/919] EXTERNALIZE SWITCHES build/GEDE01/src/game/game_fn_80095FDC.o
[702/919] EXTERNALIZE build/GEDE01/src/game/game_fn_80074310.o
[703/919] EXTERNALIZE build/GEDE01/src/game/game_fn_800A4428.o
[704/919] GLOBALIZE build/GEDE01/src/game/game_fn_8005FD84.o
[705/919] EXTERNALIZE build/GEDE01/src/game/game_fn_80066888.o
[706/919] EXTERNALIZE build/GEDE01/src/game/game_fn_8005EC6C.o
[707/919] EXTERNALIZE build/GEDE01/src/game/game_fn_80048B24.o
[708/919] EXTERNALIZE build/GEDE01/src/game/game_fn_80052310.o
[709/919] NAME SWITCH build/GEDE01/src/game/game_fn_80020E94.o
[710/919] NAME SWITCH build/GEDE01/src/game/game_fn_8005EE9C.o
[711/919] NAME SWITCH build/GEDE01/src/game/game_fn_8016D9C0.o
[712/919] NAME SWITCH build/GEDE01/src/game/game_fn_80071A58.o
[713/919] EXTERNALIZE build/GEDE01/src/game/game_fn_80048ADC.o
[714/919] NAME SWITCH build/GEDE01/src/game/game_fn_8006B620.o
[715/919] NAME SWITCH build/GEDE01/src/game/game_fn_8001FE1C.o
[716/919] NAME SWITCH build/GEDE01/src/game/game_fn_8001E644.o
[717/919] EXTERNALIZE build/GEDE01/src/game/game_fn_80038878.o
[718/919] EXTERNALIZE build/GEDE01/src/game/game_fn_801B46C8.o
build/GEDE01/src/game/game_fn_801B46C8.o: lbl_8060C020 now undefined; section 6 emptied
[719/919] EXTERNALIZE build/GEDE01/src/game/game_fn_80036C40.o
[720/919] EXTERNALIZE build/GEDE01/src/game/game_fn_800359A0.o
[721/919] EXTERNALIZE build/GEDE01/src/game/game_fn_80033180.o
[722/919] EXTERNALIZE build/GEDE01/src/game/game_fn_80033038.o
[723/919] EXTERNALIZE build/GEDE01/src/game/game_fn_80032B84.o
[724/919] EXTERNALIZE build/GEDE01/src/game/game_fn_8003232C.o
[725/919] EXTERNALIZE build/GEDE01/src/game/game_fn_8002E3F0.o
[726/919] EXTERNALIZE build/GEDE01/src/game/game_fn_8002DAE0.o
[727/919] EXTERNALIZE build/GEDE01/src/game/game_fn_8002EA68.o
[728/919] GLOBALIZE build/GEDE01/src/game/game_fn_8002B748.o
[729/919] EXTERNALIZE build/GEDE01/src/game/game_fn_8002F428.o
[730/919] NAME SWITCHES build/GEDE01/src/game/game_fn_80024F28.o
[731/919] EXTERNALIZE build/GEDE01/src/game/game_fn_800272B4.o
[732/919] EXTERNALIZE build/GEDE01/src/game/game_fn_8001CE94.o
[733/919] EXTERNALIZE build/GEDE01/src/game/game_fn_8001CD58.o
[734/919] EXTERNALIZE build/GEDE01/src/game/game_fn_8001C078.o
[735/919] EXTERNALIZE build/GEDE01/src/game/game_fn_8001B874.o
[736/919] EXTERNALIZE build/GEDE01/src/game/game_fn_8001B808.o
[737/919] EXTERNALIZE build/GEDE01/src/game/game_fn_8001B294.o
[738/919] EXTERNALIZE build/GEDE01/src/game/game_fn_8001B124.o
[739/919] EXTERNALIZE build/GEDE01/src/game/game_fn_8001ADF8.o
[740/919] EXTERNALIZE build/GEDE01/src/game/game_fn_8001AF68.o
[741/919] EXTERNALIZE build/GEDE01/src/game/game_fn_8001AAB8.o
[742/919] EXTERNALIZE build/GEDE01/src/game/game_fn_8001A6C4.o
[743/919] EXTERNALIZE build/GEDE01/src/game/game_fn_80019F98.o
[744/919] EXTERNALIZE build/GEDE01/src/game/game_fn_80019D2C.o
[745/919] EXTERNALIZE build/GEDE01/src/game/game_fn_80019C10.o
[746/919] EXTERNALIZE build/GEDE01/src/game/game_fn_80019940.o
[747/919] EXTERNALIZE build/GEDE01/src/game/game_fn_800194D0.o
[748/919] EXTERNALIZE build/GEDE01/src/game/game_fn_80019244.o
[749/919] EXTERNALIZE build/GEDE01/src/game/game_fn_80019054.o
[750/919] EXTERNALIZE build/GEDE01/src/game/game_fn_80018EF4.o
[751/919] EXTERNALIZE build/GEDE01/src/game/game_fn_80017DB0.o
[752/919] EXTERNALIZE build/GEDE01/src/game/game_fn_80017CC8.o
[753/919] EXTERNALIZE build/GEDE01/src/game/game_fn_80017C3C.o
[754/919] EXTERNALIZE build/GEDE01/src/game/game_fn_80017AE4.o
[755/919] EXTERNALIZE build/GEDE01/src/game/game_fn_80017A3C.o
[756/919] EXTERNALIZE build/GEDE01/src/game/game_fn_800179AC.o
[757/919] EXTERNALIZE build/GEDE01/src/game/game_fn_80017910.o
[758/919] EXTERNALIZE FLAGS build/GEDE01/src/game/game_fn_800119FC.o
[759/919] EXTERNALIZE build/GEDE01/src/game/game_fn_8000FFD8.o
[760/919] EXTERNALIZE build/GEDE01/src/game/game_fn_8000F4B0.o
[761/919] GLOBALIZE build/GEDE01/src/game/game_fn_800094C0.o
[762/919] EXTERNALIZE build/GEDE01/src/game/game_fn_8000EFC4.o
[763/919] EXTERNALIZE build/GEDE01/src/game/game_fn_800096E0.o
[764/919] EXTERNALIZE build/GEDE01/src/game/game_fn_800098C0.o
[765/919] EXTERNALIZE build/GEDE01/src/game/game_fn_800099D8.o
[766/919] EXTERNALIZE build/GEDE01/src/game/game_fn_80009AB4.o
[767/919] EXTERNALIZE build/GEDE01/src/game/game_fn_8000A26C.o
[768/919] EXTERNALIZE build/GEDE01/src/game/game_fn_800171C0.o
[769/919] EXTERNALIZE build/GEDE01/src/game/game_fn_800176F0.o
[770/919] EXTERNALIZE build/GEDE01/src/game/game_fn_8000AC88.o
[771/919] EXTERNALIZE build/GEDE01/src/game/game_fn_8000AEB4.o
[772/919] EXTERNALIZE build/GEDE01/src/game/game_fn_8000AFB4.o
[773/919] EXTERNALIZE build/GEDE01/src/game/game_fn_8000B1B8.o
[774/919] EXTERNALIZE build/GEDE01/src/game/game_fn_8000B36C.o
[775/919] EXTERNALIZE build/GEDE01/src/game/game_fn_8000B630.o
[776/919] EXTERNALIZE build/GEDE01/src/game/game_fn_8000B7FC.o
[777/919] EXTERNALIZE build/GEDE01/src/game/game_fn_8000B900.o
[778/919] EXTERNALIZE build/GEDE01/src/game/game_fn_8000BA0C.o
[779/919] EXTERNALIZE build/GEDE01/src/game/game_fn_8000BAA0.o
[780/919] EXTERNALIZE build/GEDE01/src/game/game_fn_8000BC40.o
[781/919] EXTERNALIZE build/GEDE01/src/game/game_fn_8000C06C.o
[782/919] EXTERNALIZE build/GEDE01/src/game/game_fn_8000C17C.o
[783/919] EXTERNALIZE build/GEDE01/src/game/game_fn_8000C400.o
[784/919] EXTERNALIZE build/GEDE01/src/game/game_fn_8000C848.o
[785/919] EXTERNALIZE build/GEDE01/src/game/game_fn_8000C91C.o
[786/919] EXTERNALIZE build/GEDE01/src/game/game_fn_8000D0BC.o
[787/919] NAME SWITCH build/GEDE01/src/game/game_fn_8000D8A4.o
[788/919] EXTERNALIZE build/GEDE01/src/game/game_fn_8000D3D4.o
[789/919] EXTERNALIZE build/GEDE01/src/game/game_fn_8000E054.o
[790/919] EXTERNALIZE build/GEDE01/src/game/game_fn_8000E0AC.o
[791/919] EXTERNALIZE build/GEDE01/src/game/game_fn_8000E96C.o
[792/919] EXTERNALIZE build/GEDE01/src/game/game_fn_8000F774.o
[793/919] EXTERNALIZE build/GEDE01/src/game/game_fn_8000EB14.o
[794/919] EXTERNALIZE build/GEDE01/src/game/game_fn_8000EBD4.o
[795/919] EXTERNALIZE build/GEDE01/src/game/game_fn_8000ED44.o
[796/919] EXTERNALIZE build/GEDE01/src/game/game_fn_8000E138.o
[797/919] EXTERNALIZE build/GEDE01/src/game/game_fn_8000E1C4.o
[798/919] EXTERNALIZE build/GEDE01/src/game/game_fn_8000D590.o
[799/919] EXTERNALIZE build/GEDE01/src/game/game_fn_8000DA50.o
[800/919] EXTERNALIZE build/GEDE01/src/game/game_fn_8000DAF4.o
[801/919] EXTERNALIZE build/GEDE01/src/game/game_fn_80012DA8.o
[802/919] EXTERNALIZE build/GEDE01/src/game/game_fn_80012F40.o
[803/919] EXTERNALIZE build/GEDE01/src/game/game_fn_80012FD0.o
[804/919] EXTERNALIZE build/GEDE01/src/game/game_fn_800131E8.o
[805/919] EXTERNALIZE build/GEDE01/src/game/game_fn_80013340.o
[806/919] EXTERNALIZE build/GEDE01/src/game/game_fn_80013870.o
[807/919] EXTERNALIZE build/GEDE01/src/game/game_fn_80013CB0.o
[808/919] EXTERNALIZE build/GEDE01/src/game/game_fn_80013D54.o
[809/919] EXTERNALIZE build/GEDE01/src/game/game_fn_800142DC.o
[810/919] EXTERNALIZE build/GEDE01/src/game/game_fn_800144CC.o
[811/919] EXTERNALIZE build/GEDE01/src/game/game_fn_80014784.o
[812/919] EXTERNALIZE build/GEDE01/src/game/game_fn_800149D4.o
[813/919] EXTERNALIZE build/GEDE01/src/game/game_fn_80015058.o
[814/919] EXTERNALIZE build/GEDE01/src/game/game_fn_80015320.o
[815/919] EXTERNALIZE build/GEDE01/src/game/game_fn_80015568.o
[816/919] EXTERNALIZE build/GEDE01/src/game/game_fn_800156FC.o
[817/919] EXTERNALIZE build/GEDE01/src/game/game_fn_80015BE0.o
[818/919] EXTERNALIZE build/GEDE01/src/game/game_fn_80015D40.o
[819/919] EXTERNALIZE build/GEDE01/src/game/game_fn_80015F04.o
[820/919] EXTERNALIZE build/GEDE01/src/game/game_fn_80016128.o
[821/919] EXTERNALIZE build/GEDE01/src/game/game_fn_80016270.o
[822/919] EXTERNALIZE build/GEDE01/src/game/game_fn_80016904.o
[823/919] EXTERNALIZE build/GEDE01/src/game/game_fn_800173CC.o
[824/919] EXTERNALIZE build/GEDE01/src/game/game_fn_80016B24.o
[825/919] EXTERNALIZE build/GEDE01/src/game/game_fn_801BEF40.o
[826/919] EXTERNALIZE build/GEDE01/src/game/game_fn_801B86C0.o
[827/919] EXTERNALIZE STATIC POOL build/GEDE01/src/game/game_fn_801C4B5C.o
build/GEDE01/src/game/game_fn_801C4B5C.o: lbl_80628CB0 now undefined; section 6 emptied
[828/919] EXTERNALIZE build/GEDE01/src/game/game_fn_80173BDC.o
[829/919] EXTERNALIZE build/GEDE01/src/game/game_fn_801C8600.o
[830/919] EXTERNALIZE build/GEDE01/src/game/game_fn_801E7014.o
[831/919] EXTERNALIZE build/GEDE01/src/game/game_fn_8014BA14.o
[832/919] EXTERNALIZE build/GEDE01/src/game/game_fn_801A4430.o
[833/919] EXTERNALIZE build/GEDE01/src/game/game_fn_800B2EC0.o
[834/919] EXTERNALIZE build/GEDE01/src/game/game_fn_8001CA04.o
[835/919] EXTERNALIZE build/GEDE01/src/game/game_fn_80031544.o
[836/919] EXTERNALIZE build/GEDE01/src/game/game_fn_8006B0F0.o
[837/919] EXTERNALIZE build/GEDE01/src/game/game_fn_8007D4D8.o
[838/919] EXTERNALIZE build/GEDE01/src/game/game_fn_8007F770.o
[839/919] EXTERNALIZE build/GEDE01/src/game/game_fn_80088F4C.o
[840/919] EXTERNALIZE build/GEDE01/src/game/game_fn_8008A2E0.o
[841/919] EXTERNALIZE build/GEDE01/src/game/game_fn_80089A34.o
[842/919] EXTERNALIZE build/GEDE01/src/game/game_fn_80090004.o
[843/919] EXTERNALIZE build/GEDE01/src/game/game_fn_80095D10.o
[844/919] EXTERNALIZE build/GEDE01/src/game/game_fn_800A3180.o
[845/919] EXTERNALIZE build/GEDE01/src/game/game_fn_800BB7A8.o
[846/919] EXTERNALIZE build/GEDE01/src/game/game_fn_800BB5C4.o
[847/919] EXTERNALIZE build/GEDE01/src/game/game_fn_800BB9A4.o
[848/919] EXTERNALIZE build/GEDE01/src/game/game_fn_800BBAF0.o
[849/919] EXTERNALIZE build/GEDE01/src/game/game_fn_800D9064.o
[850/919] EXTERNALIZE build/GEDE01/src/game/game_fn_800D9E10.o
[851/919] EXTERNALIZE build/GEDE01/src/game/game_fn_8012976C.o
[852/919] EXTERNALIZE build/GEDE01/src/game/game_fn_8013CBE4.o
[853/919] EXTERNALIZE build/GEDE01/src/game/game_fn_8013DB8C.o
[854/919] EXTERNALIZE build/GEDE01/src/game/game_fn_8014CA98.o
[855/919] EXTERNALIZE build/GEDE01/src/game/game_fn_80153A24.o
[856/919] EXTERNALIZE build/GEDE01/src/game/game_fn_801535D8.o
[857/919] EXTERNALIZE build/GEDE01/src/game/game_fn_80174F2C.o
[858/919] EXTERNALIZE build/GEDE01/src/game/game_fn_801752B0.o
[859/919] EXTERNALIZE build/GEDE01/src/game/game_fn_8017AC20.o
[860/919] EXTERNALIZE build/GEDE01/src/game/game_fn_801861C4.o
[861/919] EXTERNALIZE build/GEDE01/src/game/game_fn_8018680C.o
[862/919] EXTERNALIZE build/GEDE01/src/game/game_fn_80186F70.o
[863/919] EXTERNALIZE build/GEDE01/src/game/game_fn_80187320.o
[864/919] EXTERNALIZE build/GEDE01/src/game/game_fn_801810A0.o
[865/919] EXTERNALIZE build/GEDE01/src/game/game_fn_801875FC.o
[866/919] EXTERNALIZE build/GEDE01/src/game/game_fn_800542D0.o
[867/919] EXTERNALIZE build/GEDE01/src/game/game_fn_80187E40.o
[868/919] EXTERNALIZE build/GEDE01/src/game/game_fn_80187BB4.o
[869/919] EXTERNALIZE build/GEDE01/src/game/game_fn_80189C14.o
[870/919] EXTERNALIZE build/GEDE01/src/game/game_fn_8018C2D0.o
[871/919] EXTERNALIZE build/GEDE01/src/game/game_fn_8018D400.o
[872/919] EXTERNALIZE build/GEDE01/src/game/game_fn_8018E0D8.o
[873/919] EXTERNALIZE build/GEDE01/src/game/game_fn_8019120C.o
[874/919] EXTERNALIZE build/GEDE01/src/game/game_fn_8018DC24.o
[875/919] EXTERNALIZE build/GEDE01/src/game/game_fn_801916D0.o
[876/919] EXTERNALIZE build/GEDE01/src/game/game_fn_801926EC.o
[877/919] EXTERNALIZE build/GEDE01/src/game/game_fn_801929A4.o
[878/919] EXTERNALIZE build/GEDE01/src/game/game_fn_801A2A54.o
[879/919] EXTERNALIZE build/GEDE01/src/game/game_fn_801952E8.o
[880/919] EXTERNALIZE build/GEDE01/src/game/game_fn_801A34BC.o
[881/919] EXTERNALIZE build/GEDE01/src/game/game_fn_801A657C.o
[882/919] EXTERNALIZE build/GEDE01/src/game/game_fn_801D1F78.o
[883/919] EXTERNALIZE build/GEDE01/src/game/game_fn_801E2A48.o
[884/919] EXTERNALIZE build/GEDE01/src/game/game_fn_801E6814.o
[885/919] EXTERNALIZE build/GEDE01/src/game/game_fn_801E995C.o
[886/919] EXTERNALIZE build/GEDE01/src/game/game_fn_801F0CB0.o
[887/919] EXTERNALIZE build/GEDE01/src/game/game_fn_801EF580.o
[888/919] EXTERNALIZE build/GEDE01/src/game/game_fn_801F10BC.o
[889/919] EXTERNALIZE build/GEDE01/src/game/game_fn_801F35A8.o
[890/919] EXTERNALIZE build/GEDE01/src/game/game_fn_801ECD74.o
[891/919] EXTERNALIZE build/GEDE01/src/game/game_fn_801ED5F4.o
[892/919] EXTERNALIZE build/GEDE01/src/game/game_fn_801F69F0.o
[893/919] EXTERNALIZE build/GEDE01/src/game/game_fn_801F76EC.o
[894/919] EXTERNALIZE build/GEDE01/src/game/game_fn_801F8264.o
[895/919] EXTERNALIZE build/GEDE01/src/game/game_fn_801F89B4.o
[896/919] EXTERNALIZE build/GEDE01/src/game/game_fn_801F9AF8.o
[897/919] EXTERNALIZE build/GEDE01/src/game/game_fn_801F6BD8.o
[898/919] EXTERNALIZE JUMPTABLES build/GEDE01/src/game/game_fn_800361F8.o
[899/919] EXTERNALIZE build/GEDE01/src/game/game_fn_801FB6A4.o
[900/919] EXTERNALIZE JUMPTABLES build/GEDE01/src/game/game_fn_8006E53C.o
[901/919] EXTERNALIZE JUMPTABLES build/GEDE01/src/game/game_fn_800CF598.o
[902/919] EXTERNALIZE JUMPTABLES build/GEDE01/src/game/game_fn_801ACFE8.o
[903/919] EXTERNALIZE JUMPTABLES build/GEDE01/src/game/game_fn_801B1BA0.o
[904/919] EXTERNALIZE build/GEDE01/src/game/game_fn_80154F74.o
[905/919] EXTERNALIZE build/GEDE01/src/game/game_fn_801E504C.o
[906/919] EXTERNALIZE build/GEDE01/src/game/game_fn_8009E808.o
[907/919] EXTERNALIZE build/GEDE01/src/game/game_fn_801F1A38.o
[908/919] EXTERNALIZE build/GEDE01/src/game/game_fn_801F55A0.o
[909/919] EXTERNALIZE build/GEDE01/src/game/game_fn_801FFE78.o
[910/919] EXTERNALIZE build/GEDE01/src/game/game_fn_801F7510.o
[911/919] EXTERNALIZE build/GEDE01/src/game/game_fn_801F9CF4.o
[912/919] EXTERNALIZE build/GEDE01/src/game/game_fn_801FC034.o
[913/919] EXTERNALIZE build/GEDE01/src/game/game_fn_801FA9C8.o
[914/919] REPORT
 INFO Loading project .
 INFO Generating report for 7068 units (using 8 threads)
 INFO Report generated in 0.187s
 INFO Writing to build/GEDE01/report.json
[915/919] LINK build/GEDE01/main.elf
### mwldeppc.exe Linker Warning:
#   Section '.ignored' is unknown. Section ignored.
### mwldeppc.exe Linker Warning:
#   Section '.ignored' is unknown. Section ignored.
### mwldeppc.exe Linker Warning:
#   Section '.ignored' is unknown. Section ignored.
### mwldeppc.exe Linker Warning:
#   Section '.ignored' is unknown. Section ignored.
### mwldeppc.exe Linker Warning:
#   Section '.ignored' is unknown. Section ignored.
### mwldeppc.exe Linker Warning:
#   Section '.ignored' is unknown. Section ignored.
### mwldeppc.exe Linker Warning:
#   Section '.ignored' is unknown. Section ignored.
### mwldeppc.exe Linker Warning:
#   Section '.ignored' is unknown. Section ignored.
### mwldeppc.exe Linker Warning:
#   Section '.ignored' is unknown. Section ignored.
### mwldeppc.exe Linker Warning:
#   Section '.ignored' is unknown. Section ignored.
### mwldeppc.exe Linker Warning:
#   Section '.ignored' is unknown. Section ignored.
### mwldeppc.exe Linker Warning:
#   Section '.ignored' is unknown. Section ignored.
### mwldeppc.exe Linker Warning:
#   Section '.ignored' is unknown. Section ignored.
### mwldeppc.exe Linker Warning:
#   Section '.ignored' is unknown. Section ignored.
### mwldeppc.exe Linker Warning:
#   Section '.ignored' is unknown. Section ignored.
### mwldeppc.exe Linker Warning:
#   Section '.ignored' is unknown. Section ignored.
### mwldeppc.exe Linker Warning:
#   Section '.ignored' is unknown. Section ignored.
### mwldeppc.exe Linker Warning:
#   Section '.ignored' is unknown. Section ignored.
### mwldeppc.exe Linker Warning:
#   Section '.ignored' is unknown. Section ignored.
### mwldeppc.exe Linker Warning:
#   Section '.ignored' is unknown. Section ignored.
### mwldeppc.exe Linker Warning:
#   Section '.ignored' is unknown. Section ignored.
### mwldeppc.exe Linker Warning:
#   Section '.ignored' is unknown. Section ignored.
### mwldeppc.exe Linker Warning:
#   Section '.ignored' is unknown. Section ignored.
### mwldeppc.exe Linker Warning:
#   Section '.ignored' is unknown. Section ignored.
### mwldeppc.exe Linker Warning:
#   Section '.ignored' is unknown. Section ignored.
### mwldeppc.exe Linker Warning:
#   Section '.ignored' is unknown. Section ignored.
### mwldeppc.exe Linker Warning:
#   Section '.ignored' is unknown. Section ignored.
### mwldeppc.exe Linker Warning:
#   Section '.ignored' is unknown. Section ignored.
### mwldeppc.exe Linker Warning:
#   Section '.ignored' is unknown. Section ignored.
### mwldeppc.exe Linker Warning:
#   Section '.ignored' is unknown. Section ignored.
### mwldeppc.exe Linker Warning:
#   Section '.ignored' is unknown. Section ignored.
### mwldeppc.exe Linker Warning:
#   Section '.ignored' is unknown. Section ignored.
### mwldeppc.exe Linker Warning:
#   Section '.ignored' is unknown. Section ignored.
### mwldeppc.exe Linker Warning:
#   Section '.ignored' is unknown. Section ignored.
### mwldeppc.exe Linker Warning:
#   Section '.ignored' is unknown. Section ignored.
### mwldeppc.exe Linker Warning:
#   Section '.ignored' is unknown. Section ignored.
### mwldeppc.exe Linker Warning:
#   Section '.ignored' is unknown. Section ignored.
### mwldeppc.exe Linker Warning:
#   Section '.ignored' is unknown. Section ignored.
### mwldeppc.exe Linker Warning:
#   Section '.ignored' is unknown. Section ignored.
### mwldeppc.exe Linker Warning:
#   Section '.ignored' is unknown. Section ignored.
### mwldeppc.exe Linker Warning:
#   Section '.ignored' is unknown. Section ignored.
### mwldeppc.exe Linker Warning:
#   Section '.ignored' is unknown. Section ignored.
### mwldeppc.exe Linker Warning:
#   Section '.ignored' is unknown. Section ignored.
### mwldeppc.exe Linker Warning:
#   Section '.ignored' is unknown. Section ignored.
### mwldeppc.exe Linker Warning:
#   Section '.ignored' is unknown. Section ignored.
### mwldeppc.exe Linker Warning:
#   Section '.ignored' is unknown. Section ignored.
### mwldeppc.exe Linker Warning:
#   Section '.ignored' is unknown. Section ignored.
### mwldeppc.exe Linker Warning:
#   Section '.ignored' is unknown. Section ignored.
### mwldeppc.exe Linker Warning:
#   Section '.ignored' is unknown. Section ignored.
### mwldeppc.exe Linker Warning:
#   Section '.ignored' is unknown. Section ignored.
### mwldeppc.exe Linker Warning:
#   Section '.ignored' is unknown. Section ignored.
### mwldeppc.exe Linker Warning:
#   Section '.ignored' is unknown. Section ignored.
### mwldeppc.exe Linker Warning:
#   Section '.ignored' is unknown. Section ignored.
### mwldeppc.exe Linker Warning:
#   Section '.ignored' is unknown. Section ignored.
### mwldeppc.exe Linker Warning:
#   Section '.ignored' is unknown. Section ignored.
### mwldeppc.exe Linker Warning:
#   Section '.ignored' is unknown. Section ignored.
### mwldeppc.exe Linker Warning:
#   Section '.ignored' is unknown. Section ignored.
### mwldeppc.exe Linker Warning:
#   Section '.ignored' is unknown. Section ignored.
### mwldeppc.exe Linker Warning:
#   Section '.ignored' is unknown. Section ignored.
### mwldeppc.exe Linker Warning:
#   Section '.ignored' is unknown. Section ignored.
### mwldeppc.exe Linker Warning:
#   Section '.ignored' is unknown. Section ignored.
### mwldeppc.exe Linker Warning:
#   Section '.ignored' is unknown. Section ignored.
### mwldeppc.exe Linker Warning:
#   Section '.ignored' is unknown. Section ignored.
### mwldeppc.exe Linker Warning:
#   Section '.ignored' is unknown. Section ignored.
### mwldeppc.exe Linker Warning:
#   Section '.ignored' is unknown. Section ignored.
### mwldeppc.exe Linker Warning:
#   Section '.ignored' is unknown. Section ignored.
### mwldeppc.exe Linker Warning:
#   Section '.ignored' is unknown. Section ignored.
### mwldeppc.exe Linker Warning:
#   Section '.ignored' is unknown. Section ignored.
### mwldeppc.exe Linker Warning:
#   Section '.ignored' is unknown. Section ignored.
### mwldeppc.exe Linker Warning:
#   Section '.ignored' is unknown. Section ignored.
### mwldeppc.exe Linker Warning:
#   Section '.ignored' is unknown. Section ignored.
### mwldeppc.exe Linker Warning:
#   Section '.ignored' is unknown. Section ignored.
### mwldeppc.exe Linker Warning:
#   Section '.ignored' is unknown. Section ignored.
### mwldeppc.exe Linker Warning:
#   Section '.ignored' is unknown. Section ignored.
### mwldeppc.exe Linker Warning:
#   Section '.ignored' is unknown. Section ignored.
### mwldeppc.exe Linker Warning:
#   Section '.ignored' is unknown. Section ignored.
### mwldeppc.exe Linker Warning:
#   Section '.ignored' is unknown. Section ignored.
### mwldeppc.exe Linker Warning:
#   Section '.ignored' is unknown. Section ignored.
### mwldeppc.exe Linker Warning:
#   Section '.ignored' is unknown. Section ignored.
### mwldeppc.exe Linker Warning:
#   Section '.ignored' is unknown. Section ignored.
### mwldeppc.exe Linker Warning:
#   Section '.ignored' is unknown. Section ignored.
### mwldeppc.exe Linker Warning:
#   Section '.ignored' is unknown. Section ignored.
### mwldeppc.exe Linker Warning:
#   Section '.ignored' is unknown. Section ignored.
### mwldeppc.exe Linker Warning:
#   Section '.ignored' is unknown. Section ignored.
### mwldeppc.exe Linker Warning:
#   Section '.ignored' is unknown. Section ignored.
### mwldeppc.exe Linker Warning:
#   Section '.ignored' is unknown. Section ignored.
### mwldeppc.exe Linker Warning:
#   Section '.ignored' is unknown. Section ignored.
### mwldeppc.exe Linker Warning:
#   Section '.ignored' is unknown. Section ignored.
### mwldeppc.exe Linker Warning:
#   Section '.ignored' is unknown. Section ignored.
### mwldeppc.exe Linker Warning:
#   Section '.ignored' is unknown. Section ignored.
### mwldeppc.exe Linker Warning:
#   Section '.ignored' is unknown. Section ignored.
### mwldeppc.exe Linker Warning:
#   Section '.ignored' is unknown. Section ignored.
### mwldeppc.exe Linker Warning:
#   Section '.ignored' is unknown. Section ignored.
### mwldeppc.exe Linker Warning:
#   Section '.ignored' is unknown. Section ignored.
### mwldeppc.exe Linker Warning:
#   Section '.ignored' is unknown. Section ignored.
### mwldeppc.exe Linker Warning:
#   Section '.ignored' is unknown. Section ignored.
### mwldeppc.exe Linker Warning:
#   Section '.ignored' is unknown. Section ignored.
### mwldeppc.exe Linker Warning:
#   Section '.ignored' is unknown. Section ignored.
### mwldeppc.exe Linker Warning:
#   Section '.ignored' is unknown. Section ignored.
### mwldeppc.exe Linker Warning:
#   Section '.ignored' is unknown. Section ignored.
### mwldeppc.exe Linker Warning:
#   Section '.ignored' is unknown. Section ignored.
### mwldeppc.exe Linker Warning:
#   Section '.ignored' is unknown. Section ignored.
### mwldeppc.exe Linker Warning:
#   Section '.ignored' is unknown. Section ignored.
### mwldeppc.exe Linker Warning:
#   Section '.ignored' is unknown. Section ignored.
### mwldeppc.exe Linker Warning:
#   Section '.ignored' is unknown. Section ignored.
### mwldeppc.exe Linker Warning:
#   Section '.ignored' is unknown. Section ignored.
### mwldeppc.exe Linker Warning:
#   Section '.ignored' is unknown. Section ignored.
### mwldeppc.exe Linker Warning:
#   Section '.ignored' is unknown. Section ignored.
### mwldeppc.exe Linker Warning:
#   Section '.ignored' is unknown. Section ignored.
### mwldeppc.exe Linker Warning:
#   Section '.ignored' is unknown. Section ignored.
### mwldeppc.exe Linker Warning:
#   Section '.ignored' is unknown. Section ignored.
### mwldeppc.exe Linker Warning:
#   Section '.ignored' is unknown. Section ignored.
### mwldeppc.exe Linker Warning:
#   Section '.ignored' is unknown. Section ignored.
### mwldeppc.exe Linker Warning:
#   Section '.ignored' is unknown. Section ignored.
### mwldeppc.exe Linker Warning:
#   Section '.ignored' is unknown. Section ignored.
### mwldeppc.exe Linker Warning:
#   Section '.ignored' is unknown. Section ignored.
### mwldeppc.exe Linker Warning:
#   Section '.ignored' is unknown. Section ignored.
### mwldeppc.exe Linker Warning:
#   Section '.ignored' is unknown. Section ignored.
### mwldeppc.exe Linker Warning:
#   Section '.ignored' is unknown. Section ignored.
### mwldeppc.exe Linker Warning:
#   Section '.ignored' is unknown. Section ignored.
### mwldeppc.exe Linker Warning:
#   Section '.ignored' is unknown. Section ignored.
### mwldeppc.exe Linker Warning:
#   Section '.ignored' is unknown. Section ignored.
### mwldeppc.exe Linker Warning:
#   Section '.ignored' is unknown. Section ignored.
### mwldeppc.exe Linker Warning:
#   Section '.ignored' is unknown. Section ignored.
### mwldeppc.exe Linker Warning:
#   Section '.ignored' is unknown. Section ignored.
### mwldeppc.exe Linker Warning:
#   Section '.ignored' is unknown. Section ignored.
### mwldeppc.exe Linker Warning:
#   Section '.ignored' is unknown. Section ignored.
### mwldeppc.exe Linker Warning:
#   Section '.ignored' is unknown. Section ignored.
### mwldeppc.exe Linker Warning:
#   Section '.ignored' is unknown. Section ignored.
### mwldeppc.exe Linker Warning:
#   Section '.ignored' is unknown. Section ignored.
### mwldeppc.exe Linker Warning:
#   Section '.ignored' is unknown. Section ignored.
### mwldeppc.exe Linker Warning:
#   Section '.ignored' is unknown. Section ignored.
### mwldeppc.exe Linker Warning:
#   Section '.ignored' is unknown. Section ignored.
### mwldeppc.exe Linker Warning:
#   Section '.ignored' is unknown. Section ignored.
### mwldeppc.exe Linker Warning:
#   Section '.ignored' is unknown. Section ignored.
### mwldeppc.exe Linker Warning:
#   Section '.ignored' is unknown. Section ignored.
### mwldeppc.exe Linker Warning:
#   Section '.ignored' is unknown. Section ignored.
### mwldeppc.exe Linker Warning:
#   Section '.ignored' is unknown. Section ignored.
### mwldeppc.exe Linker Warning:
#   Section '.ignored' is unknown. Section ignored.
### mwldeppc.exe Linker Warning:
#   Section '.ignored' is unknown. Section ignored.
### mwldeppc.exe Linker Warning:
#   Section '.ignored' is unknown. Section ignored.
### mwldeppc.exe Linker Warning:
#   Section '.ignored' is unknown. Section ignored.
### mwldeppc.exe Linker Warning:
#   Section '.ignored' is unknown. Section ignored.
### mwldeppc.exe Linker Warning:
#   Section '.ignored' is unknown. Section ignored.
### mwldeppc.exe Linker Warning:
#   Section '.ignored' is unknown. Section ignored.
### mwldeppc.exe Linker Warning:
#   Section '.ignored' is unknown. Section ignored.
### mwldeppc.exe Linker Warning:
#   Section '.ignored' is unknown. Section ignored.
### mwldeppc.exe Linker Warning:
#   Section '.ignored' is unknown. Section ignored.
### mwldeppc.exe Linker Warning:
#   Section '.ignored' is unknown. Section ignored.
### mwldeppc.exe Linker Warning:
#   Section '.ignored' is unknown. Section ignored.
### mwldeppc.exe Linker Warning:
#   Section '.ignored' is unknown. Section ignored.
### mwldeppc.exe Linker Warning:
#   Section '.ignored' is unknown. Section ignored.
### mwldeppc.exe Linker Warning:
#   Section '.ignored' is unknown. Section ignored.
### mwldeppc.exe Linker Warning:
#   Section '.ignored' is unknown. Section ignored.
### mwldeppc.exe Linker Warning:
#   Section '.ignored' is unknown. Section ignored.
### mwldeppc.exe Linker Warning:
#   Section '.ignored' is unknown. Section ignored.
### mwldeppc.exe Linker Warning:
#   Section '.ignored' is unknown. Section ignored.
### mwldeppc.exe Linker Warning:
#   Section '.ignored' is unknown. Section ignored.
### mwldeppc.exe Linker Warning:
#   Section '.ignored' is unknown. Section ignored.
### mwldeppc.exe Linker Warning:
#   Section '.ignored' is unknown. Section ignored.
### mwldeppc.exe Linker Warning:
#   Section '.ignored' is unknown. Section ignored.
### mwldeppc.exe Linker Warning:
#   Section '.ignored' is unknown. Section ignored.
### mwldeppc.exe Linker Warning:
#   Section '.ignored' is unknown. Section ignored.
### mwldeppc.exe Linker Warning:
#   Section '.ignored' is unknown. Section ignored.
### mwldeppc.exe Linker Warning:
#   Section '.ignored' is unknown. Section ignored.
### mwldeppc.exe Linker Warning:
#   Section '.ignored' is unknown. Section ignored.
### mwldeppc.exe Linker Warning:
#   Section '.ignored' is unknown. Section ignored.
### mwldeppc.exe Linker Warning:
#   Section '.ignored' is unknown. Section ignored.
### mwldeppc.exe Linker Warning:
#   Section '.ignored' is unknown. Section ignored.
### mwldeppc.exe Linker Warning:
#   Section '.ignored' is unknown. Section ignored.
### mwldeppc.exe Linker Warning:
#   Section '.ignored' is unknown. Section ignored.
### mwldeppc.exe Linker Warning:
#   Section '.ignored' is unknown. Section ignored.
### mwldeppc.exe Linker Warning:
#   Section '.ignored' is unknown. Section ignored.
### mwldeppc.exe Linker Warning:
#   Section '.ignored' is unknown. Section ignored.
### mwldeppc.exe Linker Warning:
#   Section '.ignored' is unknown. Section ignored.
### mwldeppc.exe Linker Warning:
#   Section '.ignored' is unknown. Section ignored.
### mwldeppc.exe Linker Warning:
#   Section '.ignored' is unknown. Section ignored.
### mwldeppc.exe Linker Warning:
#   Section '.ignored' is unknown. Section ignored.
### mwldeppc.exe Linker Warning:
#   Section '.ignored' is unknown. Section ignored.
### mwldeppc.exe Linker Warning:
#   Section '.ignored' is unknown. Section ignored.
### mwldeppc.exe Linker Warning:
#   Section '.ignored' is unknown. Section ignored.
### mwldeppc.exe Linker Warning:
#   Section '.ignored' is unknown. Section ignored.
### mwldeppc.exe Linker Warning:
#   Section '.ignored' is unknown. Section ignored.
### mwldeppc.exe Linker Warning:
#   Section '.ignored' is unknown. Section ignored.
### mwldeppc.exe Linker Warning:
#   Section '.ignored' is unknown. Section ignored.
### mwldeppc.exe Linker Warning:
#   Section '.ignored' is unknown. Section ignored.
### mwldeppc.exe Linker Warning:
#   Section '.ignored' is unknown. Section ignored.
### mwldeppc.exe Linker Warning:
#   Section '.ignored' is unknown. Section ignored.
### mwldeppc.exe Linker Warning:
#   Section '.ignored' is unknown. Section ignored.
### mwldeppc.exe Linker Warning:
#   Section '.ignored' is unknown. Section ignored.
### mwldeppc.exe Linker Warning:
#   Section '.ignored' is unknown. Section ignored.
### mwldeppc.exe Linker Warning:
#   Section '.ignored' is unknown. Section ignored.
### mwldeppc.exe Linker Warning:
#   Section '.ignored' is unknown. Section ignored.
### mwldeppc.exe Linker Warning:
#   Section '.ignored' is unknown. Section ignored.
### mwldeppc.exe Linker Warning:
#   Section '.ignored' is unknown. Section ignored.
### mwldeppc.exe Linker Warning:
#   Section '.ignored' is unknown. Section ignored.
### mwldeppc.exe Linker Warning:
#   Section '.ignored' is unknown. Section ignored.
### mwldeppc.exe Linker Warning:
#   Section '.ignored' is unknown. Section ignored.
### mwldeppc.exe Linker Warning:
#   Section '.ignored' is unknown. Section ignored.
### mwldeppc.exe Linker Warning:
#   Section '.ignored' is unknown. Section ignored.
### mwldeppc.exe Linker Warning:
#   Section '.ignored' is unknown. Section ignored.
### mwldeppc.exe Linker Warning:
#   Section '.ignored' is unknown. Section ignored.
### mwldeppc.exe Linker Warning:
#   Section '.ignored' is unknown. Section ignored.
### mwldeppc.exe Linker Warning:
#   Section '.ignored' is unknown. Section ignored.
### mwldeppc.exe Linker Warning:
#   Section '.ignored' is unknown. Section ignored.
### mwldeppc.exe Linker Warning:
#   Section '.ignored' is unknown. Section ignored.
### mwldeppc.exe Linker Warning:
#   Section '.ignored' is unknown. Section ignored.
### mwldeppc.exe Linker Warning:
#   Section '.ignored' is unknown. Section ignored.
### mwldeppc.exe Linker Warning:
#   Section '.ignored' is unknown. Section ignored.
### mwldeppc.exe Linker Warning:
#   Section '.ignored' is unknown. Section ignored.
### mwldeppc.exe Linker Warning:
#   Section '.ignored' is unknown. Section ignored.
### mwldeppc.exe Linker Warning:
#   Section '.ignored' is unknown. Section ignored.
### mwldeppc.exe Linker Warning:
#   Section '.ignored' is unknown. Section ignored.
### mwldeppc.exe Linker Warning:
#   Section '.ignored' is unknown. Section ignored.
### mwldeppc.exe Linker Warning:
#   Section '.ignored' is unknown. Section ignored.
### mwldeppc.exe Linker Warning:
#   Section '.ignored' is unknown. Section ignored.
### mwldeppc.exe Linker Warning:
#   Section '.ignored' is unknown. Section ignored.
### mwldeppc.exe Linker Warning:
#   Section '.ignored' is unknown. Section ignored.
### mwldeppc.exe Linker Warning:
#   Section '.ignored' is unknown. Section ignored.
### mwldeppc.exe Linker Warning:
#   Section '.ignored' is unknown. Section ignored.
### mwldeppc.exe Linker Warning:
#   Section '.ignored' is unknown. Section ignored.
### mwldeppc.exe Linker Warning:
#   Section '.ignored' is unknown. Section ignored.
### mwldeppc.exe Linker Warning:
#   Section '.ignored' is unknown. Section ignored.
### mwldeppc.exe Linker Warning:
#   Section '.ignored' is unknown. Section ignored.
### mwldeppc.exe Linker Warning:
#   Section '.ignored' is unknown. Section ignored.
### mwldeppc.exe Linker Warning:
#   Section '.ignored' is unknown. Section ignored.
### mwldeppc.exe Linker Warning:
#   Section '.ignored' is unknown. Section ignored.
### mwldeppc.exe Linker Warning:
#   Section '.ignored' is unknown. Section ignored.
### mwldeppc.exe Linker Warning:
#   Section '.ignored' is unknown. Section ignored.
### mwldeppc.exe Linker Warning:
#   Section '.ignored' is unknown. Section ignored.
### mwldeppc.exe Linker Warning:
#   Section '.ignored' is unknown. Section ignored.
### mwldeppc.exe Linker Warning:
#   Section '.ignored' is unknown. Section ignored.
### mwldeppc.exe Linker Warning:
#   Section '.ignored' is unknown. Section ignored.
### mwldeppc.exe Linker Warning:
#   Section '.ignored' is unknown. Section ignored.
### mwldeppc.exe Linker Warning:
#   Section '.ignored' is unknown. Section ignored.
### mwldeppc.exe Linker Warning:
#   Section '.ignored' is unknown. Section ignored.
### mwldeppc.exe Linker Warning:
#   Section '.ignored' is unknown. Section ignored.
### mwldeppc.exe Linker Warning:
#   Section '.ignored' is unknown. Section ignored.
### mwldeppc.exe Linker Warning:
#   Section '.ignored' is unknown. Section ignored.
### mwldeppc.exe Linker Warning:
#   Section '.ignored' is unknown. Section ignored.
### mwldeppc.exe Linker Warning:
#   Section '.ignored' is unknown. Section ignored.
### mwldeppc.exe Linker Warning:
#   Section '.ignored' is unknown. Section ignored.
### mwldeppc.exe Linker Warning:
#   Section '.ignored' is unknown. Section ignored.
### mwldeppc.exe Linker Warning:
#   Section '.ignored' is unknown. Section ignored.
### mwldeppc.exe Linker Warning:
#   Section '.ignored' is unknown. Section ignored.
### mwldeppc.exe Linker Warning:
#   Section '.ignored' is unknown. Section ignored.
### mwldeppc.exe Linker Warning:
#   Section '.ignored' is unknown. Section ignored.
### mwldeppc.exe Linker Warning:
#   Section '.ignored' is unknown. Section ignored.
### mwldeppc.exe Linker Warning:
#   Section '.ignored' is unknown. Section ignored.
### mwldeppc.exe Linker Warning:
#   Section '.ignored' is unknown. Section ignored.
### mwldeppc.exe Linker Warning:
#   Section '.ignored' is unknown. Section ignored.
### mwldeppc.exe Linker Warning:
#   Section '.ignored' is unknown. Section ignored.
### mwldeppc.exe Linker Warning:
#   Section '.ignored' is unknown. Section ignored.
### mwldeppc.exe Linker Warning:
#   Section '.ignored' is unknown. Section ignored.
### mwldeppc.exe Linker Warning:
#   Section '.ignored' is unknown. Section ignored.
### mwldeppc.exe Linker Warning:
#   Section '.ignored' is unknown. Section ignored.
### mwldeppc.exe Linker Warning:
#   Section '.ignored' is unknown. Section ignored.
### mwldeppc.exe Linker Warning:
#   Section '.ignored' is unknown. Section ignored.
### mwldeppc.exe Linker Warning:
#   Section '.ignored' is unknown. Section ignored.
### mwldeppc.exe Linker Warning:
#   Section '.ignored' is unknown. Section ignored.
### mwldeppc.exe Linker Warning:
#   Section '.ignored' is unknown. Section ignored.
### mwldeppc.exe Linker Warning:
#   Section '.ignored' is unknown. Section ignored.
### mwldeppc.exe Linker Warning:
#   Section '.ignored' is unknown. Section ignored.
### mwldeppc.exe Linker Warning:
#   Section '.ignored' is unknown. Section ignored.
### mwldeppc.exe Linker Warning:
#   Section '.ignored' is unknown. Section ignored.
### mwldeppc.exe Linker Warning:
#   Section '.ignored' is unknown. Section ignored.
### mwldeppc.exe Linker Warning:
#   Section '.ignored' is unknown. Section ignored.
### mwldeppc.exe Linker Warning:
#   Section '.ignored' is unknown. Section ignored.
### mwldeppc.exe Linker Warning:
#   Section '.ignored' is unknown. Section ignored.
### mwldeppc.exe Linker Warning:
#   Section '.ignored' is unknown. Section ignored.
### mwldeppc.exe Linker Warning:
#   Section '.ignored' is unknown. Section ignored.
### mwldeppc.exe Linker Warning:
#   Section '.ignored' is unknown. Section ignored.
### mwldeppc.exe Linker Warning:
#   Section '.ignored' is unknown. Section ignored.
### mwldeppc.exe Linker Warning:
#   Section '.ignored' is unknown. Section ignored.
### mwldeppc.exe Linker Warning:
#   Section '.ignored' is unknown. Section ignored.
### mwldeppc.exe Linker Warning:
#   Section '.ignored' is unknown. Section ignored.
### mwldeppc.exe Linker Warning:
#   Section '.ignored' is unknown. Section ignored.
### mwldeppc.exe Linker Warning:
#   Section '.ignored' is unknown. Section ignored.
### mwldeppc.exe Linker Warning:
#   Section '.ignored' is unknown. Section ignored.
### mwldeppc.exe Linker Warning:
#   Section '.ignored' is unknown. Section ignored.
### mwldeppc.exe Linker Warning:
#   Section '.ignored' is unknown. Section ignored.
### mwldeppc.exe Linker Warning:
#   Section '.ignored' is unknown. Section ignored.
### mwldeppc.exe Linker Warning:
#   Section '.ignored' is unknown. Section ignored.
### mwldeppc.exe Linker Warning:
#   Section '.ignored' is unknown. Section ignored.
### mwldeppc.exe Linker Warning:
#   Section '.ignored' is unknown. Section ignored.
### mwldeppc.exe Linker Warning:
#   Section '.ignored' is unknown. Section ignored.
### mwldeppc.exe Linker Warning:
#   Section '.ignored' is unknown. Section ignored.
### mwldeppc.exe Linker Warning:
#   Section '.ignored' is unknown. Section ignored.
### mwldeppc.exe Linker Warning:
#   Section '.ignored' is unknown. Section ignored.
### mwldeppc.exe Linker Warning:
#   Section '.ignored' is unknown. Section ignored.
### mwldeppc.exe Linker Warning:
#   Section '.ignored' is unknown. Section ignored.
### mwldeppc.exe Linker Warning:
#   Section '.ignored' is unknown. Section ignored.
### mwldeppc.exe Linker Warning:
#   Section '.ignored' is unknown. Section ignored.
### mwldeppc.exe Linker Warning:
#   Section '.ignored' is unknown. Section ignored.
### mwldeppc.exe Linker Warning:
#   Section '.ignored' is unknown. Section ignored.
### mwldeppc.exe Linker Warning:
#   Section '.ignored' is unknown. Section ignored.
### mwldeppc.exe Linker Warning:
#   Section '.ignored' is unknown. Section ignored.
### mwldeppc.exe Linker Warning:
#   Section '.ignored' is unknown. Section ignored.
### mwldeppc.exe Linker Warning:
#   Section '.ignored' is unknown. Section ignored.
### mwldeppc.exe Linker Warning:
#   Section '.ignored' is unknown. Section ignored.
### mwldeppc.exe Linker Warning:
#   Section '.ignored' is unknown. Section ignored.
### mwldeppc.exe Linker Warning:
#   Section '.ignored' is unknown. Section ignored.
### mwldeppc.exe Linker Warning:
#   Section '.ignored' is unknown. Section ignored.
### mwldeppc.exe Linker Warning:
#   Section '.ignored' is unknown. Section ignored.
### mwldeppc.exe Linker Warning:
#   Section '.ignored' is unknown. Section ignored.
### mwldeppc.exe Linker Warning:
#   Section '.ignored' is unknown. Section ignored.
### mwldeppc.exe Linker Warning:
#   Section '.ignored' is unknown. Section ignored.
### mwldeppc.exe Linker Warning:
#   Section '.ignored' is unknown. Section ignored.
### mwldeppc.exe Linker Warning:
#   Section '.ignored' is unknown. Section ignored.
### mwldeppc.exe Linker Warning:
#   Section '.ignored' is unknown. Section ignored.
### mwldeppc.exe Linker Warning:
#   Section '.ignored' is unknown. Section ignored.
### mwldeppc.exe Linker Warning:
#   Section '.ignored' is unknown. Section ignored.
### mwldeppc.exe Linker Warning:
#   Section '.ignored' is unknown. Section ignored.
### mwldeppc.exe Linker Warning:
#   Section '.ignored' is unknown. Section ignored.
### mwldeppc.exe Linker Warning:
#   Section '.ignored' is unknown. Section ignored.
### mwldeppc.exe Linker Warning:
#   Section '.ignored' is unknown. Section ignored.
### mwldeppc.exe Linker Warning:
#   Section '.ignored' is unknown. Section ignored.
### mwldeppc.exe Linker Warning:
#   Section '.ignored' is unknown. Section ignored.
### mwldeppc.exe Linker Warning:
#   Section '.ignored' is unknown. Section ignored.
### mwldeppc.exe Linker Warning:
#   Section '.ignored' is unknown. Section ignored.
### mwldeppc.exe Linker Warning:
#   Section '.ignored' is unknown. Section ignored.
### mwldeppc.exe Linker Warning:
#   Section '.ignored' is unknown. Section ignored.
### mwldeppc.exe Linker Warning:
#   Section '.ignored' is unknown. Section ignored.
### mwldeppc.exe Linker Warning:
#   Section '.ignored' is unknown. Section ignored.
### mwldeppc.exe Linker Warning:
#   Section '.ignored' is unknown. Section ignored.
### mwldeppc.exe Linker Warning:
#   Section '.ignored' is unknown. Section ignored.
### mwldeppc.exe Linker Warning:
#   Section '.ignored' is unknown. Section ignored.
### mwldeppc.exe Linker Warning:
#   Section '.ignored' is unknown. Section ignored.
### mwldeppc.exe Linker Warning:
#   Section '.ignored' is unknown. Section ignored.
### mwldeppc.exe Linker Warning:
#   Section '.ignored' is unknown. Section ignored.
### mwldeppc.exe Linker Warning:
#   Section '.ignored' is unknown. Section ignored.
### mwldeppc.exe Linker Warning:
#   Section '.ignored' is unknown. Section ignored.
### mwldeppc.exe Linker Warning:
#   Section '.ignored' is unknown. Section ignored.
### mwldeppc.exe Linker Warning:
#   Section '.ignored' is unknown. Section ignored.
### mwldeppc.exe Linker Warning:
#   Section '.ignored' is unknown. Section ignored.
### mwldeppc.exe Linker Warning:
#   Section '.ignored' is unknown. Section ignored.
### mwldeppc.exe Linker Warning:
#   Section '.ignored' is unknown. Section ignored.
### mwldeppc.exe Linker Warning:
#   Section '.ignored' is unknown. Section ignored.
### mwldeppc.exe Linker Warning:
#   Section '.ignored' is unknown. Section ignored.
### mwldeppc.exe Linker Warning:
#   Section '.ignored' is unknown. Section ignored.
### mwldeppc.exe Linker Warning:
#   Section '.ignored' is unknown. Section ignored.
### mwldeppc.exe Linker Warning:
#   Section '.ignored' is unknown. Section ignored.
### mwldeppc.exe Linker Warning:
#   Section '.ignored' is unknown. Section ignored.
### mwldeppc.exe Linker Warning:
#   Section '.ignored' is unknown. Section ignored.
### mwldeppc.exe Linker Warning:
#   Section '.ignored' is unknown. Section ignored.
### mwldeppc.exe Linker Warning:
#   Section '.ignored' is unknown. Section ignored.
### mwldeppc.exe Linker Warning:
#   Section '.ignored' is unknown. Section ignored.
### mwldeppc.exe Linker Warning:
#   Section '.ignored' is unknown. Section ignored.
### mwldeppc.exe Linker Warning:
#   Section '.ignored' is unknown. Section ignored.
### mwldeppc.exe Linker Warning:
#   Section '.ignored' is unknown. Section ignored.
### mwldeppc.exe Linker Warning:
#   Section '.ignored' is unknown. Section ignored.
### mwldeppc.exe Linker Warning:
#   Section '.ignored' is unknown. Section ignored.
### mwldeppc.exe Linker Warning:
#   Section '.ignored' is unknown. Section ignored.
### mwldeppc.exe Linker Warning:
#   Section '.ignored' is unknown. Section ignored.
### mwldeppc.exe Linker Warning:
#   Section '.ignored' is unknown. Section ignored.
### mwldeppc.exe Linker Warning:
#   Section '.ignored' is unknown. Section ignored.
### mwldeppc.exe Linker Warning:
#   Section '.ignored' is unknown. Section ignored.
### mwldeppc.exe Linker Warning:
#   Section '.ignored' is unknown. Section ignored.
### mwldeppc.exe Linker Warning:
#   Section '.ignored' is unknown. Section ignored.
### mwldeppc.exe Linker Warning:
#   Section '.ignored' is unknown. Section ignored.
### mwldeppc.exe Linker Warning:
#   Section '.ignored' is unknown. Section ignored.
### mwldeppc.exe Linker Warning:
#   Section '.ignored' is unknown. Section ignored.
### mwldeppc.exe Linker Warning:
#   Section '.ignored' is unknown. Section ignored.
### mwldeppc.exe Linker Warning:
#   Section '.ignored' is unknown. Section ignored.
### mwldeppc.exe Linker Warning:
#   Section '.ignored' is unknown. Section ignored.
### mwldeppc.exe Linker Warning:
#   Section '.ignored' is unknown. Section ignored.
### mwldeppc.exe Linker Warning:
#   Section '.ignored' is unknown. Section ignored.
### mwldeppc.exe Linker Warning:
#   Section '.ignored' is unknown. Section ignored.
### mwldeppc.exe Linker Warning:
#   Section '.ignored' is unknown. Section ignored.
### mwldeppc.exe Linker Warning:
#   Section '.ignored' is unknown. Section ignored.
### mwldeppc.exe Linker Warning:
#   Section '.ignored' is unknown. Section ignored.
### mwldeppc.exe Linker Warning:
#   Section '.ignored' is unknown. Section ignored.
### mwldeppc.exe Linker Warning:
#   Section '.ignored' is unknown. Section ignored.
### mwldeppc.exe Linker Warning:
#   Section '.ignored' is unknown. Section ignored.
### mwldeppc.exe Linker Warning:
#   Section '.ignored' is unknown. Section ignored.
### mwldeppc.exe Linker Warning:
#   Section '.ignored' is unknown. Section ignored.
### mwldeppc.exe Linker Warning:
#   Section '.ignored' is unknown. Section ignored.
### mwldeppc.exe Linker Warning:
#   Section '.ignored' is unknown. Section ignored.
### mwldeppc.exe Linker Warning:
#   Section '.ignored' is unknown. Section ignored.
### mwldeppc.exe Linker Warning:
#   Section '.ignored' is unknown. Section ignored.
### mwldeppc.exe Linker Warning:
#   Section '.ignored' is unknown. Section ignored.
### mwldeppc.exe Linker Warning:
#   Section '.ignored' is unknown. Section ignored.
### mwldeppc.exe Linker Warning:
#   Section '.ignored' is unknown. Section ignored.
### mwldeppc.exe Linker Warning:
#   Section '.ignored' is unknown. Section ignored.
### mwldeppc.exe Linker Warning:
#   Section '.ignored' is unknown. Section ignored.
### mwldeppc.exe Linker Warning:
#   Section '.ignored' is unknown. Section ignored.
### mwldeppc.exe Linker Warning:
#   Section '.ignored' is unknown. Section ignored.
### mwldeppc.exe Linker Warning:
#   Section '.ignored' is unknown. Section ignored.
### mwldeppc.exe Linker Warning:
#   Section '.ignored' is unknown. Section ignored.
### mwldeppc.exe Linker Warning:
#   Section '.ignored' is unknown. Section ignored.
### mwldeppc.exe Linker Warning:
#   Section '.ignored' is unknown. Section ignored.
### mwldeppc.exe Linker Warning:
#   Section '.ignored' is unknown. Section ignored.
### mwldeppc.exe Linker Warning:
#   Section '.ignored' is unknown. Section ignored.
### mwldeppc.exe Linker Warning:
#   Section '.ignored' is unknown. Section ignored.
### mwldeppc.exe Linker Warning:
#   Section '.ignored' is unknown. Section ignored.
### mwldeppc.exe Linker Warning:
#   Section '.ignored' is unknown. Section ignored.
### mwldeppc.exe Linker Warning:
#   Section '.ignored' is unknown. Section ignored.
### mwldeppc.exe Linker Warning:
#   Section '.ignored' is unknown. Section ignored.
### mwldeppc.exe Linker Warning:
#   Section '.ignored' is unknown. Section ignored.
### mwldeppc.exe Linker Warning:
#   Section '.ignored' is unknown. Section ignored.
### mwldeppc.exe Linker Warning:
#   Section '.ignored' is unknown. Section ignored.
### mwldeppc.exe Linker Warning:
#   Section '.ignored' is unknown. Section ignored.
### mwldeppc.exe Linker Warning:
#   Section '.ignored' is unknown. Section ignored.
### mwldeppc.exe Linker Warning:
#   Section '.ignored' is unknown. Section ignored.
### mwldeppc.exe Linker Warning:
#   Section '.ignored' is unknown. Section ignored.
### mwldeppc.exe Linker Warning:
#   Section '.ignored' is unknown. Section ignored.
### mwldeppc.exe Linker Warning:
#   Section '.ignored' is unknown. Section ignored.
### mwldeppc.exe Linker Warning:
#   Section '.ignored' is unknown. Section ignored.
### mwldeppc.exe Linker Warning:
#   Section '.ignored' is unknown. Section ignored.
### mwldeppc.exe Linker Warning:
#   Section '.ignored' is unknown. Section ignored.
### mwldeppc.exe Linker Warning:
#   Section '.ignored' is unknown. Section ignored.
### mwldeppc.exe Linker Warning:
#   Section '.ignored' is unknown. Section ignored.
### mwldeppc.exe Linker Warning:
#   Section '.ignored' is unknown. Section ignored.
### mwldeppc.exe Linker Warning:
#   Section '.ignored' is unknown. Section ignored.
### mwldeppc.exe Linker Warning:
#   Section '.ignored' is unknown. Section ignored.
### mwldeppc.exe Linker Warning:
#   Section '.ignored' is unknown. Section ignored.
### mwldeppc.exe Linker Warning:
#   Section '.ignored' is unknown. Section ignored.
### mwldeppc.exe Linker Warning:
#   Section '.ignored' is unknown. Section ignored.
### mwldeppc.exe Linker Warning:
#   Section '.ignored' is unknown. Section ignored.
### mwldeppc.exe Linker Warning:
#   Section '.ignored' is unknown. Section ignored.
### mwldeppc.exe Linker Warning:
#   Section '.ignored' is unknown. Section ignored.
### mwldeppc.exe Linker Warning:
#   Section '.ignored' is unknown. Section ignored.
### mwldeppc.exe Linker Warning:
#   Section '.ignored' is unknown. Section ignored.
### mwldeppc.exe Linker Warning:
#   Section '.ignored' is unknown. Section ignored.
### mwldeppc.exe Linker Warning:
#   Section '.ignored' is unknown. Section ignored.
### mwldeppc.exe Linker Warning:
#   Section '.ignored' is unknown. Section ignored.
### mwldeppc.exe Linker Warning:
#   Section '.ignored' is unknown. Section ignored.
### mwldeppc.exe Linker Warning:
#   Section '.ignored' is unknown. Section ignored.
### mwldeppc.exe Linker Warning:
#   Section '.ignored' is unknown. Section ignored.
### mwldeppc.exe Linker Warning:
#   Section '.ignored' is unknown. Section ignored.
### mwldeppc.exe Linker Warning:
#   Section '.ignored' is unknown. Section ignored.
### mwldeppc.exe Linker Warning:
#   Section '.ignored' is unknown. Section ignored.
### mwldeppc.exe Linker Warning:
#   Section '.ignored' is unknown. Section ignored.
### mwldeppc.exe Linker Warning:
#   Section '.ignored' is unknown. Section ignored.
### mwldeppc.exe Linker Warning:
#   Section '.ignored' is unknown. Section ignored.
### mwldeppc.exe Linker Warning:
#   Section '.ignored' is unknown. Section ignored.
### mwldeppc.exe Linker Warning:
#   Section '.ignored' is unknown. Section ignored.
### mwldeppc.exe Linker Warning:
#   Section '.ignored' is unknown. Section ignored.
### mwldeppc.exe Linker Warning:
#   Section '.ignored' is unknown. Section ignored.
### mwldeppc.exe Linker Warning:
#   Section '.ignored' is unknown. Section ignored.
### mwldeppc.exe Linker Warning:
#   Section '.ignored' is unknown. Section ignored.
### mwldeppc.exe Linker Warning:
#   Section '.ignored' is unknown. Section ignored.
### mwldeppc.exe Linker Warning:
#   Section '.ignored' is unknown. Section ignored.
### mwldeppc.exe Linker Warning:
#   Section '.ignored' is unknown. Section ignored.
### mwldeppc.exe Linker Warning:
#   Section '.ignored' is unknown. Section ignored.
### mwldeppc.exe Linker Warning:
#   Section '.ignored' is unknown. Section ignored.
### mwldeppc.exe Linker Warning:
#   Section '.ignored' is unknown. Section ignored.
### mwldeppc.exe Linker Warning:
#   Section '.ignored' is unknown. Section ignored.
### mwldeppc.exe Linker Warning:
#   Section '.ignored' is unknown. Section ignored.
### mwldeppc.exe Linker Warning:
#   Section '.ignored' is unknown. Section ignored.
### mwldeppc.exe Linker Warning:
#   Section '.ignored' is unknown. Section ignored.
### mwldeppc.exe Linker Warning:
#   Section '.ignored' is unknown. Section ignored.
### mwldeppc.exe Linker Warning:
#   Section '.ignored' is unknown. Section ignored.
### mwldeppc.exe Linker Warning:
#   Section '.ignored' is unknown. Section ignored.
### mwldeppc.exe Linker Warning:
#   Section '.ignored' is unknown. Section ignored.
### mwldeppc.exe Linker Warning:
#   Section '.ignored' is unknown. Section ignored.
### mwldeppc.exe Linker Warning:
#   Section '.ignored' is unknown. Section ignored.
### mwldeppc.exe Linker Warning:
#   Section '.ignored' is unknown. Section ignored.
### mwldeppc.exe Linker Warning:
#   Section '.ignored' is unknown. Section ignored.
### mwldeppc.exe Linker Warning:
#   Section '.ignored' is unknown. Section ignored.
### mwldeppc.exe Linker Warning:
#   Section '.ignored' is unknown. Section ignored.
### mwldeppc.exe Linker Warning:
#   Section '.ignored' is unknown. Section ignored.
### mwldeppc.exe Linker Warning:
#   Section '.ignored' is unknown. Section ignored.
### mwldeppc.exe Linker Warning:
#   Section '.ignored' is unknown. Section ignored.
### mwldeppc.exe Linker Warning:
#   Section '.ignored' is unknown. Section ignored.
### mwldeppc.exe Linker Warning:
#   Section '.ignored' is unknown. Section ignored.
### mwldeppc.exe Linker Warning:
#   Section '.ignored' is unknown. Section ignored.
### mwldeppc.exe Linker Warning:
#   Section '.ignored' is unknown. Section ignored.
### mwldeppc.exe Linker Warning:
#   Section '.ignored' is unknown. Section ignored.
### mwldeppc.exe Linker Warning:
#   Section '.ignored' is unknown. Section ignored.
### mwldeppc.exe Linker Warning:
#   Section '.ignored' is unknown. Section ignored.
### mwldeppc.exe Linker Warning:
#   Section '.ignored' is unknown. Section ignored.
### mwldeppc.exe Linker Warning:
#   Section '.ignored' is unknown. Section ignored.
### mwldeppc.exe Linker Warning:
#   Section '.ignored' is unknown. Section ignored.
### mwldeppc.exe Linker Warning:
#   Section '.ignored' is unknown. Section ignored.
### mwldeppc.exe Linker Warning:
#   Section '.ignored' is unknown. Section ignored.
### mwldeppc.exe Linker Warning:
#   Section '.ignored' is unknown. Section ignored.
### mwldeppc.exe Linker Warning:
#   Section '.ignored' is unknown. Section ignored.
### mwldeppc.exe Linker Warning:
#   Section '.ignored' is unknown. Section ignored.
### mwldeppc.exe Linker Warning:
#   Section '.ignored' is unknown. Section ignored.
### mwldeppc.exe Linker Warning:
#   Section '.ignored' is unknown. Section ignored.
### mwldeppc.exe Linker Warning:
#   Section '.ignored' is unknown. Section ignored.
### mwldeppc.exe Linker Warning:
#   Section '.ignored' is unknown. Section ignored.
### mwldeppc.exe Linker Warning:
#   Section '.ignored' is unknown. Section ignored.
### mwldeppc.exe Linker Warning:
#   Section '.ignored' is unknown. Section ignored.
### mwldeppc.exe Linker Warning:
#   Section '.ignored' is unknown. Section ignored.
### mwldeppc.exe Linker Warning:
#   Section '.ignored' is unknown. Section ignored.
### mwldeppc.exe Linker Warning:
#   Section '.ignored' is unknown. Section ignored.
### mwldeppc.exe Linker Warning:
#   Section '.ignored' is unknown. Section ignored.
### mwldeppc.exe Linker Warning:
#   Section '.ignored' is unknown. Section ignored.
### mwldeppc.exe Linker Warning:
#   Section '.ignored' is unknown. Section ignored.
### mwldeppc.exe Linker Warning:
#   Section '.ignored' is unknown. Section ignored.
### mwldeppc.exe Linker Warning:
#   Section '.ignored' is unknown. Section ignored.
### mwldeppc.exe Linker Warning:
#   Section '.ignored' is unknown. Section ignored.
### mwldeppc.exe Linker Warning:
#   Section '.ignored' is unknown. Section ignored.
### mwldeppc.exe Linker Warning:
#   Section '.ignored' is unknown. Section ignored.
### mwldeppc.exe Linker Warning:
#   Section '.ignored' is unknown. Section ignored.
### mwldeppc.exe Linker Warning:
#   Section '.ignored' is unknown. Section ignored.
### mwldeppc.exe Linker Warning:
#   Section '.ignored' is unknown. Section ignored.
### mwldeppc.exe Linker Warning:
#   Section '.ignored' is unknown. Section ignored.
### mwldeppc.exe Linker Warning:
#   Section '.ignored' is unknown. Section ignored.
### mwldeppc.exe Linker Warning:
#   Section '.ignored' is unknown. Section ignored.
### mwldeppc.exe Linker Warning:
#   Section '.ignored' is unknown. Section ignored.
### mwldeppc.exe Linker Warning:
#   Section '.ignored' is unknown. Section ignored.
### mwldeppc.exe Linker Warning:
#   Section '.ignored' is unknown. Section ignored.
### mwldeppc.exe Linker Warning:
#   Section '.ignored' is unknown. Section ignored.
### mwldeppc.exe Linker Warning:
#   Section '.ignored' is unknown. Section ignored.
### mwldeppc.exe Linker Warning:
#   Section '.ignored' is unknown. Section ignored.
### mwldeppc.exe Linker Warning:
#   Section '.ignored' is unknown. Section ignored.
### mwldeppc.exe Linker Warning:
#   Section '.ignored' is unknown. Section ignored.
### mwldeppc.exe Linker Warning:
#   Section '.ignored' is unknown. Section ignored.
### mwldeppc.exe Linker Warning:
#   Section '.ignored' is unknown. Section ignored.
### mwldeppc.exe Linker Warning:
#   Section '.ignored' is unknown. Section ignored.
### mwldeppc.exe Linker Warning:
#   Section '.ignored' is unknown. Section ignored.
### mwldeppc.exe Linker Warning:
#   Section '.ignored' is unknown. Section ignored.
### mwldeppc.exe Linker Warning:
#   Section '.ignored' is unknown. Section ignored.
### mwldeppc.exe Linker Warning:
#   Section '.ignored' is unknown. Section ignored.
### mwldeppc.exe Linker Warning:
#   Section '.ignored' is unknown. Section ignored.
### mwldeppc.exe Linker Warning:
#   Section '.ignored' is unknown. Section ignored.
### mwldeppc.exe Linker Warning:
#   Section '.ignored' is unknown. Section ignored.
### mwldeppc.exe Linker Warning:
#   Section '.ignored' is unknown. Section ignored.
### mwldeppc.exe Linker Warning:
#   Section '.ignored' is unknown. Section ignored.
### mwldeppc.exe Linker Warning:
#   Section '.ignored' is unknown. Section ignored.
### mwldeppc.exe Linker Warning:
#   Section '.ignored' is unknown. Section ignored.
### mwldeppc.exe Linker Warning:
#   Section '.ignored' is unknown. Section ignored.
### mwldeppc.exe Linker Warning:
#   Section '.ignored' is unknown. Section ignored.
### mwldeppc.exe Linker Warning:
#   Section '.ignored' is unknown. Section ignored.
### mwldeppc.exe Linker Warning:
#   Section '.ignored' is unknown. Section ignored.
### mwldeppc.exe Linker Warning:
#   Section '.ignored' is unknown. Section ignored.
### mwldeppc.exe Linker Warning:
#   Section '.ignored' is unknown. Section ignored.
[916/919] DOL build/GEDE01/main.dol
[917/919] CHECK config/GEDE01/build.sha1
build/GEDE01/main.dol: OK
[918/919] PROGRESS
Progress:
  All: 58.31% fuzzy, 49.17% matched, 49.09% linked (6307 / 7068 files)
    Code: 1131236 / 2300692 bytes (6074 / 8214 functions)
    Data: 39626 / 4305642 bytes (0.92%)
  Game Code: 93.92% fuzzy, 79.17% matched, 79.04% linked (6289 / 6633 files)
    Code: 1128208 / 1425104 bytes (6012 / 6354 functions)
    Data: 39402 / 40426 bytes (97.47%)
  SDK/Runtime: 100.00% fuzzy, 100.00% matched, 100.00% linked (18 / 18 files)
    Code: 3028 / 3028 bytes (62 / 62 functions)
    Data: 224 / 224 bytes (100.00%)
