[1/1] RUN configure.py
[1/891] MWCC build/GEDE01/src/game/game_fn_800094C0.o
[2/891] MWCC build/GEDE01/src/game/game_fn_80008014.o
[3/891] MWCC build/GEDE01/src/game/game_fn_800098C0.o
[4/891] MWCC build/GEDE01/src/game/game_fn_800096E0.o
[5/891] MWCC build/GEDE01/src/game/game_fn_80009AB4.o
[6/891] MWCC build/GEDE01/src/game/game_fn_800099D8.o
[7/891] MWCC build/GEDE01/src/game/game_fn_8000AC88.o
[8/891] MWCC build/GEDE01/src/game/game_fn_8000A26C.o
[9/891] MWCC build/GEDE01/src/game/game_fn_8000AEB4.o
[10/891] MWCC build/GEDE01/src/game/game_fn_8000AFB4.o
[11/891] MWCC build/GEDE01/src/game/game_fn_8000B1B8.o
[12/891] MWCC build/GEDE01/src/game/game_fn_8000B36C.o
[13/891] MWCC build/GEDE01/src/game/game_fn_8000B630.o
[14/891] MWCC build/GEDE01/src/game/game_fn_8000B7FC.o
[15/891] MWCC build/GEDE01/src/game/game_fn_8000B900.o
[16/891] MWCC build/GEDE01/src/game/game_fn_8000BA0C.o
[17/891] MWCC build/GEDE01/src/game/game_fn_8000BAA0.o
[18/891] MWCC build/GEDE01/src/game/game_fn_8000BC40.o
[19/891] MWCC build/GEDE01/src/game/game_fn_8000C06C.o
[20/891] MWCC build/GEDE01/src/game/game_fn_8000C17C.o
[21/891] MWCC build/GEDE01/src/game/game_fn_8000C400.o
[22/891] MWCC build/GEDE01/src/game/game_fn_8000C848.o
[23/891] MWCC build/GEDE01/src/game/game_fn_8000C91C.o
[24/891] MWCC build/GEDE01/src/game/game_fn_8000D0BC.o
[25/891] MWCC build/GEDE01/src/game/game_fn_8000D590.o
[26/891] MWCC build/GEDE01/src/game/game_fn_8000D3D4.o
[27/891] MWCC build/GEDE01/src/game/game_fn_8000D8A4.o
[28/891] MWCC build/GEDE01/src/game/game_fn_8000DA50.o
[29/891] MWCC build/GEDE01/src/game/game_fn_8000DAF4.o
[30/891] MWCC build/GEDE01/src/game/game_fn_8000E054.o
[31/891] MWCC build/GEDE01/src/game/game_fn_8000E0AC.o
[32/891] MWCC build/GEDE01/src/game/game_fn_8000E138.o
[33/891] MWCC build/GEDE01/src/game/game_fn_8000E1C4.o
[34/891] MWCC build/GEDE01/src/game/game_fn_8000E96C.o
[35/891] MWCC build/GEDE01/src/game/game_fn_8000EB14.o
[36/891] MWCC build/GEDE01/src/game/game_fn_8000EBD4.o
[37/891] MWCC build/GEDE01/src/game/game_fn_8000EFC4.o
[38/891] MWCC build/GEDE01/src/game/game_fn_8000ED44.o
[39/891] MWCC build/GEDE01/src/game/game_fn_8000F4B0.o
[40/891] MWCC build/GEDE01/src/game/game_fn_8000F774.o
[41/891] MWCC build/GEDE01/src/game/game_fn_8000FDE8.o
[42/891] MWCC build/GEDE01/src/game/game_fn_8000FFD8.o
[43/891] MWCC build/GEDE01/src/game/game_fn_800119FC.o
[44/891] MWCC build/GEDE01/src/game/game_fn_80012DA8.o
[45/891] MWCC build/GEDE01/src/game/game_fn_80012F40.o
[46/891] MWCC build/GEDE01/src/game/game_fn_80012FD0.o
[47/891] MWCC build/GEDE01/src/game/game_fn_800131E8.o
[48/891] MWCC build/GEDE01/src/game/game_fn_80013340.o
[49/891] MWCC build/GEDE01/src/game/game_fn_80013870.o
[50/891] MWCC build/GEDE01/src/game/game_fn_80013CB0.o
[51/891] MWCC build/GEDE01/src/game/game_fn_80013D54.o
[52/891] MWCC build/GEDE01/src/game/game_fn_800142DC.o
[53/891] MWCC build/GEDE01/src/game/game_fn_800144CC.o
[54/891] MWCC build/GEDE01/src/game/game_fn_80014784.o
[55/891] MWCC build/GEDE01/src/game/game_fn_800149D4.o
[56/891] MWCC build/GEDE01/src/game/game_fn_80015058.o
[57/891] MWCC build/GEDE01/src/game/game_fn_80015320.o
[58/891] MWCC build/GEDE01/src/game/game_fn_80015568.o
[59/891] MWCC build/GEDE01/src/game/game_fn_800156FC.o
[60/891] MWCC build/GEDE01/src/game/game_fn_80015BE0.o
[61/891] MWCC build/GEDE01/src/game/game_fn_80015D40.o
[62/891] MWCC build/GEDE01/src/game/game_fn_80015F04.o
[63/891] MWCC build/GEDE01/src/game/game_fn_80016128.o
[64/891] MWCC build/GEDE01/src/game/game_fn_80016270.o
[65/891] MWCC build/GEDE01/src/game/game_fn_80016904.o
[66/891] MWCC build/GEDE01/src/game/game_fn_80016B24.o
[67/891] MWCC build/GEDE01/src/game/game_fn_800171C0.o
[68/891] MWCC build/GEDE01/src/game/game_fn_800173CC.o
[69/891] MWCC build/GEDE01/src/game/game_fn_800176F0.o
[70/891] MWCC build/GEDE01/src/game/game_fn_80017910.o
[71/891] MWCC build/GEDE01/src/game/game_fn_800179AC.o
[72/891] MWCC build/GEDE01/src/game/game_fn_80017A3C.o
[73/891] MWCC build/GEDE01/src/game/game_fn_80017C3C.o
[74/891] MWCC build/GEDE01/src/game/game_fn_80017AE4.o
[75/891] MWCC build/GEDE01/src/game/game_fn_80017CC8.o
[76/891] MWCC build/GEDE01/src/game/game_fn_80017DB0.o
[77/891] MWCC build/GEDE01/src/game/game_fn_80018EF4.o
[78/891] MWCC build/GEDE01/src/game/game_fn_80019054.o
[79/891] MWCC build/GEDE01/src/game/game_fn_80019244.o
[80/891] MWCC build/GEDE01/src/game/game_fn_800194D0.o
[81/891] MWCC build/GEDE01/src/game/game_fn_80019940.o
[82/891] MWCC build/GEDE01/src/game/game_fn_80019C10.o
[83/891] MWCC build/GEDE01/src/game/game_fn_80019D2C.o
[84/891] MWCC build/GEDE01/src/game/game_fn_80019F98.o
[85/891] MWCC build/GEDE01/src/game/game_fn_8001AAB8.o
[86/891] MWCC build/GEDE01/src/game/game_fn_8001A6C4.o
[87/891] MWCC build/GEDE01/src/game/game_fn_8001ADF8.o
[88/891] MWCC build/GEDE01/src/game/game_fn_8001AF68.o
[89/891] MWCC build/GEDE01/src/game/game_fn_8001B124.o
[90/891] MWCC build/GEDE01/src/game/game_fn_8001B294.o
[91/891] MWCC build/GEDE01/src/game/game_fn_8001B808.o
[92/891] MWCC build/GEDE01/src/game/game_fn_8001B874.o
[93/891] MWCC build/GEDE01/src/game/game_fn_8001C078.o
[94/891] MWCC build/GEDE01/src/game/game_fn_8001CA04.o
[95/891] MWCC build/GEDE01/src/game/game_fn_8001CD58.o
[96/891] MWCC build/GEDE01/src/game/game_fn_8001CE94.o
[97/891] MWCC build/GEDE01/src/game/game_fn_8001E644.o
[98/891] MWCC build/GEDE01/src/game/game_fn_8001FE1C.o
[99/891] MWCC build/GEDE01/src/game/game_fn_80020E94.o
[100/891] MWCC build/GEDE01/src/game/game_fn_80024F28.o
[101/891] MWCC build/GEDE01/src/game/game_fn_800272B4.o
[102/891] MWCC build/GEDE01/src/game/game_fn_8002B748.o
[103/891] MWCC build/GEDE01/src/game/game_fn_8002DAE0.o
[104/891] MWCC build/GEDE01/src/game/game_fn_8002E3F0.o
[105/891] MWCC build/GEDE01/src/game/game_fn_8002EA68.o
[106/891] MWCC build/GEDE01/src/game/game_fn_8002F428.o
[107/891] MWCC build/GEDE01/src/game/game_fn_80031544.o
[108/891] MWCC build/GEDE01/src/game/game_fn_8003232C.o
[109/891] MWCC build/GEDE01/src/game/game_fn_80032B84.o
[110/891] MWCC build/GEDE01/src/game/game_fn_80033038.o
[111/891] MWCC build/GEDE01/src/game/game_fn_80033180.o
[112/891] MWCC build/GEDE01/src/game/game_fn_800359A0.o
[113/891] MWCC build/GEDE01/src/game/game_fn_800361F8.o
[114/891] MWCC build/GEDE01/src/game/game_fn_80036C40.o
[115/891] MWCC build/GEDE01/src/game/game_fn_80038878.o
[116/891] MWCC build/GEDE01/src/game/game_fn_80048ADC.o
[117/891] MWCC build/GEDE01/src/game/game_fn_80048B24.o
[118/891] MWCC build/GEDE01/src/game/game_fn_8004998C.o
[119/891] MWCC build/GEDE01/src/game/game_fn_80052310.o
[120/891] MWCC build/GEDE01/src/game/game_fn_800542D0.o
[121/891] MWCC build/GEDE01/src/game/game_fn_8005EC6C.o
[122/891] MWCC build/GEDE01/src/game/game_fn_8005EE9C.o
[123/891] MWCC build/GEDE01/src/game/game_data_80239E10.o
[124/891] MWCC build/GEDE01/src/game/game_data_80239E18.o
[125/891] MWCC build/GEDE01/src/game/game_fn_8005FD84.o
[126/891] MWCC build/GEDE01/src/game/game_fn_80066888.o
[127/891] MWCC build/GEDE01/src/game/game_fn_80066E78.o
[128/891] MWCC build/GEDE01/src/game/game_fn_8006B0F0.o
[129/891] MWCC build/GEDE01/src/game/game_fn_8006B620.o
[130/891] MWCC build/GEDE01/src/game/game_fn_8006E53C.o
[131/891] MWCC build/GEDE01/src/game/game_fn_80071A58.o
[132/891] MWCC build/GEDE01/src/game/game_fn_80074310.o
[133/891] MWCC build/GEDE01/src/game/game_fn_80078500.o
[134/891] MWCC build/GEDE01/src/game/game_fn_80079908.o
[135/891] MWCC build/GEDE01/src/game/game_fn_80079AA4.o
[136/891] MWCC build/GEDE01/src/game/game_fn_8007B2F4.o
[137/891] MWCC build/GEDE01/src/game/game_fn_8007B540.o
[138/891] MWCC build/GEDE01/src/game/game_fn_8007B640.o
[139/891] MWCC build/GEDE01/src/game/game_fn_8007B828.o
[140/891] MWCC build/GEDE01/src/game/game_fn_8007BA3C.o
[141/891] MWCC build/GEDE01/src/game/game_fn_8007D4D8.o
[142/891] MWCC build/GEDE01/src/game/game_fn_8007F770.o
[143/891] MWCC build/GEDE01/src/game/game_fn_800886D8.o
[144/891] MWCC build/GEDE01/src/game/game_fn_80088F4C.o
[145/891] MWCC build/GEDE01/src/game/game_fn_8008A2E0.o
[146/891] MWCC build/GEDE01/src/game/game_fn_8008F224.o
[147/891] MWCC build/GEDE01/src/game/game_fn_8008F890.o
[148/891] MWCC build/GEDE01/src/game/game_fn_80090004.o
[149/891] MWCC build/GEDE01/src/game/game_fn_800934A0.o
[150/891] MWCC build/GEDE01/src/game/game_fn_80095D10.o
[151/891] MWCC build/GEDE01/src/game/game_fn_80095FDC.o
[152/891] MWCC build/GEDE01/src/game/game_fn_80096830.o
[153/891] MWCC build/GEDE01/src/game/game_fn_8009C424.o
[154/891] MWCC build/GEDE01/src/game/game_fn_8009E808.o
[155/891] MWCC build/GEDE01/src/game/game_fn_800A2130.o
[156/891] MWCC build/GEDE01/src/game/game_fn_800A2FCC.o
[157/891] MWCC build/GEDE01/src/game/game_fn_800A3180.o
[158/891] MWCC build/GEDE01/src/game/game_fn_800A3894.o
[159/891] MWCC build/GEDE01/src/game/game_fn_800A4428.o
[160/891] MWCC build/GEDE01/src/game/game_fn_800A4798.o
[161/891] MWCC build/GEDE01/src/game/game_fn_800A7E88.o
[162/891] MWCC build/GEDE01/src/game/game_fn_800AF230.o
[163/891] MWCC build/GEDE01/src/game/game_fn_800B2EC0.o
[164/891] MWCC build/GEDE01/src/game/game_fn_800BB5C4.o
[165/891] MWCC build/GEDE01/src/game/game_fn_800BB7A8.o
[166/891] MWCC build/GEDE01/src/game/game_fn_800BB9A4.o
[167/891] MWCC build/GEDE01/src/game/game_fn_800BBAF0.o
[168/891] MWCC build/GEDE01/src/game/game_fn_800C030C.o
[169/891] MWCC build/GEDE01/src/game/game_fn_800C17EC.o
[170/891] MWCC build/GEDE01/src/game/game_fn_800C59F0.o
[171/891] MWCC build/GEDE01/src/game/game_fn_800C644C.o
[172/891] MWCC build/GEDE01/src/game/game_fn_800C65FC.o
[173/891] MWCC build/GEDE01/src/game/game_fn_800C9C60.o
[174/891] MWCC build/GEDE01/src/game/game_fn_800CB760.o
[175/891] MWCC build/GEDE01/src/game/game_fn_800CB8F4.o
[176/891] MWCC build/GEDE01/src/game/game_fn_800CF598.o
[177/891] MWCC build/GEDE01/src/game/game_fn_800D9064.o
[178/891] MWCC build/GEDE01/src/game/game_fn_800D9E10.o
[179/891] MWCC build/GEDE01/src/game/game_fn_800E4980.o
[180/891] MWCC build/GEDE01/src/game/game_TRKNubWelcome.o
[181/891] MWCC build/GEDE01/src/game/game_TRK_main.o
[182/891] MWCC build/GEDE01/src/game/game_InitMetroTRKCommTable.o
[183/891] MWCC build/GEDE01/src/game/game_fn_800FD0C8.o
[184/891] MWCC build/GEDE01/src/game/game_fn_8010242C.o
[185/891] MWCC build/GEDE01/src/game/game_fn_801098C0.o
[186/891] MWCC build/GEDE01/src/game/game_fn_8010F184.o
[187/891] MWCC build/GEDE01/src/game/game_fn_801126E0.o
[188/891] MWCC build/GEDE01/src/game/game_fn_801128E4.o
[189/891] MWCC build/GEDE01/src/game/game_fn_801141B8.o
[190/891] MWCC build/GEDE01/src/game/game_fn_8011F140.o
[191/891] MWCC build/GEDE01/src/game/game_fn_801247F8.o
[192/891] MWCC build/GEDE01/src/game/game_fn_80126A00.o
[193/891] MWCC build/GEDE01/src/game/game_fn_8012976C.o
[194/891] MWCC build/GEDE01/src/game/game_fn_8012DB28.o
[195/891] MWCC build/GEDE01/src/game/game_fn_8013CBE4.o
[196/891] MWCC build/GEDE01/src/game/game_fn_8013D6A4.o
[197/891] MWCC build/GEDE01/src/game/game_fn_8013DB8C.o
[198/891] MWCC build/GEDE01/src/game/game_fn_8014549C.o
[199/891] MWCC build/GEDE01/src/game/game_fn_8014AF38.o
[200/891] MWCC build/GEDE01/src/game/game_fn_8014B494.o
[201/891] MWCC build/GEDE01/src/game/game_fn_8014CA98.o
[202/891] MWCC build/GEDE01/src/game/game_fn_801535D8.o
[203/891] MWCC build/GEDE01/src/game/game_fn_80153898.o
[204/891] MWCC build/GEDE01/src/game/game_fn_80153A24.o
[205/891] MWCC build/GEDE01/src/game/game_fn_80154F74.o
[206/891] MWCC build/GEDE01/src/game/game_fn_80155814.o
[207/891] MWCC build/GEDE01/src/game/game_fn_80157C0C.o
[208/891] MWCC build/GEDE01/src/game/game_fn_80158B20.o
[209/891] MWCC build/GEDE01/src/game/game_fn_80158D38.o
[210/891] MWCC build/GEDE01/src/game/game_fn_8015DB84.o
[211/891] MWCC build/GEDE01/src/game/game_fn_8015DC54.o
[212/891] MWCC build/GEDE01/src/game/game_fn_8015EDC0.o
[213/891] MWCC build/GEDE01/src/game/game_fn_80167454.o
[214/891] MWCC build/GEDE01/src/game/game_fn_80167B5C.o
[215/891] MWCC build/GEDE01/src/game/game_fn_80169650.o
[216/891] MWCC build/GEDE01/src/game/game_fn_8016BD0C.o
[217/891] MWCC build/GEDE01/src/game/game_fn_8016BE1C.o
[218/891] MWCC build/GEDE01/src/game/game_fn_8016BF60.o
[219/891] MWCC build/GEDE01/src/game/game_fn_8016C0BC.o
[220/891] MWCC build/GEDE01/src/game/game_fn_8016C164.o
[221/891] MWCC build/GEDE01/src/game/game_fn_8016C238.o
[222/891] MWCC build/GEDE01/src/game/game_fn_8016C4BC.o
[223/891] MWCC build/GEDE01/src/game/game_fn_8016C774.o
[224/891] MWCC build/GEDE01/src/game/game_fn_8016D040.o
[225/891] MWCC build/GEDE01/src/game/game_fn_8016D1F8.o
[226/891] MWCC build/GEDE01/src/game/game_fn_8016D2B8.o
[227/891] MWCC build/GEDE01/src/game/game_fn_8016D9C0.o
[228/891] MWCC build/GEDE01/src/game/game_fn_8016DF4C.o
[229/891] MWCC build/GEDE01/src/game/game_fn_8016E8F8.o
[230/891] MWCC build/GEDE01/src/game/game_fn_8016FEF8.o
[231/891] MWCC build/GEDE01/src/game/game_fn_8017038C.o
[232/891] MWCC build/GEDE01/src/game/game_fn_801704F8.o
[233/891] MWCC build/GEDE01/src/game/game_fn_801706DC.o
[234/891] MWCC build/GEDE01/src/game/game_fn_80170A40.o
[235/891] MWCC build/GEDE01/src/game/game_fn_80170DF4.o
[236/891] MWCC build/GEDE01/src/game/game_fn_80170E9C.o
[237/891] MWCC build/GEDE01/src/game/game_fn_8017138C.o
[238/891] MWCC build/GEDE01/src/game/game_fn_80171664.o
[239/891] MWCC build/GEDE01/src/game/game_fn_801718F4.o
[240/891] MWCC build/GEDE01/src/game/game_fn_801719B4.o
[241/891] MWCC build/GEDE01/src/game/game_fn_80171F30.o
[242/891] MWCC build/GEDE01/src/game/game_fn_8017250C.o
[243/891] MWCC build/GEDE01/src/game/game_fn_801726EC.o
[244/891] MWCC build/GEDE01/src/game/game_fn_80172BB0.o
[245/891] MWCC build/GEDE01/src/game/game_fn_80172C78.o
[246/891] MWCC build/GEDE01/src/game/game_fn_80172DB8.o
[247/891] MWCC build/GEDE01/src/game/game_fn_80173270.o
[248/891] MWCC build/GEDE01/src/game/game_fn_801734B4.o
[249/891] MWCC build/GEDE01/src/game/game_fn_80173770.o
[250/891] MWCC build/GEDE01/src/game/game_fn_80173D44.o
[251/891] MWCC build/GEDE01/src/game/game_fn_80173F04.o
[252/891] MWCC build/GEDE01/src/game/game_fn_80174184.o
[253/891] MWCC build/GEDE01/src/game/game_fn_80174358.o
[254/891] MWCC build/GEDE01/src/game/game_fn_80174F2C.o
[255/891] MWCC build/GEDE01/src/game/game_fn_8017553C.o
[256/891] MWCC build/GEDE01/src/game/game_fn_80175A08.o
[257/891] MWCC build/GEDE01/src/game/game_fn_80175E64.o
[258/891] MWCC build/GEDE01/src/game/game_fn_80175F0C.o
[259/891] MWCC build/GEDE01/src/game/game_fn_80175FD4.o
[260/891] MWCC build/GEDE01/src/game/game_fn_80176098.o
[261/891] MWCC build/GEDE01/src/game/game_fn_80176160.o
[262/891] MWCC build/GEDE01/src/game/game_fn_80176220.o
[263/891] MWCC build/GEDE01/src/game/game_fn_801762E8.o
[264/891] MWCC build/GEDE01/src/game/game_fn_8017652C.o
[265/891] MWCC build/GEDE01/src/game/game_fn_80176DF4.o
[266/891] MWCC build/GEDE01/src/game/game_fn_80176FA0.o
[267/891] MWCC build/GEDE01/src/game/game_fn_801770F8.o
[268/891] MWCC build/GEDE01/src/game/game_fn_8017718C.o
[269/891] MWCC build/GEDE01/src/game/game_fn_80178F88.o
[270/891] MWCC build/GEDE01/src/game/game_fn_80177434.o
[271/891] MWCC build/GEDE01/src/game/game_fn_80179398.o
[272/891] MWCC build/GEDE01/src/game/game_fn_8017960C.o
[273/891] MWCC build/GEDE01/src/game/game_fn_8017974C.o
[274/891] MWCC build/GEDE01/src/game/game_fn_80179904.o
[275/891] MWCC build/GEDE01/src/game/game_fn_80179A18.o
[276/891] MWCC build/GEDE01/src/game/game_fn_80179A74.o
[277/891] MWCC build/GEDE01/src/game/game_fn_80179EB8.o
[278/891] MWCC build/GEDE01/src/game/game_fn_80179F20.o
[279/891] MWCC build/GEDE01/src/game/game_fn_8017A010.o
[280/891] MWCC build/GEDE01/src/game/game_fn_8017A12C.o
[281/891] MWCC build/GEDE01/src/game/game_fn_8017A1C0.o
[282/891] MWCC build/GEDE01/src/game/game_fn_8017A9B8.o
[283/891] MWCC build/GEDE01/src/game/game_fn_8017AC20.o
[284/891] MWCC build/GEDE01/src/game/game_fn_8017E850.o
[285/891] MWCC build/GEDE01/src/game/game_fn_8017E958.o
[286/891] MWCC build/GEDE01/src/game/game_fn_80180DDC.o
[287/891] MWCC build/GEDE01/src/game/game_fn_801810A0.o
[288/891] MWCC build/GEDE01/src/game/game_fn_801816D4.o
[289/891] MWCC build/GEDE01/src/game/game_fn_801859FC.o
[290/891] MWCC build/GEDE01/src/game/game_fn_80185AE8.o
[291/891] MWCC build/GEDE01/src/game/game_fn_80185F10.o
[292/891] MWCC build/GEDE01/src/game/game_fn_801865EC.o
[293/891] MWCC build/GEDE01/src/game/game_fn_8018680C.o
[294/891] MWCC build/GEDE01/src/game/game_fn_80186E10.o
[295/891] MWCC build/GEDE01/src/game/game_fn_80186F70.o
[296/891] MWCC build/GEDE01/src/game/game_fn_80187120.o
[297/891] MWCC build/GEDE01/src/game/game_fn_80187320.o
[298/891] MWCC build/GEDE01/src/game/game_fn_801875FC.o
[299/891] MWCC build/GEDE01/src/game/game_fn_801878E0.o
[300/891] MWCC build/GEDE01/src/game/game_fn_80187BB4.o
[301/891] MWCC build/GEDE01/src/game/game_fn_80188A7C.o
[302/891] MWCC build/GEDE01/src/game/game_fn_80188B44.o
[303/891] MWCC build/GEDE01/src/game/game_fn_80188C1C.o
[304/891] MWCC build/GEDE01/src/game/game_fn_80188E28.o
[305/891] MWCC build/GEDE01/src/game/game_fn_80189028.o
[306/891] MWCC build/GEDE01/src/game/game_fn_801891D8.o
[307/891] MWCC build/GEDE01/src/game/game_fn_80189390.o
[308/891] MWCC build/GEDE01/src/game/game_fn_801895E8.o
[309/891] MWCC build/GEDE01/src/game/game_fn_801896A0.o
[310/891] MWCC build/GEDE01/src/game/game_fn_80189760.o
[311/891] MWCC build/GEDE01/src/game/game_fn_80189968.o
[312/891] MWCC build/GEDE01/src/game/game_fn_80189C14.o
[313/891] MWCC build/GEDE01/src/game/game_fn_8018C2D0.o
[314/891] MWCC build/GEDE01/src/game/game_fn_8018D1F0.o
[315/891] MWCC build/GEDE01/src/game/game_fn_8018D2E0.o
[316/891] MWCC build/GEDE01/src/game/game_fn_8018D400.o
[317/891] MWCC build/GEDE01/src/game/game_fn_8018D688.o
[318/891] MWCC build/GEDE01/src/game/game_fn_8018DC24.o
[319/891] MWCC build/GEDE01/src/game/game_fn_8018E0D8.o
[320/891] MWCC build/GEDE01/src/game/game_fn_8018F1D0.o
[321/891] MWCC build/GEDE01/src/game/game_fn_8018F81C.o
[322/891] MWCC build/GEDE01/src/game/game_fn_8018FEDC.o
[323/891] MWCC build/GEDE01/src/game/game_fn_8019120C.o
[324/891] MWCC build/GEDE01/src/game/game_fn_80191360.o
[325/891] MWCC build/GEDE01/src/game/game_fn_801916D0.o
[326/891] MWCC build/GEDE01/src/game/game_fn_8019197C.o
[327/891] MWCC build/GEDE01/src/game/game_fn_80191F58.o
[328/891] MWCC build/GEDE01/src/game/game_fn_801926EC.o
[329/891] MWCC build/GEDE01/src/game/game_fn_801929A4.o
[330/891] MWCC build/GEDE01/src/game/game_fn_80192F54.o
[331/891] MWCC build/GEDE01/src/game/game_fn_801931C4.o
[332/891] MWCC build/GEDE01/src/game/game_fn_80193E1C.o
[333/891] MWCC build/GEDE01/src/game/game_fn_80193F3C.o
[334/891] MWCC build/GEDE01/src/game/game_fn_80194F80.o
[335/891] MWCC build/GEDE01/src/game/game_fn_80197910.o
[336/891] MWCC build/GEDE01/src/game/game_fn_80198154.o
[337/891] MWCC build/GEDE01/src/game/game_fn_80198AAC.o
[338/891] MWCC build/GEDE01/src/game/game_fn_80198BF4.o
[339/891] MWCC build/GEDE01/src/game/game_fn_801991E0.o
[340/891] MWCC build/GEDE01/src/game/game_fn_8019B1BC.o
[341/891] MWCC build/GEDE01/src/game/game_fn_8019CC28.o
[342/891] MWCC build/GEDE01/src/game/game_fn_8019CFC4.o
[343/891] MWCC build/GEDE01/src/game/game_fn_8019E5E4.o
[344/891] MWCC build/GEDE01/src/game/game_fn_8019E8C8.o
[345/891] MWCC build/GEDE01/src/game/game_fn_801A1F18.o
[346/891] MWCC build/GEDE01/src/game/game_fn_801A2A54.o
[347/891] MWCC build/GEDE01/src/game/game_fn_801A34BC.o
[348/891] MWCC build/GEDE01/src/game/game_fn_801A3A78.o
[349/891] MWCC build/GEDE01/src/game/game_fn_801A4CE0.o
[350/891] MWCC build/GEDE01/src/game/game_fn_801A5FB0.o
[351/891] MWCC build/GEDE01/src/game/game_fn_801A6410.o
[352/891] MWCC build/GEDE01/src/game/game_fn_801A657C.o
[353/891] MWCC build/GEDE01/src/game/game_fn_801A6ADC.o
[354/891] MWCC build/GEDE01/src/game/game_fn_801A6C58.o
[355/891] MWCC build/GEDE01/src/game/game_fn_801A6CB4.o
[356/891] MWCC build/GEDE01/src/game/game_fn_801A7E04.o
[357/891] MWCC build/GEDE01/src/game/game_fn_801A7EA8.o
[358/891] MWCC build/GEDE01/src/game/game_fn_801A93E8.o
[359/891] MWCC build/GEDE01/src/game/game_fn_801AB154.o
[360/891] MWCC build/GEDE01/src/game/game_fn_801ABD3C.o
[361/891] MWCC build/GEDE01/src/game/game_fn_801AC8AC.o
[362/891] MWCC build/GEDE01/src/game/game_fn_801ACFE8.o
[363/891] MWCC build/GEDE01/src/game/game_fn_801AD08C.o
[364/891] MWCC build/GEDE01/src/game/game_fn_801AFA74.o
[365/891] MWCC build/GEDE01/src/game/game_fn_801B02F0.o
[366/891] MWCC build/GEDE01/src/game/game_fn_801B1BA0.o
[367/891] MWCC build/GEDE01/src/game/game_fn_801B35BC.o
[368/891] MWCC build/GEDE01/src/game/game_fn_801B46C8.o
[369/891] MWCC build/GEDE01/src/game/game_fn_801B4FB4.o
[370/891] MWCC build/GEDE01/src/game/game_fn_801B5228.o
[371/891] MWCC build/GEDE01/src/game/game_fn_801B58F0.o
[372/891] MWCC build/GEDE01/src/game/game_fn_801B6F1C.o
[373/891] MWCC build/GEDE01/src/game/game_fn_801B86C0.o
[374/891] MWCC build/GEDE01/src/game/game_fn_801B941C.o
[375/891] MWCC build/GEDE01/src/game/game_fn_801B9E7C.o
[376/891] MWCC build/GEDE01/src/game/game_fn_801BA15C.o
[377/891] MWCC build/GEDE01/src/game/game_fn_801BA708.o
[378/891] MWCC build/GEDE01/src/game/game_fn_801BB1A0.o
[379/891] MWCC build/GEDE01/src/game/game_fn_801BC0D4.o
[380/891] MWCC build/GEDE01/src/game/game_fn_801BC240.o
[381/891] MWCC build/GEDE01/src/game/game_fn_801BC8F4.o
[382/891] MWCC build/GEDE01/src/game/game_fn_801BCC04.o
[383/891] MWCC build/GEDE01/src/game/game_fn_801BD990.o
[384/891] MWCC build/GEDE01/src/game/game_fn_801BDE7C.o
[385/891] MWCC build/GEDE01/src/game/game_fn_801BE0D4.o
[386/891] MWCC build/GEDE01/src/game/game_fn_801C1CB0.o
[387/891] MWCC build/GEDE01/src/game/game_fn_801BEF40.o
[388/891] MWCC build/GEDE01/src/game/game_fn_801C2980.o
[389/891] MWCC build/GEDE01/src/game/game_fn_801C29BC.o
[390/891] MWCC build/GEDE01/src/game/game_fn_801C2AAC.o
[391/891] MWCC build/GEDE01/src/game/game_fn_801C2D9C.o
[392/891] MWCC build/GEDE01/src/game/game_fn_801C8160.o
[393/891] MWCC build/GEDE01/src/game/game_fn_801C8224.o
[394/891] MWCC build/GEDE01/src/game/game_fn_801C8600.o
[395/891] MWCC build/GEDE01/src/game/game_fn_801C4B5C.o
[396/891] MWCC build/GEDE01/src/game/game_fn_801C87DC.o
[397/891] MWCC build/GEDE01/src/game/game_fn_801C8CC0.o
[398/891] MWCC build/GEDE01/src/game/game_fn_801C8F50.o
[399/891] MWCC build/GEDE01/src/game/game_fn_801C90A4.o
[400/891] MWCC build/GEDE01/src/game/game_fn_801C9510.o
[401/891] MWCC build/GEDE01/src/game/game_fn_801C970C.o
[402/891] MWCC build/GEDE01/src/game/game_fn_801C9A08.o
[403/891] MWCC build/GEDE01/src/game/game_fn_801C9B1C.o
[404/891] MWCC build/GEDE01/src/game/game_fn_801CB4F8.o
[405/891] MWCC build/GEDE01/src/game/game_fn_801CD228.o
[406/891] MWCC build/GEDE01/src/game/game_fn_801CE09C.o
[407/891] MWCC build/GEDE01/src/game/game_fn_801CE594.o
[408/891] MWCC build/GEDE01/src/game/game_fn_801D1B10.o
[409/891] MWCC build/GEDE01/src/game/game_fn_801D1F78.o
[410/891] MWCC build/GEDE01/src/game/game_fn_801D3988.o
[411/891] MWCC build/GEDE01/src/game/game_fn_801D76A8.o
[412/891] MWCC build/GEDE01/src/game/game_fn_801D7C24.o
[413/891] MWCC build/GEDE01/src/game/game_fn_801D8050.o
[414/891] MWCC build/GEDE01/src/game/game_fn_801D9FE4.o
[415/891] MWCC build/GEDE01/src/game/game_fn_801E2A48.o
[416/891] MWCC build/GEDE01/src/game/game_fn_801E41AC.o
[417/891] MWCC build/GEDE01/src/game/game_fn_801E6814.o
[418/891] MWCC build/GEDE01/src/game/game_fn_801EB09C.o
[419/891] MWCC build/GEDE01/src/game/game_fn_801E995C.o
[420/891] MWCC build/GEDE01/src/game/game_fn_801EB11C.o
[421/891] MWCC build/GEDE01/src/game/game_fn_801ECD74.o
[422/891] MWCC build/GEDE01/src/game/game_fn_801ECF50.o
[423/891] MWCC build/GEDE01/src/game/game_fn_801ED5F4.o
[424/891] MWCC build/GEDE01/src/game/game_fn_801EF580.o
[425/891] MWCC build/GEDE01/src/game/game_fn_801EF910.o
[426/891] MWCC build/GEDE01/src/game/game_fn_801F10BC.o
[427/891] MWCC build/GEDE01/src/game/game_fn_801F1A38.o
[428/891] MWCC build/GEDE01/src/game/game_fn_801F35A8.o
[429/891] MWCC build/GEDE01/src/game/game_fn_801F55A0.o
[430/891] MWCC build/GEDE01/src/game/game_fn_801F69F0.o
[431/891] MWCC build/GEDE01/src/game/game_fn_801F6BD8.o
[432/891] MWCC build/GEDE01/src/game/game_fn_801F7510.o
[433/891] MWCC build/GEDE01/src/game/game_fn_801F76EC.o
[434/891] MWCC build/GEDE01/src/game/game_fn_801F8264.o
[435/891] MWCC build/GEDE01/src/game/game_fn_801F89B4.o
[436/891] MWCC build/GEDE01/src/game/game_fn_801F9AF8.o
[437/891] MWCC build/GEDE01/src/game/game_fn_801F9CF4.o
[438/891] MWCC build/GEDE01/src/game/game_fn_801FA9C8.o
[439/891] MWCC build/GEDE01/src/game/game_fn_801FB6A4.o
[440/891] MWCC build/GEDE01/src/game/game_fn_801FC034.o
[441/891] MWCC build/GEDE01/src/game/game_fn_801FC204.o
[442/891] MWCC build/GEDE01/src/game/game_fn_801FFE78.o
[443/891] EXTERNALIZE build/GEDE01/src/game/game_fn_80175A08.o
[444/891] MWCC build/GEDE01/src/game/game_fn_801AB50C.o
[445/891] EXTERNALIZE build/GEDE01/src/game/game_fn_80066E78.o
[446/891] EXTERNALIZE build/GEDE01/src/game/game_fn_801247F8.o
[447/891] EXTERNALIZE build/GEDE01/src/game/game_fn_801EF910.o
[448/891] EXTERNALIZE build/GEDE01/src/game/game_fn_801ECF50.o
[449/891] EXTERNALIZE build/GEDE01/src/game/game_fn_801EB09C.o
[450/891] EXTERNALIZE build/GEDE01/src/game/game_fn_801FC204.o
[451/891] EXTERNALIZE build/GEDE01/src/game/game_fn_801EB11C.o
[452/891] EXTERNALIZE build/GEDE01/src/game/game_fn_801D9FE4.o
[453/891] EXTERNALIZE build/GEDE01/src/game/game_fn_801E41AC.o
[454/891] EXTERNALIZE build/GEDE01/src/game/game_fn_801D76A8.o
[455/891] EXTERNALIZE build/GEDE01/src/game/game_fn_801D8050.o
[456/891] EXTERNALIZE build/GEDE01/src/game/game_fn_801D7C24.o
[457/891] EXTERNALIZE build/GEDE01/src/game/game_fn_8019B1BC.o
[458/891] EXTERNALIZE build/GEDE01/src/game/game_fn_80178F88.o
[459/891] EXTERNALIZE build/GEDE01/src/game/game_fn_801CD228.o
[460/891] EXTERNALIZE build/GEDE01/src/game/game_fn_801C970C.o
[461/891] EXTERNALIZE build/GEDE01/src/game/game_fn_801BA15C.o
[462/891] EXTERNALIZE build/GEDE01/src/game/game_fn_801C9510.o
[463/891] EXTERNALIZE build/GEDE01/src/game/game_fn_80126A00.o
[464/891] EXTERNALIZE build/GEDE01/src/game/game_fn_8013D6A4.o
[465/891] EXTERNALIZE build/GEDE01/src/game/game_fn_800C9C60.o
[466/891] EXTERNALIZE build/GEDE01/src/game/game_fn_801B5228.o
[467/891] EXTERNALIZE build/GEDE01/src/game/game_fn_801B4FB4.o
[468/891] EXTERNALIZE build/GEDE01/src/game/game_fn_801C87DC.o
[469/891] EXTERNALIZE build/GEDE01/src/game/game_fn_801B6F1C.o
[470/891] EXTERNALIZE build/GEDE01/src/game/game_fn_801C8CC0.o
[471/891] EXTERNALIZE build/GEDE01/src/game/game_fn_800FD0C8.o
[472/891] EXTERNALIZE build/GEDE01/src/game/game_fn_801BDE7C.o
[473/891] EXTERNALIZE build/GEDE01/src/game/game_fn_801BE0D4.o
[474/891] EXTERNALIZE STATIC POOL build/GEDE01/src/game/game_fn_801C9A08.o
build/GEDE01/src/game/game_fn_801C9A08.o: lbl_80629390 now undefined; section 3 emptied
[475/891] EXTERNALIZE STATIC POOL build/GEDE01/src/game/game_fn_801C9B1C.o
build/GEDE01/src/game/game_fn_801C9B1C.o: lbl_80629390 now undefined; section 3 emptied
[476/891] EXTERNALIZE build/GEDE01/src/game/game_fn_801B941C.o
[477/891] EXTERNALIZE STATIC POOL build/GEDE01/src/game/game_fn_801BD990.o
build/GEDE01/src/game/game_fn_801BD990.o: lbl_80626D80 now undefined; section 6 emptied
[478/891] EXTERNALIZE STATIC POOL build/GEDE01/src/game/game_fn_801B58F0.o
build/GEDE01/src/game/game_fn_801B58F0.o: lbl_8060C020 now undefined; section 3 emptied
[479/891] EXTERNALIZE STATIC POOL build/GEDE01/src/game/game_fn_801B9E7C.o
build/GEDE01/src/game/game_fn_801B9E7C.o: 0 relocation(s) moved from streamInfo to ...bss.0
build/GEDE01/src/game/game_fn_801B9E7C.o: lbl_8061AE48 now undefined; section 6 emptied
[480/891] EXTERNALIZE STATIC POOL build/GEDE01/src/game/game_fn_801BB1A0.o
build/GEDE01/src/game/game_fn_801BB1A0.o: 0 relocation(s) moved from streamInfo to ...bss.0
build/GEDE01/src/game/game_fn_801BB1A0.o: lbl_8061AE48 now undefined; section 6 emptied
[481/891] EXTERNALIZE STATIC build/GEDE01/src/game/game_fn_801B35BC.o
build/GEDE01/src/game/game_fn_801B35BC.o: lbl_8060D420 now undefined; section 6 emptied
[482/891] EXTERNALIZE STATIC POOL build/GEDE01/src/game/game_fn_801BA708.o
build/GEDE01/src/game/game_fn_801BA708.o: 0 relocation(s) moved from streamInfo to ...bss.0
build/GEDE01/src/game/game_fn_801BA708.o: lbl_8061AE48 now undefined; section 6 emptied
[483/891] EXTERNALIZE STATIC POOL build/GEDE01/src/game/game_fn_801BC8F4.o
build/GEDE01/src/game/game_fn_801BC8F4.o: lbl_8061C748 now undefined; section 6 emptied
[484/891] EXTERNALIZE STATIC build/GEDE01/src/game/game_fn_801BC240.o
build/GEDE01/src/game/game_fn_801BC240.o: lbl_8061C748 now undefined; section 6 emptied
[485/891] EXTERNALIZE STATIC POOL build/GEDE01/src/game/game_fn_801BCC04.o
build/GEDE01/src/game/game_fn_801BCC04.o: lbl_8061C748 now undefined; section 6 emptied
[486/891] EXTERNALIZE STATIC POOL build/GEDE01/src/game/game_fn_801BC0D4.o
build/GEDE01/src/game/game_fn_801BC0D4.o: lbl_8061C748 now undefined; section 6 emptied
[487/891] EXTERNALIZE STATIC POOL build/GEDE01/src/game/game_fn_801C1CB0.o
build/GEDE01/src/game/game_fn_801C1CB0.o: lbl_80626DA0 now undefined; section 3 emptied
[488/891] RENAME build/GEDE01/src/game/game_InitMetroTRKCommTable.o
[489/891] EXTERNALIZE STATIC POOL build/GEDE01/src/game/game_fn_801CE09C.o
build/GEDE01/src/game/game_fn_801CE09C.o: lbl_80631340 now undefined; section 6 emptied
[490/891] RENAME RUNTIME INTRINSICS build/GEDE01/src/game/game_fn_801CB4F8.o
[491/891] EXTERNALIZE STATIC POOL build/GEDE01/src/game/game_fn_8010242C.o
build/GEDE01/src/game/game_fn_8010242C.o: lbl_8032CC08 now undefined; section 3 emptied
[492/891] EXTERNALIZE build/GEDE01/src/game/game_fn_801D3988.o
[493/891] EXTERNALIZE build/GEDE01/src/game/game_fn_801D1B10.o
[494/891] ALIGN DATA build/GEDE01/src/game/game_fn_80008014.o
[495/891] EXTERNALIZE build/GEDE01/src/game/game_fn_801CE594.o
[496/891] EXTERNALIZE build/GEDE01/src/game/game_fn_8014549C.o
[497/891] EXTERNALIZE build/GEDE01/src/game/game_fn_801C8224.o
[498/891] EXTERNALIZE build/GEDE01/src/game/game_fn_801098C0.o
[499/891] EXTERNALIZE build/GEDE01/src/game/game_fn_8000FDE8.o
[500/891] EXTERNALIZE build/GEDE01/src/game/game_fn_80185F10.o
[501/891] EXTERNALIZE build/GEDE01/src/game/game_fn_801C29BC.o
[502/891] EXTERNALIZE build/GEDE01/src/game/game_fn_801C8F50.o
[503/891] EXTERNALIZE build/GEDE01/src/game/game_fn_8007B828.o
[504/891] EXTERNALIZE build/GEDE01/src/game/game_fn_801C90A4.o
[505/891] EXTERNALIZE build/GEDE01/src/game/game_fn_801C8160.o
[506/891] EXTERNALIZE build/GEDE01/src/game/game_fn_801C2AAC.o
[507/891] EXTERNALIZE build/GEDE01/src/game/game_fn_801C2D9C.o
[508/891] EXTERNALIZE build/GEDE01/src/game/game_fn_801C2980.o
[509/891] EXTERNALIZE build/GEDE01/src/game/game_fn_801B02F0.o
[510/891] EXTERNALIZE build/GEDE01/src/game/game_fn_801AFA74.o
[511/891] EXTERNALIZE build/GEDE01/src/game/game_fn_801AC8AC.o
[512/891] EXTERNALIZE build/GEDE01/src/game/game_fn_801ABD3C.o
[513/891] EXTERNALIZE build/GEDE01/src/game/game_fn_801816D4.o
[514/891] EXTERNALIZE build/GEDE01/src/game/game_fn_8011F140.o
[515/891] EXTERNALIZE build/GEDE01/src/game/game_fn_801AD08C.o
[516/891] EXTERNALIZE build/GEDE01/src/game/game_fn_8004998C.o
[517/891] EXTERNALIZE build/GEDE01/src/game/game_fn_80079AA4.o
[518/891] EXTERNALIZE build/GEDE01/src/game/game_fn_80158D38.o
[519/891] EXTERNALIZE build/GEDE01/src/game/game_fn_801A3A78.o
[520/891] EXTERNALIZE build/GEDE01/src/game/game_fn_8008F224.o
[521/891] EXTERNALIZE build/GEDE01/src/game/game_fn_80167454.o
[522/891] EXTERNALIZE build/GEDE01/src/game/game_fn_800AF230.o
[523/891] EXTERNALIZE build/GEDE01/src/game/game_fn_801A93E8.o
[524/891] EXTERNALIZE build/GEDE01/src/game/game_fn_801AB154.o
[525/891] EXTERNALIZE build/GEDE01/src/game/game_fn_801A7E04.o
[526/891] EXTERNALIZE build/GEDE01/src/game/game_fn_801A7EA8.o
[527/891] EXTERNALIZE build/GEDE01/src/game/game_fn_801A6CB4.o
[528/891] EXTERNALIZE build/GEDE01/src/game/game_fn_801A6C58.o
[529/891] EXTERNALIZE build/GEDE01/src/game/game_fn_801A4CE0.o
[530/891] NAME JUMPTABLE build/GEDE01/src/game/game_fn_801A6ADC.o
[531/891] EXTERNALIZE build/GEDE01/src/game/game_fn_801A6410.o
[532/891] EXTERNALIZE build/GEDE01/src/game/game_fn_801A5FB0.o
[533/891] EXTERNALIZE build/GEDE01/src/game/game_fn_801A1F18.o
[534/891] EXTERNALIZE build/GEDE01/src/game/game_fn_8019E5E4.o
[535/891] EXTERNALIZE build/GEDE01/src/game/game_fn_8019E8C8.o
[536/891] EXTERNALIZE build/GEDE01/src/game/game_fn_8019CFC4.o
[537/891] EXTERNALIZE build/GEDE01/src/game/game_fn_8019CC28.o
[538/891] EXTERNALIZE build/GEDE01/src/game/game_fn_801991E0.o
[539/891] EXTERNALIZE build/GEDE01/src/game/game_fn_80198BF4.o
[540/891] EXTERNALIZE build/GEDE01/src/game/game_fn_80198AAC.o
[541/891] EXTERNALIZE build/GEDE01/src/game/game_fn_80198154.o
[542/891] EXTERNALIZE build/GEDE01/src/game/game_fn_80194F80.o
[543/891] EXTERNALIZE build/GEDE01/src/game/game_fn_80197910.o
[544/891] EXTERNALIZE build/GEDE01/src/game/game_fn_80177434.o
repointed 2 relocations to lbl_80250588
[545/891] EXTERNALIZE build/GEDE01/src/game/game_fn_80193E1C.o
[546/891] EXTERNALIZE build/GEDE01/src/game/game_fn_801931C4.o
[547/891] EXTERNALIZE build/GEDE01/src/game/game_fn_80193F3C.o
[548/891] EXTERNALIZE build/GEDE01/src/game/game_fn_80192F54.o
[549/891] EXTERNALIZE build/GEDE01/src/game/game_fn_80191F58.o
[550/891] EXTERNALIZE build/GEDE01/src/game/game_fn_8019197C.o
[551/891] EXTERNALIZE build/GEDE01/src/game/game_fn_80191360.o
[552/891] GLOBALIZE build/GEDE01/src/game/game_fn_8018F1D0.o
[553/891] EXTERNALIZE build/GEDE01/src/game/game_fn_8018D688.o
[554/891] EXTERNALIZE build/GEDE01/src/game/game_fn_8018F81C.o
[555/891] EXTERNALIZE build/GEDE01/src/game/game_fn_8018D2E0.o
[556/891] EXTERNALIZE build/GEDE01/src/game/game_fn_80189968.o
[557/891] EXTERNALIZE build/GEDE01/src/game/game_fn_80189760.o
[558/891] EXTERNALIZE build/GEDE01/src/game/game_fn_8018D1F0.o
[559/891] EXTERNALIZE build/GEDE01/src/game/game_fn_801895E8.o
[560/891] EXTERNALIZE build/GEDE01/src/game/game_fn_801896A0.o
[561/891] EXTERNALIZE build/GEDE01/src/game/game_fn_801891D8.o
[562/891] EXTERNALIZE build/GEDE01/src/game/game_fn_80189390.o
[563/891] EXTERNALIZE build/GEDE01/src/game/game_fn_80188E28.o
[564/891] EXTERNALIZE build/GEDE01/src/game/game_fn_80189028.o
[565/891] EXTERNALIZE build/GEDE01/src/game/game_fn_80188C1C.o
[566/891] EXTERNALIZE build/GEDE01/src/game/game_fn_80188B44.o
[567/891] EXTERNALIZE build/GEDE01/src/game/game_fn_80188A7C.o
[568/891] EXTERNALIZE build/GEDE01/src/game/game_fn_801878E0.o
[569/891] EXTERNALIZE build/GEDE01/src/game/game_fn_80187120.o
[570/891] EXTERNALIZE build/GEDE01/src/game/game_fn_8018FEDC.o
[571/891] EXTERNALIZE build/GEDE01/src/game/game_fn_80186E10.o
[572/891] EXTERNALIZE build/GEDE01/src/game/game_fn_801865EC.o
[573/891] EXTERNALIZE build/GEDE01/src/game/game_fn_80185AE8.o
[574/891] EXTERNALIZE build/GEDE01/src/game/game_fn_801859FC.o
[575/891] EXTERNALIZE build/GEDE01/src/game/game_fn_80180DDC.o
[576/891] EXTERNALIZE build/GEDE01/src/game/game_fn_8017E958.o
[577/891] EXTERNALIZE build/GEDE01/src/game/game_fn_8017E850.o
[578/891] EXTERNALIZE build/GEDE01/src/game/game_fn_8017718C.o
[579/891] EXTERNALIZE build/GEDE01/src/game/game_fn_801770F8.o
[580/891] EXTERNALIZE build/GEDE01/src/game/game_fn_80176DF4.o
[581/891] EXTERNALIZE build/GEDE01/src/game/game_fn_80176FA0.o
[582/891] EXTERNALIZE build/GEDE01/src/game/game_fn_80174358.o
[583/891] EXTERNALIZE build/GEDE01/src/game/game_fn_80173F04.o
[584/891] EXTERNALIZE build/GEDE01/src/game/game_fn_80174184.o
[585/891] EXTERNALIZE build/GEDE01/src/game/game_fn_8017553C.o
[586/891] EXTERNALIZE build/GEDE01/src/game/game_fn_80173D44.o
[587/891] EXTERNALIZE build/GEDE01/src/game/game_fn_80173770.o
[588/891] EXTERNALIZE build/GEDE01/src/game/game_fn_80173270.o
[589/891] EXTERNALIZE build/GEDE01/src/game/game_fn_801734B4.o
[590/891] EXTERNALIZE build/GEDE01/src/game/game_fn_80172C78.o
[591/891] EXTERNALIZE build/GEDE01/src/game/game_fn_80172DB8.o
[592/891] EXTERNALIZE build/GEDE01/src/game/game_fn_801726EC.o
[593/891] EXTERNALIZE build/GEDE01/src/game/game_fn_80172BB0.o
[594/891] EXTERNALIZE build/GEDE01/src/game/game_fn_80171F30.o
[595/891] EXTERNALIZE build/GEDE01/src/game/game_fn_8017250C.o
[596/891] EXTERNALIZE build/GEDE01/src/game/game_fn_801718F4.o
[597/891] EXTERNALIZE build/GEDE01/src/game/game_fn_801719B4.o
[598/891] EXTERNALIZE build/GEDE01/src/game/game_fn_80171664.o
[599/891] EXTERNALIZE build/GEDE01/src/game/game_fn_8017138C.o
[600/891] EXTERNALIZE build/GEDE01/src/game/game_fn_80170A40.o
[601/891] EXTERNALIZE build/GEDE01/src/game/game_fn_801706DC.o
[602/891] NORMALIZE build/GEDE01/src/game/game_TRKNubWelcome.o
[603/891] NORMALIZE build/GEDE01/src/game/game_TRK_main.o
[604/891] NORMALIZE build/GEDE01/src/game/game_data_80239E10.o
[605/891] NORMALIZE build/GEDE01/src/game/game_data_80239E18.o
[606/891] EXTERNALIZE build/GEDE01/src/game/game_fn_8017652C.o
[607/891] EXTERNALIZE build/GEDE01/src/game/game_fn_80170E9C.o
[608/891] EXTERNALIZE build/GEDE01/src/game/game_fn_80175F0C.o
[609/891] EXTERNALIZE build/GEDE01/src/game/game_fn_80175E64.o
[610/891] EXTERNALIZE build/GEDE01/src/game/game_fn_80176098.o
[611/891] EXTERNALIZE build/GEDE01/src/game/game_fn_80175FD4.o
[612/891] EXTERNALIZE build/GEDE01/src/game/game_fn_80176160.o
[613/891] EXTERNALIZE build/GEDE01/src/game/game_fn_80176220.o
[614/891] EXTERNALIZE build/GEDE01/src/game/game_fn_80170DF4.o
[615/891] EXTERNALIZE build/GEDE01/src/game/game_fn_801762E8.o
[616/891] EXTERNALIZE build/GEDE01/src/game/game_fn_8016E8F8.o
[617/891] EXTERNALIZE build/GEDE01/src/game/game_fn_8016FEF8.o
[618/891] EXTERNALIZE build/GEDE01/src/game/game_fn_801704F8.o
[619/891] EXTERNALIZE build/GEDE01/src/game/game_fn_8016D2B8.o
[620/891] NORMALIZE build/GEDE01/src/game/game_fn_8016DF4C.o
[621/891] EXTERNALIZE build/GEDE01/src/game/game_fn_8016D1F8.o
[622/891] EXTERNALIZE build/GEDE01/src/game/game_fn_8016D040.o
[623/891] EXTERNALIZE build/GEDE01/src/game/game_fn_8016C4BC.o
[624/891] EXTERNALIZE build/GEDE01/src/game/game_fn_8016C774.o
[625/891] EXTERNALIZE build/GEDE01/src/game/game_fn_8016C238.o
[626/891] EXTERNALIZE build/GEDE01/src/game/game_fn_8016C164.o
[627/891] EXTERNALIZE build/GEDE01/src/game/game_fn_8016C0BC.o
[628/891] EXTERNALIZE build/GEDE01/src/game/game_fn_8017038C.o
[629/891] EXTERNALIZE build/GEDE01/src/game/game_fn_8016BE1C.o
[630/891] EXTERNALIZE build/GEDE01/src/game/game_fn_8016BF60.o
[631/891] EXTERNALIZE build/GEDE01/src/game/game_fn_8016BD0C.o
[632/891] EXTERNALIZE build/GEDE01/src/game/game_fn_80169650.o
[633/891] EXTERNALIZE build/GEDE01/src/game/game_fn_80167B5C.o
[634/891] EXTERNALIZE build/GEDE01/src/game/game_fn_8015EDC0.o
[635/891] EXTERNALIZE build/GEDE01/src/game/game_fn_8015DC54.o
[636/891] EXTERNALIZE build/GEDE01/src/game/game_fn_8015DB84.o
[637/891] EXTERNALIZE build/GEDE01/src/game/game_fn_80179398.o
[638/891] EXTERNALIZE build/GEDE01/src/game/game_fn_80158B20.o
[639/891] EXTERNALIZE build/GEDE01/src/game/game_fn_8017960C.o
[640/891] EXTERNALIZE build/GEDE01/src/game/game_fn_8017974C.o
[641/891] EXTERNALIZE build/GEDE01/src/game/game_fn_8017A9B8.o
[642/891] EXTERNALIZE build/GEDE01/src/game/game_fn_80179904.o
[643/891] EXTERNALIZE build/GEDE01/src/game/game_fn_80179A18.o
[644/891] EXTERNALIZE build/GEDE01/src/game/game_fn_80179A74.o
[645/891] EXTERNALIZE build/GEDE01/src/game/game_fn_80179EB8.o
[646/891] EXTERNALIZE build/GEDE01/src/game/game_fn_80179F20.o
[647/891] EXTERNALIZE build/GEDE01/src/game/game_fn_8017A010.o
[648/891] EXTERNALIZE build/GEDE01/src/game/game_fn_8017A12C.o
[649/891] EXTERNALIZE build/GEDE01/src/game/game_fn_80157C0C.o
[650/891] EXTERNALIZE build/GEDE01/src/game/game_fn_8017A1C0.o
[651/891] EXTERNALIZE build/GEDE01/src/game/game_fn_80155814.o
[652/891] EXTERNALIZE build/GEDE01/src/game/game_fn_8014B494.o
[653/891] EXTERNALIZE build/GEDE01/src/game/game_fn_80153898.o
[654/891] EXTERNALIZE build/GEDE01/src/game/game_fn_8014AF38.o
[655/891] EXTERNALIZE build/GEDE01/src/game/game_fn_8012DB28.o
[656/891] EXTERNALIZE build/GEDE01/src/game/game_fn_801141B8.o
[657/891] EXTERNALIZE build/GEDE01/src/game/game_fn_801128E4.o
[658/891] EXTERNALIZE build/GEDE01/src/game/game_fn_801126E0.o
[659/891] EXTERNALIZE build/GEDE01/src/game/game_fn_8010F184.o
[660/891] EXTERNALIZE build/GEDE01/src/game/game_fn_800E4980.o
[661/891] EXTERNALIZE build/GEDE01/src/game/game_fn_800C17EC.o
[662/891] EXTERNALIZE build/GEDE01/src/game/game_fn_800C030C.o
[663/891] EXTERNALIZE build/GEDE01/src/game/game_fn_800C59F0.o
[664/891] EXTERNALIZE build/GEDE01/src/game/game_fn_800C644C.o
[665/891] EXTERNALIZE build/GEDE01/src/game/game_fn_800C65FC.o
[666/891] EXTERNALIZE build/GEDE01/src/game/game_fn_800CB760.o
[667/891] EXTERNALIZE build/GEDE01/src/game/game_fn_800CB8F4.o
[668/891] EXTERNALIZE build/GEDE01/src/game/game_fn_80079908.o
[669/891] EXTERNALIZE build/GEDE01/src/game/game_fn_80078500.o
[670/891] EXTERNALIZE build/GEDE01/src/game/game_fn_8007B2F4.o
[671/891] EXTERNALIZE build/GEDE01/src/game/game_fn_8007B540.o
[672/891] EXTERNALIZE build/GEDE01/src/game/game_fn_8007B640.o
[673/891] EXTERNALIZE build/GEDE01/src/game/game_fn_800886D8.o
[674/891] EXTERNALIZE build/GEDE01/src/game/game_fn_8007BA3C.o
[675/891] EXTERNALIZE build/GEDE01/src/game/game_fn_800934A0.o
[676/891] EXTERNALIZE build/GEDE01/src/game/game_fn_800A3894.o
[677/891] EXTERNALIZE build/GEDE01/src/game/game_fn_800A7E88.o
[678/891] EXTERNALIZE build/GEDE01/src/game/game_fn_800A4798.o
[679/891] GLOBALIZE build/GEDE01/src/game/game_fn_800A2130.o
[680/891] EXTERNALIZE build/GEDE01/src/game/game_fn_800A2FCC.o
[681/891] EXTERNALIZE build/GEDE01/src/game/game_fn_8009C424.o
[682/891] EXTERNALIZE build/GEDE01/src/game/game_fn_80096830.o
[683/891] GLOBALIZE build/GEDE01/src/game/game_fn_8008F890.o
[684/891] EXTERNALIZE SWITCHES build/GEDE01/src/game/game_fn_80095FDC.o
[685/891] EXTERNALIZE build/GEDE01/src/game/game_fn_800A4428.o
[686/891] EXTERNALIZE build/GEDE01/src/game/game_fn_80074310.o
[687/891] GLOBALIZE build/GEDE01/src/game/game_fn_8005FD84.o
[688/891] EXTERNALIZE build/GEDE01/src/game/game_fn_8005EC6C.o
[689/891] EXTERNALIZE build/GEDE01/src/game/game_fn_80066888.o
[690/891] EXTERNALIZE build/GEDE01/src/game/game_fn_80048B24.o
[691/891] EXTERNALIZE build/GEDE01/src/game/game_fn_80052310.o
[692/891] NAME SWITCH build/GEDE01/src/game/game_fn_80020E94.o
[693/891] NAME SWITCH build/GEDE01/src/game/game_fn_8005EE9C.o
[694/891] NAME SWITCH build/GEDE01/src/game/game_fn_8016D9C0.o
[695/891] NAME SWITCH build/GEDE01/src/game/game_fn_80071A58.o
[696/891] EXTERNALIZE build/GEDE01/src/game/game_fn_80048ADC.o
[697/891] NAME SWITCH build/GEDE01/src/game/game_fn_8006B620.o
[698/891] NAME SWITCH build/GEDE01/src/game/game_fn_8001FE1C.o
[699/891] NAME SWITCH build/GEDE01/src/game/game_fn_8001E644.o
[700/891] EXTERNALIZE build/GEDE01/src/game/game_fn_80038878.o
[701/891] EXTERNALIZE build/GEDE01/src/game/game_fn_801B46C8.o
build/GEDE01/src/game/game_fn_801B46C8.o: lbl_8060C020 now undefined; section 6 emptied
[702/891] EXTERNALIZE build/GEDE01/src/game/game_fn_80036C40.o
[703/891] EXTERNALIZE build/GEDE01/src/game/game_fn_800359A0.o
[704/891] EXTERNALIZE build/GEDE01/src/game/game_fn_80033038.o
[705/891] EXTERNALIZE build/GEDE01/src/game/game_fn_80033180.o
[706/891] EXTERNALIZE build/GEDE01/src/game/game_fn_80032B84.o
[707/891] EXTERNALIZE build/GEDE01/src/game/game_fn_8003232C.o
[708/891] EXTERNALIZE build/GEDE01/src/game/game_fn_8002DAE0.o
[709/891] EXTERNALIZE build/GEDE01/src/game/game_fn_8002E3F0.o
[710/891] EXTERNALIZE build/GEDE01/src/game/game_fn_8002EA68.o
[711/891] EXTERNALIZE build/GEDE01/src/game/game_fn_8002F428.o
[712/891] GLOBALIZE build/GEDE01/src/game/game_fn_8002B748.o
[713/891] NAME SWITCHES build/GEDE01/src/game/game_fn_80024F28.o
[714/891] EXTERNALIZE build/GEDE01/src/game/game_fn_800272B4.o
[715/891] EXTERNALIZE build/GEDE01/src/game/game_fn_8001CE94.o
[716/891] EXTERNALIZE build/GEDE01/src/game/game_fn_8001CD58.o
[717/891] EXTERNALIZE build/GEDE01/src/game/game_fn_8001C078.o
[718/891] EXTERNALIZE build/GEDE01/src/game/game_fn_8001B808.o
[719/891] EXTERNALIZE build/GEDE01/src/game/game_fn_8001B874.o
[720/891] EXTERNALIZE build/GEDE01/src/game/game_fn_8001B294.o
[721/891] EXTERNALIZE build/GEDE01/src/game/game_fn_8001B124.o
[722/891] EXTERNALIZE build/GEDE01/src/game/game_fn_8001ADF8.o
[723/891] EXTERNALIZE build/GEDE01/src/game/game_fn_8001AF68.o
[724/891] EXTERNALIZE build/GEDE01/src/game/game_fn_8001AAB8.o
[725/891] EXTERNALIZE build/GEDE01/src/game/game_fn_8001A6C4.o
[726/891] EXTERNALIZE build/GEDE01/src/game/game_fn_80019F98.o
[727/891] EXTERNALIZE build/GEDE01/src/game/game_fn_80019D2C.o
[728/891] EXTERNALIZE build/GEDE01/src/game/game_fn_80019C10.o
[729/891] EXTERNALIZE build/GEDE01/src/game/game_fn_800194D0.o
[730/891] EXTERNALIZE build/GEDE01/src/game/game_fn_80019940.o
[731/891] EXTERNALIZE build/GEDE01/src/game/game_fn_80019244.o
[732/891] EXTERNALIZE build/GEDE01/src/game/game_fn_80019054.o
[733/891] EXTERNALIZE build/GEDE01/src/game/game_fn_80018EF4.o
[734/891] EXTERNALIZE build/GEDE01/src/game/game_fn_80017DB0.o
[735/891] EXTERNALIZE build/GEDE01/src/game/game_fn_80017CC8.o
[736/891] EXTERNALIZE build/GEDE01/src/game/game_fn_80017C3C.o
[737/891] EXTERNALIZE build/GEDE01/src/game/game_fn_80017A3C.o
[738/891] EXTERNALIZE build/GEDE01/src/game/game_fn_80017AE4.o
[739/891] EXTERNALIZE build/GEDE01/src/game/game_fn_80017910.o
[740/891] EXTERNALIZE build/GEDE01/src/game/game_fn_800179AC.o
[741/891] EXTERNALIZE FLAGS build/GEDE01/src/game/game_fn_800119FC.o
[742/891] EXTERNALIZE build/GEDE01/src/game/game_fn_8000FFD8.o
[743/891] EXTERNALIZE build/GEDE01/src/game/game_fn_8000F4B0.o
[744/891] EXTERNALIZE build/GEDE01/src/game/game_fn_8000EFC4.o
[745/891] GLOBALIZE build/GEDE01/src/game/game_fn_800094C0.o
[746/891] EXTERNALIZE build/GEDE01/src/game/game_fn_800096E0.o
[747/891] EXTERNALIZE build/GEDE01/src/game/game_fn_800098C0.o
[748/891] EXTERNALIZE build/GEDE01/src/game/game_fn_80009AB4.o
[749/891] EXTERNALIZE build/GEDE01/src/game/game_fn_800099D8.o
[750/891] EXTERNALIZE build/GEDE01/src/game/game_fn_8000A26C.o
[751/891] EXTERNALIZE build/GEDE01/src/game/game_fn_800171C0.o
[752/891] EXTERNALIZE build/GEDE01/src/game/game_fn_8000AC88.o
[753/891] EXTERNALIZE build/GEDE01/src/game/game_fn_800176F0.o
[754/891] EXTERNALIZE build/GEDE01/src/game/game_fn_8000AFB4.o
[755/891] EXTERNALIZE build/GEDE01/src/game/game_fn_8000AEB4.o
[756/891] EXTERNALIZE build/GEDE01/src/game/game_fn_8000B36C.o
[757/891] EXTERNALIZE build/GEDE01/src/game/game_fn_8000B1B8.o
[758/891] EXTERNALIZE build/GEDE01/src/game/game_fn_8000B630.o
[759/891] EXTERNALIZE build/GEDE01/src/game/game_fn_8000B7FC.o
[760/891] EXTERNALIZE build/GEDE01/src/game/game_fn_8000B900.o
[761/891] EXTERNALIZE build/GEDE01/src/game/game_fn_8000BA0C.o
[762/891] EXTERNALIZE build/GEDE01/src/game/game_fn_8000BAA0.o
[763/891] EXTERNALIZE build/GEDE01/src/game/game_fn_8000BC40.o
[764/891] EXTERNALIZE build/GEDE01/src/game/game_fn_8000C06C.o
[765/891] EXTERNALIZE build/GEDE01/src/game/game_fn_8000C17C.o
[766/891] EXTERNALIZE build/GEDE01/src/game/game_fn_8000C400.o
[767/891] EXTERNALIZE build/GEDE01/src/game/game_fn_8000C848.o
[768/891] EXTERNALIZE build/GEDE01/src/game/game_fn_8000C91C.o
[769/891] EXTERNALIZE build/GEDE01/src/game/game_fn_8000D0BC.o
[770/891] NAME SWITCH build/GEDE01/src/game/game_fn_8000D8A4.o
[771/891] EXTERNALIZE build/GEDE01/src/game/game_fn_8000D3D4.o
[772/891] EXTERNALIZE build/GEDE01/src/game/game_fn_8000E054.o
[773/891] EXTERNALIZE build/GEDE01/src/game/game_fn_8000E96C.o
[774/891] EXTERNALIZE build/GEDE01/src/game/game_fn_8000E0AC.o
[775/891] EXTERNALIZE build/GEDE01/src/game/game_fn_8000EB14.o
[776/891] EXTERNALIZE build/GEDE01/src/game/game_fn_8000F774.o
[777/891] EXTERNALIZE build/GEDE01/src/game/game_fn_8000ED44.o
[778/891] EXTERNALIZE build/GEDE01/src/game/game_fn_8000EBD4.o
[779/891] EXTERNALIZE build/GEDE01/src/game/game_fn_8000E138.o
[780/891] EXTERNALIZE build/GEDE01/src/game/game_fn_8000E1C4.o
[781/891] EXTERNALIZE build/GEDE01/src/game/game_fn_8000D590.o
[782/891] EXTERNALIZE build/GEDE01/src/game/game_fn_8000DA50.o
[783/891] EXTERNALIZE build/GEDE01/src/game/game_fn_80012DA8.o
[784/891] EXTERNALIZE build/GEDE01/src/game/game_fn_8000DAF4.o
[785/891] EXTERNALIZE build/GEDE01/src/game/game_fn_80012FD0.o
[786/891] EXTERNALIZE build/GEDE01/src/game/game_fn_80012F40.o
[787/891] EXTERNALIZE build/GEDE01/src/game/game_fn_80013340.o
[788/891] EXTERNALIZE build/GEDE01/src/game/game_fn_800131E8.o
[789/891] EXTERNALIZE build/GEDE01/src/game/game_fn_80013870.o
[790/891] EXTERNALIZE build/GEDE01/src/game/game_fn_80013CB0.o
[791/891] EXTERNALIZE build/GEDE01/src/game/game_fn_80013D54.o
[792/891] EXTERNALIZE build/GEDE01/src/game/game_fn_800142DC.o
[793/891] EXTERNALIZE build/GEDE01/src/game/game_fn_80014784.o
[794/891] EXTERNALIZE build/GEDE01/src/game/game_fn_800144CC.o
[795/891] EXTERNALIZE build/GEDE01/src/game/game_fn_800149D4.o
[796/891] EXTERNALIZE build/GEDE01/src/game/game_fn_80015058.o
[797/891] EXTERNALIZE build/GEDE01/src/game/game_fn_80015320.o
[798/891] EXTERNALIZE build/GEDE01/src/game/game_fn_80015568.o
[799/891] EXTERNALIZE build/GEDE01/src/game/game_fn_800156FC.o
[800/891] EXTERNALIZE build/GEDE01/src/game/game_fn_80015BE0.o
[801/891] EXTERNALIZE build/GEDE01/src/game/game_fn_80015D40.o
[802/891] EXTERNALIZE build/GEDE01/src/game/game_fn_80015F04.o
[803/891] EXTERNALIZE build/GEDE01/src/game/game_fn_80016128.o
[804/891] EXTERNALIZE build/GEDE01/src/game/game_fn_80016270.o
[805/891] EXTERNALIZE build/GEDE01/src/game/game_fn_80016904.o
[806/891] EXTERNALIZE build/GEDE01/src/game/game_fn_800173CC.o
[807/891] EXTERNALIZE build/GEDE01/src/game/game_fn_80016B24.o
[808/891] EXTERNALIZE build/GEDE01/src/game/game_fn_801B86C0.o
[809/891] EXTERNALIZE build/GEDE01/src/game/game_fn_801BEF40.o
[810/891] EXTERNALIZE STATIC POOL build/GEDE01/src/game/game_fn_801C4B5C.o
build/GEDE01/src/game/game_fn_801C4B5C.o: lbl_80628CB0 now undefined; section 6 emptied
[811/891] EXTERNALIZE build/GEDE01/src/game/game_fn_801C8600.o
[812/891] EXTERNALIZE build/GEDE01/src/game/game_fn_800B2EC0.o
[813/891] EXTERNALIZE build/GEDE01/src/game/game_fn_8001CA04.o
[814/891] EXTERNALIZE build/GEDE01/src/game/game_fn_80031544.o
[815/891] EXTERNALIZE build/GEDE01/src/game/game_fn_8006B0F0.o
[816/891] EXTERNALIZE build/GEDE01/src/game/game_fn_8007D4D8.o
[817/891] EXTERNALIZE build/GEDE01/src/game/game_fn_8007F770.o
[818/891] EXTERNALIZE build/GEDE01/src/game/game_fn_80088F4C.o
[819/891] EXTERNALIZE build/GEDE01/src/game/game_fn_8008A2E0.o
[820/891] EXTERNALIZE build/GEDE01/src/game/game_fn_80090004.o
[821/891] EXTERNALIZE build/GEDE01/src/game/game_fn_80095D10.o
[822/891] EXTERNALIZE build/GEDE01/src/game/game_fn_800A3180.o
[823/891] EXTERNALIZE build/GEDE01/src/game/game_fn_800BB7A8.o
[824/891] EXTERNALIZE build/GEDE01/src/game/game_fn_800BB5C4.o
[825/891] EXTERNALIZE build/GEDE01/src/game/game_fn_800BB9A4.o
[826/891] EXTERNALIZE build/GEDE01/src/game/game_fn_800BBAF0.o
[827/891] EXTERNALIZE build/GEDE01/src/game/game_fn_800D9064.o
[828/891] EXTERNALIZE build/GEDE01/src/game/game_fn_800D9E10.o
[829/891] EXTERNALIZE build/GEDE01/src/game/game_fn_8012976C.o
[830/891] EXTERNALIZE build/GEDE01/src/game/game_fn_8013DB8C.o
[831/891] EXTERNALIZE build/GEDE01/src/game/game_fn_8013CBE4.o
[832/891] EXTERNALIZE build/GEDE01/src/game/game_fn_8014CA98.o
[833/891] EXTERNALIZE build/GEDE01/src/game/game_fn_80153A24.o
[834/891] EXTERNALIZE build/GEDE01/src/game/game_fn_801535D8.o
[835/891] EXTERNALIZE build/GEDE01/src/game/game_fn_80174F2C.o
[836/891] EXTERNALIZE build/GEDE01/src/game/game_fn_8017AC20.o
[837/891] EXTERNALIZE build/GEDE01/src/game/game_fn_8018680C.o
[838/891] EXTERNALIZE build/GEDE01/src/game/game_fn_80186F70.o
[839/891] EXTERNALIZE build/GEDE01/src/game/game_fn_80187320.o
[840/891] EXTERNALIZE build/GEDE01/src/game/game_fn_801810A0.o
[841/891] EXTERNALIZE build/GEDE01/src/game/game_fn_801875FC.o
[842/891] EXTERNALIZE build/GEDE01/src/game/game_fn_800542D0.o
[843/891] EXTERNALIZE build/GEDE01/src/game/game_fn_80189C14.o
[844/891] EXTERNALIZE build/GEDE01/src/game/game_fn_80187BB4.o
[845/891] EXTERNALIZE build/GEDE01/src/game/game_fn_8018C2D0.o
[846/891] EXTERNALIZE build/GEDE01/src/game/game_fn_8018D400.o
[847/891] EXTERNALIZE build/GEDE01/src/game/game_fn_8018E0D8.o
[848/891] EXTERNALIZE build/GEDE01/src/game/game_fn_8019120C.o
[849/891] EXTERNALIZE build/GEDE01/src/game/game_fn_8018DC24.o
[850/891] EXTERNALIZE build/GEDE01/src/game/game_fn_801916D0.o
[851/891] EXTERNALIZE build/GEDE01/src/game/game_fn_801926EC.o
[852/891] EXTERNALIZE build/GEDE01/src/game/game_fn_801929A4.o
[853/891] EXTERNALIZE build/GEDE01/src/game/game_fn_801A2A54.o
[854/891] EXTERNALIZE build/GEDE01/src/game/game_fn_801A34BC.o
[855/891] EXTERNALIZE build/GEDE01/src/game/game_fn_801A657C.o
[856/891] EXTERNALIZE build/GEDE01/src/game/game_fn_801D1F78.o
[857/891] EXTERNALIZE build/GEDE01/src/game/game_fn_801E2A48.o
[858/891] EXTERNALIZE build/GEDE01/src/game/game_fn_801E6814.o
[859/891] EXTERNALIZE build/GEDE01/src/game/game_fn_801E995C.o
[860/891] EXTERNALIZE build/GEDE01/src/game/game_fn_801F10BC.o
[861/891] EXTERNALIZE build/GEDE01/src/game/game_fn_801EF580.o
[862/891] EXTERNALIZE build/GEDE01/src/game/game_fn_801F35A8.o
[863/891] EXTERNALIZE build/GEDE01/src/game/game_fn_801ECD74.o
[864/891] EXTERNALIZE build/GEDE01/src/game/game_fn_801ED5F4.o
[865/891] EXTERNALIZE build/GEDE01/src/game/game_fn_801F69F0.o
[866/891] EXTERNALIZE build/GEDE01/src/game/game_fn_801F76EC.o
[867/891] EXTERNALIZE build/GEDE01/src/game/game_fn_801F8264.o
[868/891] EXTERNALIZE build/GEDE01/src/game/game_fn_801F89B4.o
[869/891] EXTERNALIZE build/GEDE01/src/game/game_fn_801F9AF8.o
[870/891] EXTERNALIZE build/GEDE01/src/game/game_fn_801F6BD8.o
[871/891] EXTERNALIZE build/GEDE01/src/game/game_fn_801FB6A4.o
[872/891] EXTERNALIZE JUMPTABLES build/GEDE01/src/game/game_fn_800361F8.o
[873/891] EXTERNALIZE JUMPTABLES build/GEDE01/src/game/game_fn_8006E53C.o
[874/891] EXTERNALIZE JUMPTABLES build/GEDE01/src/game/game_fn_800CF598.o
[875/891] EXTERNALIZE JUMPTABLES build/GEDE01/src/game/game_fn_801ACFE8.o
[876/891] EXTERNALIZE build/GEDE01/src/game/game_fn_80154F74.o
[877/891] EXTERNALIZE JUMPTABLES build/GEDE01/src/game/game_fn_801B1BA0.o
[878/891] EXTERNALIZE build/GEDE01/src/game/game_fn_8009E808.o
[879/891] EXTERNALIZE build/GEDE01/src/game/game_fn_801F1A38.o
[880/891] EXTERNALIZE build/GEDE01/src/game/game_fn_801F55A0.o
[881/891] EXTERNALIZE build/GEDE01/src/game/game_fn_801FFE78.o
[882/891] EXTERNALIZE build/GEDE01/src/game/game_fn_801F7510.o
[883/891] EXTERNALIZE build/GEDE01/src/game/game_fn_801F9CF4.o
[884/891] EXTERNALIZE build/GEDE01/src/game/game_fn_801FC034.o
[885/891] EXTERNALIZE build/GEDE01/src/game/game_fn_801FA9C8.o
[886/891] REPORT
 INFO Loading project .
 INFO Generating report for 7068 units (using 8 threads)
 INFO Report generated in 0.185s
 INFO Writing to build/GEDE01/report.json
[887/891] LINK build/GEDE01/main.elf
### mwldeppc.exe Linker Warning:
#   Section '.ignored' is unknown. Section ignored.
### mwldeppc.exe Linker Warning:
#   Section '.ignored' is unknown. Section ignored.
### mwldeppc.exe Linker Warning:
#   Section '.ignored' is unknown. Section ignored.
### mwldeppc.exe Linker Warning:
#   Section '.ignored' is unknown. Section ignored.
### mwldeppc.exe Linker Warning:
#   Section '.ignored' is unknown. Section ignored.
### mwldeppc.exe Linker Warning:
#   Section '.ignored' is unknown. Section ignored.
### mwldeppc.exe Linker Warning:
#   Section '.ignored' is unknown. Section ignored.
### mwldeppc.exe Linker Warning:
#   Section '.ignored' is unknown. Section ignored.
### mwldeppc.exe Linker Warning:
#   Section '.ignored' is unknown. Section ignored.
### mwldeppc.exe Linker Warning:
#   Section '.ignored' is unknown. Section ignored.
### mwldeppc.exe Linker Warning:
#   Section '.ignored' is unknown. Section ignored.
### mwldeppc.exe Linker Warning:
#   Section '.ignored' is unknown. Section ignored.
### mwldeppc.exe Linker Warning:
#   Section '.ignored' is unknown. Section ignored.
### mwldeppc.exe Linker Warning:
#   Section '.ignored' is unknown. Section ignored.
### mwldeppc.exe Linker Warning:
#   Section '.ignored' is unknown. Section ignored.
### mwldeppc.exe Linker Warning:
#   Section '.ignored' is unknown. Section ignored.
### mwldeppc.exe Linker Warning:
#   Section '.ignored' is unknown. Section ignored.
### mwldeppc.exe Linker Warning:
#   Section '.ignored' is unknown. Section ignored.
### mwldeppc.exe Linker Warning:
#   Section '.ignored' is unknown. Section ignored.
### mwldeppc.exe Linker Warning:
#   Section '.ignored' is unknown. Section ignored.
### mwldeppc.exe Linker Warning:
#   Section '.ignored' is unknown. Section ignored.
### mwldeppc.exe Linker Warning:
#   Section '.ignored' is unknown. Section ignored.
### mwldeppc.exe Linker Warning:
#   Section '.ignored' is unknown. Section ignored.
### mwldeppc.exe Linker Warning:
#   Section '.ignored' is unknown. Section ignored.
### mwldeppc.exe Linker Warning:
#   Section '.ignored' is unknown. Section ignored.
### mwldeppc.exe Linker Warning:
#   Section '.ignored' is unknown. Section ignored.
### mwldeppc.exe Linker Warning:
#   Section '.ignored' is unknown. Section ignored.
### mwldeppc.exe Linker Warning:
#   Section '.ignored' is unknown. Section ignored.
### mwldeppc.exe Linker Warning:
#   Section '.ignored' is unknown. Section ignored.
### mwldeppc.exe Linker Warning:
#   Section '.ignored' is unknown. Section ignored.
### mwldeppc.exe Linker Warning:
#   Section '.ignored' is unknown. Section ignored.
### mwldeppc.exe Linker Warning:
#   Section '.ignored' is unknown. Section ignored.
### mwldeppc.exe Linker Warning:
#   Section '.ignored' is unknown. Section ignored.
### mwldeppc.exe Linker Warning:
#   Section '.ignored' is unknown. Section ignored.
### mwldeppc.exe Linker Warning:
#   Section '.ignored' is unknown. Section ignored.
### mwldeppc.exe Linker Warning:
#   Section '.ignored' is unknown. Section ignored.
### mwldeppc.exe Linker Warning:
#   Section '.ignored' is unknown. Section ignored.
### mwldeppc.exe Linker Warning:
#   Section '.ignored' is unknown. Section ignored.
### mwldeppc.exe Linker Warning:
#   Section '.ignored' is unknown. Section ignored.
### mwldeppc.exe Linker Warning:
#   Section '.ignored' is unknown. Section ignored.
### mwldeppc.exe Linker Warning:
#   Section '.ignored' is unknown. Section ignored.
### mwldeppc.exe Linker Warning:
#   Section '.ignored' is unknown. Section ignored.
### mwldeppc.exe Linker Warning:
#   Section '.ignored' is unknown. Section ignored.
### mwldeppc.exe Linker Warning:
#   Section '.ignored' is unknown. Section ignored.
### mwldeppc.exe Linker Warning:
#   Section '.ignored' is unknown. Section ignored.
### mwldeppc.exe Linker Warning:
#   Section '.ignored' is unknown. Section ignored.
### mwldeppc.exe Linker Warning:
#   Section '.ignored' is unknown. Section ignored.
### mwldeppc.exe Linker Warning:
#   Section '.ignored' is unknown. Section ignored.
### mwldeppc.exe Linker Warning:
#   Section '.ignored' is unknown. Section ignored.
### mwldeppc.exe Linker Warning:
#   Section '.ignored' is unknown. Section ignored.
### mwldeppc.exe Linker Warning:
#   Section '.ignored' is unknown. Section ignored.
### mwldeppc.exe Linker Warning:
#   Section '.ignored' is unknown. Section ignored.
### mwldeppc.exe Linker Warning:
#   Section '.ignored' is unknown. Section ignored.
### mwldeppc.exe Linker Warning:
#   Section '.ignored' is unknown. Section ignored.
### mwldeppc.exe Linker Warning:
#   Section '.ignored' is unknown. Section ignored.
### mwldeppc.exe Linker Warning:
#   Section '.ignored' is unknown. Section ignored.
### mwldeppc.exe Linker Warning:
#   Section '.ignored' is unknown. Section ignored.
### mwldeppc.exe Linker Warning:
#   Section '.ignored' is unknown. Section ignored.
### mwldeppc.exe Linker Warning:
#   Section '.ignored' is unknown. Section ignored.
### mwldeppc.exe Linker Warning:
#   Section '.ignored' is unknown. Section ignored.
### mwldeppc.exe Linker Warning:
#   Section '.ignored' is unknown. Section ignored.
### mwldeppc.exe Linker Warning:
#   Section '.ignored' is unknown. Section ignored.
### mwldeppc.exe Linker Warning:
#   Section '.ignored' is unknown. Section ignored.
### mwldeppc.exe Linker Warning:
#   Section '.ignored' is unknown. Section ignored.
### mwldeppc.exe Linker Warning:
#   Section '.ignored' is unknown. Section ignored.
### mwldeppc.exe Linker Warning:
#   Section '.ignored' is unknown. Section ignored.
### mwldeppc.exe Linker Warning:
#   Section '.ignored' is unknown. Section ignored.
### mwldeppc.exe Linker Warning:
#   Section '.ignored' is unknown. Section ignored.
### mwldeppc.exe Linker Warning:
#   Section '.ignored' is unknown. Section ignored.
### mwldeppc.exe Linker Warning:
#   Section '.ignored' is unknown. Section ignored.
### mwldeppc.exe Linker Warning:
#   Section '.ignored' is unknown. Section ignored.
### mwldeppc.exe Linker Warning:
#   Section '.ignored' is unknown. Section ignored.
### mwldeppc.exe Linker Warning:
#   Section '.ignored' is unknown. Section ignored.
### mwldeppc.exe Linker Warning:
#   Section '.ignored' is unknown. Section ignored.
### mwldeppc.exe Linker Warning:
#   Section '.ignored' is unknown. Section ignored.
### mwldeppc.exe Linker Warning:
#   Section '.ignored' is unknown. Section ignored.
### mwldeppc.exe Linker Warning:
#   Section '.ignored' is unknown. Section ignored.
### mwldeppc.exe Linker Warning:
#   Section '.ignored' is unknown. Section ignored.
### mwldeppc.exe Linker Warning:
#   Section '.ignored' is unknown. Section ignored.
### mwldeppc.exe Linker Warning:
#   Section '.ignored' is unknown. Section ignored.
### mwldeppc.exe Linker Warning:
#   Section '.ignored' is unknown. Section ignored.
### mwldeppc.exe Linker Warning:
#   Section '.ignored' is unknown. Section ignored.
### mwldeppc.exe Linker Warning:
#   Section '.ignored' is unknown. Section ignored.
### mwldeppc.exe Linker Warning:
#   Section '.ignored' is unknown. Section ignored.
### mwldeppc.exe Linker Warning:
#   Section '.ignored' is unknown. Section ignored.
### mwldeppc.exe Linker Warning:
#   Section '.ignored' is unknown. Section ignored.
### mwldeppc.exe Linker Warning:
#   Section '.ignored' is unknown. Section ignored.
### mwldeppc.exe Linker Warning:
#   Section '.ignored' is unknown. Section ignored.
### mwldeppc.exe Linker Warning:
#   Section '.ignored' is unknown. Section ignored.
### mwldeppc.exe Linker Warning:
#   Section '.ignored' is unknown. Section ignored.
### mwldeppc.exe Linker Warning:
#   Section '.ignored' is unknown. Section ignored.
### mwldeppc.exe Linker Warning:
#   Section '.ignored' is unknown. Section ignored.
### mwldeppc.exe Linker Warning:
#   Section '.ignored' is unknown. Section ignored.
### mwldeppc.exe Linker Warning:
#   Section '.ignored' is unknown. Section ignored.
### mwldeppc.exe Linker Warning:
#   Section '.ignored' is unknown. Section ignored.
### mwldeppc.exe Linker Warning:
#   Section '.ignored' is unknown. Section ignored.
### mwldeppc.exe Linker Warning:
#   Section '.ignored' is unknown. Section ignored.
### mwldeppc.exe Linker Warning:
#   Section '.ignored' is unknown. Section ignored.
### mwldeppc.exe Linker Warning:
#   Section '.ignored' is unknown. Section ignored.
### mwldeppc.exe Linker Warning:
#   Section '.ignored' is unknown. Section ignored.
### mwldeppc.exe Linker Warning:
#   Section '.ignored' is unknown. Section ignored.
### mwldeppc.exe Linker Warning:
#   Section '.ignored' is unknown. Section ignored.
### mwldeppc.exe Linker Warning:
#   Section '.ignored' is unknown. Section ignored.
### mwldeppc.exe Linker Warning:
#   Section '.ignored' is unknown. Section ignored.
### mwldeppc.exe Linker Warning:
#   Section '.ignored' is unknown. Section ignored.
### mwldeppc.exe Linker Warning:
#   Section '.ignored' is unknown. Section ignored.
### mwldeppc.exe Linker Warning:
#   Section '.ignored' is unknown. Section ignored.
### mwldeppc.exe Linker Warning:
#   Section '.ignored' is unknown. Section ignored.
### mwldeppc.exe Linker Warning:
#   Section '.ignored' is unknown. Section ignored.
### mwldeppc.exe Linker Warning:
#   Section '.ignored' is unknown. Section ignored.
### mwldeppc.exe Linker Warning:
#   Section '.ignored' is unknown. Section ignored.
### mwldeppc.exe Linker Warning:
#   Section '.ignored' is unknown. Section ignored.
### mwldeppc.exe Linker Warning:
#   Section '.ignored' is unknown. Section ignored.
### mwldeppc.exe Linker Warning:
#   Section '.ignored' is unknown. Section ignored.
### mwldeppc.exe Linker Warning:
#   Section '.ignored' is unknown. Section ignored.
### mwldeppc.exe Linker Warning:
#   Section '.ignored' is unknown. Section ignored.
### mwldeppc.exe Linker Warning:
#   Section '.ignored' is unknown. Section ignored.
### mwldeppc.exe Linker Warning:
#   Section '.ignored' is unknown. Section ignored.
### mwldeppc.exe Linker Warning:
#   Section '.ignored' is unknown. Section ignored.
### mwldeppc.exe Linker Warning:
#   Section '.ignored' is unknown. Section ignored.
### mwldeppc.exe Linker Warning:
#   Section '.ignored' is unknown. Section ignored.
### mwldeppc.exe Linker Warning:
#   Section '.ignored' is unknown. Section ignored.
### mwldeppc.exe Linker Warning:
#   Section '.ignored' is unknown. Section ignored.
### mwldeppc.exe Linker Warning:
#   Section '.ignored' is unknown. Section ignored.
### mwldeppc.exe Linker Warning:
#   Section '.ignored' is unknown. Section ignored.
### mwldeppc.exe Linker Warning:
#   Section '.ignored' is unknown. Section ignored.
### mwldeppc.exe Linker Warning:
#   Section '.ignored' is unknown. Section ignored.
### mwldeppc.exe Linker Warning:
#   Section '.ignored' is unknown. Section ignored.
### mwldeppc.exe Linker Warning:
#   Section '.ignored' is unknown. Section ignored.
### mwldeppc.exe Linker Warning:
#   Section '.ignored' is unknown. Section ignored.
### mwldeppc.exe Linker Warning:
#   Section '.ignored' is unknown. Section ignored.
### mwldeppc.exe Linker Warning:
#   Section '.ignored' is unknown. Section ignored.
### mwldeppc.exe Linker Warning:
#   Section '.ignored' is unknown. Section ignored.
### mwldeppc.exe Linker Warning:
#   Section '.ignored' is unknown. Section ignored.
### mwldeppc.exe Linker Warning:
#   Section '.ignored' is unknown. Section ignored.
### mwldeppc.exe Linker Warning:
#   Section '.ignored' is unknown. Section ignored.
### mwldeppc.exe Linker Warning:
#   Section '.ignored' is unknown. Section ignored.
### mwldeppc.exe Linker Warning:
#   Section '.ignored' is unknown. Section ignored.
### mwldeppc.exe Linker Warning:
#   Section '.ignored' is unknown. Section ignored.
### mwldeppc.exe Linker Warning:
#   Section '.ignored' is unknown. Section ignored.
### mwldeppc.exe Linker Warning:
#   Section '.ignored' is unknown. Section ignored.
### mwldeppc.exe Linker Warning:
#   Section '.ignored' is unknown. Section ignored.
### mwldeppc.exe Linker Warning:
#   Section '.ignored' is unknown. Section ignored.
### mwldeppc.exe Linker Warning:
#   Section '.ignored' is unknown. Section ignored.
### mwldeppc.exe Linker Warning:
#   Section '.ignored' is unknown. Section ignored.
### mwldeppc.exe Linker Warning:
#   Section '.ignored' is unknown. Section ignored.
### mwldeppc.exe Linker Warning:
#   Section '.ignored' is unknown. Section ignored.
### mwldeppc.exe Linker Warning:
#   Section '.ignored' is unknown. Section ignored.
### mwldeppc.exe Linker Warning:
#   Section '.ignored' is unknown. Section ignored.
### mwldeppc.exe Linker Warning:
#   Section '.ignored' is unknown. Section ignored.
### mwldeppc.exe Linker Warning:
#   Section '.ignored' is unknown. Section ignored.
### mwldeppc.exe Linker Warning:
#   Section '.ignored' is unknown. Section ignored.
### mwldeppc.exe Linker Warning:
#   Section '.ignored' is unknown. Section ignored.
### mwldeppc.exe Linker Warning:
#   Section '.ignored' is unknown. Section ignored.
### mwldeppc.exe Linker Warning:
#   Section '.ignored' is unknown. Section ignored.
### mwldeppc.exe Linker Warning:
#   Section '.ignored' is unknown. Section ignored.
### mwldeppc.exe Linker Warning:
#   Section '.ignored' is unknown. Section ignored.
### mwldeppc.exe Linker Warning:
#   Section '.ignored' is unknown. Section ignored.
### mwldeppc.exe Linker Warning:
#   Section '.ignored' is unknown. Section ignored.
### mwldeppc.exe Linker Warning:
#   Section '.ignored' is unknown. Section ignored.
### mwldeppc.exe Linker Warning:
#   Section '.ignored' is unknown. Section ignored.
### mwldeppc.exe Linker Warning:
#   Section '.ignored' is unknown. Section ignored.
### mwldeppc.exe Linker Warning:
#   Section '.ignored' is unknown. Section ignored.
### mwldeppc.exe Linker Warning:
#   Section '.ignored' is unknown. Section ignored.
### mwldeppc.exe Linker Warning:
#   Section '.ignored' is unknown. Section ignored.
### mwldeppc.exe Linker Warning:
#   Section '.ignored' is unknown. Section ignored.
### mwldeppc.exe Linker Warning:
#   Section '.ignored' is unknown. Section ignored.
### mwldeppc.exe Linker Warning:
#   Section '.ignored' is unknown. Section ignored.
### mwldeppc.exe Linker Warning:
#   Section '.ignored' is unknown. Section ignored.
### mwldeppc.exe Linker Warning:
#   Section '.ignored' is unknown. Section ignored.
### mwldeppc.exe Linker Warning:
#   Section '.ignored' is unknown. Section ignored.
### mwldeppc.exe Linker Warning:
#   Section '.ignored' is unknown. Section ignored.
### mwldeppc.exe Linker Warning:
#   Section '.ignored' is unknown. Section ignored.
### mwldeppc.exe Linker Warning:
#   Section '.ignored' is unknown. Section ignored.
### mwldeppc.exe Linker Warning:
#   Section '.ignored' is unknown. Section ignored.
### mwldeppc.exe Linker Warning:
#   Section '.ignored' is unknown. Section ignored.
### mwldeppc.exe Linker Warning:
#   Section '.ignored' is unknown. Section ignored.
### mwldeppc.exe Linker Warning:
#   Section '.ignored' is unknown. Section ignored.
### mwldeppc.exe Linker Warning:
#   Section '.ignored' is unknown. Section ignored.
### mwldeppc.exe Linker Warning:
#   Section '.ignored' is unknown. Section ignored.
### mwldeppc.exe Linker Warning:
#   Section '.ignored' is unknown. Section ignored.
### mwldeppc.exe Linker Warning:
#   Section '.ignored' is unknown. Section ignored.
### mwldeppc.exe Linker Warning:
#   Section '.ignored' is unknown. Section ignored.
### mwldeppc.exe Linker Warning:
#   Section '.ignored' is unknown. Section ignored.
### mwldeppc.exe Linker Warning:
#   Section '.ignored' is unknown. Section ignored.
### mwldeppc.exe Linker Warning:
#   Section '.ignored' is unknown. Section ignored.
### mwldeppc.exe Linker Warning:
#   Section '.ignored' is unknown. Section ignored.
### mwldeppc.exe Linker Warning:
#   Section '.ignored' is unknown. Section ignored.
### mwldeppc.exe Linker Warning:
#   Section '.ignored' is unknown. Section ignored.
### mwldeppc.exe Linker Warning:
#   Section '.ignored' is unknown. Section ignored.
### mwldeppc.exe Linker Warning:
#   Section '.ignored' is unknown. Section ignored.
### mwldeppc.exe Linker Warning:
#   Section '.ignored' is unknown. Section ignored.
### mwldeppc.exe Linker Warning:
#   Section '.ignored' is unknown. Section ignored.
### mwldeppc.exe Linker Warning:
#   Section '.ignored' is unknown. Section ignored.
### mwldeppc.exe Linker Warning:
#   Section '.ignored' is unknown. Section ignored.
### mwldeppc.exe Linker Warning:
#   Section '.ignored' is unknown. Section ignored.
### mwldeppc.exe Linker Warning:
#   Section '.ignored' is unknown. Section ignored.
### mwldeppc.exe Linker Warning:
#   Section '.ignored' is unknown. Section ignored.
### mwldeppc.exe Linker Warning:
#   Section '.ignored' is unknown. Section ignored.
### mwldeppc.exe Linker Warning:
#   Section '.ignored' is unknown. Section ignored.
### mwldeppc.exe Linker Warning:
#   Section '.ignored' is unknown. Section ignored.
### mwldeppc.exe Linker Warning:
#   Section '.ignored' is unknown. Section ignored.
### mwldeppc.exe Linker Warning:
#   Section '.ignored' is unknown. Section ignored.
### mwldeppc.exe Linker Warning:
#   Section '.ignored' is unknown. Section ignored.
### mwldeppc.exe Linker Warning:
#   Section '.ignored' is unknown. Section ignored.
### mwldeppc.exe Linker Warning:
#   Section '.ignored' is unknown. Section ignored.
### mwldeppc.exe Linker Warning:
#   Section '.ignored' is unknown. Section ignored.
### mwldeppc.exe Linker Warning:
#   Section '.ignored' is unknown. Section ignored.
### mwldeppc.exe Linker Warning:
#   Section '.ignored' is unknown. Section ignored.
### mwldeppc.exe Linker Warning:
#   Section '.ignored' is unknown. Section ignored.
### mwldeppc.exe Linker Warning:
#   Section '.ignored' is unknown. Section ignored.
### mwldeppc.exe Linker Warning:
#   Section '.ignored' is unknown. Section ignored.
### mwldeppc.exe Linker Warning:
#   Section '.ignored' is unknown. Section ignored.
### mwldeppc.exe Linker Warning:
#   Section '.ignored' is unknown. Section ignored.
### mwldeppc.exe Linker Warning:
#   Section '.ignored' is unknown. Section ignored.
### mwldeppc.exe Linker Warning:
#   Section '.ignored' is unknown. Section ignored.
### mwldeppc.exe Linker Warning:
#   Section '.ignored' is unknown. Section ignored.
### mwldeppc.exe Linker Warning:
#   Section '.ignored' is unknown. Section ignored.
### mwldeppc.exe Linker Warning:
#   Section '.ignored' is unknown. Section ignored.
### mwldeppc.exe Linker Warning:
#   Section '.ignored' is unknown. Section ignored.
### mwldeppc.exe Linker Warning:
#   Section '.ignored' is unknown. Section ignored.
### mwldeppc.exe Linker Warning:
#   Section '.ignored' is unknown. Section ignored.
### mwldeppc.exe Linker Warning:
#   Section '.ignored' is unknown. Section ignored.
### mwldeppc.exe Linker Warning:
#   Section '.ignored' is unknown. Section ignored.
### mwldeppc.exe Linker Warning:
#   Section '.ignored' is unknown. Section ignored.
### mwldeppc.exe Linker Warning:
#   Section '.ignored' is unknown. Section ignored.
### mwldeppc.exe Linker Warning:
#   Section '.ignored' is unknown. Section ignored.
### mwldeppc.exe Linker Warning:
#   Section '.ignored' is unknown. Section ignored.
### mwldeppc.exe Linker Warning:
#   Section '.ignored' is unknown. Section ignored.
### mwldeppc.exe Linker Warning:
#   Section '.ignored' is unknown. Section ignored.
### mwldeppc.exe Linker Warning:
#   Section '.ignored' is unknown. Section ignored.
### mwldeppc.exe Linker Warning:
#   Section '.ignored' is unknown. Section ignored.
### mwldeppc.exe Linker Warning:
#   Section '.ignored' is unknown. Section ignored.
### mwldeppc.exe Linker Warning:
#   Section '.ignored' is unknown. Section ignored.
### mwldeppc.exe Linker Warning:
#   Section '.ignored' is unknown. Section ignored.
### mwldeppc.exe Linker Warning:
#   Section '.ignored' is unknown. Section ignored.
### mwldeppc.exe Linker Warning:
#   Section '.ignored' is unknown. Section ignored.
### mwldeppc.exe Linker Warning:
#   Section '.ignored' is unknown. Section ignored.
### mwldeppc.exe Linker Warning:
#   Section '.ignored' is unknown. Section ignored.
### mwldeppc.exe Linker Warning:
#   Section '.ignored' is unknown. Section ignored.
### mwldeppc.exe Linker Warning:
#   Section '.ignored' is unknown. Section ignored.
### mwldeppc.exe Linker Warning:
#   Section '.ignored' is unknown. Section ignored.
### mwldeppc.exe Linker Warning:
#   Section '.ignored' is unknown. Section ignored.
### mwldeppc.exe Linker Warning:
#   Section '.ignored' is unknown. Section ignored.
### mwldeppc.exe Linker Warning:
#   Section '.ignored' is unknown. Section ignored.
### mwldeppc.exe Linker Warning:
#   Section '.ignored' is unknown. Section ignored.
### mwldeppc.exe Linker Warning:
#   Section '.ignored' is unknown. Section ignored.
### mwldeppc.exe Linker Warning:
#   Section '.ignored' is unknown. Section ignored.
### mwldeppc.exe Linker Warning:
#   Section '.ignored' is unknown. Section ignored.
### mwldeppc.exe Linker Warning:
#   Section '.ignored' is unknown. Section ignored.
### mwldeppc.exe Linker Warning:
#   Section '.ignored' is unknown. Section ignored.
### mwldeppc.exe Linker Warning:
#   Section '.ignored' is unknown. Section ignored.
### mwldeppc.exe Linker Warning:
#   Section '.ignored' is unknown. Section ignored.
### mwldeppc.exe Linker Warning:
#   Section '.ignored' is unknown. Section ignored.
### mwldeppc.exe Linker Warning:
#   Section '.ignored' is unknown. Section ignored.
### mwldeppc.exe Linker Warning:
#   Section '.ignored' is unknown. Section ignored.
### mwldeppc.exe Linker Warning:
#   Section '.ignored' is unknown. Section ignored.
### mwldeppc.exe Linker Warning:
#   Section '.ignored' is unknown. Section ignored.
### mwldeppc.exe Linker Warning:
#   Section '.ignored' is unknown. Section ignored.
### mwldeppc.exe Linker Warning:
#   Section '.ignored' is unknown. Section ignored.
### mwldeppc.exe Linker Warning:
#   Section '.ignored' is unknown. Section ignored.
### mwldeppc.exe Linker Warning:
#   Section '.ignored' is unknown. Section ignored.
### mwldeppc.exe Linker Warning:
#   Section '.ignored' is unknown. Section ignored.
### mwldeppc.exe Linker Warning:
#   Section '.ignored' is unknown. Section ignored.
### mwldeppc.exe Linker Warning:
#   Section '.ignored' is unknown. Section ignored.
### mwldeppc.exe Linker Warning:
#   Section '.ignored' is unknown. Section ignored.
### mwldeppc.exe Linker Warning:
#   Section '.ignored' is unknown. Section ignored.
### mwldeppc.exe Linker Warning:
#   Section '.ignored' is unknown. Section ignored.
### mwldeppc.exe Linker Warning:
#   Section '.ignored' is unknown. Section ignored.
### mwldeppc.exe Linker Warning:
#   Section '.ignored' is unknown. Section ignored.
### mwldeppc.exe Linker Warning:
#   Section '.ignored' is unknown. Section ignored.
### mwldeppc.exe Linker Warning:
#   Section '.ignored' is unknown. Section ignored.
### mwldeppc.exe Linker Warning:
#   Section '.ignored' is unknown. Section ignored.
### mwldeppc.exe Linker Warning:
#   Section '.ignored' is unknown. Section ignored.
### mwldeppc.exe Linker Warning:
#   Section '.ignored' is unknown. Section ignored.
### mwldeppc.exe Linker Warning:
#   Section '.ignored' is unknown. Section ignored.
### mwldeppc.exe Linker Warning:
#   Section '.ignored' is unknown. Section ignored.
### mwldeppc.exe Linker Warning:
#   Section '.ignored' is unknown. Section ignored.
### mwldeppc.exe Linker Warning:
#   Section '.ignored' is unknown. Section ignored.
### mwldeppc.exe Linker Warning:
#   Section '.ignored' is unknown. Section ignored.
### mwldeppc.exe Linker Warning:
#   Section '.ignored' is unknown. Section ignored.
### mwldeppc.exe Linker Warning:
#   Section '.ignored' is unknown. Section ignored.
### mwldeppc.exe Linker Warning:
#   Section '.ignored' is unknown. Section ignored.
### mwldeppc.exe Linker Warning:
#   Section '.ignored' is unknown. Section ignored.
### mwldeppc.exe Linker Warning:
#   Section '.ignored' is unknown. Section ignored.
### mwldeppc.exe Linker Warning:
#   Section '.ignored' is unknown. Section ignored.
### mwldeppc.exe Linker Warning:
#   Section '.ignored' is unknown. Section ignored.
### mwldeppc.exe Linker Warning:
#   Section '.ignored' is unknown. Section ignored.
### mwldeppc.exe Linker Warning:
#   Section '.ignored' is unknown. Section ignored.
### mwldeppc.exe Linker Warning:
#   Section '.ignored' is unknown. Section ignored.
### mwldeppc.exe Linker Warning:
#   Section '.ignored' is unknown. Section ignored.
### mwldeppc.exe Linker Warning:
#   Section '.ignored' is unknown. Section ignored.
### mwldeppc.exe Linker Warning:
#   Section '.ignored' is unknown. Section ignored.
### mwldeppc.exe Linker Warning:
#   Section '.ignored' is unknown. Section ignored.
### mwldeppc.exe Linker Warning:
#   Section '.ignored' is unknown. Section ignored.
### mwldeppc.exe Linker Warning:
#   Section '.ignored' is unknown. Section ignored.
### mwldeppc.exe Linker Warning:
#   Section '.ignored' is unknown. Section ignored.
### mwldeppc.exe Linker Warning:
#   Section '.ignored' is unknown. Section ignored.
### mwldeppc.exe Linker Warning:
#   Section '.ignored' is unknown. Section ignored.
### mwldeppc.exe Linker Warning:
#   Section '.ignored' is unknown. Section ignored.
### mwldeppc.exe Linker Warning:
#   Section '.ignored' is unknown. Section ignored.
### mwldeppc.exe Linker Warning:
#   Section '.ignored' is unknown. Section ignored.
### mwldeppc.exe Linker Warning:
#   Section '.ignored' is unknown. Section ignored.
### mwldeppc.exe Linker Warning:
#   Section '.ignored' is unknown. Section ignored.
### mwldeppc.exe Linker Warning:
#   Section '.ignored' is unknown. Section ignored.
### mwldeppc.exe Linker Warning:
#   Section '.ignored' is unknown. Section ignored.
### mwldeppc.exe Linker Warning:
#   Section '.ignored' is unknown. Section ignored.
### mwldeppc.exe Linker Warning:
#   Section '.ignored' is unknown. Section ignored.
### mwldeppc.exe Linker Warning:
#   Section '.ignored' is unknown. Section ignored.
### mwldeppc.exe Linker Warning:
#   Section '.ignored' is unknown. Section ignored.
### mwldeppc.exe Linker Warning:
#   Section '.ignored' is unknown. Section ignored.
### mwldeppc.exe Linker Warning:
#   Section '.ignored' is unknown. Section ignored.
### mwldeppc.exe Linker Warning:
#   Section '.ignored' is unknown. Section ignored.
### mwldeppc.exe Linker Warning:
#   Section '.ignored' is unknown. Section ignored.
### mwldeppc.exe Linker Warning:
#   Section '.ignored' is unknown. Section ignored.
### mwldeppc.exe Linker Warning:
#   Section '.ignored' is unknown. Section ignored.
### mwldeppc.exe Linker Warning:
#   Section '.ignored' is unknown. Section ignored.
### mwldeppc.exe Linker Warning:
#   Section '.ignored' is unknown. Section ignored.
### mwldeppc.exe Linker Warning:
#   Section '.ignored' is unknown. Section ignored.
### mwldeppc.exe Linker Warning:
#   Section '.ignored' is unknown. Section ignored.
### mwldeppc.exe Linker Warning:
#   Section '.ignored' is unknown. Section ignored.
### mwldeppc.exe Linker Warning:
#   Section '.ignored' is unknown. Section ignored.
### mwldeppc.exe Linker Warning:
#   Section '.ignored' is unknown. Section ignored.
### mwldeppc.exe Linker Warning:
#   Section '.ignored' is unknown. Section ignored.
### mwldeppc.exe Linker Warning:
#   Section '.ignored' is unknown. Section ignored.
### mwldeppc.exe Linker Warning:
#   Section '.ignored' is unknown. Section ignored.
### mwldeppc.exe Linker Warning:
#   Section '.ignored' is unknown. Section ignored.
### mwldeppc.exe Linker Warning:
#   Section '.ignored' is unknown. Section ignored.
### mwldeppc.exe Linker Warning:
#   Section '.ignored' is unknown. Section ignored.
### mwldeppc.exe Linker Warning:
#   Section '.ignored' is unknown. Section ignored.
### mwldeppc.exe Linker Warning:
#   Section '.ignored' is unknown. Section ignored.
### mwldeppc.exe Linker Warning:
#   Section '.ignored' is unknown. Section ignored.
### mwldeppc.exe Linker Warning:
#   Section '.ignored' is unknown. Section ignored.
### mwldeppc.exe Linker Warning:
#   Section '.ignored' is unknown. Section ignored.
### mwldeppc.exe Linker Warning:
#   Section '.ignored' is unknown. Section ignored.
### mwldeppc.exe Linker Warning:
#   Section '.ignored' is unknown. Section ignored.
### mwldeppc.exe Linker Warning:
#   Section '.ignored' is unknown. Section ignored.
### mwldeppc.exe Linker Warning:
#   Section '.ignored' is unknown. Section ignored.
### mwldeppc.exe Linker Warning:
#   Section '.ignored' is unknown. Section ignored.
### mwldeppc.exe Linker Warning:
#   Section '.ignored' is unknown. Section ignored.
### mwldeppc.exe Linker Warning:
#   Section '.ignored' is unknown. Section ignored.
### mwldeppc.exe Linker Warning:
#   Section '.ignored' is unknown. Section ignored.
### mwldeppc.exe Linker Warning:
#   Section '.ignored' is unknown. Section ignored.
### mwldeppc.exe Linker Warning:
#   Section '.ignored' is unknown. Section ignored.
### mwldeppc.exe Linker Warning:
#   Section '.ignored' is unknown. Section ignored.
### mwldeppc.exe Linker Warning:
#   Section '.ignored' is unknown. Section ignored.
### mwldeppc.exe Linker Warning:
#   Section '.ignored' is unknown. Section ignored.
### mwldeppc.exe Linker Warning:
#   Section '.ignored' is unknown. Section ignored.
### mwldeppc.exe Linker Warning:
#   Section '.ignored' is unknown. Section ignored.
### mwldeppc.exe Linker Warning:
#   Section '.ignored' is unknown. Section ignored.
### mwldeppc.exe Linker Warning:
#   Section '.ignored' is unknown. Section ignored.
### mwldeppc.exe Linker Warning:
#   Section '.ignored' is unknown. Section ignored.
### mwldeppc.exe Linker Warning:
#   Section '.ignored' is unknown. Section ignored.
### mwldeppc.exe Linker Warning:
#   Section '.ignored' is unknown. Section ignored.
### mwldeppc.exe Linker Warning:
#   Section '.ignored' is unknown. Section ignored.
### mwldeppc.exe Linker Warning:
#   Section '.ignored' is unknown. Section ignored.
### mwldeppc.exe Linker Warning:
#   Section '.ignored' is unknown. Section ignored.
### mwldeppc.exe Linker Warning:
#   Section '.ignored' is unknown. Section ignored.
### mwldeppc.exe Linker Warning:
#   Section '.ignored' is unknown. Section ignored.
### mwldeppc.exe Linker Warning:
#   Section '.ignored' is unknown. Section ignored.
### mwldeppc.exe Linker Warning:
#   Section '.ignored' is unknown. Section ignored.
### mwldeppc.exe Linker Warning:
#   Section '.ignored' is unknown. Section ignored.
### mwldeppc.exe Linker Warning:
#   Section '.ignored' is unknown. Section ignored.
### mwldeppc.exe Linker Warning:
#   Section '.ignored' is unknown. Section ignored.
### mwldeppc.exe Linker Warning:
#   Section '.ignored' is unknown. Section ignored.
### mwldeppc.exe Linker Warning:
#   Section '.ignored' is unknown. Section ignored.
### mwldeppc.exe Linker Warning:
#   Section '.ignored' is unknown. Section ignored.
### mwldeppc.exe Linker Warning:
#   Section '.ignored' is unknown. Section ignored.
### mwldeppc.exe Linker Warning:
#   Section '.ignored' is unknown. Section ignored.
### mwldeppc.exe Linker Warning:
#   Section '.ignored' is unknown. Section ignored.
### mwldeppc.exe Linker Warning:
#   Section '.ignored' is unknown. Section ignored.
### mwldeppc.exe Linker Warning:
#   Section '.ignored' is unknown. Section ignored.
### mwldeppc.exe Linker Warning:
#   Section '.ignored' is unknown. Section ignored.
### mwldeppc.exe Linker Warning:
#   Section '.ignored' is unknown. Section ignored.
### mwldeppc.exe Linker Warning:
#   Section '.ignored' is unknown. Section ignored.
### mwldeppc.exe Linker Warning:
#   Section '.ignored' is unknown. Section ignored.
### mwldeppc.exe Linker Warning:
#   Section '.ignored' is unknown. Section ignored.
### mwldeppc.exe Linker Warning:
#   Section '.ignored' is unknown. Section ignored.
### mwldeppc.exe Linker Warning:
#   Section '.ignored' is unknown. Section ignored.
### mwldeppc.exe Linker Warning:
#   Section '.ignored' is unknown. Section ignored.
### mwldeppc.exe Linker Warning:
#   Section '.ignored' is unknown. Section ignored.
### mwldeppc.exe Linker Warning:
#   Section '.ignored' is unknown. Section ignored.
### mwldeppc.exe Linker Warning:
#   Section '.ignored' is unknown. Section ignored.
### mwldeppc.exe Linker Warning:
#   Section '.ignored' is unknown. Section ignored.
### mwldeppc.exe Linker Warning:
#   Section '.ignored' is unknown. Section ignored.
### mwldeppc.exe Linker Warning:
#   Section '.ignored' is unknown. Section ignored.
### mwldeppc.exe Linker Warning:
#   Section '.ignored' is unknown. Section ignored.
### mwldeppc.exe Linker Warning:
#   Section '.ignored' is unknown. Section ignored.
### mwldeppc.exe Linker Warning:
#   Section '.ignored' is unknown. Section ignored.
### mwldeppc.exe Linker Warning:
#   Section '.ignored' is unknown. Section ignored.
### mwldeppc.exe Linker Warning:
#   Section '.ignored' is unknown. Section ignored.
### mwldeppc.exe Linker Warning:
#   Section '.ignored' is unknown. Section ignored.
### mwldeppc.exe Linker Warning:
#   Section '.ignored' is unknown. Section ignored.
### mwldeppc.exe Linker Warning:
#   Section '.ignored' is unknown. Section ignored.
### mwldeppc.exe Linker Warning:
#   Section '.ignored' is unknown. Section ignored.
### mwldeppc.exe Linker Warning:
#   Section '.ignored' is unknown. Section ignored.
### mwldeppc.exe Linker Warning:
#   Section '.ignored' is unknown. Section ignored.
### mwldeppc.exe Linker Warning:
#   Section '.ignored' is unknown. Section ignored.
### mwldeppc.exe Linker Warning:
#   Section '.ignored' is unknown. Section ignored.
### mwldeppc.exe Linker Warning:
#   Section '.ignored' is unknown. Section ignored.
### mwldeppc.exe Linker Warning:
#   Section '.ignored' is unknown. Section ignored.
### mwldeppc.exe Linker Warning:
#   Section '.ignored' is unknown. Section ignored.
### mwldeppc.exe Linker Warning:
#   Section '.ignored' is unknown. Section ignored.
### mwldeppc.exe Linker Warning:
#   Section '.ignored' is unknown. Section ignored.
### mwldeppc.exe Linker Warning:
#   Section '.ignored' is unknown. Section ignored.
### mwldeppc.exe Linker Warning:
#   Section '.ignored' is unknown. Section ignored.
### mwldeppc.exe Linker Warning:
#   Section '.ignored' is unknown. Section ignored.
### mwldeppc.exe Linker Warning:
#   Section '.ignored' is unknown. Section ignored.
### mwldeppc.exe Linker Warning:
#   Section '.ignored' is unknown. Section ignored.
### mwldeppc.exe Linker Warning:
#   Section '.ignored' is unknown. Section ignored.
### mwldeppc.exe Linker Warning:
#   Section '.ignored' is unknown. Section ignored.
### mwldeppc.exe Linker Warning:
#   Section '.ignored' is unknown. Section ignored.
### mwldeppc.exe Linker Warning:
#   Section '.ignored' is unknown. Section ignored.
### mwldeppc.exe Linker Warning:
#   Section '.ignored' is unknown. Section ignored.
### mwldeppc.exe Linker Warning:
#   Section '.ignored' is unknown. Section ignored.
### mwldeppc.exe Linker Warning:
#   Section '.ignored' is unknown. Section ignored.
### mwldeppc.exe Linker Warning:
#   Section '.ignored' is unknown. Section ignored.
### mwldeppc.exe Linker Warning:
#   Section '.ignored' is unknown. Section ignored.
### mwldeppc.exe Linker Warning:
#   Section '.ignored' is unknown. Section ignored.
### mwldeppc.exe Linker Warning:
#   Section '.ignored' is unknown. Section ignored.
### mwldeppc.exe Linker Warning:
#   Section '.ignored' is unknown. Section ignored.
### mwldeppc.exe Linker Warning:
#   Section '.ignored' is unknown. Section ignored.
### mwldeppc.exe Linker Warning:
#   Section '.ignored' is unknown. Section ignored.
### mwldeppc.exe Linker Warning:
#   Section '.ignored' is unknown. Section ignored.
### mwldeppc.exe Linker Warning:
#   Section '.ignored' is unknown. Section ignored.
### mwldeppc.exe Linker Warning:
#   Section '.ignored' is unknown. Section ignored.
### mwldeppc.exe Linker Warning:
#   Section '.ignored' is unknown. Section ignored.
### mwldeppc.exe Linker Warning:
#   Section '.ignored' is unknown. Section ignored.
### mwldeppc.exe Linker Warning:
#   Section '.ignored' is unknown. Section ignored.
### mwldeppc.exe Linker Warning:
#   Section '.ignored' is unknown. Section ignored.
### mwldeppc.exe Linker Warning:
#   Section '.ignored' is unknown. Section ignored.
### mwldeppc.exe Linker Warning:
#   Section '.ignored' is unknown. Section ignored.
### mwldeppc.exe Linker Warning:
#   Section '.ignored' is unknown. Section ignored.
### mwldeppc.exe Linker Warning:
#   Section '.ignored' is unknown. Section ignored.
### mwldeppc.exe Linker Warning:
#   Section '.ignored' is unknown. Section ignored.
### mwldeppc.exe Linker Warning:
#   Section '.ignored' is unknown. Section ignored.
### mwldeppc.exe Linker Warning:
#   Section '.ignored' is unknown. Section ignored.
### mwldeppc.exe Linker Warning:
#   Section '.ignored' is unknown. Section ignored.
### mwldeppc.exe Linker Warning:
#   Section '.ignored' is unknown. Section ignored.
### mwldeppc.exe Linker Warning:
#   Section '.ignored' is unknown. Section ignored.
### mwldeppc.exe Linker Warning:
#   Section '.ignored' is unknown. Section ignored.
### mwldeppc.exe Linker Warning:
#   Section '.ignored' is unknown. Section ignored.
### mwldeppc.exe Linker Warning:
#   Section '.ignored' is unknown. Section ignored.
### mwldeppc.exe Linker Warning:
#   Section '.ignored' is unknown. Section ignored.
### mwldeppc.exe Linker Warning:
#   Section '.ignored' is unknown. Section ignored.
### mwldeppc.exe Linker Warning:
#   Section '.ignored' is unknown. Section ignored.
### mwldeppc.exe Linker Warning:
#   Section '.ignored' is unknown. Section ignored.
### mwldeppc.exe Linker Warning:
#   Section '.ignored' is unknown. Section ignored.
### mwldeppc.exe Linker Warning:
#   Section '.ignored' is unknown. Section ignored.
### mwldeppc.exe Linker Warning:
#   Section '.ignored' is unknown. Section ignored.
### mwldeppc.exe Linker Warning:
#   Section '.ignored' is unknown. Section ignored.
### mwldeppc.exe Linker Warning:
#   Section '.ignored' is unknown. Section ignored.
### mwldeppc.exe Linker Warning:
#   Section '.ignored' is unknown. Section ignored.
### mwldeppc.exe Linker Warning:
#   Section '.ignored' is unknown. Section ignored.
### mwldeppc.exe Linker Warning:
#   Section '.ignored' is unknown. Section ignored.
### mwldeppc.exe Linker Warning:
#   Section '.ignored' is unknown. Section ignored.
### mwldeppc.exe Linker Warning:
#   Section '.ignored' is unknown. Section ignored.
### mwldeppc.exe Linker Warning:
#   Section '.ignored' is unknown. Section ignored.
### mwldeppc.exe Linker Warning:
#   Section '.ignored' is unknown. Section ignored.
### mwldeppc.exe Linker Warning:
#   Section '.ignored' is unknown. Section ignored.
### mwldeppc.exe Linker Warning:
#   Section '.ignored' is unknown. Section ignored.
### mwldeppc.exe Linker Warning:
#   Section '.ignored' is unknown. Section ignored.
### mwldeppc.exe Linker Warning:
#   Section '.ignored' is unknown. Section ignored.
### mwldeppc.exe Linker Warning:
#   Section '.ignored' is unknown. Section ignored.
### mwldeppc.exe Linker Warning:
#   Section '.ignored' is unknown. Section ignored.
### mwldeppc.exe Linker Warning:
#   Section '.ignored' is unknown. Section ignored.
### mwldeppc.exe Linker Warning:
#   Section '.ignored' is unknown. Section ignored.
### mwldeppc.exe Linker Warning:
#   Section '.ignored' is unknown. Section ignored.
### mwldeppc.exe Linker Warning:
#   Section '.ignored' is unknown. Section ignored.
### mwldeppc.exe Linker Warning:
#   Section '.ignored' is unknown. Section ignored.
### mwldeppc.exe Linker Warning:
#   Section '.ignored' is unknown. Section ignored.
### mwldeppc.exe Linker Warning:
#   Section '.ignored' is unknown. Section ignored.
### mwldeppc.exe Linker Warning:
#   Section '.ignored' is unknown. Section ignored.
### mwldeppc.exe Linker Warning:
#   Section '.ignored' is unknown. Section ignored.
### mwldeppc.exe Linker Warning:
#   Section '.ignored' is unknown. Section ignored.
### mwldeppc.exe Linker Warning:
#   Section '.ignored' is unknown. Section ignored.
### mwldeppc.exe Linker Warning:
#   Section '.ignored' is unknown. Section ignored.
### mwldeppc.exe Linker Warning:
#   Section '.ignored' is unknown. Section ignored.
### mwldeppc.exe Linker Warning:
#   Section '.ignored' is unknown. Section ignored.
### mwldeppc.exe Linker Warning:
#   Section '.ignored' is unknown. Section ignored.
### mwldeppc.exe Linker Warning:
#   Section '.ignored' is unknown. Section ignored.
### mwldeppc.exe Linker Warning:
#   Section '.ignored' is unknown. Section ignored.
### mwldeppc.exe Linker Warning:
#   Section '.ignored' is unknown. Section ignored.
### mwldeppc.exe Linker Warning:
#   Section '.ignored' is unknown. Section ignored.
### mwldeppc.exe Linker Warning:
#   Section '.ignored' is unknown. Section ignored.
### mwldeppc.exe Linker Warning:
#   Section '.ignored' is unknown. Section ignored.
### mwldeppc.exe Linker Warning:
#   Section '.ignored' is unknown. Section ignored.
### mwldeppc.exe Linker Warning:
#   Section '.ignored' is unknown. Section ignored.
### mwldeppc.exe Linker Warning:
#   Section '.ignored' is unknown. Section ignored.
### mwldeppc.exe Linker Warning:
#   Section '.ignored' is unknown. Section ignored.
### mwldeppc.exe Linker Warning:
#   Section '.ignored' is unknown. Section ignored.
### mwldeppc.exe Linker Warning:
#   Section '.ignored' is unknown. Section ignored.
### mwldeppc.exe Linker Warning:
#   Section '.ignored' is unknown. Section ignored.
### mwldeppc.exe Linker Warning:
#   Section '.ignored' is unknown. Section ignored.
### mwldeppc.exe Linker Warning:
#   Section '.ignored' is unknown. Section ignored.
### mwldeppc.exe Linker Warning:
#   Section '.ignored' is unknown. Section ignored.
### mwldeppc.exe Linker Warning:
#   Section '.ignored' is unknown. Section ignored.
### mwldeppc.exe Linker Warning:
#   Section '.ignored' is unknown. Section ignored.
### mwldeppc.exe Linker Warning:
#   Section '.ignored' is unknown. Section ignored.
### mwldeppc.exe Linker Warning:
#   Section '.ignored' is unknown. Section ignored.
### mwldeppc.exe Linker Warning:
#   Section '.ignored' is unknown. Section ignored.
### mwldeppc.exe Linker Warning:
#   Section '.ignored' is unknown. Section ignored.
### mwldeppc.exe Linker Warning:
#   Section '.ignored' is unknown. Section ignored.
### mwldeppc.exe Linker Warning:
#   Section '.ignored' is unknown. Section ignored.
### mwldeppc.exe Linker Warning:
#   Section '.ignored' is unknown. Section ignored.
### mwldeppc.exe Linker Warning:
#   Section '.ignored' is unknown. Section ignored.
### mwldeppc.exe Linker Warning:
#   Section '.ignored' is unknown. Section ignored.
### mwldeppc.exe Linker Warning:
#   Section '.ignored' is unknown. Section ignored.
### mwldeppc.exe Linker Warning:
#   Section '.ignored' is unknown. Section ignored.
### mwldeppc.exe Linker Warning:
#   Section '.ignored' is unknown. Section ignored.
### mwldeppc.exe Linker Warning:
#   Section '.ignored' is unknown. Section ignored.
### mwldeppc.exe Linker Warning:
#   Section '.ignored' is unknown. Section ignored.
### mwldeppc.exe Linker Warning:
#   Section '.ignored' is unknown. Section ignored.
### mwldeppc.exe Linker Warning:
#   Section '.ignored' is unknown. Section ignored.
### mwldeppc.exe Linker Warning:
#   Section '.ignored' is unknown. Section ignored.
### mwldeppc.exe Linker Warning:
#   Section '.ignored' is unknown. Section ignored.
### mwldeppc.exe Linker Warning:
#   Section '.ignored' is unknown. Section ignored.
### mwldeppc.exe Linker Warning:
#   Section '.ignored' is unknown. Section ignored.
### mwldeppc.exe Linker Warning:
#   Section '.ignored' is unknown. Section ignored.
### mwldeppc.exe Linker Warning:
#   Section '.ignored' is unknown. Section ignored.
### mwldeppc.exe Linker Warning:
#   Section '.ignored' is unknown. Section ignored.
[888/891] DOL build/GEDE01/main.dol
[889/891] CHECK config/GEDE01/build.sha1
build/GEDE01/main.dol: OK
[890/891] PROGRESS
Progress:
  All: 58.14% fuzzy, 47.98% matched, 47.95% linked (6270 / 7068 files)
    Code: 1103828 / 2300692 bytes (6036 / 8214 functions)
    Data: 39594 / 4305642 bytes (0.92%)
  Game Code: 93.65% fuzzy, 77.24% matched, 77.19% linked (6252 / 6633 files)
    Code: 1100800 / 1425104 bytes (5974 / 6354 functions)
    Data: 39370 / 40426 bytes (97.39%)
  SDK/Runtime: 100.00% fuzzy, 100.00% matched, 100.00% linked (18 / 18 files)
    Code: 3028 / 3028 bytes (62 / 62 functions)
    Data: 224 / 224 bytes (100.00%)
