[1/1] RUN configure.py
[1/904] MWCC build/GEDE01/src/game/game_fn_80008014.o
[2/904] MWCC build/GEDE01/src/game/game_fn_800094C0.o
[3/904] MWCC build/GEDE01/src/game/game_fn_800098C0.o
[4/904] MWCC build/GEDE01/src/game/game_fn_800096E0.o
[5/904] MWCC build/GEDE01/src/game/game_fn_800099D8.o
[6/904] MWCC build/GEDE01/src/game/game_fn_80009AB4.o
[7/904] MWCC build/GEDE01/src/game/game_fn_8000A26C.o
[8/904] MWCC build/GEDE01/src/game/game_fn_8000AC88.o
[9/904] MWCC build/GEDE01/src/game/game_fn_8000AEB4.o
[10/904] MWCC build/GEDE01/src/game/game_fn_8000AFB4.o
[11/904] MWCC build/GEDE01/src/game/game_fn_8000B1B8.o
[12/904] MWCC build/GEDE01/src/game/game_fn_8000B36C.o
[13/904] MWCC build/GEDE01/src/game/game_fn_8000B630.o
[14/904] MWCC build/GEDE01/src/game/game_fn_8000B7FC.o
[15/904] MWCC build/GEDE01/src/game/game_fn_8000B900.o
[16/904] MWCC build/GEDE01/src/game/game_fn_8000BA0C.o
[17/904] MWCC build/GEDE01/src/game/game_fn_8000BC40.o
[18/904] MWCC build/GEDE01/src/game/game_fn_8000BAA0.o
[19/904] MWCC build/GEDE01/src/game/game_fn_8000C17C.o
[20/904] MWCC build/GEDE01/src/game/game_fn_8000C06C.o
[21/904] MWCC build/GEDE01/src/game/game_fn_8000C848.o
[22/904] MWCC build/GEDE01/src/game/game_fn_8000C400.o
[23/904] MWCC build/GEDE01/src/game/game_fn_8000D0BC.o
[24/904] MWCC build/GEDE01/src/game/game_fn_8000C91C.o
[25/904] MWCC build/GEDE01/src/game/game_fn_8000D3D4.o
[26/904] MWCC build/GEDE01/src/game/game_fn_8000D590.o
[27/904] MWCC build/GEDE01/src/game/game_fn_8000D8A4.o
[28/904] MWCC build/GEDE01/src/game/game_fn_8000DA50.o
[29/904] MWCC build/GEDE01/src/game/game_fn_8000E054.o
[30/904] MWCC build/GEDE01/src/game/game_fn_8000DAF4.o
[31/904] MWCC build/GEDE01/src/game/game_fn_8000E138.o
[32/904] MWCC build/GEDE01/src/game/game_fn_8000E0AC.o
[33/904] MWCC build/GEDE01/src/game/game_fn_8000E1C4.o
[34/904] MWCC build/GEDE01/src/game/game_fn_8000E96C.o
[35/904] MWCC build/GEDE01/src/game/game_fn_8000EB14.o
[36/904] MWCC build/GEDE01/src/game/game_fn_8000EBD4.o
[37/904] MWCC build/GEDE01/src/game/game_fn_8000EFC4.o
[38/904] MWCC build/GEDE01/src/game/game_fn_8000ED44.o
[39/904] MWCC build/GEDE01/src/game/game_fn_8000F4B0.o
[40/904] MWCC build/GEDE01/src/game/game_fn_8000F774.o
[41/904] MWCC build/GEDE01/src/game/game_fn_8000FDE8.o
[42/904] MWCC build/GEDE01/src/game/game_fn_8000FFD8.o
[43/904] MWCC build/GEDE01/src/game/game_fn_800119FC.o
[44/904] MWCC build/GEDE01/src/game/game_fn_80012DA8.o
[45/904] MWCC build/GEDE01/src/game/game_fn_80012F40.o
[46/904] MWCC build/GEDE01/src/game/game_fn_80012FD0.o
[47/904] MWCC build/GEDE01/src/game/game_fn_800131E8.o
[48/904] MWCC build/GEDE01/src/game/game_fn_80013340.o
[49/904] MWCC build/GEDE01/src/game/game_fn_80013870.o
[50/904] MWCC build/GEDE01/src/game/game_fn_80013CB0.o
[51/904] MWCC build/GEDE01/src/game/game_fn_80013D54.o
[52/904] MWCC build/GEDE01/src/game/game_fn_800142DC.o
[53/904] MWCC build/GEDE01/src/game/game_fn_800144CC.o
[54/904] MWCC build/GEDE01/src/game/game_fn_80014784.o
[55/904] MWCC build/GEDE01/src/game/game_fn_800149D4.o
[56/904] MWCC build/GEDE01/src/game/game_fn_80015058.o
[57/904] MWCC build/GEDE01/src/game/game_fn_80015320.o
[58/904] MWCC build/GEDE01/src/game/game_fn_80015568.o
[59/904] MWCC build/GEDE01/src/game/game_fn_800156FC.o
[60/904] MWCC build/GEDE01/src/game/game_fn_80015BE0.o
[61/904] MWCC build/GEDE01/src/game/game_fn_80015D40.o
[62/904] MWCC build/GEDE01/src/game/game_fn_80015F04.o
[63/904] MWCC build/GEDE01/src/game/game_fn_80016128.o
[64/904] MWCC build/GEDE01/src/game/game_fn_80016270.o
[65/904] MWCC build/GEDE01/src/game/game_fn_80016904.o
[66/904] MWCC build/GEDE01/src/game/game_fn_80016B24.o
[67/904] MWCC build/GEDE01/src/game/game_fn_800171C0.o
[68/904] MWCC build/GEDE01/src/game/game_fn_800173CC.o
[69/904] MWCC build/GEDE01/src/game/game_fn_800176F0.o
[70/904] MWCC build/GEDE01/src/game/game_fn_80017910.o
[71/904] MWCC build/GEDE01/src/game/game_fn_800179AC.o
[72/904] MWCC build/GEDE01/src/game/game_fn_80017A3C.o
[73/904] MWCC build/GEDE01/src/game/game_fn_80017AE4.o
[74/904] MWCC build/GEDE01/src/game/game_fn_80017C3C.o
[75/904] MWCC build/GEDE01/src/game/game_fn_80017CC8.o
[76/904] MWCC build/GEDE01/src/game/game_fn_80017DB0.o
[77/904] MWCC build/GEDE01/src/game/game_fn_80018EF4.o
[78/904] MWCC build/GEDE01/src/game/game_fn_80019054.o
[79/904] MWCC build/GEDE01/src/game/game_fn_80019244.o
[80/904] MWCC build/GEDE01/src/game/game_fn_800194D0.o
[81/904] MWCC build/GEDE01/src/game/game_fn_80019940.o
[82/904] MWCC build/GEDE01/src/game/game_fn_80019C10.o
[83/904] MWCC build/GEDE01/src/game/game_fn_80019D2C.o
[84/904] MWCC build/GEDE01/src/game/game_fn_80019F98.o
[85/904] MWCC build/GEDE01/src/game/game_fn_8001A6C4.o
[86/904] MWCC build/GEDE01/src/game/game_fn_8001AAB8.o
[87/904] MWCC build/GEDE01/src/game/game_fn_8001ADF8.o
[88/904] MWCC build/GEDE01/src/game/game_fn_8001AF68.o
[89/904] MWCC build/GEDE01/src/game/game_fn_8001B124.o
[90/904] MWCC build/GEDE01/src/game/game_fn_8001B294.o
[91/904] MWCC build/GEDE01/src/game/game_fn_8001B808.o
[92/904] MWCC build/GEDE01/src/game/game_fn_8001B874.o
[93/904] MWCC build/GEDE01/src/game/game_fn_8001C078.o
[94/904] MWCC build/GEDE01/src/game/game_fn_8001CA04.o
[95/904] MWCC build/GEDE01/src/game/game_fn_8001CD58.o
[96/904] MWCC build/GEDE01/src/game/game_fn_8001CE94.o
[97/904] MWCC build/GEDE01/src/game/game_fn_8001E644.o
[98/904] MWCC build/GEDE01/src/game/game_fn_8001FE1C.o
[99/904] MWCC build/GEDE01/src/game/game_fn_80020E94.o
[100/904] MWCC build/GEDE01/src/game/game_fn_80024F28.o
[101/904] MWCC build/GEDE01/src/game/game_fn_800272B4.o
[102/904] MWCC build/GEDE01/src/game/game_fn_8002B748.o
[103/904] MWCC build/GEDE01/src/game/game_fn_8002DAE0.o
[104/904] MWCC build/GEDE01/src/game/game_fn_8002E3F0.o
[105/904] MWCC build/GEDE01/src/game/game_fn_8002EA68.o
[106/904] MWCC build/GEDE01/src/game/game_fn_8002F428.o
[107/904] MWCC build/GEDE01/src/game/game_fn_80031544.o
[108/904] MWCC build/GEDE01/src/game/game_fn_8003232C.o
[109/904] MWCC build/GEDE01/src/game/game_fn_80032B84.o
[110/904] MWCC build/GEDE01/src/game/game_fn_80033038.o
[111/904] MWCC build/GEDE01/src/game/game_fn_80033180.o
[112/904] MWCC build/GEDE01/src/game/game_fn_800359A0.o
[113/904] MWCC build/GEDE01/src/game/game_fn_800361F8.o
[114/904] MWCC build/GEDE01/src/game/game_fn_80036C40.o
[115/904] MWCC build/GEDE01/src/game/game_fn_80038878.o
[116/904] MWCC build/GEDE01/src/game/game_fn_80048ADC.o
[117/904] MWCC build/GEDE01/src/game/game_fn_80048B24.o
[118/904] MWCC build/GEDE01/src/game/game_fn_8004998C.o
[119/904] MWCC build/GEDE01/src/game/game_fn_80050B08.o
[120/904] MWCC build/GEDE01/src/game/game_fn_80052310.o
[121/904] MWCC build/GEDE01/src/game/game_fn_800542D0.o
[122/904] MWCC build/GEDE01/src/game/game_fn_8005EC6C.o
[123/904] MWCC build/GEDE01/src/game/game_fn_8005EE9C.o
[124/904] MWCC build/GEDE01/src/game/game_data_80239E10.o
[125/904] MWCC build/GEDE01/src/game/game_data_80239E18.o
[126/904] MWCC build/GEDE01/src/game/game_fn_8005FD84.o
[127/904] MWCC build/GEDE01/src/game/game_fn_80066888.o
[128/904] MWCC build/GEDE01/src/game/game_fn_80066E78.o
[129/904] MWCC build/GEDE01/src/game/game_fn_8006B0F0.o
[130/904] MWCC build/GEDE01/src/game/game_fn_8006B620.o
[131/904] MWCC build/GEDE01/src/game/game_fn_8006E53C.o
[132/904] MWCC build/GEDE01/src/game/game_fn_80071A58.o
[133/904] MWCC build/GEDE01/src/game/game_fn_80074310.o
[134/904] MWCC build/GEDE01/src/game/game_fn_80078500.o
[135/904] MWCC build/GEDE01/src/game/game_fn_80079908.o
[136/904] MWCC build/GEDE01/src/game/game_fn_80079AA4.o
[137/904] MWCC build/GEDE01/src/game/game_fn_8007B2F4.o
[138/904] MWCC build/GEDE01/src/game/game_fn_8007B540.o
[139/904] MWCC build/GEDE01/src/game/game_fn_8007B640.o
[140/904] MWCC build/GEDE01/src/game/game_fn_8007B828.o
[141/904] MWCC build/GEDE01/src/game/game_fn_8007BA3C.o
[142/904] MWCC build/GEDE01/src/game/game_fn_8007D4D8.o
[143/904] MWCC build/GEDE01/src/game/game_fn_8007F770.o
[144/904] MWCC build/GEDE01/src/game/game_fn_800886D8.o
[145/904] MWCC build/GEDE01/src/game/game_fn_80088F4C.o
[146/904] MWCC build/GEDE01/src/game/game_fn_80089A34.o
[147/904] MWCC build/GEDE01/src/game/game_fn_8008A2E0.o
[148/904] MWCC build/GEDE01/src/game/game_fn_8008F224.o
[149/904] MWCC build/GEDE01/src/game/game_fn_8008F890.o
[150/904] MWCC build/GEDE01/src/game/game_fn_80090004.o
[151/904] MWCC build/GEDE01/src/game/game_fn_800934A0.o
[152/904] MWCC build/GEDE01/src/game/game_fn_80095D10.o
[153/904] MWCC build/GEDE01/src/game/game_fn_80095FDC.o
[154/904] MWCC build/GEDE01/src/game/game_fn_80096830.o
[155/904] MWCC build/GEDE01/src/game/game_fn_8009C424.o
[156/904] MWCC build/GEDE01/src/game/game_fn_8009E808.o
[157/904] MWCC build/GEDE01/src/game/game_fn_800A2130.o
[158/904] MWCC build/GEDE01/src/game/game_fn_800A2FCC.o
[159/904] MWCC build/GEDE01/src/game/game_fn_800A3180.o
[160/904] MWCC build/GEDE01/src/game/game_fn_800A3894.o
[161/904] MWCC build/GEDE01/src/game/game_fn_800A4428.o
[162/904] MWCC build/GEDE01/src/game/game_fn_800A4798.o
[163/904] MWCC build/GEDE01/src/game/game_fn_800A7E88.o
[164/904] MWCC build/GEDE01/src/game/game_fn_800AF230.o
[165/904] MWCC build/GEDE01/src/game/game_fn_800B2EC0.o
[166/904] MWCC build/GEDE01/src/game/game_fn_800BB5C4.o
[167/904] MWCC build/GEDE01/src/game/game_fn_800BB7A8.o
[168/904] MWCC build/GEDE01/src/game/game_fn_800BB9A4.o
[169/904] MWCC build/GEDE01/src/game/game_fn_800BBAF0.o
[170/904] MWCC build/GEDE01/src/game/game_fn_800C030C.o
[171/904] MWCC build/GEDE01/src/game/game_fn_800C17EC.o
[172/904] MWCC build/GEDE01/src/game/game_fn_800C59F0.o
[173/904] MWCC build/GEDE01/src/game/game_fn_800C644C.o
[174/904] MWCC build/GEDE01/src/game/game_fn_800C65FC.o
[175/904] MWCC build/GEDE01/src/game/game_fn_800C9C60.o
[176/904] MWCC build/GEDE01/src/game/game_fn_800CB760.o
[177/904] MWCC build/GEDE01/src/game/game_fn_800CB8F4.o
[178/904] MWCC build/GEDE01/src/game/game_fn_800CF598.o
[179/904] MWCC build/GEDE01/src/game/game_fn_800D9064.o
[180/904] MWCC build/GEDE01/src/game/game_fn_800D9E10.o
[181/904] MWCC build/GEDE01/src/game/game_fn_800E4980.o
[182/904] MWCC build/GEDE01/src/game/game_TRKNubWelcome.o
[183/904] MWCC build/GEDE01/src/game/game_TRK_main.o
[184/904] MWCC build/GEDE01/src/game/game_InitMetroTRKCommTable.o
[185/904] MWCC build/GEDE01/src/game/game_fn_800FD0C8.o
[186/904] MWCC build/GEDE01/src/game/game_fn_8010242C.o
[187/904] MWCC build/GEDE01/src/game/game_fn_801098C0.o
[188/904] MWCC build/GEDE01/src/game/game_fn_8010F184.o
[189/904] MWCC build/GEDE01/src/game/game_fn_801126E0.o
[190/904] MWCC build/GEDE01/src/game/game_fn_801128E4.o
[191/904] MWCC build/GEDE01/src/game/game_fn_801141B8.o
[192/904] MWCC build/GEDE01/src/game/game_fn_8011F140.o
[193/904] MWCC build/GEDE01/src/game/game_fn_801247F8.o
[194/904] MWCC build/GEDE01/src/game/game_fn_80126A00.o
[195/904] MWCC build/GEDE01/src/game/game_fn_8012976C.o
[196/904] MWCC build/GEDE01/src/game/game_fn_8012DB28.o
[197/904] MWCC build/GEDE01/src/game/game_fn_8013CBE4.o
[198/904] MWCC build/GEDE01/src/game/game_fn_8013D6A4.o
[199/904] MWCC build/GEDE01/src/game/game_fn_8013DB8C.o
[200/904] MWCC build/GEDE01/src/game/game_fn_8014549C.o
[201/904] MWCC build/GEDE01/src/game/game_fn_8014AF38.o
[202/904] MWCC build/GEDE01/src/game/game_fn_8014B494.o
[203/904] MWCC build/GEDE01/src/game/game_fn_8014BA14.o
[204/904] MWCC build/GEDE01/src/game/game_fn_8014CA98.o
[205/904] MWCC build/GEDE01/src/game/game_fn_801535D8.o
[206/904] MWCC build/GEDE01/src/game/game_fn_80153898.o
[207/904] MWCC build/GEDE01/src/game/game_fn_80153A24.o
[208/904] MWCC build/GEDE01/src/game/game_fn_80154F74.o
[209/904] MWCC build/GEDE01/src/game/game_fn_80155814.o
[210/904] MWCC build/GEDE01/src/game/game_fn_80157C0C.o
[211/904] MWCC build/GEDE01/src/game/game_fn_80158B20.o
[212/904] MWCC build/GEDE01/src/game/game_fn_80158D38.o
[213/904] MWCC build/GEDE01/src/game/game_fn_8015DB84.o
[214/904] MWCC build/GEDE01/src/game/game_fn_8015DC54.o
[215/904] MWCC build/GEDE01/src/game/game_fn_8015EDC0.o
[216/904] MWCC build/GEDE01/src/game/game_fn_80167454.o
[217/904] MWCC build/GEDE01/src/game/game_fn_80167B5C.o
[218/904] MWCC build/GEDE01/src/game/game_fn_80169650.o
[219/904] MWCC build/GEDE01/src/game/game_fn_8016BD0C.o
[220/904] MWCC build/GEDE01/src/game/game_fn_8016BE1C.o
[221/904] MWCC build/GEDE01/src/game/game_fn_8016BF60.o
[222/904] MWCC build/GEDE01/src/game/game_fn_8016C0BC.o
[223/904] MWCC build/GEDE01/src/game/game_fn_8016C164.o
[224/904] MWCC build/GEDE01/src/game/game_fn_8016C238.o
[225/904] MWCC build/GEDE01/src/game/game_fn_8016C4BC.o
[226/904] MWCC build/GEDE01/src/game/game_fn_8016C774.o
[227/904] MWCC build/GEDE01/src/game/game_fn_8016D040.o
[228/904] MWCC build/GEDE01/src/game/game_fn_8016D1F8.o
[229/904] MWCC build/GEDE01/src/game/game_fn_8016D2B8.o
[230/904] MWCC build/GEDE01/src/game/game_fn_8016D9C0.o
[231/904] MWCC build/GEDE01/src/game/game_fn_8016DF4C.o
[232/904] MWCC build/GEDE01/src/game/game_fn_8016E8F8.o
[233/904] MWCC build/GEDE01/src/game/game_fn_8016FEF8.o
[234/904] MWCC build/GEDE01/src/game/game_fn_8017038C.o
[235/904] MWCC build/GEDE01/src/game/game_fn_801704F8.o
[236/904] MWCC build/GEDE01/src/game/game_fn_801706DC.o
[237/904] MWCC build/GEDE01/src/game/game_fn_80170A40.o
[238/904] MWCC build/GEDE01/src/game/game_fn_80170DF4.o
[239/904] MWCC build/GEDE01/src/game/game_fn_80170E9C.o
[240/904] MWCC build/GEDE01/src/game/game_fn_8017138C.o
[241/904] MWCC build/GEDE01/src/game/game_fn_80171664.o
[242/904] MWCC build/GEDE01/src/game/game_fn_801718F4.o
[243/904] MWCC build/GEDE01/src/game/game_fn_801719B4.o
[244/904] MWCC build/GEDE01/src/game/game_fn_80171F30.o
[245/904] MWCC build/GEDE01/src/game/game_fn_8017250C.o
[246/904] MWCC build/GEDE01/src/game/game_fn_801726EC.o
[247/904] MWCC build/GEDE01/src/game/game_fn_80172BB0.o
[248/904] MWCC build/GEDE01/src/game/game_fn_80172C78.o
[249/904] MWCC build/GEDE01/src/game/game_fn_80172DB8.o
[250/904] MWCC build/GEDE01/src/game/game_fn_80173270.o
[251/904] MWCC build/GEDE01/src/game/game_fn_801734B4.o
[252/904] MWCC build/GEDE01/src/game/game_fn_80173770.o
[253/904] MWCC build/GEDE01/src/game/game_fn_80173D44.o
[254/904] MWCC build/GEDE01/src/game/game_fn_80173F04.o
[255/904] MWCC build/GEDE01/src/game/game_fn_80174184.o
[256/904] MWCC build/GEDE01/src/game/game_fn_80174358.o
[257/904] MWCC build/GEDE01/src/game/game_fn_80174F2C.o
[258/904] MWCC build/GEDE01/src/game/game_fn_801752B0.o
[259/904] MWCC build/GEDE01/src/game/game_fn_8017553C.o
[260/904] MWCC build/GEDE01/src/game/game_fn_80175A08.o
[261/904] MWCC build/GEDE01/src/game/game_fn_80175E64.o
[262/904] MWCC build/GEDE01/src/game/game_fn_80175F0C.o
[263/904] MWCC build/GEDE01/src/game/game_fn_80175FD4.o
[264/904] MWCC build/GEDE01/src/game/game_fn_80176098.o
[265/904] MWCC build/GEDE01/src/game/game_fn_80176160.o
[266/904] MWCC build/GEDE01/src/game/game_fn_80176220.o
[267/904] MWCC build/GEDE01/src/game/game_fn_801762E8.o
[268/904] MWCC build/GEDE01/src/game/game_fn_8017652C.o
[269/904] MWCC build/GEDE01/src/game/game_fn_80176DF4.o
[270/904] MWCC build/GEDE01/src/game/game_fn_80176FA0.o
[271/904] MWCC build/GEDE01/src/game/game_fn_801770F8.o
[272/904] MWCC build/GEDE01/src/game/game_fn_8017718C.o
[273/904] MWCC build/GEDE01/src/game/game_fn_80178F88.o
[274/904] MWCC build/GEDE01/src/game/game_fn_80177434.o
[275/904] MWCC build/GEDE01/src/game/game_fn_80179398.o
[276/904] MWCC build/GEDE01/src/game/game_fn_8017960C.o
[277/904] MWCC build/GEDE01/src/game/game_fn_8017974C.o
[278/904] MWCC build/GEDE01/src/game/game_fn_80179904.o
[279/904] MWCC build/GEDE01/src/game/game_fn_80179A18.o
[280/904] MWCC build/GEDE01/src/game/game_fn_80179A74.o
[281/904] MWCC build/GEDE01/src/game/game_fn_80179EB8.o
[282/904] MWCC build/GEDE01/src/game/game_fn_80179F20.o
[283/904] MWCC build/GEDE01/src/game/game_fn_8017A010.o
[284/904] MWCC build/GEDE01/src/game/game_fn_8017A12C.o
[285/904] MWCC build/GEDE01/src/game/game_fn_8017A1C0.o
[286/904] MWCC build/GEDE01/src/game/game_fn_8017A9B8.o
[287/904] MWCC build/GEDE01/src/game/game_fn_8017AC20.o
[288/904] MWCC build/GEDE01/src/game/game_fn_8017E850.o
[289/904] MWCC build/GEDE01/src/game/game_fn_8017E958.o
[290/904] MWCC build/GEDE01/src/game/game_fn_80180DDC.o
[291/904] MWCC build/GEDE01/src/game/game_fn_801810A0.o
[292/904] MWCC build/GEDE01/src/game/game_fn_801816D4.o
[293/904] MWCC build/GEDE01/src/game/game_fn_801859FC.o
[294/904] MWCC build/GEDE01/src/game/game_fn_80185AE8.o
[295/904] MWCC build/GEDE01/src/game/game_fn_80185F10.o
[296/904] MWCC build/GEDE01/src/game/game_fn_801861C4.o
[297/904] MWCC build/GEDE01/src/game/game_fn_801865EC.o
[298/904] MWCC build/GEDE01/src/game/game_fn_8018680C.o
[299/904] MWCC build/GEDE01/src/game/game_fn_80186E10.o
[300/904] MWCC build/GEDE01/src/game/game_fn_80186F70.o
[301/904] MWCC build/GEDE01/src/game/game_fn_80187120.o
[302/904] MWCC build/GEDE01/src/game/game_fn_80187320.o
[303/904] MWCC build/GEDE01/src/game/game_fn_801875FC.o
[304/904] MWCC build/GEDE01/src/game/game_fn_801878E0.o
[305/904] MWCC build/GEDE01/src/game/game_fn_80187BB4.o
[306/904] MWCC build/GEDE01/src/game/game_fn_80188A7C.o
[307/904] MWCC build/GEDE01/src/game/game_fn_80188B44.o
[308/904] MWCC build/GEDE01/src/game/game_fn_80188C1C.o
[309/904] MWCC build/GEDE01/src/game/game_fn_80188E28.o
[310/904] MWCC build/GEDE01/src/game/game_fn_80189028.o
[311/904] MWCC build/GEDE01/src/game/game_fn_801891D8.o
[312/904] MWCC build/GEDE01/src/game/game_fn_80189390.o
[313/904] MWCC build/GEDE01/src/game/game_fn_801895E8.o
[314/904] MWCC build/GEDE01/src/game/game_fn_801896A0.o
[315/904] MWCC build/GEDE01/src/game/game_fn_80189760.o
[316/904] MWCC build/GEDE01/src/game/game_fn_80189968.o
[317/904] MWCC build/GEDE01/src/game/game_fn_80189C14.o
[318/904] MWCC build/GEDE01/src/game/game_fn_8018C2D0.o
[319/904] MWCC build/GEDE01/src/game/game_fn_8018D1F0.o
[320/904] MWCC build/GEDE01/src/game/game_fn_8018D2E0.o
[321/904] MWCC build/GEDE01/src/game/game_fn_8018D400.o
[322/904] MWCC build/GEDE01/src/game/game_fn_8018D688.o
[323/904] MWCC build/GEDE01/src/game/game_fn_8018DC24.o
[324/904] MWCC build/GEDE01/src/game/game_fn_8018E0D8.o
[325/904] MWCC build/GEDE01/src/game/game_fn_8018F1D0.o
[326/904] MWCC build/GEDE01/src/game/game_fn_8018F81C.o
[327/904] MWCC build/GEDE01/src/game/game_fn_8018FEDC.o
[328/904] MWCC build/GEDE01/src/game/game_fn_8019120C.o
[329/904] MWCC build/GEDE01/src/game/game_fn_80191360.o
[330/904] MWCC build/GEDE01/src/game/game_fn_801916D0.o
[331/904] MWCC build/GEDE01/src/game/game_fn_8019197C.o
[332/904] MWCC build/GEDE01/src/game/game_fn_80191F58.o
[333/904] MWCC build/GEDE01/src/game/game_fn_801926EC.o
[334/904] MWCC build/GEDE01/src/game/game_fn_801929A4.o
[335/904] MWCC build/GEDE01/src/game/game_fn_80192F54.o
[336/904] MWCC build/GEDE01/src/game/game_fn_801931C4.o
[337/904] MWCC build/GEDE01/src/game/game_fn_80193E1C.o
[338/904] MWCC build/GEDE01/src/game/game_fn_80193F3C.o
[339/904] MWCC build/GEDE01/src/game/game_fn_80194F80.o
[340/904] MWCC build/GEDE01/src/game/game_fn_801952E8.o
[341/904] MWCC build/GEDE01/src/game/game_fn_80197910.o
[342/904] MWCC build/GEDE01/src/game/game_fn_80198154.o
[343/904] MWCC build/GEDE01/src/game/game_fn_80198AAC.o
[344/904] MWCC build/GEDE01/src/game/game_fn_80198BF4.o
[345/904] MWCC build/GEDE01/src/game/game_fn_801991E0.o
[346/904] MWCC build/GEDE01/src/game/game_fn_8019B1BC.o
[347/904] MWCC build/GEDE01/src/game/game_fn_8019CC28.o
[348/904] MWCC build/GEDE01/src/game/game_fn_8019CFC4.o
[349/904] MWCC build/GEDE01/src/game/game_fn_8019E5E4.o
[350/904] MWCC build/GEDE01/src/game/game_fn_8019E8C8.o
[351/904] MWCC build/GEDE01/src/game/game_fn_801A1F18.o
[352/904] MWCC build/GEDE01/src/game/game_fn_801A2A54.o
[353/904] MWCC build/GEDE01/src/game/game_fn_801A34BC.o
[354/904] MWCC build/GEDE01/src/game/game_fn_801A3A78.o
[355/904] MWCC build/GEDE01/src/game/game_fn_801A4CE0.o
[356/904] MWCC build/GEDE01/src/game/game_fn_801A5FB0.o
[357/904] MWCC build/GEDE01/src/game/game_fn_801A6410.o
[358/904] MWCC build/GEDE01/src/game/game_fn_801A657C.o
[359/904] MWCC build/GEDE01/src/game/game_fn_801A6ADC.o
[360/904] MWCC build/GEDE01/src/game/game_fn_801A6C58.o
[361/904] MWCC build/GEDE01/src/game/game_fn_801A6CB4.o
[362/904] MWCC build/GEDE01/src/game/game_fn_801A7E04.o
[363/904] MWCC build/GEDE01/src/game/game_fn_801A7EA8.o
[364/904] MWCC build/GEDE01/src/game/game_fn_801A93E8.o
[365/904] MWCC build/GEDE01/src/game/game_fn_801AB154.o
[366/904] MWCC build/GEDE01/src/game/game_fn_801ABD3C.o
[367/904] MWCC build/GEDE01/src/game/game_fn_801AC8AC.o
[368/904] MWCC build/GEDE01/src/game/game_fn_801ACFE8.o
[369/904] MWCC build/GEDE01/src/game/game_fn_801AD08C.o
[370/904] MWCC build/GEDE01/src/game/game_fn_801AFA74.o
[371/904] MWCC build/GEDE01/src/game/game_fn_801B02F0.o
[372/904] MWCC build/GEDE01/src/game/game_fn_801B1BA0.o
[373/904] MWCC build/GEDE01/src/game/game_fn_801B35BC.o
[374/904] MWCC build/GEDE01/src/game/game_fn_801B46C8.o
[375/904] MWCC build/GEDE01/src/game/game_fn_801B4FB4.o
[376/904] MWCC build/GEDE01/src/game/game_fn_801B58F0.o
[377/904] MWCC build/GEDE01/src/game/game_fn_801B5228.o
[378/904] MWCC build/GEDE01/src/game/game_fn_801B6F1C.o
[379/904] MWCC build/GEDE01/src/game/game_fn_801B86C0.o
[380/904] MWCC build/GEDE01/src/game/game_fn_801B9E7C.o
[381/904] MWCC build/GEDE01/src/game/game_fn_801B941C.o
[382/904] MWCC build/GEDE01/src/game/game_fn_801BA708.o
[383/904] MWCC build/GEDE01/src/game/game_fn_801BA15C.o
[384/904] MWCC build/GEDE01/src/game/game_fn_801BC0D4.o
[385/904] MWCC build/GEDE01/src/game/game_fn_801BB1A0.o
[386/904] MWCC build/GEDE01/src/game/game_fn_801BC240.o
[387/904] MWCC build/GEDE01/src/game/game_fn_801BC8F4.o
[388/904] MWCC build/GEDE01/src/game/game_fn_801BCC04.o
[389/904] MWCC build/GEDE01/src/game/game_fn_801BD990.o
[390/904] MWCC build/GEDE01/src/game/game_fn_801BDE7C.o
[391/904] MWCC build/GEDE01/src/game/game_fn_801BE0D4.o
[392/904] MWCC build/GEDE01/src/game/game_fn_801C1CB0.o
[393/904] MWCC build/GEDE01/src/game/game_fn_801BEF40.o
[394/904] MWCC build/GEDE01/src/game/game_fn_801C2980.o
[395/904] MWCC build/GEDE01/src/game/game_fn_801C29BC.o
[396/904] MWCC build/GEDE01/src/game/game_fn_801C2AAC.o
[397/904] MWCC build/GEDE01/src/game/game_fn_801C2D9C.o
[398/904] MWCC build/GEDE01/src/game/game_fn_801C8160.o
[399/904] MWCC build/GEDE01/src/game/game_fn_801C8224.o
[400/904] MWCC build/GEDE01/src/game/game_fn_801C4B5C.o
[401/904] MWCC build/GEDE01/src/game/game_fn_801C8600.o
[402/904] MWCC build/GEDE01/src/game/game_fn_801C8CC0.o
[403/904] MWCC build/GEDE01/src/game/game_fn_801C87DC.o
[404/904] MWCC build/GEDE01/src/game/game_fn_801C8F50.o
[405/904] MWCC build/GEDE01/src/game/game_fn_801C90A4.o
[406/904] MWCC build/GEDE01/src/game/game_fn_801C970C.o
[407/904] MWCC build/GEDE01/src/game/game_fn_801C9510.o
[408/904] MWCC build/GEDE01/src/game/game_fn_801C9A08.o
[409/904] MWCC build/GEDE01/src/game/game_fn_801C9B1C.o
[410/904] MWCC build/GEDE01/src/game/game_fn_801CD228.o
[411/904] MWCC build/GEDE01/src/game/game_fn_801CB4F8.o
[412/904] MWCC build/GEDE01/src/game/game_fn_801CE09C.o
[413/904] MWCC build/GEDE01/src/game/game_fn_801CE594.o
[414/904] MWCC build/GEDE01/src/game/game_fn_801D1B10.o
[415/904] MWCC build/GEDE01/src/game/game_fn_801D1F78.o
[416/904] MWCC build/GEDE01/src/game/game_fn_801D3988.o
[417/904] MWCC build/GEDE01/src/game/game_fn_801D76A8.o
[418/904] MWCC build/GEDE01/src/game/game_fn_801D7C24.o
[419/904] MWCC build/GEDE01/src/game/game_fn_801D8050.o
[420/904] MWCC build/GEDE01/src/game/game_fn_801D9FE4.o
[421/904] MWCC build/GEDE01/src/game/game_fn_801E2A48.o
[422/904] MWCC build/GEDE01/src/game/game_fn_801E41AC.o
[423/904] MWCC build/GEDE01/src/game/game_fn_801E6814.o
[424/904] MWCC build/GEDE01/src/game/game_fn_801EB09C.o
[425/904] MWCC build/GEDE01/src/game/game_fn_801E995C.o
[426/904] MWCC build/GEDE01/src/game/game_fn_801EB11C.o
[427/904] MWCC build/GEDE01/src/game/game_fn_801ECD74.o
[428/904] MWCC build/GEDE01/src/game/game_fn_801ECF50.o
[429/904] MWCC build/GEDE01/src/game/game_fn_801ED5F4.o
[430/904] MWCC build/GEDE01/src/game/game_fn_801EF580.o
[431/904] MWCC build/GEDE01/src/game/game_fn_801EF910.o
[432/904] MWCC build/GEDE01/src/game/game_fn_801F0CB0.o
[433/904] MWCC build/GEDE01/src/game/game_fn_801F10BC.o
[434/904] MWCC build/GEDE01/src/game/game_fn_801F1A38.o
[435/904] MWCC build/GEDE01/src/game/game_fn_801F35A8.o
[436/904] MWCC build/GEDE01/src/game/game_fn_801F55A0.o
[437/904] MWCC build/GEDE01/src/game/game_fn_801F69F0.o
[438/904] MWCC build/GEDE01/src/game/game_fn_801F6BD8.o
[439/904] MWCC build/GEDE01/src/game/game_fn_801F7510.o
[440/904] MWCC build/GEDE01/src/game/game_fn_801F76EC.o
[441/904] MWCC build/GEDE01/src/game/game_fn_801F8264.o
[442/904] MWCC build/GEDE01/src/game/game_fn_801F89B4.o
[443/904] MWCC build/GEDE01/src/game/game_fn_801F9AF8.o
[444/904] MWCC build/GEDE01/src/game/game_fn_801F9CF4.o
[445/904] MWCC build/GEDE01/src/game/game_fn_801FA9C8.o
[446/904] MWCC build/GEDE01/src/game/game_fn_801FB6A4.o
[447/904] MWCC build/GEDE01/src/game/game_fn_801FC034.o
[448/904] MWCC build/GEDE01/src/game/game_fn_801FC204.o
[449/904] MWCC build/GEDE01/src/game/game_fn_801FFE78.o
[450/904] EXTERNALIZE build/GEDE01/src/game/game_fn_80175A08.o
[451/904] EXTERNALIZE build/GEDE01/src/game/game_fn_80066E78.o
[452/904] EXTERNALIZE build/GEDE01/src/game/game_fn_801247F8.o
[453/904] EXTERNALIZE build/GEDE01/src/game/game_fn_801EF910.o
[454/904] EXTERNALIZE build/GEDE01/src/game/game_fn_801ECF50.o
[455/904] EXTERNALIZE build/GEDE01/src/game/game_fn_801FC204.o
[456/904] EXTERNALIZE build/GEDE01/src/game/game_fn_801EB09C.o
[457/904] EXTERNALIZE build/GEDE01/src/game/game_fn_801EB11C.o
[458/904] EXTERNALIZE build/GEDE01/src/game/game_fn_801E41AC.o
[459/904] EXTERNALIZE JUMPTABLES build/GEDE01/src/game/game_fn_80050B08.o
[460/904] EXTERNALIZE build/GEDE01/src/game/game_fn_801D9FE4.o
[461/904] EXTERNALIZE build/GEDE01/src/game/game_fn_801D76A8.o
[462/904] EXTERNALIZE build/GEDE01/src/game/game_fn_801D8050.o
[463/904] EXTERNALIZE build/GEDE01/src/game/game_fn_801D7C24.o
[464/904] EXTERNALIZE build/GEDE01/src/game/game_fn_8019B1BC.o
[465/904] EXTERNALIZE build/GEDE01/src/game/game_fn_80178F88.o
[466/904] EXTERNALIZE build/GEDE01/src/game/game_fn_801CD228.o
[467/904] EXTERNALIZE build/GEDE01/src/game/game_fn_801BA15C.o
[468/904] EXTERNALIZE build/GEDE01/src/game/game_fn_801C970C.o
[469/904] EXTERNALIZE build/GEDE01/src/game/game_fn_801C9510.o
[470/904] EXTERNALIZE build/GEDE01/src/game/game_fn_80126A00.o
[471/904] EXTERNALIZE build/GEDE01/src/game/game_fn_8013D6A4.o
[472/904] EXTERNALIZE build/GEDE01/src/game/game_fn_800C9C60.o
[473/904] EXTERNALIZE build/GEDE01/src/game/game_fn_801B4FB4.o
[474/904] EXTERNALIZE build/GEDE01/src/game/game_fn_801B5228.o
[475/904] EXTERNALIZE build/GEDE01/src/game/game_fn_801C87DC.o
[476/904] EXTERNALIZE build/GEDE01/src/game/game_fn_801B6F1C.o
[477/904] EXTERNALIZE build/GEDE01/src/game/game_fn_801C8CC0.o
[478/904] EXTERNALIZE build/GEDE01/src/game/game_fn_800FD0C8.o
[479/904] EXTERNALIZE build/GEDE01/src/game/game_fn_801BDE7C.o
[480/904] EXTERNALIZE build/GEDE01/src/game/game_fn_801BE0D4.o
[481/904] EXTERNALIZE STATIC POOL build/GEDE01/src/game/game_fn_801C9A08.o
build/GEDE01/src/game/game_fn_801C9A08.o: lbl_80629390 now undefined; section 3 emptied
[482/904] EXTERNALIZE STATIC POOL build/GEDE01/src/game/game_fn_801C9B1C.o
build/GEDE01/src/game/game_fn_801C9B1C.o: lbl_80629390 now undefined; section 3 emptied
[483/904] EXTERNALIZE build/GEDE01/src/game/game_fn_801B941C.o
[484/904] EXTERNALIZE STATIC POOL build/GEDE01/src/game/game_fn_801BD990.o
build/GEDE01/src/game/game_fn_801BD990.o: lbl_80626D80 now undefined; section 6 emptied
[485/904] EXTERNALIZE STATIC POOL build/GEDE01/src/game/game_fn_801B58F0.o
build/GEDE01/src/game/game_fn_801B58F0.o: lbl_8060C020 now undefined; section 3 emptied
[486/904] EXTERNALIZE STATIC POOL build/GEDE01/src/game/game_fn_801B9E7C.o
build/GEDE01/src/game/game_fn_801B9E7C.o: 0 relocation(s) moved from streamInfo to ...bss.0
build/GEDE01/src/game/game_fn_801B9E7C.o: lbl_8061AE48 now undefined; section 6 emptied
[487/904] EXTERNALIZE STATIC POOL build/GEDE01/src/game/game_fn_801BB1A0.o
build/GEDE01/src/game/game_fn_801BB1A0.o: 0 relocation(s) moved from streamInfo to ...bss.0
build/GEDE01/src/game/game_fn_801BB1A0.o: lbl_8061AE48 now undefined; section 6 emptied
[488/904] EXTERNALIZE STATIC build/GEDE01/src/game/game_fn_801B35BC.o
build/GEDE01/src/game/game_fn_801B35BC.o: lbl_8060D420 now undefined; section 6 emptied
[489/904] EXTERNALIZE STATIC POOL build/GEDE01/src/game/game_fn_801BA708.o
build/GEDE01/src/game/game_fn_801BA708.o: 0 relocation(s) moved from streamInfo to ...bss.0
build/GEDE01/src/game/game_fn_801BA708.o: lbl_8061AE48 now undefined; section 6 emptied
[490/904] EXTERNALIZE STATIC POOL build/GEDE01/src/game/game_fn_801BC8F4.o
build/GEDE01/src/game/game_fn_801BC8F4.o: lbl_8061C748 now undefined; section 6 emptied
[491/904] EXTERNALIZE STATIC build/GEDE01/src/game/game_fn_801BC240.o
build/GEDE01/src/game/game_fn_801BC240.o: lbl_8061C748 now undefined; section 6 emptied
[492/904] EXTERNALIZE STATIC POOL build/GEDE01/src/game/game_fn_801BCC04.o
build/GEDE01/src/game/game_fn_801BCC04.o: lbl_8061C748 now undefined; section 6 emptied
[493/904] EXTERNALIZE STATIC POOL build/GEDE01/src/game/game_fn_801BC0D4.o
build/GEDE01/src/game/game_fn_801BC0D4.o: lbl_8061C748 now undefined; section 6 emptied
[494/904] EXTERNALIZE STATIC POOL build/GEDE01/src/game/game_fn_801C1CB0.o
build/GEDE01/src/game/game_fn_801C1CB0.o: lbl_80626DA0 now undefined; section 3 emptied
[495/904] RENAME build/GEDE01/src/game/game_InitMetroTRKCommTable.o
[496/904] EXTERNALIZE STATIC POOL build/GEDE01/src/game/game_fn_801CE09C.o
build/GEDE01/src/game/game_fn_801CE09C.o: lbl_80631340 now undefined; section 6 emptied
[497/904] RENAME RUNTIME INTRINSICS build/GEDE01/src/game/game_fn_801CB4F8.o
[498/904] EXTERNALIZE STATIC POOL build/GEDE01/src/game/game_fn_8010242C.o
build/GEDE01/src/game/game_fn_8010242C.o: lbl_8032CC08 now undefined; section 3 emptied
[499/904] EXTERNALIZE build/GEDE01/src/game/game_fn_801D3988.o
[500/904] EXTERNALIZE build/GEDE01/src/game/game_fn_801D1B10.o
[501/904] EXTERNALIZE build/GEDE01/src/game/game_fn_801CE594.o
[502/904] ALIGN DATA build/GEDE01/src/game/game_fn_80008014.o
[503/904] EXTERNALIZE build/GEDE01/src/game/game_fn_8014549C.o
[504/904] EXTERNALIZE build/GEDE01/src/game/game_fn_801C8224.o
[505/904] EXTERNALIZE build/GEDE01/src/game/game_fn_801098C0.o
[506/904] EXTERNALIZE build/GEDE01/src/game/game_fn_8000FDE8.o
[507/904] EXTERNALIZE build/GEDE01/src/game/game_fn_80185F10.o
[508/904] EXTERNALIZE build/GEDE01/src/game/game_fn_801C29BC.o
[509/904] EXTERNALIZE build/GEDE01/src/game/game_fn_8007B828.o
[510/904] EXTERNALIZE build/GEDE01/src/game/game_fn_801C8F50.o
[511/904] EXTERNALIZE build/GEDE01/src/game/game_fn_801C90A4.o
[512/904] EXTERNALIZE build/GEDE01/src/game/game_fn_801C8160.o
[513/904] EXTERNALIZE build/GEDE01/src/game/game_fn_801C2AAC.o
[514/904] EXTERNALIZE build/GEDE01/src/game/game_fn_801C2D9C.o
[515/904] EXTERNALIZE build/GEDE01/src/game/game_fn_801C2980.o
[516/904] EXTERNALIZE build/GEDE01/src/game/game_fn_801B02F0.o
[517/904] EXTERNALIZE build/GEDE01/src/game/game_fn_801AFA74.o
[518/904] EXTERNALIZE build/GEDE01/src/game/game_fn_801AC8AC.o
[519/904] EXTERNALIZE build/GEDE01/src/game/game_fn_801ABD3C.o
[520/904] EXTERNALIZE build/GEDE01/src/game/game_fn_801816D4.o
[521/904] EXTERNALIZE build/GEDE01/src/game/game_fn_8011F140.o
[522/904] EXTERNALIZE build/GEDE01/src/game/game_fn_801AD08C.o
[523/904] EXTERNALIZE build/GEDE01/src/game/game_fn_8004998C.o
[524/904] EXTERNALIZE build/GEDE01/src/game/game_fn_80079AA4.o
[525/904] EXTERNALIZE build/GEDE01/src/game/game_fn_80158D38.o
[526/904] EXTERNALIZE build/GEDE01/src/game/game_fn_801A3A78.o
[527/904] EXTERNALIZE build/GEDE01/src/game/game_fn_8008F224.o
[528/904] EXTERNALIZE build/GEDE01/src/game/game_fn_80167454.o
[529/904] EXTERNALIZE build/GEDE01/src/game/game_fn_800AF230.o
[530/904] EXTERNALIZE build/GEDE01/src/game/game_fn_801A93E8.o
[531/904] EXTERNALIZE build/GEDE01/src/game/game_fn_801AB154.o
[532/904] EXTERNALIZE build/GEDE01/src/game/game_fn_801A7E04.o
[533/904] EXTERNALIZE build/GEDE01/src/game/game_fn_801A7EA8.o
[534/904] EXTERNALIZE build/GEDE01/src/game/game_fn_801A6CB4.o
[535/904] EXTERNALIZE build/GEDE01/src/game/game_fn_801A4CE0.o
[536/904] EXTERNALIZE build/GEDE01/src/game/game_fn_801A6C58.o
[537/904] NAME JUMPTABLE build/GEDE01/src/game/game_fn_801A6ADC.o
[538/904] EXTERNALIZE build/GEDE01/src/game/game_fn_801A6410.o
[539/904] EXTERNALIZE build/GEDE01/src/game/game_fn_801A5FB0.o
[540/904] EXTERNALIZE build/GEDE01/src/game/game_fn_801A1F18.o
[541/904] EXTERNALIZE build/GEDE01/src/game/game_fn_8019E8C8.o
[542/904] EXTERNALIZE build/GEDE01/src/game/game_fn_8019E5E4.o
[543/904] EXTERNALIZE build/GEDE01/src/game/game_fn_8019CFC4.o
[544/904] EXTERNALIZE build/GEDE01/src/game/game_fn_8019CC28.o
[545/904] EXTERNALIZE build/GEDE01/src/game/game_fn_801991E0.o
[546/904] EXTERNALIZE build/GEDE01/src/game/game_fn_80198BF4.o
[547/904] EXTERNALIZE build/GEDE01/src/game/game_fn_80198AAC.o
[548/904] EXTERNALIZE build/GEDE01/src/game/game_fn_80198154.o
[549/904] EXTERNALIZE build/GEDE01/src/game/game_fn_80194F80.o
[550/904] EXTERNALIZE build/GEDE01/src/game/game_fn_80197910.o
[551/904] EXTERNALIZE build/GEDE01/src/game/game_fn_80177434.o
repointed 2 relocations to lbl_80250588
[552/904] EXTERNALIZE build/GEDE01/src/game/game_fn_80193E1C.o
[553/904] EXTERNALIZE build/GEDE01/src/game/game_fn_801931C4.o
[554/904] EXTERNALIZE build/GEDE01/src/game/game_fn_80193F3C.o
[555/904] EXTERNALIZE build/GEDE01/src/game/game_fn_80192F54.o
[556/904] EXTERNALIZE build/GEDE01/src/game/game_fn_80191F58.o
[557/904] EXTERNALIZE build/GEDE01/src/game/game_fn_8019197C.o
[558/904] EXTERNALIZE build/GEDE01/src/game/game_fn_80191360.o
[559/904] GLOBALIZE build/GEDE01/src/game/game_fn_8018F1D0.o
[560/904] EXTERNALIZE build/GEDE01/src/game/game_fn_8018D688.o
[561/904] EXTERNALIZE build/GEDE01/src/game/game_fn_8018F81C.o
[562/904] EXTERNALIZE build/GEDE01/src/game/game_fn_8018D2E0.o
[563/904] EXTERNALIZE build/GEDE01/src/game/game_fn_80189968.o
[564/904] EXTERNALIZE build/GEDE01/src/game/game_fn_80189760.o
[565/904] EXTERNALIZE build/GEDE01/src/game/game_fn_8018D1F0.o
[566/904] EXTERNALIZE build/GEDE01/src/game/game_fn_801896A0.o
[567/904] EXTERNALIZE build/GEDE01/src/game/game_fn_801895E8.o
[568/904] EXTERNALIZE build/GEDE01/src/game/game_fn_80189390.o
[569/904] EXTERNALIZE build/GEDE01/src/game/game_fn_801891D8.o
[570/904] EXTERNALIZE build/GEDE01/src/game/game_fn_80188E28.o
[571/904] EXTERNALIZE build/GEDE01/src/game/game_fn_80189028.o
[572/904] EXTERNALIZE build/GEDE01/src/game/game_fn_80188B44.o
[573/904] EXTERNALIZE build/GEDE01/src/game/game_fn_80188C1C.o
[574/904] EXTERNALIZE build/GEDE01/src/game/game_fn_80188A7C.o
[575/904] EXTERNALIZE build/GEDE01/src/game/game_fn_801878E0.o
[576/904] EXTERNALIZE build/GEDE01/src/game/game_fn_80187120.o
[577/904] EXTERNALIZE build/GEDE01/src/game/game_fn_8018FEDC.o
[578/904] EXTERNALIZE build/GEDE01/src/game/game_fn_80186E10.o
[579/904] EXTERNALIZE build/GEDE01/src/game/game_fn_801865EC.o
[580/904] EXTERNALIZE build/GEDE01/src/game/game_fn_80185AE8.o
[581/904] EXTERNALIZE build/GEDE01/src/game/game_fn_801859FC.o
[582/904] EXTERNALIZE build/GEDE01/src/game/game_fn_80180DDC.o
[583/904] EXTERNALIZE build/GEDE01/src/game/game_fn_8017E958.o
[584/904] EXTERNALIZE build/GEDE01/src/game/game_fn_8017E850.o
[585/904] EXTERNALIZE build/GEDE01/src/game/game_fn_8017718C.o
[586/904] EXTERNALIZE build/GEDE01/src/game/game_fn_801770F8.o
[587/904] EXTERNALIZE build/GEDE01/src/game/game_fn_80176FA0.o
[588/904] EXTERNALIZE build/GEDE01/src/game/game_fn_80176DF4.o
[589/904] EXTERNALIZE build/GEDE01/src/game/game_fn_80174358.o
[590/904] EXTERNALIZE build/GEDE01/src/game/game_fn_80173F04.o
[591/904] EXTERNALIZE build/GEDE01/src/game/game_fn_80174184.o
[592/904] EXTERNALIZE build/GEDE01/src/game/game_fn_8017553C.o
[593/904] EXTERNALIZE build/GEDE01/src/game/game_fn_80173D44.o
[594/904] EXTERNALIZE build/GEDE01/src/game/game_fn_801734B4.o
[595/904] EXTERNALIZE build/GEDE01/src/game/game_fn_80173770.o
[596/904] EXTERNALIZE build/GEDE01/src/game/game_fn_80172DB8.o
[597/904] EXTERNALIZE build/GEDE01/src/game/game_fn_80173270.o
[598/904] EXTERNALIZE build/GEDE01/src/game/game_fn_80172BB0.o
[599/904] EXTERNALIZE build/GEDE01/src/game/game_fn_80172C78.o
[600/904] EXTERNALIZE build/GEDE01/src/game/game_fn_801726EC.o
[601/904] EXTERNALIZE build/GEDE01/src/game/game_fn_8017250C.o
[602/904] EXTERNALIZE build/GEDE01/src/game/game_fn_801719B4.o
[603/904] EXTERNALIZE build/GEDE01/src/game/game_fn_80171F30.o
[604/904] EXTERNALIZE build/GEDE01/src/game/game_fn_801718F4.o
[605/904] EXTERNALIZE build/GEDE01/src/game/game_fn_80171664.o
[606/904] EXTERNALIZE build/GEDE01/src/game/game_fn_8017138C.o
[607/904] EXTERNALIZE build/GEDE01/src/game/game_fn_80170A40.o
[608/904] NORMALIZE build/GEDE01/src/game/game_TRKNubWelcome.o
[609/904] NORMALIZE build/GEDE01/src/game/game_TRK_main.o
[610/904] NORMALIZE build/GEDE01/src/game/game_data_80239E10.o
[611/904] NORMALIZE build/GEDE01/src/game/game_data_80239E18.o
[612/904] EXTERNALIZE build/GEDE01/src/game/game_fn_801706DC.o
[613/904] EXTERNALIZE build/GEDE01/src/game/game_fn_8017652C.o
[614/904] EXTERNALIZE build/GEDE01/src/game/game_fn_80170E9C.o
[615/904] EXTERNALIZE build/GEDE01/src/game/game_fn_80175E64.o
[616/904] EXTERNALIZE build/GEDE01/src/game/game_fn_80175F0C.o
[617/904] EXTERNALIZE build/GEDE01/src/game/game_fn_80175FD4.o
[618/904] EXTERNALIZE build/GEDE01/src/game/game_fn_80176098.o
[619/904] EXTERNALIZE build/GEDE01/src/game/game_fn_80176160.o
[620/904] EXTERNALIZE build/GEDE01/src/game/game_fn_80176220.o
[621/904] EXTERNALIZE build/GEDE01/src/game/game_fn_80170DF4.o
[622/904] EXTERNALIZE build/GEDE01/src/game/game_fn_801762E8.o
[623/904] EXTERNALIZE build/GEDE01/src/game/game_fn_8016E8F8.o
[624/904] EXTERNALIZE build/GEDE01/src/game/game_fn_8016FEF8.o
[625/904] EXTERNALIZE build/GEDE01/src/game/game_fn_801704F8.o
[626/904] NORMALIZE build/GEDE01/src/game/game_fn_8016DF4C.o
[627/904] EXTERNALIZE build/GEDE01/src/game/game_fn_8016D2B8.o
[628/904] EXTERNALIZE build/GEDE01/src/game/game_fn_8016D040.o
[629/904] EXTERNALIZE build/GEDE01/src/game/game_fn_8016D1F8.o
[630/904] EXTERNALIZE build/GEDE01/src/game/game_fn_8016C774.o
[631/904] EXTERNALIZE build/GEDE01/src/game/game_fn_8016C4BC.o
[632/904] EXTERNALIZE build/GEDE01/src/game/game_fn_8016C238.o
[633/904] EXTERNALIZE build/GEDE01/src/game/game_fn_8016C164.o
[634/904] EXTERNALIZE build/GEDE01/src/game/game_fn_8016C0BC.o
[635/904] EXTERNALIZE build/GEDE01/src/game/game_fn_8017038C.o
[636/904] EXTERNALIZE build/GEDE01/src/game/game_fn_8016BE1C.o
[637/904] EXTERNALIZE build/GEDE01/src/game/game_fn_8016BF60.o
[638/904] EXTERNALIZE build/GEDE01/src/game/game_fn_8016BD0C.o
[639/904] EXTERNALIZE build/GEDE01/src/game/game_fn_80169650.o
[640/904] EXTERNALIZE build/GEDE01/src/game/game_fn_80167B5C.o
[641/904] EXTERNALIZE build/GEDE01/src/game/game_fn_8015EDC0.o
[642/904] EXTERNALIZE build/GEDE01/src/game/game_fn_8015DB84.o
[643/904] EXTERNALIZE build/GEDE01/src/game/game_fn_8015DC54.o
[644/904] EXTERNALIZE build/GEDE01/src/game/game_fn_80158B20.o
[645/904] EXTERNALIZE build/GEDE01/src/game/game_fn_80179398.o
[646/904] EXTERNALIZE build/GEDE01/src/game/game_fn_8017960C.o
[647/904] EXTERNALIZE build/GEDE01/src/game/game_fn_8017974C.o
[648/904] EXTERNALIZE build/GEDE01/src/game/game_fn_80179904.o
[649/904] EXTERNALIZE build/GEDE01/src/game/game_fn_8017A9B8.o
[650/904] EXTERNALIZE build/GEDE01/src/game/game_fn_80179A18.o
[651/904] EXTERNALIZE build/GEDE01/src/game/game_fn_80179A74.o
[652/904] EXTERNALIZE build/GEDE01/src/game/game_fn_80179EB8.o
[653/904] EXTERNALIZE build/GEDE01/src/game/game_fn_80179F20.o
[654/904] EXTERNALIZE build/GEDE01/src/game/game_fn_8017A010.o
[655/904] EXTERNALIZE build/GEDE01/src/game/game_fn_8017A12C.o
[656/904] EXTERNALIZE build/GEDE01/src/game/game_fn_80157C0C.o
[657/904] EXTERNALIZE build/GEDE01/src/game/game_fn_8017A1C0.o
[658/904] EXTERNALIZE build/GEDE01/src/game/game_fn_80155814.o
[659/904] EXTERNALIZE build/GEDE01/src/game/game_fn_80153898.o
[660/904] EXTERNALIZE build/GEDE01/src/game/game_fn_8014B494.o
[661/904] EXTERNALIZE build/GEDE01/src/game/game_fn_8014AF38.o
[662/904] EXTERNALIZE build/GEDE01/src/game/game_fn_8012DB28.o
[663/904] EXTERNALIZE build/GEDE01/src/game/game_fn_801141B8.o
[664/904] EXTERNALIZE build/GEDE01/src/game/game_fn_801128E4.o
[665/904] EXTERNALIZE build/GEDE01/src/game/game_fn_801126E0.o
[666/904] EXTERNALIZE build/GEDE01/src/game/game_fn_8010F184.o
[667/904] EXTERNALIZE build/GEDE01/src/game/game_fn_800E4980.o
[668/904] EXTERNALIZE build/GEDE01/src/game/game_fn_800C17EC.o
[669/904] EXTERNALIZE build/GEDE01/src/game/game_fn_800C030C.o
[670/904] EXTERNALIZE build/GEDE01/src/game/game_fn_800C59F0.o
[671/904] EXTERNALIZE build/GEDE01/src/game/game_fn_800C644C.o
[672/904] EXTERNALIZE build/GEDE01/src/game/game_fn_800C65FC.o
[673/904] EXTERNALIZE build/GEDE01/src/game/game_fn_800CB760.o
[674/904] EXTERNALIZE build/GEDE01/src/game/game_fn_800CB8F4.o
[675/904] EXTERNALIZE build/GEDE01/src/game/game_fn_80078500.o
[676/904] EXTERNALIZE build/GEDE01/src/game/game_fn_80079908.o
[677/904] EXTERNALIZE build/GEDE01/src/game/game_fn_8007B2F4.o
[678/904] EXTERNALIZE build/GEDE01/src/game/game_fn_8007B540.o
[679/904] EXTERNALIZE build/GEDE01/src/game/game_fn_8007B640.o
[680/904] EXTERNALIZE build/GEDE01/src/game/game_fn_800886D8.o
[681/904] EXTERNALIZE build/GEDE01/src/game/game_fn_8007BA3C.o
[682/904] EXTERNALIZE build/GEDE01/src/game/game_fn_800934A0.o
[683/904] EXTERNALIZE build/GEDE01/src/game/game_fn_800A3894.o
[684/904] EXTERNALIZE build/GEDE01/src/game/game_fn_800A7E88.o
[685/904] EXTERNALIZE build/GEDE01/src/game/game_fn_800A4798.o
[686/904] GLOBALIZE build/GEDE01/src/game/game_fn_800A2130.o
[687/904] EXTERNALIZE build/GEDE01/src/game/game_fn_800A2FCC.o
[688/904] EXTERNALIZE build/GEDE01/src/game/game_fn_8009C424.o
[689/904] EXTERNALIZE build/GEDE01/src/game/game_fn_80096830.o
[690/904] GLOBALIZE build/GEDE01/src/game/game_fn_8008F890.o
[691/904] EXTERNALIZE SWITCHES build/GEDE01/src/game/game_fn_80095FDC.o
[692/904] EXTERNALIZE build/GEDE01/src/game/game_fn_800A4428.o
[693/904] EXTERNALIZE build/GEDE01/src/game/game_fn_80074310.o
[694/904] GLOBALIZE build/GEDE01/src/game/game_fn_8005FD84.o
[695/904] EXTERNALIZE build/GEDE01/src/game/game_fn_80066888.o
[696/904] EXTERNALIZE build/GEDE01/src/game/game_fn_8005EC6C.o
[697/904] EXTERNALIZE build/GEDE01/src/game/game_fn_80052310.o
[698/904] EXTERNALIZE build/GEDE01/src/game/game_fn_80048B24.o
[699/904] NAME SWITCH build/GEDE01/src/game/game_fn_80020E94.o
[700/904] NAME SWITCH build/GEDE01/src/game/game_fn_8005EE9C.o
[701/904] NAME SWITCH build/GEDE01/src/game/game_fn_8016D9C0.o
[702/904] NAME SWITCH build/GEDE01/src/game/game_fn_80071A58.o
[703/904] EXTERNALIZE build/GEDE01/src/game/game_fn_80048ADC.o
[704/904] NAME SWITCH build/GEDE01/src/game/game_fn_8006B620.o
[705/904] NAME SWITCH build/GEDE01/src/game/game_fn_8001FE1C.o
[706/904] NAME SWITCH build/GEDE01/src/game/game_fn_8001E644.o
[707/904] EXTERNALIZE build/GEDE01/src/game/game_fn_80038878.o
[708/904] EXTERNALIZE build/GEDE01/src/game/game_fn_801B46C8.o
build/GEDE01/src/game/game_fn_801B46C8.o: lbl_8060C020 now undefined; section 6 emptied
[709/904] EXTERNALIZE build/GEDE01/src/game/game_fn_80036C40.o
[710/904] EXTERNALIZE build/GEDE01/src/game/game_fn_800359A0.o
[711/904] EXTERNALIZE build/GEDE01/src/game/game_fn_80033180.o
[712/904] EXTERNALIZE build/GEDE01/src/game/game_fn_80033038.o
[713/904] EXTERNALIZE build/GEDE01/src/game/game_fn_80032B84.o
[714/904] EXTERNALIZE build/GEDE01/src/game/game_fn_8003232C.o
[715/904] EXTERNALIZE build/GEDE01/src/game/game_fn_8002DAE0.o
[716/904] EXTERNALIZE build/GEDE01/src/game/game_fn_8002E3F0.o
[717/904] EXTERNALIZE build/GEDE01/src/game/game_fn_8002F428.o
[718/904] EXTERNALIZE build/GEDE01/src/game/game_fn_8002EA68.o
[719/904] GLOBALIZE build/GEDE01/src/game/game_fn_8002B748.o
[720/904] NAME SWITCHES build/GEDE01/src/game/game_fn_80024F28.o
[721/904] EXTERNALIZE build/GEDE01/src/game/game_fn_800272B4.o
[722/904] EXTERNALIZE build/GEDE01/src/game/game_fn_8001CE94.o
[723/904] EXTERNALIZE build/GEDE01/src/game/game_fn_8001CD58.o
[724/904] EXTERNALIZE build/GEDE01/src/game/game_fn_8001C078.o
[725/904] EXTERNALIZE build/GEDE01/src/game/game_fn_8001B874.o
[726/904] EXTERNALIZE build/GEDE01/src/game/game_fn_8001B808.o
[727/904] EXTERNALIZE build/GEDE01/src/game/game_fn_8001B294.o
[728/904] EXTERNALIZE build/GEDE01/src/game/game_fn_8001B124.o
[729/904] EXTERNALIZE build/GEDE01/src/game/game_fn_8001ADF8.o
[730/904] EXTERNALIZE build/GEDE01/src/game/game_fn_8001AF68.o
[731/904] EXTERNALIZE build/GEDE01/src/game/game_fn_8001AAB8.o
[732/904] EXTERNALIZE build/GEDE01/src/game/game_fn_80019F98.o
[733/904] EXTERNALIZE build/GEDE01/src/game/game_fn_8001A6C4.o
[734/904] EXTERNALIZE build/GEDE01/src/game/game_fn_80019D2C.o
[735/904] EXTERNALIZE build/GEDE01/src/game/game_fn_80019C10.o
[736/904] EXTERNALIZE build/GEDE01/src/game/game_fn_80019940.o
[737/904] EXTERNALIZE build/GEDE01/src/game/game_fn_800194D0.o
[738/904] EXTERNALIZE build/GEDE01/src/game/game_fn_80019244.o
[739/904] EXTERNALIZE build/GEDE01/src/game/game_fn_80019054.o
[740/904] EXTERNALIZE build/GEDE01/src/game/game_fn_80018EF4.o
[741/904] EXTERNALIZE build/GEDE01/src/game/game_fn_80017DB0.o
[742/904] EXTERNALIZE build/GEDE01/src/game/game_fn_80017CC8.o
[743/904] EXTERNALIZE build/GEDE01/src/game/game_fn_80017C3C.o
[744/904] EXTERNALIZE build/GEDE01/src/game/game_fn_80017AE4.o
[745/904] EXTERNALIZE build/GEDE01/src/game/game_fn_80017A3C.o
[746/904] EXTERNALIZE build/GEDE01/src/game/game_fn_800179AC.o
[747/904] EXTERNALIZE build/GEDE01/src/game/game_fn_80017910.o
[748/904] EXTERNALIZE FLAGS build/GEDE01/src/game/game_fn_800119FC.o
[749/904] EXTERNALIZE build/GEDE01/src/game/game_fn_8000FFD8.o
[750/904] EXTERNALIZE build/GEDE01/src/game/game_fn_8000F4B0.o
[751/904] GLOBALIZE build/GEDE01/src/game/game_fn_800094C0.o
[752/904] EXTERNALIZE build/GEDE01/src/game/game_fn_8000EFC4.o
[753/904] EXTERNALIZE build/GEDE01/src/game/game_fn_800096E0.o
[754/904] EXTERNALIZE build/GEDE01/src/game/game_fn_800098C0.o
[755/904] EXTERNALIZE build/GEDE01/src/game/game_fn_800099D8.o
[756/904] EXTERNALIZE build/GEDE01/src/game/game_fn_80009AB4.o
[757/904] EXTERNALIZE build/GEDE01/src/game/game_fn_8000A26C.o
[758/904] EXTERNALIZE build/GEDE01/src/game/game_fn_800171C0.o
[759/904] EXTERNALIZE build/GEDE01/src/game/game_fn_800176F0.o
[760/904] EXTERNALIZE build/GEDE01/src/game/game_fn_8000AC88.o
[761/904] EXTERNALIZE build/GEDE01/src/game/game_fn_8000AEB4.o
[762/904] EXTERNALIZE build/GEDE01/src/game/game_fn_8000AFB4.o
[763/904] EXTERNALIZE build/GEDE01/src/game/game_fn_8000B1B8.o
[764/904] EXTERNALIZE build/GEDE01/src/game/game_fn_8000B36C.o
[765/904] EXTERNALIZE build/GEDE01/src/game/game_fn_8000B630.o
[766/904] EXTERNALIZE build/GEDE01/src/game/game_fn_8000B7FC.o
[767/904] EXTERNALIZE build/GEDE01/src/game/game_fn_8000B900.o
[768/904] EXTERNALIZE build/GEDE01/src/game/game_fn_8000BA0C.o
[769/904] EXTERNALIZE build/GEDE01/src/game/game_fn_8000BAA0.o
[770/904] EXTERNALIZE build/GEDE01/src/game/game_fn_8000BC40.o
[771/904] EXTERNALIZE build/GEDE01/src/game/game_fn_8000C06C.o
[772/904] EXTERNALIZE build/GEDE01/src/game/game_fn_8000C17C.o
[773/904] EXTERNALIZE build/GEDE01/src/game/game_fn_8000C848.o
[774/904] EXTERNALIZE build/GEDE01/src/game/game_fn_8000C400.o
[775/904] EXTERNALIZE build/GEDE01/src/game/game_fn_8000D0BC.o
[776/904] EXTERNALIZE build/GEDE01/src/game/game_fn_8000C91C.o
[777/904] NAME SWITCH build/GEDE01/src/game/game_fn_8000D8A4.o
[778/904] EXTERNALIZE build/GEDE01/src/game/game_fn_8000E054.o
[779/904] EXTERNALIZE build/GEDE01/src/game/game_fn_8000D3D4.o
[780/904] EXTERNALIZE build/GEDE01/src/game/game_fn_8000E0AC.o
[781/904] EXTERNALIZE build/GEDE01/src/game/game_fn_8000E96C.o
[782/904] EXTERNALIZE build/GEDE01/src/game/game_fn_8000EB14.o
[783/904] EXTERNALIZE build/GEDE01/src/game/game_fn_8000F774.o
[784/904] EXTERNALIZE build/GEDE01/src/game/game_fn_8000EBD4.o
[785/904] EXTERNALIZE build/GEDE01/src/game/game_fn_8000ED44.o
[786/904] EXTERNALIZE build/GEDE01/src/game/game_fn_8000E138.o
[787/904] EXTERNALIZE build/GEDE01/src/game/game_fn_8000E1C4.o
[788/904] EXTERNALIZE build/GEDE01/src/game/game_fn_8000DA50.o
[789/904] EXTERNALIZE build/GEDE01/src/game/game_fn_8000D590.o
[790/904] EXTERNALIZE build/GEDE01/src/game/game_fn_8000DAF4.o
[791/904] EXTERNALIZE build/GEDE01/src/game/game_fn_80012DA8.o
[792/904] EXTERNALIZE build/GEDE01/src/game/game_fn_80012F40.o
[793/904] EXTERNALIZE build/GEDE01/src/game/game_fn_80012FD0.o
[794/904] EXTERNALIZE build/GEDE01/src/game/game_fn_80013340.o
[795/904] EXTERNALIZE build/GEDE01/src/game/game_fn_800131E8.o
[796/904] EXTERNALIZE build/GEDE01/src/game/game_fn_80013870.o
[797/904] EXTERNALIZE build/GEDE01/src/game/game_fn_80013CB0.o
[798/904] EXTERNALIZE build/GEDE01/src/game/game_fn_80013D54.o
[799/904] EXTERNALIZE build/GEDE01/src/game/game_fn_800142DC.o
[800/904] EXTERNALIZE build/GEDE01/src/game/game_fn_800144CC.o
[801/904] EXTERNALIZE build/GEDE01/src/game/game_fn_80014784.o
[802/904] EXTERNALIZE build/GEDE01/src/game/game_fn_80015058.o
[803/904] EXTERNALIZE build/GEDE01/src/game/game_fn_800149D4.o
[804/904] EXTERNALIZE build/GEDE01/src/game/game_fn_80015568.o
[805/904] EXTERNALIZE build/GEDE01/src/game/game_fn_80015320.o
[806/904] EXTERNALIZE build/GEDE01/src/game/game_fn_800156FC.o
[807/904] EXTERNALIZE build/GEDE01/src/game/game_fn_80015BE0.o
[808/904] EXTERNALIZE build/GEDE01/src/game/game_fn_80015D40.o
[809/904] EXTERNALIZE build/GEDE01/src/game/game_fn_80015F04.o
[810/904] EXTERNALIZE build/GEDE01/src/game/game_fn_80016270.o
[811/904] EXTERNALIZE build/GEDE01/src/game/game_fn_80016128.o
[812/904] EXTERNALIZE build/GEDE01/src/game/game_fn_80016904.o
[813/904] EXTERNALIZE build/GEDE01/src/game/game_fn_800173CC.o
[814/904] EXTERNALIZE build/GEDE01/src/game/game_fn_80016B24.o
[815/904] EXTERNALIZE build/GEDE01/src/game/game_fn_801BEF40.o
[816/904] EXTERNALIZE build/GEDE01/src/game/game_fn_801B86C0.o
[817/904] EXTERNALIZE STATIC POOL build/GEDE01/src/game/game_fn_801C4B5C.o
build/GEDE01/src/game/game_fn_801C4B5C.o: lbl_80628CB0 now undefined; section 6 emptied
[818/904] EXTERNALIZE build/GEDE01/src/game/game_fn_801C8600.o
[819/904] EXTERNALIZE build/GEDE01/src/game/game_fn_8014BA14.o
[820/904] EXTERNALIZE build/GEDE01/src/game/game_fn_8001CA04.o
[821/904] EXTERNALIZE build/GEDE01/src/game/game_fn_800B2EC0.o
[822/904] EXTERNALIZE build/GEDE01/src/game/game_fn_8006B0F0.o
[823/904] EXTERNALIZE build/GEDE01/src/game/game_fn_80031544.o
[824/904] EXTERNALIZE build/GEDE01/src/game/game_fn_8007F770.o
[825/904] EXTERNALIZE build/GEDE01/src/game/game_fn_8007D4D8.o
[826/904] EXTERNALIZE build/GEDE01/src/game/game_fn_80088F4C.o
[827/904] EXTERNALIZE build/GEDE01/src/game/game_fn_80089A34.o
[828/904] EXTERNALIZE build/GEDE01/src/game/game_fn_8008A2E0.o
[829/904] EXTERNALIZE build/GEDE01/src/game/game_fn_80090004.o
[830/904] EXTERNALIZE build/GEDE01/src/game/game_fn_80095D10.o
[831/904] EXTERNALIZE build/GEDE01/src/game/game_fn_800A3180.o
[832/904] EXTERNALIZE build/GEDE01/src/game/game_fn_800BB5C4.o
[833/904] EXTERNALIZE build/GEDE01/src/game/game_fn_800BB7A8.o
[834/904] EXTERNALIZE build/GEDE01/src/game/game_fn_800BBAF0.o
[835/904] EXTERNALIZE build/GEDE01/src/game/game_fn_800BB9A4.o
[836/904] EXTERNALIZE build/GEDE01/src/game/game_fn_800D9E10.o
[837/904] EXTERNALIZE build/GEDE01/src/game/game_fn_800D9064.o
[838/904] EXTERNALIZE build/GEDE01/src/game/game_fn_8012976C.o
[839/904] EXTERNALIZE build/GEDE01/src/game/game_fn_8013CBE4.o
[840/904] EXTERNALIZE build/GEDE01/src/game/game_fn_8013DB8C.o
[841/904] EXTERNALIZE build/GEDE01/src/game/game_fn_8014CA98.o
[842/904] EXTERNALIZE build/GEDE01/src/game/game_fn_80153A24.o
[843/904] EXTERNALIZE build/GEDE01/src/game/game_fn_801535D8.o
[844/904] EXTERNALIZE build/GEDE01/src/game/game_fn_80174F2C.o
[845/904] EXTERNALIZE build/GEDE01/src/game/game_fn_801752B0.o
[846/904] EXTERNALIZE build/GEDE01/src/game/game_fn_8017AC20.o
[847/904] EXTERNALIZE build/GEDE01/src/game/game_fn_801861C4.o
[848/904] EXTERNALIZE build/GEDE01/src/game/game_fn_8018680C.o
[849/904] EXTERNALIZE build/GEDE01/src/game/game_fn_80186F70.o
[850/904] EXTERNALIZE build/GEDE01/src/game/game_fn_80187320.o
[851/904] EXTERNALIZE build/GEDE01/src/game/game_fn_801810A0.o
[852/904] EXTERNALIZE build/GEDE01/src/game/game_fn_801875FC.o
[853/904] EXTERNALIZE build/GEDE01/src/game/game_fn_800542D0.o
[854/904] EXTERNALIZE build/GEDE01/src/game/game_fn_80189C14.o
[855/904] EXTERNALIZE build/GEDE01/src/game/game_fn_80187BB4.o
[856/904] EXTERNALIZE build/GEDE01/src/game/game_fn_8018C2D0.o
[857/904] EXTERNALIZE build/GEDE01/src/game/game_fn_8018D400.o
[858/904] EXTERNALIZE build/GEDE01/src/game/game_fn_8018E0D8.o
[859/904] EXTERNALIZE build/GEDE01/src/game/game_fn_8019120C.o
[860/904] EXTERNALIZE build/GEDE01/src/game/game_fn_8018DC24.o
[861/904] EXTERNALIZE build/GEDE01/src/game/game_fn_801926EC.o
[862/904] EXTERNALIZE build/GEDE01/src/game/game_fn_801916D0.o
[863/904] EXTERNALIZE build/GEDE01/src/game/game_fn_801929A4.o
[864/904] EXTERNALIZE build/GEDE01/src/game/game_fn_801952E8.o
[865/904] EXTERNALIZE build/GEDE01/src/game/game_fn_801A2A54.o
[866/904] EXTERNALIZE build/GEDE01/src/game/game_fn_801A657C.o
[867/904] EXTERNALIZE build/GEDE01/src/game/game_fn_801A34BC.o
[868/904] EXTERNALIZE build/GEDE01/src/game/game_fn_801E2A48.o
[869/904] EXTERNALIZE build/GEDE01/src/game/game_fn_801D1F78.o
[870/904] EXTERNALIZE build/GEDE01/src/game/game_fn_801E6814.o
[871/904] EXTERNALIZE build/GEDE01/src/game/game_fn_801E995C.o
[872/904] EXTERNALIZE build/GEDE01/src/game/game_fn_801F0CB0.o
[873/904] EXTERNALIZE build/GEDE01/src/game/game_fn_801EF580.o
[874/904] EXTERNALIZE build/GEDE01/src/game/game_fn_801F10BC.o
[875/904] EXTERNALIZE build/GEDE01/src/game/game_fn_801F35A8.o
[876/904] EXTERNALIZE build/GEDE01/src/game/game_fn_801ECD74.o
[877/904] EXTERNALIZE build/GEDE01/src/game/game_fn_801ED5F4.o
[878/904] EXTERNALIZE build/GEDE01/src/game/game_fn_801F69F0.o
[879/904] EXTERNALIZE build/GEDE01/src/game/game_fn_801F76EC.o
[880/904] EXTERNALIZE build/GEDE01/src/game/game_fn_801F8264.o
[881/904] EXTERNALIZE build/GEDE01/src/game/game_fn_801F89B4.o
[882/904] EXTERNALIZE build/GEDE01/src/game/game_fn_801F9AF8.o
[883/904] EXTERNALIZE build/GEDE01/src/game/game_fn_801F6BD8.o
[884/904] EXTERNALIZE JUMPTABLES build/GEDE01/src/game/game_fn_800361F8.o
[885/904] EXTERNALIZE build/GEDE01/src/game/game_fn_801FB6A4.o
[886/904] EXTERNALIZE JUMPTABLES build/GEDE01/src/game/game_fn_8006E53C.o
[887/904] EXTERNALIZE JUMPTABLES build/GEDE01/src/game/game_fn_800CF598.o
[888/904] EXTERNALIZE JUMPTABLES build/GEDE01/src/game/game_fn_801ACFE8.o
[889/904] EXTERNALIZE JUMPTABLES build/GEDE01/src/game/game_fn_801B1BA0.o
[890/904] EXTERNALIZE build/GEDE01/src/game/game_fn_80154F74.o
[891/904] EXTERNALIZE build/GEDE01/src/game/game_fn_8009E808.o
[892/904] EXTERNALIZE build/GEDE01/src/game/game_fn_801F1A38.o
[893/904] EXTERNALIZE build/GEDE01/src/game/game_fn_801F55A0.o
[894/904] EXTERNALIZE build/GEDE01/src/game/game_fn_801FFE78.o
[895/904] EXTERNALIZE build/GEDE01/src/game/game_fn_801F7510.o
[896/904] EXTERNALIZE build/GEDE01/src/game/game_fn_801F9CF4.o
[897/904] EXTERNALIZE build/GEDE01/src/game/game_fn_801FC034.o
[898/904] EXTERNALIZE build/GEDE01/src/game/game_fn_801FA9C8.o
[899/904] REPORT
 INFO Loading project .
 INFO Generating report for 7068 units (using 8 threads)
 INFO Report generated in 0.192s
 INFO Writing to build/GEDE01/report.json
[900/904] LINK build/GEDE01/main.elf
### mwldeppc.exe Linker Warning:
#   Section '.ignored' is unknown. Section ignored.
### mwldeppc.exe Linker Warning:
#   Section '.ignored' is unknown. Section ignored.
### mwldeppc.exe Linker Warning:
#   Section '.ignored' is unknown. Section ignored.
### mwldeppc.exe Linker Warning:
#   Section '.ignored' is unknown. Section ignored.
### mwldeppc.exe Linker Warning:
#   Section '.ignored' is unknown. Section ignored.
### mwldeppc.exe Linker Warning:
#   Section '.ignored' is unknown. Section ignored.
### mwldeppc.exe Linker Warning:
#   Section '.ignored' is unknown. Section ignored.
### mwldeppc.exe Linker Warning:
#   Section '.ignored' is unknown. Section ignored.
### mwldeppc.exe Linker Warning:
#   Section '.ignored' is unknown. Section ignored.
### mwldeppc.exe Linker Warning:
#   Section '.ignored' is unknown. Section ignored.
### mwldeppc.exe Linker Warning:
#   Section '.ignored' is unknown. Section ignored.
### mwldeppc.exe Linker Warning:
#   Section '.ignored' is unknown. Section ignored.
### mwldeppc.exe Linker Warning:
#   Section '.ignored' is unknown. Section ignored.
### mwldeppc.exe Linker Warning:
#   Section '.ignored' is unknown. Section ignored.
### mwldeppc.exe Linker Warning:
#   Section '.ignored' is unknown. Section ignored.
### mwldeppc.exe Linker Warning:
#   Section '.ignored' is unknown. Section ignored.
### mwldeppc.exe Linker Warning:
#   Section '.ignored' is unknown. Section ignored.
### mwldeppc.exe Linker Warning:
#   Section '.ignored' is unknown. Section ignored.
### mwldeppc.exe Linker Warning:
#   Section '.ignored' is unknown. Section ignored.
### mwldeppc.exe Linker Warning:
#   Section '.ignored' is unknown. Section ignored.
### mwldeppc.exe Linker Warning:
#   Section '.ignored' is unknown. Section ignored.
### mwldeppc.exe Linker Warning:
#   Section '.ignored' is unknown. Section ignored.
### mwldeppc.exe Linker Warning:
#   Section '.ignored' is unknown. Section ignored.
### mwldeppc.exe Linker Warning:
#   Section '.ignored' is unknown. Section ignored.
### mwldeppc.exe Linker Warning:
#   Section '.ignored' is unknown. Section ignored.
### mwldeppc.exe Linker Warning:
#   Section '.ignored' is unknown. Section ignored.
### mwldeppc.exe Linker Warning:
#   Section '.ignored' is unknown. Section ignored.
### mwldeppc.exe Linker Warning:
#   Section '.ignored' is unknown. Section ignored.
### mwldeppc.exe Linker Warning:
#   Section '.ignored' is unknown. Section ignored.
### mwldeppc.exe Linker Warning:
#   Section '.ignored' is unknown. Section ignored.
### mwldeppc.exe Linker Warning:
#   Section '.ignored' is unknown. Section ignored.
### mwldeppc.exe Linker Warning:
#   Section '.ignored' is unknown. Section ignored.
### mwldeppc.exe Linker Warning:
#   Section '.ignored' is unknown. Section ignored.
### mwldeppc.exe Linker Warning:
#   Section '.ignored' is unknown. Section ignored.
### mwldeppc.exe Linker Warning:
#   Section '.ignored' is unknown. Section ignored.
### mwldeppc.exe Linker Warning:
#   Section '.ignored' is unknown. Section ignored.
### mwldeppc.exe Linker Warning:
#   Section '.ignored' is unknown. Section ignored.
### mwldeppc.exe Linker Warning:
#   Section '.ignored' is unknown. Section ignored.
### mwldeppc.exe Linker Warning:
#   Section '.ignored' is unknown. Section ignored.
### mwldeppc.exe Linker Warning:
#   Section '.ignored' is unknown. Section ignored.
### mwldeppc.exe Linker Warning:
#   Section '.ignored' is unknown. Section ignored.
### mwldeppc.exe Linker Warning:
#   Section '.ignored' is unknown. Section ignored.
### mwldeppc.exe Linker Warning:
#   Section '.ignored' is unknown. Section ignored.
### mwldeppc.exe Linker Warning:
#   Section '.ignored' is unknown. Section ignored.
### mwldeppc.exe Linker Warning:
#   Section '.ignored' is unknown. Section ignored.
### mwldeppc.exe Linker Warning:
#   Section '.ignored' is unknown. Section ignored.
### mwldeppc.exe Linker Warning:
#   Section '.ignored' is unknown. Section ignored.
### mwldeppc.exe Linker Warning:
#   Section '.ignored' is unknown. Section ignored.
### mwldeppc.exe Linker Warning:
#   Section '.ignored' is unknown. Section ignored.
### mwldeppc.exe Linker Warning:
#   Section '.ignored' is unknown. Section ignored.
### mwldeppc.exe Linker Warning:
#   Section '.ignored' is unknown. Section ignored.
### mwldeppc.exe Linker Warning:
#   Section '.ignored' is unknown. Section ignored.
### mwldeppc.exe Linker Warning:
#   Section '.ignored' is unknown. Section ignored.
### mwldeppc.exe Linker Warning:
#   Section '.ignored' is unknown. Section ignored.
### mwldeppc.exe Linker Warning:
#   Section '.ignored' is unknown. Section ignored.
### mwldeppc.exe Linker Warning:
#   Section '.ignored' is unknown. Section ignored.
### mwldeppc.exe Linker Warning:
#   Section '.ignored' is unknown. Section ignored.
### mwldeppc.exe Linker Warning:
#   Section '.ignored' is unknown. Section ignored.
### mwldeppc.exe Linker Warning:
#   Section '.ignored' is unknown. Section ignored.
### mwldeppc.exe Linker Warning:
#   Section '.ignored' is unknown. Section ignored.
### mwldeppc.exe Linker Warning:
#   Section '.ignored' is unknown. Section ignored.
### mwldeppc.exe Linker Warning:
#   Section '.ignored' is unknown. Section ignored.
### mwldeppc.exe Linker Warning:
#   Section '.ignored' is unknown. Section ignored.
### mwldeppc.exe Linker Warning:
#   Section '.ignored' is unknown. Section ignored.
### mwldeppc.exe Linker Warning:
#   Section '.ignored' is unknown. Section ignored.
### mwldeppc.exe Linker Warning:
#   Section '.ignored' is unknown. Section ignored.
### mwldeppc.exe Linker Warning:
#   Section '.ignored' is unknown. Section ignored.
### mwldeppc.exe Linker Warning:
#   Section '.ignored' is unknown. Section ignored.
### mwldeppc.exe Linker Warning:
#   Section '.ignored' is unknown. Section ignored.
### mwldeppc.exe Linker Warning:
#   Section '.ignored' is unknown. Section ignored.
### mwldeppc.exe Linker Warning:
#   Section '.ignored' is unknown. Section ignored.
### mwldeppc.exe Linker Warning:
#   Section '.ignored' is unknown. Section ignored.
### mwldeppc.exe Linker Warning:
#   Section '.ignored' is unknown. Section ignored.
### mwldeppc.exe Linker Warning:
#   Section '.ignored' is unknown. Section ignored.
### mwldeppc.exe Linker Warning:
#   Section '.ignored' is unknown. Section ignored.
### mwldeppc.exe Linker Warning:
#   Section '.ignored' is unknown. Section ignored.
### mwldeppc.exe Linker Warning:
#   Section '.ignored' is unknown. Section ignored.
### mwldeppc.exe Linker Warning:
#   Section '.ignored' is unknown. Section ignored.
### mwldeppc.exe Linker Warning:
#   Section '.ignored' is unknown. Section ignored.
### mwldeppc.exe Linker Warning:
#   Section '.ignored' is unknown. Section ignored.
### mwldeppc.exe Linker Warning:
#   Section '.ignored' is unknown. Section ignored.
### mwldeppc.exe Linker Warning:
#   Section '.ignored' is unknown. Section ignored.
### mwldeppc.exe Linker Warning:
#   Section '.ignored' is unknown. Section ignored.
### mwldeppc.exe Linker Warning:
#   Section '.ignored' is unknown. Section ignored.
### mwldeppc.exe Linker Warning:
#   Section '.ignored' is unknown. Section ignored.
### mwldeppc.exe Linker Warning:
#   Section '.ignored' is unknown. Section ignored.
### mwldeppc.exe Linker Warning:
#   Section '.ignored' is unknown. Section ignored.
### mwldeppc.exe Linker Warning:
#   Section '.ignored' is unknown. Section ignored.
### mwldeppc.exe Linker Warning:
#   Section '.ignored' is unknown. Section ignored.
### mwldeppc.exe Linker Warning:
#   Section '.ignored' is unknown. Section ignored.
### mwldeppc.exe Linker Warning:
#   Section '.ignored' is unknown. Section ignored.
### mwldeppc.exe Linker Warning:
#   Section '.ignored' is unknown. Section ignored.
### mwldeppc.exe Linker Warning:
#   Section '.ignored' is unknown. Section ignored.
### mwldeppc.exe Linker Warning:
#   Section '.ignored' is unknown. Section ignored.
### mwldeppc.exe Linker Warning:
#   Section '.ignored' is unknown. Section ignored.
### mwldeppc.exe Linker Warning:
#   Section '.ignored' is unknown. Section ignored.
### mwldeppc.exe Linker Warning:
#   Section '.ignored' is unknown. Section ignored.
### mwldeppc.exe Linker Warning:
#   Section '.ignored' is unknown. Section ignored.
### mwldeppc.exe Linker Warning:
#   Section '.ignored' is unknown. Section ignored.
### mwldeppc.exe Linker Warning:
#   Section '.ignored' is unknown. Section ignored.
### mwldeppc.exe Linker Warning:
#   Section '.ignored' is unknown. Section ignored.
### mwldeppc.exe Linker Warning:
#   Section '.ignored' is unknown. Section ignored.
### mwldeppc.exe Linker Warning:
#   Section '.ignored' is unknown. Section ignored.
### mwldeppc.exe Linker Warning:
#   Section '.ignored' is unknown. Section ignored.
### mwldeppc.exe Linker Warning:
#   Section '.ignored' is unknown. Section ignored.
### mwldeppc.exe Linker Warning:
#   Section '.ignored' is unknown. Section ignored.
### mwldeppc.exe Linker Warning:
#   Section '.ignored' is unknown. Section ignored.
### mwldeppc.exe Linker Warning:
#   Section '.ignored' is unknown. Section ignored.
### mwldeppc.exe Linker Warning:
#   Section '.ignored' is unknown. Section ignored.
### mwldeppc.exe Linker Warning:
#   Section '.ignored' is unknown. Section ignored.
### mwldeppc.exe Linker Warning:
#   Section '.ignored' is unknown. Section ignored.
### mwldeppc.exe Linker Warning:
#   Section '.ignored' is unknown. Section ignored.
### mwldeppc.exe Linker Warning:
#   Section '.ignored' is unknown. Section ignored.
### mwldeppc.exe Linker Warning:
#   Section '.ignored' is unknown. Section ignored.
### mwldeppc.exe Linker Warning:
#   Section '.ignored' is unknown. Section ignored.
### mwldeppc.exe Linker Warning:
#   Section '.ignored' is unknown. Section ignored.
### mwldeppc.exe Linker Warning:
#   Section '.ignored' is unknown. Section ignored.
### mwldeppc.exe Linker Warning:
#   Section '.ignored' is unknown. Section ignored.
### mwldeppc.exe Linker Warning:
#   Section '.ignored' is unknown. Section ignored.
### mwldeppc.exe Linker Warning:
#   Section '.ignored' is unknown. Section ignored.
### mwldeppc.exe Linker Warning:
#   Section '.ignored' is unknown. Section ignored.
### mwldeppc.exe Linker Warning:
#   Section '.ignored' is unknown. Section ignored.
### mwldeppc.exe Linker Warning:
#   Section '.ignored' is unknown. Section ignored.
### mwldeppc.exe Linker Warning:
#   Section '.ignored' is unknown. Section ignored.
### mwldeppc.exe Linker Warning:
#   Section '.ignored' is unknown. Section ignored.
### mwldeppc.exe Linker Warning:
#   Section '.ignored' is unknown. Section ignored.
### mwldeppc.exe Linker Warning:
#   Section '.ignored' is unknown. Section ignored.
### mwldeppc.exe Linker Warning:
#   Section '.ignored' is unknown. Section ignored.
### mwldeppc.exe Linker Warning:
#   Section '.ignored' is unknown. Section ignored.
### mwldeppc.exe Linker Warning:
#   Section '.ignored' is unknown. Section ignored.
### mwldeppc.exe Linker Warning:
#   Section '.ignored' is unknown. Section ignored.
### mwldeppc.exe Linker Warning:
#   Section '.ignored' is unknown. Section ignored.
### mwldeppc.exe Linker Warning:
#   Section '.ignored' is unknown. Section ignored.
### mwldeppc.exe Linker Warning:
#   Section '.ignored' is unknown. Section ignored.
### mwldeppc.exe Linker Warning:
#   Section '.ignored' is unknown. Section ignored.
### mwldeppc.exe Linker Warning:
#   Section '.ignored' is unknown. Section ignored.
### mwldeppc.exe Linker Warning:
#   Section '.ignored' is unknown. Section ignored.
### mwldeppc.exe Linker Warning:
#   Section '.ignored' is unknown. Section ignored.
### mwldeppc.exe Linker Warning:
#   Section '.ignored' is unknown. Section ignored.
### mwldeppc.exe Linker Warning:
#   Section '.ignored' is unknown. Section ignored.
### mwldeppc.exe Linker Warning:
#   Section '.ignored' is unknown. Section ignored.
### mwldeppc.exe Linker Warning:
#   Section '.ignored' is unknown. Section ignored.
### mwldeppc.exe Linker Warning:
#   Section '.ignored' is unknown. Section ignored.
### mwldeppc.exe Linker Warning:
#   Section '.ignored' is unknown. Section ignored.
### mwldeppc.exe Linker Warning:
#   Section '.ignored' is unknown. Section ignored.
### mwldeppc.exe Linker Warning:
#   Section '.ignored' is unknown. Section ignored.
### mwldeppc.exe Linker Warning:
#   Section '.ignored' is unknown. Section ignored.
### mwldeppc.exe Linker Warning:
#   Section '.ignored' is unknown. Section ignored.
### mwldeppc.exe Linker Warning:
#   Section '.ignored' is unknown. Section ignored.
### mwldeppc.exe Linker Warning:
#   Section '.ignored' is unknown. Section ignored.
### mwldeppc.exe Linker Warning:
#   Section '.ignored' is unknown. Section ignored.
### mwldeppc.exe Linker Warning:
#   Section '.ignored' is unknown. Section ignored.
### mwldeppc.exe Linker Warning:
#   Section '.ignored' is unknown. Section ignored.
### mwldeppc.exe Linker Warning:
#   Section '.ignored' is unknown. Section ignored.
### mwldeppc.exe Linker Warning:
#   Section '.ignored' is unknown. Section ignored.
### mwldeppc.exe Linker Warning:
#   Section '.ignored' is unknown. Section ignored.
### mwldeppc.exe Linker Warning:
#   Section '.ignored' is unknown. Section ignored.
### mwldeppc.exe Linker Warning:
#   Section '.ignored' is unknown. Section ignored.
### mwldeppc.exe Linker Warning:
#   Section '.ignored' is unknown. Section ignored.
### mwldeppc.exe Linker Warning:
#   Section '.ignored' is unknown. Section ignored.
### mwldeppc.exe Linker Warning:
#   Section '.ignored' is unknown. Section ignored.
### mwldeppc.exe Linker Warning:
#   Section '.ignored' is unknown. Section ignored.
### mwldeppc.exe Linker Warning:
#   Section '.ignored' is unknown. Section ignored.
### mwldeppc.exe Linker Warning:
#   Section '.ignored' is unknown. Section ignored.
### mwldeppc.exe Linker Warning:
#   Section '.ignored' is unknown. Section ignored.
### mwldeppc.exe Linker Warning:
#   Section '.ignored' is unknown. Section ignored.
### mwldeppc.exe Linker Warning:
#   Section '.ignored' is unknown. Section ignored.
### mwldeppc.exe Linker Warning:
#   Section '.ignored' is unknown. Section ignored.
### mwldeppc.exe Linker Warning:
#   Section '.ignored' is unknown. Section ignored.
### mwldeppc.exe Linker Warning:
#   Section '.ignored' is unknown. Section ignored.
### mwldeppc.exe Linker Warning:
#   Section '.ignored' is unknown. Section ignored.
### mwldeppc.exe Linker Warning:
#   Section '.ignored' is unknown. Section ignored.
### mwldeppc.exe Linker Warning:
#   Section '.ignored' is unknown. Section ignored.
### mwldeppc.exe Linker Warning:
#   Section '.ignored' is unknown. Section ignored.
### mwldeppc.exe Linker Warning:
#   Section '.ignored' is unknown. Section ignored.
### mwldeppc.exe Linker Warning:
#   Section '.ignored' is unknown. Section ignored.
### mwldeppc.exe Linker Warning:
#   Section '.ignored' is unknown. Section ignored.
### mwldeppc.exe Linker Warning:
#   Section '.ignored' is unknown. Section ignored.
### mwldeppc.exe Linker Warning:
#   Section '.ignored' is unknown. Section ignored.
### mwldeppc.exe Linker Warning:
#   Section '.ignored' is unknown. Section ignored.
### mwldeppc.exe Linker Warning:
#   Section '.ignored' is unknown. Section ignored.
### mwldeppc.exe Linker Warning:
#   Section '.ignored' is unknown. Section ignored.
### mwldeppc.exe Linker Warning:
#   Section '.ignored' is unknown. Section ignored.
### mwldeppc.exe Linker Warning:
#   Section '.ignored' is unknown. Section ignored.
### mwldeppc.exe Linker Warning:
#   Section '.ignored' is unknown. Section ignored.
### mwldeppc.exe Linker Warning:
#   Section '.ignored' is unknown. Section ignored.
### mwldeppc.exe Linker Warning:
#   Section '.ignored' is unknown. Section ignored.
### mwldeppc.exe Linker Warning:
#   Section '.ignored' is unknown. Section ignored.
### mwldeppc.exe Linker Warning:
#   Section '.ignored' is unknown. Section ignored.
### mwldeppc.exe Linker Warning:
#   Section '.ignored' is unknown. Section ignored.
### mwldeppc.exe Linker Warning:
#   Section '.ignored' is unknown. Section ignored.
### mwldeppc.exe Linker Warning:
#   Section '.ignored' is unknown. Section ignored.
### mwldeppc.exe Linker Warning:
#   Section '.ignored' is unknown. Section ignored.
### mwldeppc.exe Linker Warning:
#   Section '.ignored' is unknown. Section ignored.
### mwldeppc.exe Linker Warning:
#   Section '.ignored' is unknown. Section ignored.
### mwldeppc.exe Linker Warning:
#   Section '.ignored' is unknown. Section ignored.
### mwldeppc.exe Linker Warning:
#   Section '.ignored' is unknown. Section ignored.
### mwldeppc.exe Linker Warning:
#   Section '.ignored' is unknown. Section ignored.
### mwldeppc.exe Linker Warning:
#   Section '.ignored' is unknown. Section ignored.
### mwldeppc.exe Linker Warning:
#   Section '.ignored' is unknown. Section ignored.
### mwldeppc.exe Linker Warning:
#   Section '.ignored' is unknown. Section ignored.
### mwldeppc.exe Linker Warning:
#   Section '.ignored' is unknown. Section ignored.
### mwldeppc.exe Linker Warning:
#   Section '.ignored' is unknown. Section ignored.
### mwldeppc.exe Linker Warning:
#   Section '.ignored' is unknown. Section ignored.
### mwldeppc.exe Linker Warning:
#   Section '.ignored' is unknown. Section ignored.
### mwldeppc.exe Linker Warning:
#   Section '.ignored' is unknown. Section ignored.
### mwldeppc.exe Linker Warning:
#   Section '.ignored' is unknown. Section ignored.
### mwldeppc.exe Linker Warning:
#   Section '.ignored' is unknown. Section ignored.
### mwldeppc.exe Linker Warning:
#   Section '.ignored' is unknown. Section ignored.
### mwldeppc.exe Linker Warning:
#   Section '.ignored' is unknown. Section ignored.
### mwldeppc.exe Linker Warning:
#   Section '.ignored' is unknown. Section ignored.
### mwldeppc.exe Linker Warning:
#   Section '.ignored' is unknown. Section ignored.
### mwldeppc.exe Linker Warning:
#   Section '.ignored' is unknown. Section ignored.
### mwldeppc.exe Linker Warning:
#   Section '.ignored' is unknown. Section ignored.
### mwldeppc.exe Linker Warning:
#   Section '.ignored' is unknown. Section ignored.
### mwldeppc.exe Linker Warning:
#   Section '.ignored' is unknown. Section ignored.
### mwldeppc.exe Linker Warning:
#   Section '.ignored' is unknown. Section ignored.
### mwldeppc.exe Linker Warning:
#   Section '.ignored' is unknown. Section ignored.
### mwldeppc.exe Linker Warning:
#   Section '.ignored' is unknown. Section ignored.
### mwldeppc.exe Linker Warning:
#   Section '.ignored' is unknown. Section ignored.
### mwldeppc.exe Linker Warning:
#   Section '.ignored' is unknown. Section ignored.
### mwldeppc.exe Linker Warning:
#   Section '.ignored' is unknown. Section ignored.
### mwldeppc.exe Linker Warning:
#   Section '.ignored' is unknown. Section ignored.
### mwldeppc.exe Linker Warning:
#   Section '.ignored' is unknown. Section ignored.
### mwldeppc.exe Linker Warning:
#   Section '.ignored' is unknown. Section ignored.
### mwldeppc.exe Linker Warning:
#   Section '.ignored' is unknown. Section ignored.
### mwldeppc.exe Linker Warning:
#   Section '.ignored' is unknown. Section ignored.
### mwldeppc.exe Linker Warning:
#   Section '.ignored' is unknown. Section ignored.
### mwldeppc.exe Linker Warning:
#   Section '.ignored' is unknown. Section ignored.
### mwldeppc.exe Linker Warning:
#   Section '.ignored' is unknown. Section ignored.
### mwldeppc.exe Linker Warning:
#   Section '.ignored' is unknown. Section ignored.
### mwldeppc.exe Linker Warning:
#   Section '.ignored' is unknown. Section ignored.
### mwldeppc.exe Linker Warning:
#   Section '.ignored' is unknown. Section ignored.
### mwldeppc.exe Linker Warning:
#   Section '.ignored' is unknown. Section ignored.
### mwldeppc.exe Linker Warning:
#   Section '.ignored' is unknown. Section ignored.
### mwldeppc.exe Linker Warning:
#   Section '.ignored' is unknown. Section ignored.
### mwldeppc.exe Linker Warning:
#   Section '.ignored' is unknown. Section ignored.
### mwldeppc.exe Linker Warning:
#   Section '.ignored' is unknown. Section ignored.
### mwldeppc.exe Linker Warning:
#   Section '.ignored' is unknown. Section ignored.
### mwldeppc.exe Linker Warning:
#   Section '.ignored' is unknown. Section ignored.
### mwldeppc.exe Linker Warning:
#   Section '.ignored' is unknown. Section ignored.
### mwldeppc.exe Linker Warning:
#   Section '.ignored' is unknown. Section ignored.
### mwldeppc.exe Linker Warning:
#   Section '.ignored' is unknown. Section ignored.
### mwldeppc.exe Linker Warning:
#   Section '.ignored' is unknown. Section ignored.
### mwldeppc.exe Linker Warning:
#   Section '.ignored' is unknown. Section ignored.
### mwldeppc.exe Linker Warning:
#   Section '.ignored' is unknown. Section ignored.
### mwldeppc.exe Linker Warning:
#   Section '.ignored' is unknown. Section ignored.
### mwldeppc.exe Linker Warning:
#   Section '.ignored' is unknown. Section ignored.
### mwldeppc.exe Linker Warning:
#   Section '.ignored' is unknown. Section ignored.
### mwldeppc.exe Linker Warning:
#   Section '.ignored' is unknown. Section ignored.
### mwldeppc.exe Linker Warning:
#   Section '.ignored' is unknown. Section ignored.
### mwldeppc.exe Linker Warning:
#   Section '.ignored' is unknown. Section ignored.
### mwldeppc.exe Linker Warning:
#   Section '.ignored' is unknown. Section ignored.
### mwldeppc.exe Linker Warning:
#   Section '.ignored' is unknown. Section ignored.
### mwldeppc.exe Linker Warning:
#   Section '.ignored' is unknown. Section ignored.
### mwldeppc.exe Linker Warning:
#   Section '.ignored' is unknown. Section ignored.
### mwldeppc.exe Linker Warning:
#   Section '.ignored' is unknown. Section ignored.
### mwldeppc.exe Linker Warning:
#   Section '.ignored' is unknown. Section ignored.
### mwldeppc.exe Linker Warning:
#   Section '.ignored' is unknown. Section ignored.
### mwldeppc.exe Linker Warning:
#   Section '.ignored' is unknown. Section ignored.
### mwldeppc.exe Linker Warning:
#   Section '.ignored' is unknown. Section ignored.
### mwldeppc.exe Linker Warning:
#   Section '.ignored' is unknown. Section ignored.
### mwldeppc.exe Linker Warning:
#   Section '.ignored' is unknown. Section ignored.
### mwldeppc.exe Linker Warning:
#   Section '.ignored' is unknown. Section ignored.
### mwldeppc.exe Linker Warning:
#   Section '.ignored' is unknown. Section ignored.
### mwldeppc.exe Linker Warning:
#   Section '.ignored' is unknown. Section ignored.
### mwldeppc.exe Linker Warning:
#   Section '.ignored' is unknown. Section ignored.
### mwldeppc.exe Linker Warning:
#   Section '.ignored' is unknown. Section ignored.
### mwldeppc.exe Linker Warning:
#   Section '.ignored' is unknown. Section ignored.
### mwldeppc.exe Linker Warning:
#   Section '.ignored' is unknown. Section ignored.
### mwldeppc.exe Linker Warning:
#   Section '.ignored' is unknown. Section ignored.
### mwldeppc.exe Linker Warning:
#   Section '.ignored' is unknown. Section ignored.
### mwldeppc.exe Linker Warning:
#   Section '.ignored' is unknown. Section ignored.
### mwldeppc.exe Linker Warning:
#   Section '.ignored' is unknown. Section ignored.
### mwldeppc.exe Linker Warning:
#   Section '.ignored' is unknown. Section ignored.
### mwldeppc.exe Linker Warning:
#   Section '.ignored' is unknown. Section ignored.
### mwldeppc.exe Linker Warning:
#   Section '.ignored' is unknown. Section ignored.
### mwldeppc.exe Linker Warning:
#   Section '.ignored' is unknown. Section ignored.
### mwldeppc.exe Linker Warning:
#   Section '.ignored' is unknown. Section ignored.
### mwldeppc.exe Linker Warning:
#   Section '.ignored' is unknown. Section ignored.
### mwldeppc.exe Linker Warning:
#   Section '.ignored' is unknown. Section ignored.
### mwldeppc.exe Linker Warning:
#   Section '.ignored' is unknown. Section ignored.
### mwldeppc.exe Linker Warning:
#   Section '.ignored' is unknown. Section ignored.
### mwldeppc.exe Linker Warning:
#   Section '.ignored' is unknown. Section ignored.
### mwldeppc.exe Linker Warning:
#   Section '.ignored' is unknown. Section ignored.
### mwldeppc.exe Linker Warning:
#   Section '.ignored' is unknown. Section ignored.
### mwldeppc.exe Linker Warning:
#   Section '.ignored' is unknown. Section ignored.
### mwldeppc.exe Linker Warning:
#   Section '.ignored' is unknown. Section ignored.
### mwldeppc.exe Linker Warning:
#   Section '.ignored' is unknown. Section ignored.
### mwldeppc.exe Linker Warning:
#   Section '.ignored' is unknown. Section ignored.
### mwldeppc.exe Linker Warning:
#   Section '.ignored' is unknown. Section ignored.
### mwldeppc.exe Linker Warning:
#   Section '.ignored' is unknown. Section ignored.
### mwldeppc.exe Linker Warning:
#   Section '.ignored' is unknown. Section ignored.
### mwldeppc.exe Linker Warning:
#   Section '.ignored' is unknown. Section ignored.
### mwldeppc.exe Linker Warning:
#   Section '.ignored' is unknown. Section ignored.
### mwldeppc.exe Linker Warning:
#   Section '.ignored' is unknown. Section ignored.
### mwldeppc.exe Linker Warning:
#   Section '.ignored' is unknown. Section ignored.
### mwldeppc.exe Linker Warning:
#   Section '.ignored' is unknown. Section ignored.
### mwldeppc.exe Linker Warning:
#   Section '.ignored' is unknown. Section ignored.
### mwldeppc.exe Linker Warning:
#   Section '.ignored' is unknown. Section ignored.
### mwldeppc.exe Linker Warning:
#   Section '.ignored' is unknown. Section ignored.
### mwldeppc.exe Linker Warning:
#   Section '.ignored' is unknown. Section ignored.
### mwldeppc.exe Linker Warning:
#   Section '.ignored' is unknown. Section ignored.
### mwldeppc.exe Linker Warning:
#   Section '.ignored' is unknown. Section ignored.
### mwldeppc.exe Linker Warning:
#   Section '.ignored' is unknown. Section ignored.
### mwldeppc.exe Linker Warning:
#   Section '.ignored' is unknown. Section ignored.
### mwldeppc.exe Linker Warning:
#   Section '.ignored' is unknown. Section ignored.
### mwldeppc.exe Linker Warning:
#   Section '.ignored' is unknown. Section ignored.
### mwldeppc.exe Linker Warning:
#   Section '.ignored' is unknown. Section ignored.
### mwldeppc.exe Linker Warning:
#   Section '.ignored' is unknown. Section ignored.
### mwldeppc.exe Linker Warning:
#   Section '.ignored' is unknown. Section ignored.
### mwldeppc.exe Linker Warning:
#   Section '.ignored' is unknown. Section ignored.
### mwldeppc.exe Linker Warning:
#   Section '.ignored' is unknown. Section ignored.
### mwldeppc.exe Linker Warning:
#   Section '.ignored' is unknown. Section ignored.
### mwldeppc.exe Linker Warning:
#   Section '.ignored' is unknown. Section ignored.
### mwldeppc.exe Linker Warning:
#   Section '.ignored' is unknown. Section ignored.
### mwldeppc.exe Linker Warning:
#   Section '.ignored' is unknown. Section ignored.
### mwldeppc.exe Linker Warning:
#   Section '.ignored' is unknown. Section ignored.
### mwldeppc.exe Linker Warning:
#   Section '.ignored' is unknown. Section ignored.
### mwldeppc.exe Linker Warning:
#   Section '.ignored' is unknown. Section ignored.
### mwldeppc.exe Linker Warning:
#   Section '.ignored' is unknown. Section ignored.
### mwldeppc.exe Linker Warning:
#   Section '.ignored' is unknown. Section ignored.
### mwldeppc.exe Linker Warning:
#   Section '.ignored' is unknown. Section ignored.
### mwldeppc.exe Linker Warning:
#   Section '.ignored' is unknown. Section ignored.
### mwldeppc.exe Linker Warning:
#   Section '.ignored' is unknown. Section ignored.
### mwldeppc.exe Linker Warning:
#   Section '.ignored' is unknown. Section ignored.
### mwldeppc.exe Linker Warning:
#   Section '.ignored' is unknown. Section ignored.
### mwldeppc.exe Linker Warning:
#   Section '.ignored' is unknown. Section ignored.
### mwldeppc.exe Linker Warning:
#   Section '.ignored' is unknown. Section ignored.
### mwldeppc.exe Linker Warning:
#   Section '.ignored' is unknown. Section ignored.
### mwldeppc.exe Linker Warning:
#   Section '.ignored' is unknown. Section ignored.
### mwldeppc.exe Linker Warning:
#   Section '.ignored' is unknown. Section ignored.
### mwldeppc.exe Linker Warning:
#   Section '.ignored' is unknown. Section ignored.
### mwldeppc.exe Linker Warning:
#   Section '.ignored' is unknown. Section ignored.
### mwldeppc.exe Linker Warning:
#   Section '.ignored' is unknown. Section ignored.
### mwldeppc.exe Linker Warning:
#   Section '.ignored' is unknown. Section ignored.
### mwldeppc.exe Linker Warning:
#   Section '.ignored' is unknown. Section ignored.
### mwldeppc.exe Linker Warning:
#   Section '.ignored' is unknown. Section ignored.
### mwldeppc.exe Linker Warning:
#   Section '.ignored' is unknown. Section ignored.
### mwldeppc.exe Linker Warning:
#   Section '.ignored' is unknown. Section ignored.
### mwldeppc.exe Linker Warning:
#   Section '.ignored' is unknown. Section ignored.
### mwldeppc.exe Linker Warning:
#   Section '.ignored' is unknown. Section ignored.
### mwldeppc.exe Linker Warning:
#   Section '.ignored' is unknown. Section ignored.
### mwldeppc.exe Linker Warning:
#   Section '.ignored' is unknown. Section ignored.
### mwldeppc.exe Linker Warning:
#   Section '.ignored' is unknown. Section ignored.
### mwldeppc.exe Linker Warning:
#   Section '.ignored' is unknown. Section ignored.
### mwldeppc.exe Linker Warning:
#   Section '.ignored' is unknown. Section ignored.
### mwldeppc.exe Linker Warning:
#   Section '.ignored' is unknown. Section ignored.
### mwldeppc.exe Linker Warning:
#   Section '.ignored' is unknown. Section ignored.
### mwldeppc.exe Linker Warning:
#   Section '.ignored' is unknown. Section ignored.
### mwldeppc.exe Linker Warning:
#   Section '.ignored' is unknown. Section ignored.
### mwldeppc.exe Linker Warning:
#   Section '.ignored' is unknown. Section ignored.
### mwldeppc.exe Linker Warning:
#   Section '.ignored' is unknown. Section ignored.
### mwldeppc.exe Linker Warning:
#   Section '.ignored' is unknown. Section ignored.
### mwldeppc.exe Linker Warning:
#   Section '.ignored' is unknown. Section ignored.
### mwldeppc.exe Linker Warning:
#   Section '.ignored' is unknown. Section ignored.
### mwldeppc.exe Linker Warning:
#   Section '.ignored' is unknown. Section ignored.
### mwldeppc.exe Linker Warning:
#   Section '.ignored' is unknown. Section ignored.
### mwldeppc.exe Linker Warning:
#   Section '.ignored' is unknown. Section ignored.
### mwldeppc.exe Linker Warning:
#   Section '.ignored' is unknown. Section ignored.
### mwldeppc.exe Linker Warning:
#   Section '.ignored' is unknown. Section ignored.
### mwldeppc.exe Linker Warning:
#   Section '.ignored' is unknown. Section ignored.
### mwldeppc.exe Linker Warning:
#   Section '.ignored' is unknown. Section ignored.
### mwldeppc.exe Linker Warning:
#   Section '.ignored' is unknown. Section ignored.
### mwldeppc.exe Linker Warning:
#   Section '.ignored' is unknown. Section ignored.
### mwldeppc.exe Linker Warning:
#   Section '.ignored' is unknown. Section ignored.
### mwldeppc.exe Linker Warning:
#   Section '.ignored' is unknown. Section ignored.
### mwldeppc.exe Linker Warning:
#   Section '.ignored' is unknown. Section ignored.
### mwldeppc.exe Linker Warning:
#   Section '.ignored' is unknown. Section ignored.
### mwldeppc.exe Linker Warning:
#   Section '.ignored' is unknown. Section ignored.
### mwldeppc.exe Linker Warning:
#   Section '.ignored' is unknown. Section ignored.
### mwldeppc.exe Linker Warning:
#   Section '.ignored' is unknown. Section ignored.
### mwldeppc.exe Linker Warning:
#   Section '.ignored' is unknown. Section ignored.
### mwldeppc.exe Linker Warning:
#   Section '.ignored' is unknown. Section ignored.
### mwldeppc.exe Linker Warning:
#   Section '.ignored' is unknown. Section ignored.
### mwldeppc.exe Linker Warning:
#   Section '.ignored' is unknown. Section ignored.
### mwldeppc.exe Linker Warning:
#   Section '.ignored' is unknown. Section ignored.
### mwldeppc.exe Linker Warning:
#   Section '.ignored' is unknown. Section ignored.
### mwldeppc.exe Linker Warning:
#   Section '.ignored' is unknown. Section ignored.
### mwldeppc.exe Linker Warning:
#   Section '.ignored' is unknown. Section ignored.
### mwldeppc.exe Linker Warning:
#   Section '.ignored' is unknown. Section ignored.
### mwldeppc.exe Linker Warning:
#   Section '.ignored' is unknown. Section ignored.
### mwldeppc.exe Linker Warning:
#   Section '.ignored' is unknown. Section ignored.
### mwldeppc.exe Linker Warning:
#   Section '.ignored' is unknown. Section ignored.
### mwldeppc.exe Linker Warning:
#   Section '.ignored' is unknown. Section ignored.
### mwldeppc.exe Linker Warning:
#   Section '.ignored' is unknown. Section ignored.
### mwldeppc.exe Linker Warning:
#   Section '.ignored' is unknown. Section ignored.
### mwldeppc.exe Linker Warning:
#   Section '.ignored' is unknown. Section ignored.
### mwldeppc.exe Linker Warning:
#   Section '.ignored' is unknown. Section ignored.
### mwldeppc.exe Linker Warning:
#   Section '.ignored' is unknown. Section ignored.
### mwldeppc.exe Linker Warning:
#   Section '.ignored' is unknown. Section ignored.
### mwldeppc.exe Linker Warning:
#   Section '.ignored' is unknown. Section ignored.
### mwldeppc.exe Linker Warning:
#   Section '.ignored' is unknown. Section ignored.
### mwldeppc.exe Linker Warning:
#   Section '.ignored' is unknown. Section ignored.
### mwldeppc.exe Linker Warning:
#   Section '.ignored' is unknown. Section ignored.
### mwldeppc.exe Linker Warning:
#   Section '.ignored' is unknown. Section ignored.
### mwldeppc.exe Linker Warning:
#   Section '.ignored' is unknown. Section ignored.
### mwldeppc.exe Linker Warning:
#   Section '.ignored' is unknown. Section ignored.
### mwldeppc.exe Linker Warning:
#   Section '.ignored' is unknown. Section ignored.
### mwldeppc.exe Linker Warning:
#   Section '.ignored' is unknown. Section ignored.
### mwldeppc.exe Linker Warning:
#   Section '.ignored' is unknown. Section ignored.
### mwldeppc.exe Linker Warning:
#   Section '.ignored' is unknown. Section ignored.
### mwldeppc.exe Linker Warning:
#   Section '.ignored' is unknown. Section ignored.
### mwldeppc.exe Linker Warning:
#   Section '.ignored' is unknown. Section ignored.
### mwldeppc.exe Linker Warning:
#   Section '.ignored' is unknown. Section ignored.
### mwldeppc.exe Linker Warning:
#   Section '.ignored' is unknown. Section ignored.
### mwldeppc.exe Linker Warning:
#   Section '.ignored' is unknown. Section ignored.
### mwldeppc.exe Linker Warning:
#   Section '.ignored' is unknown. Section ignored.
### mwldeppc.exe Linker Warning:
#   Section '.ignored' is unknown. Section ignored.
### mwldeppc.exe Linker Warning:
#   Section '.ignored' is unknown. Section ignored.
### mwldeppc.exe Linker Warning:
#   Section '.ignored' is unknown. Section ignored.
### mwldeppc.exe Linker Warning:
#   Section '.ignored' is unknown. Section ignored.
### mwldeppc.exe Linker Warning:
#   Section '.ignored' is unknown. Section ignored.
### mwldeppc.exe Linker Warning:
#   Section '.ignored' is unknown. Section ignored.
### mwldeppc.exe Linker Warning:
#   Section '.ignored' is unknown. Section ignored.
### mwldeppc.exe Linker Warning:
#   Section '.ignored' is unknown. Section ignored.
### mwldeppc.exe Linker Warning:
#   Section '.ignored' is unknown. Section ignored.
### mwldeppc.exe Linker Warning:
#   Section '.ignored' is unknown. Section ignored.
### mwldeppc.exe Linker Warning:
#   Section '.ignored' is unknown. Section ignored.
### mwldeppc.exe Linker Warning:
#   Section '.ignored' is unknown. Section ignored.
### mwldeppc.exe Linker Warning:
#   Section '.ignored' is unknown. Section ignored.
### mwldeppc.exe Linker Warning:
#   Section '.ignored' is unknown. Section ignored.
### mwldeppc.exe Linker Warning:
#   Section '.ignored' is unknown. Section ignored.
### mwldeppc.exe Linker Warning:
#   Section '.ignored' is unknown. Section ignored.
### mwldeppc.exe Linker Warning:
#   Section '.ignored' is unknown. Section ignored.
### mwldeppc.exe Linker Warning:
#   Section '.ignored' is unknown. Section ignored.
### mwldeppc.exe Linker Warning:
#   Section '.ignored' is unknown. Section ignored.
### mwldeppc.exe Linker Warning:
#   Section '.ignored' is unknown. Section ignored.
### mwldeppc.exe Linker Warning:
#   Section '.ignored' is unknown. Section ignored.
### mwldeppc.exe Linker Warning:
#   Section '.ignored' is unknown. Section ignored.
### mwldeppc.exe Linker Warning:
#   Section '.ignored' is unknown. Section ignored.
### mwldeppc.exe Linker Warning:
#   Section '.ignored' is unknown. Section ignored.
### mwldeppc.exe Linker Warning:
#   Section '.ignored' is unknown. Section ignored.
### mwldeppc.exe Linker Warning:
#   Section '.ignored' is unknown. Section ignored.
### mwldeppc.exe Linker Warning:
#   Section '.ignored' is unknown. Section ignored.
### mwldeppc.exe Linker Warning:
#   Section '.ignored' is unknown. Section ignored.
### mwldeppc.exe Linker Warning:
#   Section '.ignored' is unknown. Section ignored.
### mwldeppc.exe Linker Warning:
#   Section '.ignored' is unknown. Section ignored.
### mwldeppc.exe Linker Warning:
#   Section '.ignored' is unknown. Section ignored.
### mwldeppc.exe Linker Warning:
#   Section '.ignored' is unknown. Section ignored.
### mwldeppc.exe Linker Warning:
#   Section '.ignored' is unknown. Section ignored.
### mwldeppc.exe Linker Warning:
#   Section '.ignored' is unknown. Section ignored.
### mwldeppc.exe Linker Warning:
#   Section '.ignored' is unknown. Section ignored.
### mwldeppc.exe Linker Warning:
#   Section '.ignored' is unknown. Section ignored.
### mwldeppc.exe Linker Warning:
#   Section '.ignored' is unknown. Section ignored.
### mwldeppc.exe Linker Warning:
#   Section '.ignored' is unknown. Section ignored.
### mwldeppc.exe Linker Warning:
#   Section '.ignored' is unknown. Section ignored.
### mwldeppc.exe Linker Warning:
#   Section '.ignored' is unknown. Section ignored.
### mwldeppc.exe Linker Warning:
#   Section '.ignored' is unknown. Section ignored.
### mwldeppc.exe Linker Warning:
#   Section '.ignored' is unknown. Section ignored.
### mwldeppc.exe Linker Warning:
#   Section '.ignored' is unknown. Section ignored.
### mwldeppc.exe Linker Warning:
#   Section '.ignored' is unknown. Section ignored.
### mwldeppc.exe Linker Warning:
#   Section '.ignored' is unknown. Section ignored.
### mwldeppc.exe Linker Warning:
#   Section '.ignored' is unknown. Section ignored.
### mwldeppc.exe Linker Warning:
#   Section '.ignored' is unknown. Section ignored.
### mwldeppc.exe Linker Warning:
#   Section '.ignored' is unknown. Section ignored.
### mwldeppc.exe Linker Warning:
#   Section '.ignored' is unknown. Section ignored.
### mwldeppc.exe Linker Warning:
#   Section '.ignored' is unknown. Section ignored.
### mwldeppc.exe Linker Warning:
#   Section '.ignored' is unknown. Section ignored.
### mwldeppc.exe Linker Warning:
#   Section '.ignored' is unknown. Section ignored.
### mwldeppc.exe Linker Warning:
#   Section '.ignored' is unknown. Section ignored.
### mwldeppc.exe Linker Warning:
#   Section '.ignored' is unknown. Section ignored.
### mwldeppc.exe Linker Warning:
#   Section '.ignored' is unknown. Section ignored.
### mwldeppc.exe Linker Warning:
#   Section '.ignored' is unknown. Section ignored.
### mwldeppc.exe Linker Warning:
#   Section '.ignored' is unknown. Section ignored.
### mwldeppc.exe Linker Warning:
#   Section '.ignored' is unknown. Section ignored.
### mwldeppc.exe Linker Warning:
#   Section '.ignored' is unknown. Section ignored.
### mwldeppc.exe Linker Warning:
#   Section '.ignored' is unknown. Section ignored.
### mwldeppc.exe Linker Warning:
#   Section '.ignored' is unknown. Section ignored.
### mwldeppc.exe Linker Warning:
#   Section '.ignored' is unknown. Section ignored.
### mwldeppc.exe Linker Warning:
#   Section '.ignored' is unknown. Section ignored.
### mwldeppc.exe Linker Warning:
#   Section '.ignored' is unknown. Section ignored.
### mwldeppc.exe Linker Warning:
#   Section '.ignored' is unknown. Section ignored.
### mwldeppc.exe Linker Warning:
#   Section '.ignored' is unknown. Section ignored.
### mwldeppc.exe Linker Warning:
#   Section '.ignored' is unknown. Section ignored.
### mwldeppc.exe Linker Warning:
#   Section '.ignored' is unknown. Section ignored.
### mwldeppc.exe Linker Warning:
#   Section '.ignored' is unknown. Section ignored.
### mwldeppc.exe Linker Warning:
#   Section '.ignored' is unknown. Section ignored.
### mwldeppc.exe Linker Warning:
#   Section '.ignored' is unknown. Section ignored.
### mwldeppc.exe Linker Warning:
#   Section '.ignored' is unknown. Section ignored.
### mwldeppc.exe Linker Warning:
#   Section '.ignored' is unknown. Section ignored.
### mwldeppc.exe Linker Warning:
#   Section '.ignored' is unknown. Section ignored.
### mwldeppc.exe Linker Warning:
#   Section '.ignored' is unknown. Section ignored.
### mwldeppc.exe Linker Warning:
#   Section '.ignored' is unknown. Section ignored.
### mwldeppc.exe Linker Warning:
#   Section '.ignored' is unknown. Section ignored.
### mwldeppc.exe Linker Warning:
#   Section '.ignored' is unknown. Section ignored.
### mwldeppc.exe Linker Warning:
#   Section '.ignored' is unknown. Section ignored.
### mwldeppc.exe Linker Warning:
#   Section '.ignored' is unknown. Section ignored.
### mwldeppc.exe Linker Warning:
#   Section '.ignored' is unknown. Section ignored.
### mwldeppc.exe Linker Warning:
#   Section '.ignored' is unknown. Section ignored.
### mwldeppc.exe Linker Warning:
#   Section '.ignored' is unknown. Section ignored.
### mwldeppc.exe Linker Warning:
#   Section '.ignored' is unknown. Section ignored.
### mwldeppc.exe Linker Warning:
#   Section '.ignored' is unknown. Section ignored.
### mwldeppc.exe Linker Warning:
#   Section '.ignored' is unknown. Section ignored.
### mwldeppc.exe Linker Warning:
#   Section '.ignored' is unknown. Section ignored.
### mwldeppc.exe Linker Warning:
#   Section '.ignored' is unknown. Section ignored.
### mwldeppc.exe Linker Warning:
#   Section '.ignored' is unknown. Section ignored.
### mwldeppc.exe Linker Warning:
#   Section '.ignored' is unknown. Section ignored.
### mwldeppc.exe Linker Warning:
#   Section '.ignored' is unknown. Section ignored.
### mwldeppc.exe Linker Warning:
#   Section '.ignored' is unknown. Section ignored.
### mwldeppc.exe Linker Warning:
#   Section '.ignored' is unknown. Section ignored.
### mwldeppc.exe Linker Warning:
#   Section '.ignored' is unknown. Section ignored.
### mwldeppc.exe Linker Warning:
#   Section '.ignored' is unknown. Section ignored.
### mwldeppc.exe Linker Warning:
#   Section '.ignored' is unknown. Section ignored.
### mwldeppc.exe Linker Warning:
#   Section '.ignored' is unknown. Section ignored.
### mwldeppc.exe Linker Warning:
#   Section '.ignored' is unknown. Section ignored.
### mwldeppc.exe Linker Warning:
#   Section '.ignored' is unknown. Section ignored.
### mwldeppc.exe Linker Warning:
#   Section '.ignored' is unknown. Section ignored.
### mwldeppc.exe Linker Warning:
#   Section '.ignored' is unknown. Section ignored.
### mwldeppc.exe Linker Warning:
#   Section '.ignored' is unknown. Section ignored.
### mwldeppc.exe Linker Warning:
#   Section '.ignored' is unknown. Section ignored.
### mwldeppc.exe Linker Warning:
#   Section '.ignored' is unknown. Section ignored.
### mwldeppc.exe Linker Warning:
#   Section '.ignored' is unknown. Section ignored.
### mwldeppc.exe Linker Warning:
#   Section '.ignored' is unknown. Section ignored.
### mwldeppc.exe Linker Warning:
#   Section '.ignored' is unknown. Section ignored.
### mwldeppc.exe Linker Warning:
#   Section '.ignored' is unknown. Section ignored.
### mwldeppc.exe Linker Warning:
#   Section '.ignored' is unknown. Section ignored.
### mwldeppc.exe Linker Warning:
#   Section '.ignored' is unknown. Section ignored.
### mwldeppc.exe Linker Warning:
#   Section '.ignored' is unknown. Section ignored.
### mwldeppc.exe Linker Warning:
#   Section '.ignored' is unknown. Section ignored.
### mwldeppc.exe Linker Warning:
#   Section '.ignored' is unknown. Section ignored.
### mwldeppc.exe Linker Warning:
#   Section '.ignored' is unknown. Section ignored.
### mwldeppc.exe Linker Warning:
#   Section '.ignored' is unknown. Section ignored.
### mwldeppc.exe Linker Warning:
#   Section '.ignored' is unknown. Section ignored.
[901/904] DOL build/GEDE01/main.dol
[902/904] CHECK config/GEDE01/build.sha1
build/GEDE01/main.dol: OK
[903/904] PROGRESS
Progress:
  All: 58.18% fuzzy, 48.48% matched, 48.45% linked (6282 / 7068 files)
    Code: 1115432 / 2300692 bytes (6048 / 8214 functions)
    Data: 39594 / 4305642 bytes (0.92%)
  Game Code: 93.72% fuzzy, 78.06% matched, 78.01% linked (6264 / 6633 files)
    Code: 1112404 / 1425104 bytes (5986 / 6354 functions)
    Data: 39370 / 40426 bytes (97.39%)
  SDK/Runtime: 100.00% fuzzy, 100.00% matched, 100.00% linked (18 / 18 files)
    Code: 3028 / 3028 bytes (62 / 62 functions)
    Data: 224 / 224 bytes (100.00%)
