[1/897] MWCC build/GEDE01/src/game/game_fn_800094C0.o
[2/897] MWCC build/GEDE01/src/game/game_fn_80008014.o
[3/897] MWCC build/GEDE01/src/game/game_fn_800098C0.o
[4/897] MWCC build/GEDE01/src/game/game_fn_800096E0.o
[5/897] MWCC build/GEDE01/src/game/game_fn_800099D8.o
[6/897] MWCC build/GEDE01/src/game/game_fn_80009AB4.o
[7/897] MWCC build/GEDE01/src/game/game_fn_8000A26C.o
[8/897] MWCC build/GEDE01/src/game/game_fn_8000AC88.o
[9/897] MWCC build/GEDE01/src/game/game_fn_8000AEB4.o
[10/897] MWCC build/GEDE01/src/game/game_fn_8000AFB4.o
[11/897] MWCC build/GEDE01/src/game/game_fn_8000B1B8.o
[12/897] MWCC build/GEDE01/src/game/game_fn_8000B36C.o
[13/897] MWCC build/GEDE01/src/game/game_fn_8000B7FC.o
[14/897] MWCC build/GEDE01/src/game/game_fn_8000B630.o
[15/897] MWCC build/GEDE01/src/game/game_fn_8000B900.o
[16/897] MWCC build/GEDE01/src/game/game_fn_8000BA0C.o
[17/897] MWCC build/GEDE01/src/game/game_fn_8000BAA0.o
[18/897] MWCC build/GEDE01/src/game/game_fn_8000BC40.o
[19/897] MWCC build/GEDE01/src/game/game_fn_8000C17C.o
[20/897] MWCC build/GEDE01/src/game/game_fn_8000C06C.o
[21/897] MWCC build/GEDE01/src/game/game_fn_8000C848.o
[22/897] MWCC build/GEDE01/src/game/game_fn_8000C400.o
[23/897] MWCC build/GEDE01/src/game/game_fn_8000D0BC.o
[24/897] MWCC build/GEDE01/src/game/game_fn_8000C91C.o
[25/897] MWCC build/GEDE01/src/game/game_fn_8000D3D4.o
[26/897] MWCC build/GEDE01/src/game/game_fn_8000D590.o
[27/897] MWCC build/GEDE01/src/game/game_fn_8000DA50.o
[28/897] MWCC build/GEDE01/src/game/game_fn_8000D8A4.o
[29/897] MWCC build/GEDE01/src/game/game_fn_8000E054.o
[30/897] MWCC build/GEDE01/src/game/game_fn_8000DAF4.o
[31/897] MWCC build/GEDE01/src/game/game_fn_8000E138.o
[32/897] MWCC build/GEDE01/src/game/game_fn_8000E0AC.o
[33/897] MWCC build/GEDE01/src/game/game_fn_8000E1C4.o
[34/897] MWCC build/GEDE01/src/game/game_fn_8000E96C.o
[35/897] MWCC build/GEDE01/src/game/game_fn_8000EB14.o
[36/897] MWCC build/GEDE01/src/game/game_fn_8000EBD4.o
[37/897] MWCC build/GEDE01/src/game/game_fn_8000ED44.o
[38/897] MWCC build/GEDE01/src/game/game_fn_8000EFC4.o
[39/897] MWCC build/GEDE01/src/game/game_fn_8000F4B0.o
[40/897] MWCC build/GEDE01/src/game/game_fn_8000F774.o
[41/897] MWCC build/GEDE01/src/game/game_fn_8000FDE8.o
[42/897] MWCC build/GEDE01/src/game/game_fn_8000FFD8.o
[43/897] MWCC build/GEDE01/src/game/game_fn_800119FC.o
[44/897] MWCC build/GEDE01/src/game/game_fn_80012DA8.o
[45/897] MWCC build/GEDE01/src/game/game_fn_80012F40.o
[46/897] MWCC build/GEDE01/src/game/game_fn_80012FD0.o
[47/897] MWCC build/GEDE01/src/game/game_fn_800131E8.o
[48/897] MWCC build/GEDE01/src/game/game_fn_80013340.o
[49/897] MWCC build/GEDE01/src/game/game_fn_80013870.o
[50/897] MWCC build/GEDE01/src/game/game_fn_80013CB0.o
[51/897] MWCC build/GEDE01/src/game/game_fn_80013D54.o
[52/897] MWCC build/GEDE01/src/game/game_fn_800142DC.o
[53/897] MWCC build/GEDE01/src/game/game_fn_800144CC.o
[54/897] MWCC build/GEDE01/src/game/game_fn_80014784.o
[55/897] MWCC build/GEDE01/src/game/game_fn_800149D4.o
[56/897] MWCC build/GEDE01/src/game/game_fn_80015058.o
[57/897] MWCC build/GEDE01/src/game/game_fn_80015320.o
[58/897] MWCC build/GEDE01/src/game/game_fn_80015568.o
[59/897] MWCC build/GEDE01/src/game/game_fn_800156FC.o
[60/897] MWCC build/GEDE01/src/game/game_fn_80015BE0.o
[61/897] MWCC build/GEDE01/src/game/game_fn_80015D40.o
[62/897] MWCC build/GEDE01/src/game/game_fn_80015F04.o
[63/897] MWCC build/GEDE01/src/game/game_fn_80016128.o
[64/897] MWCC build/GEDE01/src/game/game_fn_80016270.o
[65/897] MWCC build/GEDE01/src/game/game_fn_80016904.o
[66/897] MWCC build/GEDE01/src/game/game_fn_80016B24.o
[67/897] MWCC build/GEDE01/src/game/game_fn_800171C0.o
[68/897] MWCC build/GEDE01/src/game/game_fn_800173CC.o
[69/897] MWCC build/GEDE01/src/game/game_fn_800176F0.o
[70/897] MWCC build/GEDE01/src/game/game_fn_80017910.o
[71/897] MWCC build/GEDE01/src/game/game_fn_80017A3C.o
[72/897] MWCC build/GEDE01/src/game/game_fn_800179AC.o
[73/897] MWCC build/GEDE01/src/game/game_fn_80017AE4.o
[74/897] MWCC build/GEDE01/src/game/game_fn_80017C3C.o
[75/897] MWCC build/GEDE01/src/game/game_fn_80017CC8.o
[76/897] MWCC build/GEDE01/src/game/game_fn_80017DB0.o
[77/897] MWCC build/GEDE01/src/game/game_fn_80018EF4.o
[78/897] MWCC build/GEDE01/src/game/game_fn_80019054.o
[79/897] MWCC build/GEDE01/src/game/game_fn_800194D0.o
[80/897] MWCC build/GEDE01/src/game/game_fn_80019244.o
[81/897] MWCC build/GEDE01/src/game/game_fn_80019C10.o
[82/897] MWCC build/GEDE01/src/game/game_fn_80019940.o
[83/897] MWCC build/GEDE01/src/game/game_fn_80019D2C.o
[84/897] MWCC build/GEDE01/src/game/game_fn_80019F98.o
[85/897] MWCC build/GEDE01/src/game/game_fn_8001AAB8.o
[86/897] MWCC build/GEDE01/src/game/game_fn_8001A6C4.o
[87/897] MWCC build/GEDE01/src/game/game_fn_8001AF68.o
[88/897] MWCC build/GEDE01/src/game/game_fn_8001ADF8.o
[89/897] MWCC build/GEDE01/src/game/game_fn_8001B294.o
[90/897] MWCC build/GEDE01/src/game/game_fn_8001B124.o
[91/897] MWCC build/GEDE01/src/game/game_fn_8001B808.o
[92/897] MWCC build/GEDE01/src/game/game_fn_8001B874.o
[93/897] MWCC build/GEDE01/src/game/game_fn_8001C078.o
[94/897] MWCC build/GEDE01/src/game/game_fn_8001CA04.o
[95/897] MWCC build/GEDE01/src/game/game_fn_8001CD58.o
[96/897] MWCC build/GEDE01/src/game/game_fn_8001CE94.o
[97/897] MWCC build/GEDE01/src/game/game_fn_8001E644.o
[98/897] MWCC build/GEDE01/src/game/game_fn_8001FE1C.o
[99/897] MWCC build/GEDE01/src/game/game_fn_80020E94.o
[100/897] MWCC build/GEDE01/src/game/game_fn_80024F28.o
[101/897] MWCC build/GEDE01/src/game/game_fn_800272B4.o
[102/897] MWCC build/GEDE01/src/game/game_fn_8002B748.o
[103/897] MWCC build/GEDE01/src/game/game_fn_8002DAE0.o
[104/897] MWCC build/GEDE01/src/game/game_fn_8002E3F0.o
[105/897] MWCC build/GEDE01/src/game/game_fn_8002EA68.o
[106/897] MWCC build/GEDE01/src/game/game_fn_8002F428.o
[107/897] MWCC build/GEDE01/src/game/game_fn_80031544.o
[108/897] MWCC build/GEDE01/src/game/game_fn_8003232C.o
[109/897] MWCC build/GEDE01/src/game/game_fn_80032B84.o
[110/897] MWCC build/GEDE01/src/game/game_fn_80033038.o
[111/897] MWCC build/GEDE01/src/game/game_fn_80033180.o
[112/897] MWCC build/GEDE01/src/game/game_fn_800359A0.o
[113/897] MWCC build/GEDE01/src/game/game_fn_800361F8.o
[114/897] MWCC build/GEDE01/src/game/game_fn_80036C40.o
[115/897] MWCC build/GEDE01/src/game/game_fn_80038878.o
[116/897] MWCC build/GEDE01/src/game/game_fn_80048ADC.o
[117/897] MWCC build/GEDE01/src/game/game_fn_80048B24.o
[118/897] MWCC build/GEDE01/src/game/game_fn_8004998C.o
[119/897] MWCC build/GEDE01/src/game/game_fn_80052310.o
[120/897] MWCC build/GEDE01/src/game/game_fn_800542D0.o
[121/897] MWCC build/GEDE01/src/game/game_fn_8005EC6C.o
[122/897] MWCC build/GEDE01/src/game/game_fn_8005EE9C.o
[123/897] MWCC build/GEDE01/src/game/game_data_80239E10.o
[124/897] MWCC build/GEDE01/src/game/game_data_80239E18.o
[125/897] MWCC build/GEDE01/src/game/game_fn_8005FD84.o
[126/897] MWCC build/GEDE01/src/game/game_fn_80066888.o
[127/897] MWCC build/GEDE01/src/game/game_fn_80066E78.o
[128/897] MWCC build/GEDE01/src/game/game_fn_8006B0F0.o
[129/897] MWCC build/GEDE01/src/game/game_fn_8006B620.o
[130/897] MWCC build/GEDE01/src/game/game_fn_8006E53C.o
[131/897] MWCC build/GEDE01/src/game/game_fn_80071A58.o
[132/897] MWCC build/GEDE01/src/game/game_fn_80074310.o
[133/897] MWCC build/GEDE01/src/game/game_fn_80078500.o
[134/897] MWCC build/GEDE01/src/game/game_fn_80079908.o
[135/897] MWCC build/GEDE01/src/game/game_fn_80079AA4.o
[136/897] MWCC build/GEDE01/src/game/game_fn_8007B2F4.o
[137/897] MWCC build/GEDE01/src/game/game_fn_8007B540.o
[138/897] MWCC build/GEDE01/src/game/game_fn_8007B640.o
[139/897] MWCC build/GEDE01/src/game/game_fn_8007B828.o
[140/897] MWCC build/GEDE01/src/game/game_fn_8007BA3C.o
[141/897] MWCC build/GEDE01/src/game/game_fn_8007D4D8.o
[142/897] MWCC build/GEDE01/src/game/game_fn_8007F770.o
[143/897] MWCC build/GEDE01/src/game/game_fn_800886D8.o
[144/897] MWCC build/GEDE01/src/game/game_fn_80088F4C.o
[145/897] MWCC build/GEDE01/src/game/game_fn_8008A2E0.o
[146/897] MWCC build/GEDE01/src/game/game_fn_8008F224.o
[147/897] MWCC build/GEDE01/src/game/game_fn_8008F890.o
[148/897] MWCC build/GEDE01/src/game/game_fn_80090004.o
[149/897] MWCC build/GEDE01/src/game/game_fn_800934A0.o
[150/897] MWCC build/GEDE01/src/game/game_fn_80095D10.o
[151/897] MWCC build/GEDE01/src/game/game_fn_80095FDC.o
[152/897] MWCC build/GEDE01/src/game/game_fn_80096830.o
[153/897] MWCC build/GEDE01/src/game/game_fn_8009C424.o
[154/897] MWCC build/GEDE01/src/game/game_fn_8009E808.o
[155/897] MWCC build/GEDE01/src/game/game_fn_800A2130.o
[156/897] MWCC build/GEDE01/src/game/game_fn_800A2FCC.o
[157/897] MWCC build/GEDE01/src/game/game_fn_800A3180.o
[158/897] MWCC build/GEDE01/src/game/game_fn_800A3894.o
[159/897] MWCC build/GEDE01/src/game/game_fn_800A4428.o
[160/897] MWCC build/GEDE01/src/game/game_fn_800A4798.o
[161/897] MWCC build/GEDE01/src/game/game_fn_800A7E88.o
[162/897] MWCC build/GEDE01/src/game/game_fn_800AF230.o
[163/897] MWCC build/GEDE01/src/game/game_fn_800B2EC0.o
[164/897] MWCC build/GEDE01/src/game/game_fn_800BB5C4.o
[165/897] MWCC build/GEDE01/src/game/game_fn_800BB7A8.o
[166/897] MWCC build/GEDE01/src/game/game_fn_800BB9A4.o
[167/897] MWCC build/GEDE01/src/game/game_fn_800BBAF0.o
[168/897] MWCC build/GEDE01/src/game/game_fn_800C030C.o
[169/897] MWCC build/GEDE01/src/game/game_fn_800C17EC.o
[170/897] MWCC build/GEDE01/src/game/game_fn_800C59F0.o
[171/897] MWCC build/GEDE01/src/game/game_fn_800C644C.o
[172/897] MWCC build/GEDE01/src/game/game_fn_800C65FC.o
[173/897] MWCC build/GEDE01/src/game/game_fn_800C9C60.o
[174/897] MWCC build/GEDE01/src/game/game_fn_800CB760.o
[175/897] MWCC build/GEDE01/src/game/game_fn_800CB8F4.o
[176/897] MWCC build/GEDE01/src/game/game_fn_800CF598.o
[177/897] MWCC build/GEDE01/src/game/game_fn_800D9064.o
[178/897] MWCC build/GEDE01/src/game/game_fn_800D9E10.o
[179/897] MWCC build/GEDE01/src/game/game_fn_800E4980.o
[180/897] MWCC build/GEDE01/src/game/game_TRKNubWelcome.o
[181/897] MWCC build/GEDE01/src/game/game_TRK_main.o
[182/897] MWCC build/GEDE01/src/game/game_InitMetroTRKCommTable.o
[183/897] MWCC build/GEDE01/src/game/game_fn_800FD0C8.o
[184/897] MWCC build/GEDE01/src/game/game_fn_8010242C.o
[185/897] MWCC build/GEDE01/src/game/game_fn_801098C0.o
[186/897] MWCC build/GEDE01/src/game/game_fn_8010F184.o
[187/897] MWCC build/GEDE01/src/game/game_fn_801126E0.o
[188/897] MWCC build/GEDE01/src/game/game_fn_801128E4.o
[189/897] MWCC build/GEDE01/src/game/game_fn_801141B8.o
[190/897] MWCC build/GEDE01/src/game/game_fn_8011F140.o
[191/897] MWCC build/GEDE01/src/game/game_fn_801247F8.o
[192/897] MWCC build/GEDE01/src/game/game_fn_80126A00.o
[193/897] MWCC build/GEDE01/src/game/game_fn_8012976C.o
[194/897] MWCC build/GEDE01/src/game/game_fn_8012DB28.o
[195/897] MWCC build/GEDE01/src/game/game_fn_8013CBE4.o
[196/897] MWCC build/GEDE01/src/game/game_fn_8013D6A4.o
[197/897] MWCC build/GEDE01/src/game/game_fn_8013DB8C.o
[198/897] MWCC build/GEDE01/src/game/game_fn_8014549C.o
[199/897] MWCC build/GEDE01/src/game/game_fn_8014AF38.o
[200/897] MWCC build/GEDE01/src/game/game_fn_8014B494.o
[201/897] MWCC build/GEDE01/src/game/game_fn_8014BA14.o
[202/897] MWCC build/GEDE01/src/game/game_fn_8014CA98.o
[203/897] MWCC build/GEDE01/src/game/game_fn_801535D8.o
[204/897] MWCC build/GEDE01/src/game/game_fn_80153898.o
[205/897] MWCC build/GEDE01/src/game/game_fn_80153A24.o
[206/897] MWCC build/GEDE01/src/game/game_fn_80154F74.o
[207/897] MWCC build/GEDE01/src/game/game_fn_80155814.o
[208/897] MWCC build/GEDE01/src/game/game_fn_80157C0C.o
[209/897] MWCC build/GEDE01/src/game/game_fn_80158B20.o
[210/897] MWCC build/GEDE01/src/game/game_fn_80158D38.o
[211/897] MWCC build/GEDE01/src/game/game_fn_8015DB84.o
[212/897] MWCC build/GEDE01/src/game/game_fn_8015DC54.o
[213/897] MWCC build/GEDE01/src/game/game_fn_8015EDC0.o
[214/897] MWCC build/GEDE01/src/game/game_fn_80167454.o
[215/897] MWCC build/GEDE01/src/game/game_fn_80167B5C.o
[216/897] MWCC build/GEDE01/src/game/game_fn_80169650.o
[217/897] MWCC build/GEDE01/src/game/game_fn_8016BD0C.o
[218/897] MWCC build/GEDE01/src/game/game_fn_8016BE1C.o
[219/897] MWCC build/GEDE01/src/game/game_fn_8016BF60.o
[220/897] MWCC build/GEDE01/src/game/game_fn_8016C0BC.o
[221/897] MWCC build/GEDE01/src/game/game_fn_8016C164.o
[222/897] MWCC build/GEDE01/src/game/game_fn_8016C238.o
[223/897] MWCC build/GEDE01/src/game/game_fn_8016C4BC.o
[224/897] MWCC build/GEDE01/src/game/game_fn_8016C774.o
[225/897] MWCC build/GEDE01/src/game/game_fn_8016D040.o
[226/897] MWCC build/GEDE01/src/game/game_fn_8016D1F8.o
[227/897] MWCC build/GEDE01/src/game/game_fn_8016D2B8.o
[228/897] MWCC build/GEDE01/src/game/game_fn_8016D9C0.o
[229/897] MWCC build/GEDE01/src/game/game_fn_8016DF4C.o
[230/897] MWCC build/GEDE01/src/game/game_fn_8016E8F8.o
[231/897] MWCC build/GEDE01/src/game/game_fn_8016FEF8.o
[232/897] MWCC build/GEDE01/src/game/game_fn_8017038C.o
[233/897] MWCC build/GEDE01/src/game/game_fn_801704F8.o
[234/897] MWCC build/GEDE01/src/game/game_fn_801706DC.o
[235/897] MWCC build/GEDE01/src/game/game_fn_80170A40.o
[236/897] MWCC build/GEDE01/src/game/game_fn_80170DF4.o
[237/897] MWCC build/GEDE01/src/game/game_fn_80170E9C.o
[238/897] MWCC build/GEDE01/src/game/game_fn_8017138C.o
[239/897] MWCC build/GEDE01/src/game/game_fn_80171664.o
[240/897] MWCC build/GEDE01/src/game/game_fn_801718F4.o
[241/897] MWCC build/GEDE01/src/game/game_fn_801719B4.o
[242/897] MWCC build/GEDE01/src/game/game_fn_80171F30.o
[243/897] MWCC build/GEDE01/src/game/game_fn_8017250C.o
[244/897] MWCC build/GEDE01/src/game/game_fn_801726EC.o
[245/897] MWCC build/GEDE01/src/game/game_fn_80172BB0.o
[246/897] MWCC build/GEDE01/src/game/game_fn_80172C78.o
[247/897] MWCC build/GEDE01/src/game/game_fn_80172DB8.o
[248/897] MWCC build/GEDE01/src/game/game_fn_80173270.o
[249/897] MWCC build/GEDE01/src/game/game_fn_801734B4.o
[250/897] MWCC build/GEDE01/src/game/game_fn_80173770.o
[251/897] MWCC build/GEDE01/src/game/game_fn_80173D44.o
[252/897] MWCC build/GEDE01/src/game/game_fn_80173F04.o
[253/897] MWCC build/GEDE01/src/game/game_fn_80174184.o
[254/897] MWCC build/GEDE01/src/game/game_fn_80174358.o
[255/897] MWCC build/GEDE01/src/game/game_fn_80174F2C.o
[256/897] MWCC build/GEDE01/src/game/game_fn_801752B0.o
[257/897] MWCC build/GEDE01/src/game/game_fn_80175A08.o
[258/897] MWCC build/GEDE01/src/game/game_fn_8017553C.o
[259/897] MWCC build/GEDE01/src/game/game_fn_80175E64.o
[260/897] MWCC build/GEDE01/src/game/game_fn_80175F0C.o
[261/897] MWCC build/GEDE01/src/game/game_fn_80175FD4.o
[262/897] MWCC build/GEDE01/src/game/game_fn_80176098.o
[263/897] MWCC build/GEDE01/src/game/game_fn_80176160.o
[264/897] MWCC build/GEDE01/src/game/game_fn_80176220.o
[265/897] MWCC build/GEDE01/src/game/game_fn_8017652C.o
[266/897] MWCC build/GEDE01/src/game/game_fn_801762E8.o
[267/897] MWCC build/GEDE01/src/game/game_fn_80176DF4.o
[268/897] MWCC build/GEDE01/src/game/game_fn_80176FA0.o
[269/897] MWCC build/GEDE01/src/game/game_fn_801770F8.o
[270/897] MWCC build/GEDE01/src/game/game_fn_8017718C.o
[271/897] MWCC build/GEDE01/src/game/game_fn_80178F88.o
[272/897] MWCC build/GEDE01/src/game/game_fn_80177434.o
[273/897] MWCC build/GEDE01/src/game/game_fn_80179398.o
[274/897] MWCC build/GEDE01/src/game/game_fn_8017960C.o
[275/897] MWCC build/GEDE01/src/game/game_fn_8017974C.o
[276/897] MWCC build/GEDE01/src/game/game_fn_80179904.o
[277/897] MWCC build/GEDE01/src/game/game_fn_80179A18.o
[278/897] MWCC build/GEDE01/src/game/game_fn_80179A74.o
[279/897] MWCC build/GEDE01/src/game/game_fn_80179EB8.o
[280/897] MWCC build/GEDE01/src/game/game_fn_80179F20.o
[281/897] MWCC build/GEDE01/src/game/game_fn_8017A010.o
[282/897] MWCC build/GEDE01/src/game/game_fn_8017A12C.o
[283/897] MWCC build/GEDE01/src/game/game_fn_8017A1C0.o
[284/897] MWCC build/GEDE01/src/game/game_fn_8017AC20.o
[285/897] MWCC build/GEDE01/src/game/game_fn_8017A9B8.o
[286/897] MWCC build/GEDE01/src/game/game_fn_8017E850.o
[287/897] MWCC build/GEDE01/src/game/game_fn_8017E958.o
[288/897] MWCC build/GEDE01/src/game/game_fn_80180DDC.o
[289/897] MWCC build/GEDE01/src/game/game_fn_801810A0.o
[290/897] MWCC build/GEDE01/src/game/game_fn_801859FC.o
[291/897] MWCC build/GEDE01/src/game/game_fn_801816D4.o
[292/897] MWCC build/GEDE01/src/game/game_fn_80185AE8.o
[293/897] MWCC build/GEDE01/src/game/game_fn_80185F10.o
[294/897] MWCC build/GEDE01/src/game/game_fn_801865EC.o
[295/897] MWCC build/GEDE01/src/game/game_fn_8018680C.o
[296/897] MWCC build/GEDE01/src/game/game_fn_80186E10.o
[297/897] MWCC build/GEDE01/src/game/game_fn_80186F70.o
[298/897] MWCC build/GEDE01/src/game/game_fn_80187320.o
[299/897] MWCC build/GEDE01/src/game/game_fn_80187120.o
[300/897] MWCC build/GEDE01/src/game/game_fn_801878E0.o
[301/897] MWCC build/GEDE01/src/game/game_fn_801875FC.o
[302/897] MWCC build/GEDE01/src/game/game_fn_80188A7C.o
[303/897] MWCC build/GEDE01/src/game/game_fn_80187BB4.o
[304/897] MWCC build/GEDE01/src/game/game_fn_80188B44.o
[305/897] MWCC build/GEDE01/src/game/game_fn_80188C1C.o
[306/897] MWCC build/GEDE01/src/game/game_fn_80189028.o
[307/897] MWCC build/GEDE01/src/game/game_fn_80188E28.o
[308/897] MWCC build/GEDE01/src/game/game_fn_801891D8.o
[309/897] MWCC build/GEDE01/src/game/game_fn_80189390.o
[310/897] MWCC build/GEDE01/src/game/game_fn_801896A0.o
[311/897] MWCC build/GEDE01/src/game/game_fn_801895E8.o
[312/897] MWCC build/GEDE01/src/game/game_fn_80189760.o
[313/897] MWCC build/GEDE01/src/game/game_fn_80189968.o
[314/897] MWCC build/GEDE01/src/game/game_fn_80189C14.o
[315/897] MWCC build/GEDE01/src/game/game_fn_8018C2D0.o
[316/897] MWCC build/GEDE01/src/game/game_fn_8018D1F0.o
[317/897] MWCC build/GEDE01/src/game/game_fn_8018D2E0.o
[318/897] MWCC build/GEDE01/src/game/game_fn_8018D400.o
[319/897] MWCC build/GEDE01/src/game/game_fn_8018D688.o
[320/897] MWCC build/GEDE01/src/game/game_fn_8018E0D8.o
[321/897] MWCC build/GEDE01/src/game/game_fn_8018DC24.o
[322/897] MWCC build/GEDE01/src/game/game_fn_8018F1D0.o
[323/897] MWCC build/GEDE01/src/game/game_fn_8018F81C.o
[324/897] MWCC build/GEDE01/src/game/game_fn_8018FEDC.o
[325/897] MWCC build/GEDE01/src/game/game_fn_8019120C.o
[326/897] MWCC build/GEDE01/src/game/game_fn_80191360.o
[327/897] MWCC build/GEDE01/src/game/game_fn_801916D0.o
[328/897] MWCC build/GEDE01/src/game/game_fn_8019197C.o
[329/897] MWCC build/GEDE01/src/game/game_fn_80191F58.o
[330/897] MWCC build/GEDE01/src/game/game_fn_801926EC.o
[331/897] MWCC build/GEDE01/src/game/game_fn_801929A4.o
[332/897] MWCC build/GEDE01/src/game/game_fn_80192F54.o
[333/897] MWCC build/GEDE01/src/game/game_fn_801931C4.o
[334/897] MWCC build/GEDE01/src/game/game_fn_80193E1C.o
[335/897] MWCC build/GEDE01/src/game/game_fn_80193F3C.o
[336/897] MWCC build/GEDE01/src/game/game_fn_80194F80.o
[337/897] MWCC build/GEDE01/src/game/game_fn_801952E8.o
[338/897] MWCC build/GEDE01/src/game/game_fn_80197910.o
[339/897] MWCC build/GEDE01/src/game/game_fn_80198154.o
[340/897] MWCC build/GEDE01/src/game/game_fn_80198AAC.o
[341/897] MWCC build/GEDE01/src/game/game_fn_80198BF4.o
[342/897] MWCC build/GEDE01/src/game/game_fn_801991E0.o
[343/897] MWCC build/GEDE01/src/game/game_fn_8019B1BC.o
[344/897] MWCC build/GEDE01/src/game/game_fn_8019CC28.o
[345/897] MWCC build/GEDE01/src/game/game_fn_8019CFC4.o
[346/897] MWCC build/GEDE01/src/game/game_fn_8019E5E4.o
[347/897] MWCC build/GEDE01/src/game/game_fn_8019E8C8.o
[348/897] MWCC build/GEDE01/src/game/game_fn_801A1F18.o
[349/897] MWCC build/GEDE01/src/game/game_fn_801A2A54.o
[350/897] MWCC build/GEDE01/src/game/game_fn_801A34BC.o
[351/897] MWCC build/GEDE01/src/game/game_fn_801A3A78.o
[352/897] MWCC build/GEDE01/src/game/game_fn_801A4CE0.o
[353/897] MWCC build/GEDE01/src/game/game_fn_801A5FB0.o
[354/897] MWCC build/GEDE01/src/game/game_fn_801A6410.o
[355/897] MWCC build/GEDE01/src/game/game_fn_801A657C.o
[356/897] MWCC build/GEDE01/src/game/game_fn_801A6ADC.o
[357/897] MWCC build/GEDE01/src/game/game_fn_801A6C58.o
[358/897] MWCC build/GEDE01/src/game/game_fn_801A6CB4.o
[359/897] MWCC build/GEDE01/src/game/game_fn_801A7E04.o
[360/897] MWCC build/GEDE01/src/game/game_fn_801A7EA8.o
[361/897] MWCC build/GEDE01/src/game/game_fn_801A93E8.o
[362/897] MWCC build/GEDE01/src/game/game_fn_801AB154.o
[363/897] MWCC build/GEDE01/src/game/game_fn_801ABD3C.o
[364/897] MWCC build/GEDE01/src/game/game_fn_801AC8AC.o
[365/897] MWCC build/GEDE01/src/game/game_fn_801ACFE8.o
[366/897] MWCC build/GEDE01/src/game/game_fn_801AD08C.o
[367/897] MWCC build/GEDE01/src/game/game_fn_801AFA74.o
[368/897] MWCC build/GEDE01/src/game/game_fn_801B02F0.o
[369/897] MWCC build/GEDE01/src/game/game_fn_801B1BA0.o
[370/897] MWCC build/GEDE01/src/game/game_fn_801B35BC.o
[371/897] MWCC build/GEDE01/src/game/game_fn_801B46C8.o
[372/897] MWCC build/GEDE01/src/game/game_fn_801B4FB4.o
[373/897] MWCC build/GEDE01/src/game/game_fn_801B5228.o
[374/897] MWCC build/GEDE01/src/game/game_fn_801B58F0.o
[375/897] MWCC build/GEDE01/src/game/game_fn_801B6F1C.o
[376/897] MWCC build/GEDE01/src/game/game_fn_801B86C0.o
[377/897] MWCC build/GEDE01/src/game/game_fn_801B941C.o
[378/897] MWCC build/GEDE01/src/game/game_fn_801B9E7C.o
[379/897] MWCC build/GEDE01/src/game/game_fn_801BA15C.o
[380/897] MWCC build/GEDE01/src/game/game_fn_801BA708.o
[381/897] MWCC build/GEDE01/src/game/game_fn_801BB1A0.o
[382/897] MWCC build/GEDE01/src/game/game_fn_801BC0D4.o
[383/897] MWCC build/GEDE01/src/game/game_fn_801BC240.o
[384/897] MWCC build/GEDE01/src/game/game_fn_801BC8F4.o
[385/897] MWCC build/GEDE01/src/game/game_fn_801BCC04.o
[386/897] MWCC build/GEDE01/src/game/game_fn_801BD990.o
[387/897] MWCC build/GEDE01/src/game/game_fn_801BDE7C.o
[388/897] MWCC build/GEDE01/src/game/game_fn_801BE0D4.o
[389/897] MWCC build/GEDE01/src/game/game_fn_801C1CB0.o
[390/897] MWCC build/GEDE01/src/game/game_fn_801BEF40.o
[391/897] MWCC build/GEDE01/src/game/game_fn_801C2980.o
[392/897] MWCC build/GEDE01/src/game/game_fn_801C29BC.o
[393/897] MWCC build/GEDE01/src/game/game_fn_801C2AAC.o
[394/897] MWCC build/GEDE01/src/game/game_fn_801C2D9C.o
[395/897] MWCC build/GEDE01/src/game/game_fn_801C8160.o
[396/897] MWCC build/GEDE01/src/game/game_fn_801C8224.o
[397/897] MWCC build/GEDE01/src/game/game_fn_801C4B5C.o
[398/897] MWCC build/GEDE01/src/game/game_fn_801C8600.o
[399/897] MWCC build/GEDE01/src/game/game_fn_801C87DC.o
[400/897] MWCC build/GEDE01/src/game/game_fn_801C8CC0.o
[401/897] MWCC build/GEDE01/src/game/game_fn_801C8F50.o
[402/897] MWCC build/GEDE01/src/game/game_fn_801C90A4.o
[403/897] MWCC build/GEDE01/src/game/game_fn_801C9510.o
[404/897] MWCC build/GEDE01/src/game/game_fn_801C970C.o
[405/897] MWCC build/GEDE01/src/game/game_fn_801C9A08.o
[406/897] MWCC build/GEDE01/src/game/game_fn_801C9B1C.o
[407/897] MWCC build/GEDE01/src/game/game_fn_801CB4F8.o
[408/897] MWCC build/GEDE01/src/game/game_fn_801CD228.o
[409/897] MWCC build/GEDE01/src/game/game_fn_801CE09C.o
[410/897] MWCC build/GEDE01/src/game/game_fn_801CE594.o
[411/897] MWCC build/GEDE01/src/game/game_fn_801D1B10.o
[412/897] MWCC build/GEDE01/src/game/game_fn_801D1F78.o
[413/897] MWCC build/GEDE01/src/game/game_fn_801D3988.o
[414/897] MWCC build/GEDE01/src/game/game_fn_801D76A8.o
[415/897] MWCC build/GEDE01/src/game/game_fn_801D7C24.o
[416/897] MWCC build/GEDE01/src/game/game_fn_801D8050.o
[417/897] MWCC build/GEDE01/src/game/game_fn_801D9FE4.o
[418/897] MWCC build/GEDE01/src/game/game_fn_801E2A48.o
[419/897] MWCC build/GEDE01/src/game/game_fn_801E41AC.o
[420/897] MWCC build/GEDE01/src/game/game_fn_801E6814.o
[421/897] MWCC build/GEDE01/src/game/game_fn_801EB09C.o
[422/897] MWCC build/GEDE01/src/game/game_fn_801E995C.o
[423/897] MWCC build/GEDE01/src/game/game_fn_801EB11C.o
[424/897] MWCC build/GEDE01/src/game/game_fn_801ECD74.o
[425/897] MWCC build/GEDE01/src/game/game_fn_801ECF50.o
[426/897] MWCC build/GEDE01/src/game/game_fn_801ED5F4.o
[427/897] MWCC build/GEDE01/src/game/game_fn_801EF580.o
[428/897] MWCC build/GEDE01/src/game/game_fn_801EF910.o
[429/897] MWCC build/GEDE01/src/game/game_fn_801F0CB0.o
[430/897] MWCC build/GEDE01/src/game/game_fn_801F10BC.o
[431/897] MWCC build/GEDE01/src/game/game_fn_801F1A38.o
[432/897] MWCC build/GEDE01/src/game/game_fn_801F35A8.o
[433/897] MWCC build/GEDE01/src/game/game_fn_801F55A0.o
[434/897] MWCC build/GEDE01/src/game/game_fn_801F69F0.o
[435/897] MWCC build/GEDE01/src/game/game_fn_801F6BD8.o
[436/897] MWCC build/GEDE01/src/game/game_fn_801F7510.o
[437/897] MWCC build/GEDE01/src/game/game_fn_801F76EC.o
[438/897] MWCC build/GEDE01/src/game/game_fn_801F8264.o
[439/897] MWCC build/GEDE01/src/game/game_fn_801F9AF8.o
[440/897] MWCC build/GEDE01/src/game/game_fn_801F89B4.o
[441/897] MWCC build/GEDE01/src/game/game_fn_801F9CF4.o
[442/897] MWCC build/GEDE01/src/game/game_fn_801FA9C8.o
[443/897] MWCC build/GEDE01/src/game/game_fn_801FB6A4.o
[444/897] MWCC build/GEDE01/src/game/game_fn_801FC034.o
[445/897] MWCC build/GEDE01/src/game/game_fn_801FFE78.o
[446/897] MWCC build/GEDE01/src/game/game_fn_801FC204.o
[447/897] EXTERNALIZE build/GEDE01/src/game/game_fn_80175A08.o
[448/897] EXTERNALIZE build/GEDE01/src/game/game_fn_80066E78.o
[449/897] EXTERNALIZE build/GEDE01/src/game/game_fn_801247F8.o
[450/897] EXTERNALIZE build/GEDE01/src/game/game_fn_801EF910.o
[451/897] EXTERNALIZE build/GEDE01/src/game/game_fn_801ECF50.o
[452/897] EXTERNALIZE build/GEDE01/src/game/game_fn_801EB09C.o
[453/897] EXTERNALIZE build/GEDE01/src/game/game_fn_801FC204.o
[454/897] EXTERNALIZE build/GEDE01/src/game/game_fn_801EB11C.o
[455/897] EXTERNALIZE build/GEDE01/src/game/game_fn_801E41AC.o
[456/897] EXTERNALIZE build/GEDE01/src/game/game_fn_801D9FE4.o
[457/897] EXTERNALIZE build/GEDE01/src/game/game_fn_801D76A8.o
[458/897] EXTERNALIZE build/GEDE01/src/game/game_fn_801D8050.o
[459/897] EXTERNALIZE build/GEDE01/src/game/game_fn_801D7C24.o
[460/897] EXTERNALIZE build/GEDE01/src/game/game_fn_8019B1BC.o
[461/897] EXTERNALIZE build/GEDE01/src/game/game_fn_80178F88.o
[462/897] EXTERNALIZE build/GEDE01/src/game/game_fn_801CD228.o
[463/897] EXTERNALIZE build/GEDE01/src/game/game_fn_801C970C.o
[464/897] EXTERNALIZE build/GEDE01/src/game/game_fn_801BA15C.o
[465/897] EXTERNALIZE build/GEDE01/src/game/game_fn_801C9510.o
[466/897] EXTERNALIZE build/GEDE01/src/game/game_fn_80126A00.o
[467/897] EXTERNALIZE build/GEDE01/src/game/game_fn_8013D6A4.o
[468/897] EXTERNALIZE build/GEDE01/src/game/game_fn_800C9C60.o
[469/897] EXTERNALIZE build/GEDE01/src/game/game_fn_801B5228.o
[470/897] EXTERNALIZE build/GEDE01/src/game/game_fn_801B4FB4.o
[471/897] EXTERNALIZE build/GEDE01/src/game/game_fn_801C87DC.o
[472/897] EXTERNALIZE build/GEDE01/src/game/game_fn_801B6F1C.o
[473/897] EXTERNALIZE build/GEDE01/src/game/game_fn_801C8CC0.o
[474/897] EXTERNALIZE build/GEDE01/src/game/game_fn_800FD0C8.o
[475/897] EXTERNALIZE build/GEDE01/src/game/game_fn_801BDE7C.o
[476/897] EXTERNALIZE build/GEDE01/src/game/game_fn_801BE0D4.o
[477/897] EXTERNALIZE STATIC POOL build/GEDE01/src/game/game_fn_801C9A08.o
build/GEDE01/src/game/game_fn_801C9A08.o: lbl_80629390 now undefined; section 3 emptied
[478/897] EXTERNALIZE build/GEDE01/src/game/game_fn_801B941C.o
[479/897] EXTERNALIZE STATIC POOL build/GEDE01/src/game/game_fn_801C9B1C.o
build/GEDE01/src/game/game_fn_801C9B1C.o: lbl_80629390 now undefined; section 3 emptied
[480/897] EXTERNALIZE STATIC POOL build/GEDE01/src/game/game_fn_801BD990.o
build/GEDE01/src/game/game_fn_801BD990.o: lbl_80626D80 now undefined; section 6 emptied
[481/897] EXTERNALIZE STATIC POOL build/GEDE01/src/game/game_fn_801B58F0.o
build/GEDE01/src/game/game_fn_801B58F0.o: lbl_8060C020 now undefined; section 3 emptied
[482/897] EXTERNALIZE STATIC POOL build/GEDE01/src/game/game_fn_801B9E7C.o
build/GEDE01/src/game/game_fn_801B9E7C.o: 0 relocation(s) moved from streamInfo to ...bss.0
build/GEDE01/src/game/game_fn_801B9E7C.o: lbl_8061AE48 now undefined; section 6 emptied
[483/897] EXTERNALIZE STATIC POOL build/GEDE01/src/game/game_fn_801BB1A0.o
build/GEDE01/src/game/game_fn_801BB1A0.o: 0 relocation(s) moved from streamInfo to ...bss.0
build/GEDE01/src/game/game_fn_801BB1A0.o: lbl_8061AE48 now undefined; section 6 emptied
[484/897] EXTERNALIZE STATIC build/GEDE01/src/game/game_fn_801B35BC.o
build/GEDE01/src/game/game_fn_801B35BC.o: lbl_8060D420 now undefined; section 6 emptied
[485/897] EXTERNALIZE STATIC POOL build/GEDE01/src/game/game_fn_801BA708.o
build/GEDE01/src/game/game_fn_801BA708.o: 0 relocation(s) moved from streamInfo to ...bss.0
build/GEDE01/src/game/game_fn_801BA708.o: lbl_8061AE48 now undefined; section 6 emptied
[486/897] EXTERNALIZE STATIC POOL build/GEDE01/src/game/game_fn_801BC8F4.o
build/GEDE01/src/game/game_fn_801BC8F4.o: lbl_8061C748 now undefined; section 6 emptied
[487/897] EXTERNALIZE STATIC build/GEDE01/src/game/game_fn_801BC240.o
build/GEDE01/src/game/game_fn_801BC240.o: lbl_8061C748 now undefined; section 6 emptied
[488/897] EXTERNALIZE STATIC POOL build/GEDE01/src/game/game_fn_801BCC04.o
build/GEDE01/src/game/game_fn_801BCC04.o: lbl_8061C748 now undefined; section 6 emptied
[489/897] EXTERNALIZE STATIC POOL build/GEDE01/src/game/game_fn_801BC0D4.o
build/GEDE01/src/game/game_fn_801BC0D4.o: lbl_8061C748 now undefined; section 6 emptied
[490/897] EXTERNALIZE STATIC POOL build/GEDE01/src/game/game_fn_801C1CB0.o
build/GEDE01/src/game/game_fn_801C1CB0.o: lbl_80626DA0 now undefined; section 3 emptied
[491/897] RENAME build/GEDE01/src/game/game_InitMetroTRKCommTable.o
[492/897] EXTERNALIZE STATIC POOL build/GEDE01/src/game/game_fn_801CE09C.o
build/GEDE01/src/game/game_fn_801CE09C.o: lbl_80631340 now undefined; section 6 emptied
[493/897] RENAME RUNTIME INTRINSICS build/GEDE01/src/game/game_fn_801CB4F8.o
[494/897] EXTERNALIZE build/GEDE01/src/game/game_fn_801D3988.o
[495/897] EXTERNALIZE STATIC POOL build/GEDE01/src/game/game_fn_8010242C.o
build/GEDE01/src/game/game_fn_8010242C.o: lbl_8032CC08 now undefined; section 3 emptied
[496/897] EXTERNALIZE build/GEDE01/src/game/game_fn_801D1B10.o
[497/897] EXTERNALIZE build/GEDE01/src/game/game_fn_801CE594.o
[498/897] ALIGN DATA build/GEDE01/src/game/game_fn_80008014.o
[499/897] EXTERNALIZE build/GEDE01/src/game/game_fn_8014549C.o
[500/897] EXTERNALIZE build/GEDE01/src/game/game_fn_801098C0.o
[501/897] EXTERNALIZE build/GEDE01/src/game/game_fn_801C8224.o
[502/897] EXTERNALIZE build/GEDE01/src/game/game_fn_80185F10.o
[503/897] EXTERNALIZE build/GEDE01/src/game/game_fn_8000FDE8.o
[504/897] EXTERNALIZE build/GEDE01/src/game/game_fn_801C29BC.o
[505/897] EXTERNALIZE build/GEDE01/src/game/game_fn_8007B828.o
[506/897] EXTERNALIZE build/GEDE01/src/game/game_fn_801C8F50.o
[507/897] EXTERNALIZE build/GEDE01/src/game/game_fn_801C90A4.o
[508/897] EXTERNALIZE build/GEDE01/src/game/game_fn_801C8160.o
[509/897] EXTERNALIZE build/GEDE01/src/game/game_fn_801C2AAC.o
[510/897] EXTERNALIZE build/GEDE01/src/game/game_fn_801C2D9C.o
[511/897] EXTERNALIZE build/GEDE01/src/game/game_fn_801C2980.o
[512/897] EXTERNALIZE build/GEDE01/src/game/game_fn_801B02F0.o
[513/897] EXTERNALIZE build/GEDE01/src/game/game_fn_801AFA74.o
[514/897] EXTERNALIZE build/GEDE01/src/game/game_fn_801AC8AC.o
[515/897] EXTERNALIZE build/GEDE01/src/game/game_fn_801ABD3C.o
[516/897] EXTERNALIZE build/GEDE01/src/game/game_fn_801816D4.o
[517/897] EXTERNALIZE build/GEDE01/src/game/game_fn_8011F140.o
[518/897] EXTERNALIZE build/GEDE01/src/game/game_fn_801AD08C.o
[519/897] EXTERNALIZE build/GEDE01/src/game/game_fn_8004998C.o
[520/897] EXTERNALIZE build/GEDE01/src/game/game_fn_80079AA4.o
[521/897] EXTERNALIZE build/GEDE01/src/game/game_fn_80158D38.o
[522/897] EXTERNALIZE build/GEDE01/src/game/game_fn_801A3A78.o
[523/897] EXTERNALIZE build/GEDE01/src/game/game_fn_8008F224.o
[524/897] EXTERNALIZE build/GEDE01/src/game/game_fn_80167454.o
[525/897] EXTERNALIZE build/GEDE01/src/game/game_fn_800AF230.o
[526/897] EXTERNALIZE build/GEDE01/src/game/game_fn_801A93E8.o
[527/897] EXTERNALIZE build/GEDE01/src/game/game_fn_801AB154.o
[528/897] EXTERNALIZE build/GEDE01/src/game/game_fn_801A7E04.o
[529/897] EXTERNALIZE build/GEDE01/src/game/game_fn_801A7EA8.o
[530/897] EXTERNALIZE build/GEDE01/src/game/game_fn_801A6CB4.o
[531/897] EXTERNALIZE build/GEDE01/src/game/game_fn_801A4CE0.o
[532/897] EXTERNALIZE build/GEDE01/src/game/game_fn_801A6C58.o
[533/897] NAME JUMPTABLE build/GEDE01/src/game/game_fn_801A6ADC.o
[534/897] EXTERNALIZE build/GEDE01/src/game/game_fn_801A6410.o
[535/897] EXTERNALIZE build/GEDE01/src/game/game_fn_801A5FB0.o
[536/897] EXTERNALIZE build/GEDE01/src/game/game_fn_801A1F18.o
[537/897] EXTERNALIZE build/GEDE01/src/game/game_fn_8019E8C8.o
[538/897] EXTERNALIZE build/GEDE01/src/game/game_fn_8019E5E4.o
[539/897] EXTERNALIZE build/GEDE01/src/game/game_fn_8019CFC4.o
[540/897] EXTERNALIZE build/GEDE01/src/game/game_fn_8019CC28.o
[541/897] EXTERNALIZE build/GEDE01/src/game/game_fn_801991E0.o
[542/897] EXTERNALIZE build/GEDE01/src/game/game_fn_80198BF4.o
[543/897] EXTERNALIZE build/GEDE01/src/game/game_fn_80198AAC.o
[544/897] EXTERNALIZE build/GEDE01/src/game/game_fn_80198154.o
[545/897] EXTERNALIZE build/GEDE01/src/game/game_fn_80194F80.o
[546/897] EXTERNALIZE build/GEDE01/src/game/game_fn_80197910.o
[547/897] EXTERNALIZE build/GEDE01/src/game/game_fn_80177434.o
repointed 2 relocations to lbl_80250588
[548/897] EXTERNALIZE build/GEDE01/src/game/game_fn_80193E1C.o
[549/897] EXTERNALIZE build/GEDE01/src/game/game_fn_801931C4.o
[550/897] EXTERNALIZE build/GEDE01/src/game/game_fn_80193F3C.o
[551/897] EXTERNALIZE build/GEDE01/src/game/game_fn_80192F54.o
[552/897] EXTERNALIZE build/GEDE01/src/game/game_fn_80191F58.o
[553/897] EXTERNALIZE build/GEDE01/src/game/game_fn_8019197C.o
[554/897] EXTERNALIZE build/GEDE01/src/game/game_fn_80191360.o
[555/897] GLOBALIZE build/GEDE01/src/game/game_fn_8018F1D0.o
[556/897] EXTERNALIZE build/GEDE01/src/game/game_fn_8018D688.o
[557/897] EXTERNALIZE build/GEDE01/src/game/game_fn_8018F81C.o
[558/897] EXTERNALIZE build/GEDE01/src/game/game_fn_8018D2E0.o
[559/897] EXTERNALIZE build/GEDE01/src/game/game_fn_80189968.o
[560/897] EXTERNALIZE build/GEDE01/src/game/game_fn_8018D1F0.o
[561/897] EXTERNALIZE build/GEDE01/src/game/game_fn_80189760.o
[562/897] EXTERNALIZE build/GEDE01/src/game/game_fn_801896A0.o
[563/897] EXTERNALIZE build/GEDE01/src/game/game_fn_801895E8.o
[564/897] EXTERNALIZE build/GEDE01/src/game/game_fn_80189390.o
[565/897] EXTERNALIZE build/GEDE01/src/game/game_fn_801891D8.o
[566/897] EXTERNALIZE build/GEDE01/src/game/game_fn_80188E28.o
[567/897] EXTERNALIZE build/GEDE01/src/game/game_fn_80189028.o
[568/897] EXTERNALIZE build/GEDE01/src/game/game_fn_80188B44.o
[569/897] EXTERNALIZE build/GEDE01/src/game/game_fn_80188C1C.o
[570/897] EXTERNALIZE build/GEDE01/src/game/game_fn_80188A7C.o
[571/897] EXTERNALIZE build/GEDE01/src/game/game_fn_801878E0.o
[572/897] EXTERNALIZE build/GEDE01/src/game/game_fn_80187120.o
[573/897] EXTERNALIZE build/GEDE01/src/game/game_fn_80186E10.o
[574/897] EXTERNALIZE build/GEDE01/src/game/game_fn_8018FEDC.o
[575/897] EXTERNALIZE build/GEDE01/src/game/game_fn_801865EC.o
[576/897] EXTERNALIZE build/GEDE01/src/game/game_fn_80185AE8.o
[577/897] EXTERNALIZE build/GEDE01/src/game/game_fn_801859FC.o
[578/897] EXTERNALIZE build/GEDE01/src/game/game_fn_80180DDC.o
[579/897] EXTERNALIZE build/GEDE01/src/game/game_fn_8017E958.o
[580/897] EXTERNALIZE build/GEDE01/src/game/game_fn_8017E850.o
[581/897] EXTERNALIZE build/GEDE01/src/game/game_fn_8017718C.o
[582/897] EXTERNALIZE build/GEDE01/src/game/game_fn_801770F8.o
[583/897] EXTERNALIZE build/GEDE01/src/game/game_fn_80176FA0.o
[584/897] EXTERNALIZE build/GEDE01/src/game/game_fn_80176DF4.o
[585/897] EXTERNALIZE build/GEDE01/src/game/game_fn_80174358.o
[586/897] EXTERNALIZE build/GEDE01/src/game/game_fn_80173F04.o
[587/897] EXTERNALIZE build/GEDE01/src/game/game_fn_80174184.o
[588/897] EXTERNALIZE build/GEDE01/src/game/game_fn_8017553C.o
[589/897] EXTERNALIZE build/GEDE01/src/game/game_fn_80173D44.o
[590/897] EXTERNALIZE build/GEDE01/src/game/game_fn_80173770.o
[591/897] EXTERNALIZE build/GEDE01/src/game/game_fn_801734B4.o
[592/897] EXTERNALIZE build/GEDE01/src/game/game_fn_80173270.o
[593/897] EXTERNALIZE build/GEDE01/src/game/game_fn_80172DB8.o
[594/897] EXTERNALIZE build/GEDE01/src/game/game_fn_80172C78.o
[595/897] EXTERNALIZE build/GEDE01/src/game/game_fn_80172BB0.o
[596/897] EXTERNALIZE build/GEDE01/src/game/game_fn_801726EC.o
[597/897] EXTERNALIZE build/GEDE01/src/game/game_fn_8017250C.o
[598/897] EXTERNALIZE build/GEDE01/src/game/game_fn_80171F30.o
[599/897] EXTERNALIZE build/GEDE01/src/game/game_fn_801719B4.o
[600/897] EXTERNALIZE build/GEDE01/src/game/game_fn_801718F4.o
[601/897] EXTERNALIZE build/GEDE01/src/game/game_fn_80171664.o
[602/897] EXTERNALIZE build/GEDE01/src/game/game_fn_8017138C.o
[603/897] EXTERNALIZE build/GEDE01/src/game/game_fn_80170A40.o
[604/897] EXTERNALIZE build/GEDE01/src/game/game_fn_801706DC.o
[605/897] NORMALIZE build/GEDE01/src/game/game_TRKNubWelcome.o
[606/897] NORMALIZE build/GEDE01/src/game/game_TRK_main.o
[607/897] NORMALIZE build/GEDE01/src/game/game_data_80239E10.o
[608/897] NORMALIZE build/GEDE01/src/game/game_data_80239E18.o
[609/897] EXTERNALIZE build/GEDE01/src/game/game_fn_80170E9C.o
[610/897] EXTERNALIZE build/GEDE01/src/game/game_fn_8017652C.o
[611/897] EXTERNALIZE build/GEDE01/src/game/game_fn_80175F0C.o
[612/897] EXTERNALIZE build/GEDE01/src/game/game_fn_80175E64.o
[613/897] EXTERNALIZE build/GEDE01/src/game/game_fn_80175FD4.o
[614/897] EXTERNALIZE build/GEDE01/src/game/game_fn_80176098.o
[615/897] EXTERNALIZE build/GEDE01/src/game/game_fn_80176160.o
[616/897] EXTERNALIZE build/GEDE01/src/game/game_fn_80176220.o
[617/897] EXTERNALIZE build/GEDE01/src/game/game_fn_80170DF4.o
[618/897] EXTERNALIZE build/GEDE01/src/game/game_fn_801762E8.o
[619/897] EXTERNALIZE build/GEDE01/src/game/game_fn_8016E8F8.o
[620/897] EXTERNALIZE build/GEDE01/src/game/game_fn_8016FEF8.o
[621/897] EXTERNALIZE build/GEDE01/src/game/game_fn_801704F8.o
[622/897] EXTERNALIZE build/GEDE01/src/game/game_fn_8016D2B8.o
[623/897] NORMALIZE build/GEDE01/src/game/game_fn_8016DF4C.o
[624/897] EXTERNALIZE build/GEDE01/src/game/game_fn_8016D1F8.o
[625/897] EXTERNALIZE build/GEDE01/src/game/game_fn_8016D040.o
[626/897] EXTERNALIZE build/GEDE01/src/game/game_fn_8016C774.o
[627/897] EXTERNALIZE build/GEDE01/src/game/game_fn_8016C4BC.o
[628/897] EXTERNALIZE build/GEDE01/src/game/game_fn_8016C164.o
[629/897] EXTERNALIZE build/GEDE01/src/game/game_fn_8016C238.o
[630/897] EXTERNALIZE build/GEDE01/src/game/game_fn_8016C0BC.o
[631/897] EXTERNALIZE build/GEDE01/src/game/game_fn_8017038C.o
[632/897] EXTERNALIZE build/GEDE01/src/game/game_fn_8016BE1C.o
[633/897] EXTERNALIZE build/GEDE01/src/game/game_fn_8016BF60.o
[634/897] EXTERNALIZE build/GEDE01/src/game/game_fn_8016BD0C.o
[635/897] EXTERNALIZE build/GEDE01/src/game/game_fn_80169650.o
[636/897] EXTERNALIZE build/GEDE01/src/game/game_fn_80167B5C.o
[637/897] EXTERNALIZE build/GEDE01/src/game/game_fn_8015EDC0.o
[638/897] EXTERNALIZE build/GEDE01/src/game/game_fn_8015DC54.o
[639/897] EXTERNALIZE build/GEDE01/src/game/game_fn_8015DB84.o
[640/897] EXTERNALIZE build/GEDE01/src/game/game_fn_80179398.o
[641/897] EXTERNALIZE build/GEDE01/src/game/game_fn_80158B20.o
[642/897] EXTERNALIZE build/GEDE01/src/game/game_fn_8017960C.o
[643/897] EXTERNALIZE build/GEDE01/src/game/game_fn_8017974C.o
[644/897] EXTERNALIZE build/GEDE01/src/game/game_fn_8017A9B8.o
[645/897] EXTERNALIZE build/GEDE01/src/game/game_fn_80179904.o
[646/897] EXTERNALIZE build/GEDE01/src/game/game_fn_80179A74.o
[647/897] EXTERNALIZE build/GEDE01/src/game/game_fn_80179A18.o
[648/897] EXTERNALIZE build/GEDE01/src/game/game_fn_80179EB8.o
[649/897] EXTERNALIZE build/GEDE01/src/game/game_fn_80179F20.o
[650/897] EXTERNALIZE build/GEDE01/src/game/game_fn_8017A010.o
[651/897] EXTERNALIZE build/GEDE01/src/game/game_fn_8017A12C.o
[652/897] EXTERNALIZE build/GEDE01/src/game/game_fn_80157C0C.o
[653/897] EXTERNALIZE build/GEDE01/src/game/game_fn_80155814.o
[654/897] EXTERNALIZE build/GEDE01/src/game/game_fn_8017A1C0.o
[655/897] EXTERNALIZE build/GEDE01/src/game/game_fn_80153898.o
[656/897] EXTERNALIZE build/GEDE01/src/game/game_fn_8014B494.o
[657/897] EXTERNALIZE build/GEDE01/src/game/game_fn_8014AF38.o
[658/897] EXTERNALIZE build/GEDE01/src/game/game_fn_8012DB28.o
[659/897] EXTERNALIZE build/GEDE01/src/game/game_fn_801141B8.o
[660/897] EXTERNALIZE build/GEDE01/src/game/game_fn_801128E4.o
[661/897] EXTERNALIZE build/GEDE01/src/game/game_fn_801126E0.o
[662/897] EXTERNALIZE build/GEDE01/src/game/game_fn_8010F184.o
[663/897] EXTERNALIZE build/GEDE01/src/game/game_fn_800E4980.o
[664/897] EXTERNALIZE build/GEDE01/src/game/game_fn_800C17EC.o
[665/897] EXTERNALIZE build/GEDE01/src/game/game_fn_800C59F0.o
[666/897] EXTERNALIZE build/GEDE01/src/game/game_fn_800C030C.o
[667/897] EXTERNALIZE build/GEDE01/src/game/game_fn_800C65FC.o
[668/897] EXTERNALIZE build/GEDE01/src/game/game_fn_800C644C.o
[669/897] EXTERNALIZE build/GEDE01/src/game/game_fn_800CB760.o
[670/897] EXTERNALIZE build/GEDE01/src/game/game_fn_800CB8F4.o
[671/897] EXTERNALIZE build/GEDE01/src/game/game_fn_80079908.o
[672/897] EXTERNALIZE build/GEDE01/src/game/game_fn_80078500.o
[673/897] EXTERNALIZE build/GEDE01/src/game/game_fn_8007B2F4.o
[674/897] EXTERNALIZE build/GEDE01/src/game/game_fn_8007B540.o
[675/897] EXTERNALIZE build/GEDE01/src/game/game_fn_8007B640.o
[676/897] EXTERNALIZE build/GEDE01/src/game/game_fn_8007BA3C.o
[677/897] EXTERNALIZE build/GEDE01/src/game/game_fn_800886D8.o
[678/897] EXTERNALIZE build/GEDE01/src/game/game_fn_800A3894.o
[679/897] EXTERNALIZE build/GEDE01/src/game/game_fn_800934A0.o
[680/897] EXTERNALIZE build/GEDE01/src/game/game_fn_800A4798.o
[681/897] EXTERNALIZE build/GEDE01/src/game/game_fn_800A7E88.o
[682/897] GLOBALIZE build/GEDE01/src/game/game_fn_800A2130.o
[683/897] EXTERNALIZE build/GEDE01/src/game/game_fn_800A2FCC.o
[684/897] EXTERNALIZE build/GEDE01/src/game/game_fn_8009C424.o
[685/897] EXTERNALIZE SWITCHES build/GEDE01/src/game/game_fn_80095FDC.o
[686/897] EXTERNALIZE build/GEDE01/src/game/game_fn_80096830.o
[687/897] GLOBALIZE build/GEDE01/src/game/game_fn_8008F890.o
[688/897] EXTERNALIZE build/GEDE01/src/game/game_fn_800A4428.o
[689/897] EXTERNALIZE build/GEDE01/src/game/game_fn_80074310.o
[690/897] GLOBALIZE build/GEDE01/src/game/game_fn_8005FD84.o
[691/897] EXTERNALIZE build/GEDE01/src/game/game_fn_80066888.o
[692/897] EXTERNALIZE build/GEDE01/src/game/game_fn_8005EC6C.o
[693/897] EXTERNALIZE build/GEDE01/src/game/game_fn_80052310.o
[694/897] EXTERNALIZE build/GEDE01/src/game/game_fn_80048B24.o
[695/897] NAME SWITCH build/GEDE01/src/game/game_fn_80020E94.o
[696/897] NAME SWITCH build/GEDE01/src/game/game_fn_8005EE9C.o
[697/897] NAME SWITCH build/GEDE01/src/game/game_fn_8016D9C0.o
[698/897] NAME SWITCH build/GEDE01/src/game/game_fn_80071A58.o
[699/897] EXTERNALIZE build/GEDE01/src/game/game_fn_80048ADC.o
[700/897] NAME SWITCH build/GEDE01/src/game/game_fn_8006B620.o
[701/897] NAME SWITCH build/GEDE01/src/game/game_fn_8001FE1C.o
[702/897] NAME SWITCH build/GEDE01/src/game/game_fn_8001E644.o
[703/897] EXTERNALIZE build/GEDE01/src/game/game_fn_80038878.o
[704/897] EXTERNALIZE build/GEDE01/src/game/game_fn_801B46C8.o
build/GEDE01/src/game/game_fn_801B46C8.o: lbl_8060C020 now undefined; section 6 emptied
[705/897] EXTERNALIZE build/GEDE01/src/game/game_fn_80036C40.o
[706/897] EXTERNALIZE build/GEDE01/src/game/game_fn_800359A0.o
[707/897] EXTERNALIZE build/GEDE01/src/game/game_fn_80033180.o
[708/897] EXTERNALIZE build/GEDE01/src/game/game_fn_80033038.o
[709/897] EXTERNALIZE build/GEDE01/src/game/game_fn_80032B84.o
[710/897] EXTERNALIZE build/GEDE01/src/game/game_fn_8003232C.o
[711/897] EXTERNALIZE build/GEDE01/src/game/game_fn_8002E3F0.o
[712/897] EXTERNALIZE build/GEDE01/src/game/game_fn_8002DAE0.o
[713/897] EXTERNALIZE build/GEDE01/src/game/game_fn_8002EA68.o
[714/897] GLOBALIZE build/GEDE01/src/game/game_fn_8002B748.o
[715/897] EXTERNALIZE build/GEDE01/src/game/game_fn_8002F428.o
[716/897] NAME SWITCHES build/GEDE01/src/game/game_fn_80024F28.o
[717/897] EXTERNALIZE build/GEDE01/src/game/game_fn_800272B4.o
[718/897] EXTERNALIZE build/GEDE01/src/game/game_fn_8001CE94.o
[719/897] EXTERNALIZE build/GEDE01/src/game/game_fn_8001CD58.o
[720/897] EXTERNALIZE build/GEDE01/src/game/game_fn_8001C078.o
[721/897] EXTERNALIZE build/GEDE01/src/game/game_fn_8001B874.o
[722/897] EXTERNALIZE build/GEDE01/src/game/game_fn_8001B808.o
[723/897] EXTERNALIZE build/GEDE01/src/game/game_fn_8001B124.o
[724/897] EXTERNALIZE build/GEDE01/src/game/game_fn_8001B294.o
[725/897] EXTERNALIZE build/GEDE01/src/game/game_fn_8001ADF8.o
[726/897] EXTERNALIZE build/GEDE01/src/game/game_fn_8001AF68.o
[727/897] EXTERNALIZE build/GEDE01/src/game/game_fn_8001AAB8.o
[728/897] EXTERNALIZE build/GEDE01/src/game/game_fn_8001A6C4.o
[729/897] EXTERNALIZE build/GEDE01/src/game/game_fn_80019F98.o
[730/897] EXTERNALIZE build/GEDE01/src/game/game_fn_80019D2C.o
[731/897] EXTERNALIZE build/GEDE01/src/game/game_fn_80019C10.o
[732/897] EXTERNALIZE build/GEDE01/src/game/game_fn_800194D0.o
[733/897] EXTERNALIZE build/GEDE01/src/game/game_fn_80019940.o
[734/897] EXTERNALIZE build/GEDE01/src/game/game_fn_80019244.o
[735/897] EXTERNALIZE build/GEDE01/src/game/game_fn_80019054.o
[736/897] EXTERNALIZE build/GEDE01/src/game/game_fn_80018EF4.o
[737/897] EXTERNALIZE build/GEDE01/src/game/game_fn_80017DB0.o
[738/897] EXTERNALIZE build/GEDE01/src/game/game_fn_80017CC8.o
[739/897] EXTERNALIZE build/GEDE01/src/game/game_fn_80017C3C.o
[740/897] EXTERNALIZE build/GEDE01/src/game/game_fn_80017AE4.o
[741/897] EXTERNALIZE build/GEDE01/src/game/game_fn_80017A3C.o
[742/897] EXTERNALIZE build/GEDE01/src/game/game_fn_800179AC.o
[743/897] EXTERNALIZE build/GEDE01/src/game/game_fn_80017910.o
[744/897] EXTERNALIZE FLAGS build/GEDE01/src/game/game_fn_800119FC.o
[745/897] EXTERNALIZE build/GEDE01/src/game/game_fn_8000FFD8.o
[746/897] EXTERNALIZE build/GEDE01/src/game/game_fn_8000F4B0.o
[747/897] EXTERNALIZE build/GEDE01/src/game/game_fn_8000EFC4.o
[748/897] GLOBALIZE build/GEDE01/src/game/game_fn_800094C0.o
[749/897] EXTERNALIZE build/GEDE01/src/game/game_fn_800096E0.o
[750/897] EXTERNALIZE build/GEDE01/src/game/game_fn_800098C0.o
[751/897] EXTERNALIZE build/GEDE01/src/game/game_fn_80009AB4.o
[752/897] EXTERNALIZE build/GEDE01/src/game/game_fn_800099D8.o
[753/897] EXTERNALIZE build/GEDE01/src/game/game_fn_8000A26C.o
[754/897] EXTERNALIZE build/GEDE01/src/game/game_fn_800171C0.o
[755/897] EXTERNALIZE build/GEDE01/src/game/game_fn_800176F0.o
[756/897] EXTERNALIZE build/GEDE01/src/game/game_fn_8000AC88.o
[757/897] EXTERNALIZE build/GEDE01/src/game/game_fn_8000AFB4.o
[758/897] EXTERNALIZE build/GEDE01/src/game/game_fn_8000AEB4.o
[759/897] EXTERNALIZE build/GEDE01/src/game/game_fn_8000B1B8.o
[760/897] EXTERNALIZE build/GEDE01/src/game/game_fn_8000B36C.o
[761/897] EXTERNALIZE build/GEDE01/src/game/game_fn_8000B630.o
[762/897] EXTERNALIZE build/GEDE01/src/game/game_fn_8000B7FC.o
[763/897] EXTERNALIZE build/GEDE01/src/game/game_fn_8000B900.o
[764/897] EXTERNALIZE build/GEDE01/src/game/game_fn_8000BA0C.o
[765/897] EXTERNALIZE build/GEDE01/src/game/game_fn_8000BC40.o
[766/897] EXTERNALIZE build/GEDE01/src/game/game_fn_8000BAA0.o
[767/897] EXTERNALIZE build/GEDE01/src/game/game_fn_8000C06C.o
[768/897] EXTERNALIZE build/GEDE01/src/game/game_fn_8000C17C.o
[769/897] EXTERNALIZE build/GEDE01/src/game/game_fn_8000C400.o
[770/897] EXTERNALIZE build/GEDE01/src/game/game_fn_8000C848.o
[771/897] EXTERNALIZE build/GEDE01/src/game/game_fn_8000C91C.o
[772/897] EXTERNALIZE build/GEDE01/src/game/game_fn_8000D0BC.o
[773/897] NAME SWITCH build/GEDE01/src/game/game_fn_8000D8A4.o
[774/897] EXTERNALIZE build/GEDE01/src/game/game_fn_8000D3D4.o
[775/897] EXTERNALIZE build/GEDE01/src/game/game_fn_8000E054.o
[776/897] EXTERNALIZE build/GEDE01/src/game/game_fn_8000E0AC.o
[777/897] EXTERNALIZE build/GEDE01/src/game/game_fn_8000E96C.o
[778/897] EXTERNALIZE build/GEDE01/src/game/game_fn_8000EB14.o
[779/897] EXTERNALIZE build/GEDE01/src/game/game_fn_8000F774.o
[780/897] EXTERNALIZE build/GEDE01/src/game/game_fn_8000EBD4.o
[781/897] EXTERNALIZE build/GEDE01/src/game/game_fn_8000ED44.o
[782/897] EXTERNALIZE build/GEDE01/src/game/game_fn_8000E138.o
[783/897] EXTERNALIZE build/GEDE01/src/game/game_fn_8000E1C4.o
[784/897] EXTERNALIZE build/GEDE01/src/game/game_fn_8000D590.o
[785/897] EXTERNALIZE build/GEDE01/src/game/game_fn_8000DA50.o
[786/897] EXTERNALIZE build/GEDE01/src/game/game_fn_8000DAF4.o
[787/897] EXTERNALIZE build/GEDE01/src/game/game_fn_80012DA8.o
[788/897] EXTERNALIZE build/GEDE01/src/game/game_fn_80012F40.o
[789/897] EXTERNALIZE build/GEDE01/src/game/game_fn_80012FD0.o
[790/897] EXTERNALIZE build/GEDE01/src/game/game_fn_800131E8.o
[791/897] EXTERNALIZE build/GEDE01/src/game/game_fn_80013340.o
[792/897] EXTERNALIZE build/GEDE01/src/game/game_fn_80013870.o
[793/897] EXTERNALIZE build/GEDE01/src/game/game_fn_80013CB0.o
[794/897] EXTERNALIZE build/GEDE01/src/game/game_fn_800142DC.o
[795/897] EXTERNALIZE build/GEDE01/src/game/game_fn_80013D54.o
[796/897] EXTERNALIZE build/GEDE01/src/game/game_fn_800144CC.o
[797/897] EXTERNALIZE build/GEDE01/src/game/game_fn_80014784.o
[798/897] EXTERNALIZE build/GEDE01/src/game/game_fn_800149D4.o
[799/897] EXTERNALIZE build/GEDE01/src/game/game_fn_80015058.o
[800/897] EXTERNALIZE build/GEDE01/src/game/game_fn_80015320.o
[801/897] EXTERNALIZE build/GEDE01/src/game/game_fn_80015568.o
[802/897] EXTERNALIZE build/GEDE01/src/game/game_fn_80015BE0.o
[803/897] EXTERNALIZE build/GEDE01/src/game/game_fn_800156FC.o
[804/897] EXTERNALIZE build/GEDE01/src/game/game_fn_80015D40.o
[805/897] EXTERNALIZE build/GEDE01/src/game/game_fn_80015F04.o
[806/897] EXTERNALIZE build/GEDE01/src/game/game_fn_80016270.o
[807/897] EXTERNALIZE build/GEDE01/src/game/game_fn_80016128.o
[808/897] EXTERNALIZE build/GEDE01/src/game/game_fn_800173CC.o
[809/897] EXTERNALIZE build/GEDE01/src/game/game_fn_80016904.o
[810/897] EXTERNALIZE build/GEDE01/src/game/game_fn_80016B24.o
[811/897] EXTERNALIZE build/GEDE01/src/game/game_fn_801B86C0.o
[812/897] EXTERNALIZE build/GEDE01/src/game/game_fn_801BEF40.o
[813/897] EXTERNALIZE STATIC POOL build/GEDE01/src/game/game_fn_801C4B5C.o
build/GEDE01/src/game/game_fn_801C4B5C.o: lbl_80628CB0 now undefined; section 6 emptied
[814/897] EXTERNALIZE build/GEDE01/src/game/game_fn_801C8600.o
[815/897] EXTERNALIZE build/GEDE01/src/game/game_fn_8014BA14.o
[816/897] EXTERNALIZE build/GEDE01/src/game/game_fn_800B2EC0.o
[817/897] EXTERNALIZE build/GEDE01/src/game/game_fn_8001CA04.o
[818/897] EXTERNALIZE build/GEDE01/src/game/game_fn_80031544.o
[819/897] EXTERNALIZE build/GEDE01/src/game/game_fn_8006B0F0.o
[820/897] EXTERNALIZE build/GEDE01/src/game/game_fn_8007D4D8.o
[821/897] EXTERNALIZE build/GEDE01/src/game/game_fn_8007F770.o
[822/897] EXTERNALIZE build/GEDE01/src/game/game_fn_80088F4C.o
[823/897] EXTERNALIZE build/GEDE01/src/game/game_fn_8008A2E0.o
[824/897] EXTERNALIZE build/GEDE01/src/game/game_fn_80090004.o
[825/897] EXTERNALIZE build/GEDE01/src/game/game_fn_80095D10.o
[826/897] EXTERNALIZE build/GEDE01/src/game/game_fn_800A3180.o
[827/897] EXTERNALIZE build/GEDE01/src/game/game_fn_800BB7A8.o
[828/897] EXTERNALIZE build/GEDE01/src/game/game_fn_800BB5C4.o
[829/897] EXTERNALIZE build/GEDE01/src/game/game_fn_800BB9A4.o
[830/897] EXTERNALIZE build/GEDE01/src/game/game_fn_800BBAF0.o
[831/897] EXTERNALIZE build/GEDE01/src/game/game_fn_800D9064.o
[832/897] EXTERNALIZE build/GEDE01/src/game/game_fn_800D9E10.o
[833/897] EXTERNALIZE build/GEDE01/src/game/game_fn_8012976C.o
[834/897] EXTERNALIZE build/GEDE01/src/game/game_fn_8013DB8C.o
[835/897] EXTERNALIZE build/GEDE01/src/game/game_fn_8013CBE4.o
[836/897] EXTERNALIZE build/GEDE01/src/game/game_fn_8014CA98.o
[837/897] EXTERNALIZE build/GEDE01/src/game/game_fn_80153A24.o
[838/897] EXTERNALIZE build/GEDE01/src/game/game_fn_801535D8.o
[839/897] EXTERNALIZE build/GEDE01/src/game/game_fn_80174F2C.o
[840/897] EXTERNALIZE build/GEDE01/src/game/game_fn_801752B0.o
[841/897] EXTERNALIZE build/GEDE01/src/game/game_fn_8017AC20.o
[842/897] EXTERNALIZE build/GEDE01/src/game/game_fn_8018680C.o
[843/897] EXTERNALIZE build/GEDE01/src/game/game_fn_80186F70.o
[844/897] EXTERNALIZE build/GEDE01/src/game/game_fn_80187320.o
[845/897] EXTERNALIZE build/GEDE01/src/game/game_fn_801810A0.o
[846/897] EXTERNALIZE build/GEDE01/src/game/game_fn_801875FC.o
[847/897] EXTERNALIZE build/GEDE01/src/game/game_fn_800542D0.o
[848/897] EXTERNALIZE build/GEDE01/src/game/game_fn_80189C14.o
[849/897] EXTERNALIZE build/GEDE01/src/game/game_fn_80187BB4.o
[850/897] EXTERNALIZE build/GEDE01/src/game/game_fn_8018C2D0.o
[851/897] EXTERNALIZE build/GEDE01/src/game/game_fn_8018D400.o
[852/897] EXTERNALIZE build/GEDE01/src/game/game_fn_8018E0D8.o
[853/897] EXTERNALIZE build/GEDE01/src/game/game_fn_8019120C.o
[854/897] EXTERNALIZE build/GEDE01/src/game/game_fn_8018DC24.o
[855/897] EXTERNALIZE build/GEDE01/src/game/game_fn_801916D0.o
[856/897] EXTERNALIZE build/GEDE01/src/game/game_fn_801926EC.o
[857/897] EXTERNALIZE build/GEDE01/src/game/game_fn_801929A4.o
[858/897] EXTERNALIZE build/GEDE01/src/game/game_fn_801A2A54.o
[859/897] EXTERNALIZE build/GEDE01/src/game/game_fn_801952E8.o
[860/897] EXTERNALIZE build/GEDE01/src/game/game_fn_801A34BC.o
[861/897] EXTERNALIZE build/GEDE01/src/game/game_fn_801A657C.o
[862/897] EXTERNALIZE build/GEDE01/src/game/game_fn_801D1F78.o
[863/897] EXTERNALIZE build/GEDE01/src/game/game_fn_801E2A48.o
[864/897] EXTERNALIZE build/GEDE01/src/game/game_fn_801E6814.o
[865/897] EXTERNALIZE build/GEDE01/src/game/game_fn_801E995C.o
[866/897] EXTERNALIZE build/GEDE01/src/game/game_fn_801F0CB0.o
[867/897] EXTERNALIZE build/GEDE01/src/game/game_fn_801EF580.o
[868/897] EXTERNALIZE build/GEDE01/src/game/game_fn_801F10BC.o
[869/897] EXTERNALIZE build/GEDE01/src/game/game_fn_801F35A8.o
[870/897] EXTERNALIZE build/GEDE01/src/game/game_fn_801ECD74.o
[871/897] EXTERNALIZE build/GEDE01/src/game/game_fn_801ED5F4.o
[872/897] EXTERNALIZE build/GEDE01/src/game/game_fn_801F69F0.o
[873/897] EXTERNALIZE build/GEDE01/src/game/game_fn_801F76EC.o
[874/897] EXTERNALIZE build/GEDE01/src/game/game_fn_801F8264.o
[875/897] EXTERNALIZE build/GEDE01/src/game/game_fn_801F89B4.o
[876/897] EXTERNALIZE build/GEDE01/src/game/game_fn_801F9AF8.o
[877/897] EXTERNALIZE build/GEDE01/src/game/game_fn_801F6BD8.o
[878/897] EXTERNALIZE JUMPTABLES build/GEDE01/src/game/game_fn_800361F8.o
[879/897] EXTERNALIZE build/GEDE01/src/game/game_fn_801FB6A4.o
[880/897] EXTERNALIZE JUMPTABLES build/GEDE01/src/game/game_fn_8006E53C.o
[881/897] EXTERNALIZE JUMPTABLES build/GEDE01/src/game/game_fn_800CF598.o
[882/897] EXTERNALIZE JUMPTABLES build/GEDE01/src/game/game_fn_801ACFE8.o
[883/897] EXTERNALIZE build/GEDE01/src/game/game_fn_80154F74.o
[884/897] EXTERNALIZE JUMPTABLES build/GEDE01/src/game/game_fn_801B1BA0.o
[885/897] EXTERNALIZE build/GEDE01/src/game/game_fn_8009E808.o
[886/897] EXTERNALIZE build/GEDE01/src/game/game_fn_801F1A38.o
[887/897] EXTERNALIZE build/GEDE01/src/game/game_fn_801F55A0.o
[888/897] EXTERNALIZE build/GEDE01/src/game/game_fn_801FFE78.o
[889/897] EXTERNALIZE build/GEDE01/src/game/game_fn_801F7510.o
[890/897] EXTERNALIZE build/GEDE01/src/game/game_fn_801F9CF4.o
[891/897] EXTERNALIZE build/GEDE01/src/game/game_fn_801FC034.o
[892/897] EXTERNALIZE build/GEDE01/src/game/game_fn_801FA9C8.o
[893/897] REPORT
 INFO Loading project .
 INFO Generating report for 7068 units (using 8 threads)
 INFO Report generated in 0.180s
 INFO Writing to build/GEDE01/report.json
[894/897] LINK build/GEDE01/main.elf
### mwldeppc.exe Linker Warning:
#   Section '.ignored' is unknown. Section ignored.
### mwldeppc.exe Linker Warning:
#   Section '.ignored' is unknown. Section ignored.
### mwldeppc.exe Linker Warning:
#   Section '.ignored' is unknown. Section ignored.
### mwldeppc.exe Linker Warning:
#   Section '.ignored' is unknown. Section ignored.
### mwldeppc.exe Linker Warning:
#   Section '.ignored' is unknown. Section ignored.
### mwldeppc.exe Linker Warning:
#   Section '.ignored' is unknown. Section ignored.
### mwldeppc.exe Linker Warning:
#   Section '.ignored' is unknown. Section ignored.
### mwldeppc.exe Linker Warning:
#   Section '.ignored' is unknown. Section ignored.
### mwldeppc.exe Linker Warning:
#   Section '.ignored' is unknown. Section ignored.
### mwldeppc.exe Linker Warning:
#   Section '.ignored' is unknown. Section ignored.
### mwldeppc.exe Linker Warning:
#   Section '.ignored' is unknown. Section ignored.
### mwldeppc.exe Linker Warning:
#   Section '.ignored' is unknown. Section ignored.
### mwldeppc.exe Linker Warning:
#   Section '.ignored' is unknown. Section ignored.
### mwldeppc.exe Linker Warning:
#   Section '.ignored' is unknown. Section ignored.
### mwldeppc.exe Linker Warning:
#   Section '.ignored' is unknown. Section ignored.
### mwldeppc.exe Linker Warning:
#   Section '.ignored' is unknown. Section ignored.
### mwldeppc.exe Linker Warning:
#   Section '.ignored' is unknown. Section ignored.
### mwldeppc.exe Linker Warning:
#   Section '.ignored' is unknown. Section ignored.
### mwldeppc.exe Linker Warning:
#   Section '.ignored' is unknown. Section ignored.
### mwldeppc.exe Linker Warning:
#   Section '.ignored' is unknown. Section ignored.
### mwldeppc.exe Linker Warning:
#   Section '.ignored' is unknown. Section ignored.
### mwldeppc.exe Linker Warning:
#   Section '.ignored' is unknown. Section ignored.
### mwldeppc.exe Linker Warning:
#   Section '.ignored' is unknown. Section ignored.
### mwldeppc.exe Linker Warning:
#   Section '.ignored' is unknown. Section ignored.
### mwldeppc.exe Linker Warning:
#   Section '.ignored' is unknown. Section ignored.
### mwldeppc.exe Linker Warning:
#   Section '.ignored' is unknown. Section ignored.
### mwldeppc.exe Linker Warning:
#   Section '.ignored' is unknown. Section ignored.
### mwldeppc.exe Linker Warning:
#   Section '.ignored' is unknown. Section ignored.
### mwldeppc.exe Linker Warning:
#   Section '.ignored' is unknown. Section ignored.
### mwldeppc.exe Linker Warning:
#   Section '.ignored' is unknown. Section ignored.
### mwldeppc.exe Linker Warning:
#   Section '.ignored' is unknown. Section ignored.
### mwldeppc.exe Linker Warning:
#   Section '.ignored' is unknown. Section ignored.
### mwldeppc.exe Linker Warning:
#   Section '.ignored' is unknown. Section ignored.
### mwldeppc.exe Linker Warning:
#   Section '.ignored' is unknown. Section ignored.
### mwldeppc.exe Linker Warning:
#   Section '.ignored' is unknown. Section ignored.
### mwldeppc.exe Linker Warning:
#   Section '.ignored' is unknown. Section ignored.
### mwldeppc.exe Linker Warning:
#   Section '.ignored' is unknown. Section ignored.
### mwldeppc.exe Linker Warning:
#   Section '.ignored' is unknown. Section ignored.
### mwldeppc.exe Linker Warning:
#   Section '.ignored' is unknown. Section ignored.
### mwldeppc.exe Linker Warning:
#   Section '.ignored' is unknown. Section ignored.
### mwldeppc.exe Linker Warning:
#   Section '.ignored' is unknown. Section ignored.
### mwldeppc.exe Linker Warning:
#   Section '.ignored' is unknown. Section ignored.
### mwldeppc.exe Linker Warning:
#   Section '.ignored' is unknown. Section ignored.
### mwldeppc.exe Linker Warning:
#   Section '.ignored' is unknown. Section ignored.
### mwldeppc.exe Linker Warning:
#   Section '.ignored' is unknown. Section ignored.
### mwldeppc.exe Linker Warning:
#   Section '.ignored' is unknown. Section ignored.
### mwldeppc.exe Linker Warning:
#   Section '.ignored' is unknown. Section ignored.
### mwldeppc.exe Linker Warning:
#   Section '.ignored' is unknown. Section ignored.
### mwldeppc.exe Linker Warning:
#   Section '.ignored' is unknown. Section ignored.
### mwldeppc.exe Linker Warning:
#   Section '.ignored' is unknown. Section ignored.
### mwldeppc.exe Linker Warning:
#   Section '.ignored' is unknown. Section ignored.
### mwldeppc.exe Linker Warning:
#   Section '.ignored' is unknown. Section ignored.
### mwldeppc.exe Linker Warning:
#   Section '.ignored' is unknown. Section ignored.
### mwldeppc.exe Linker Warning:
#   Section '.ignored' is unknown. Section ignored.
### mwldeppc.exe Linker Warning:
#   Section '.ignored' is unknown. Section ignored.
### mwldeppc.exe Linker Warning:
#   Section '.ignored' is unknown. Section ignored.
### mwldeppc.exe Linker Warning:
#   Section '.ignored' is unknown. Section ignored.
### mwldeppc.exe Linker Warning:
#   Section '.ignored' is unknown. Section ignored.
### mwldeppc.exe Linker Warning:
#   Section '.ignored' is unknown. Section ignored.
### mwldeppc.exe Linker Warning:
#   Section '.ignored' is unknown. Section ignored.
### mwldeppc.exe Linker Warning:
#   Section '.ignored' is unknown. Section ignored.
### mwldeppc.exe Linker Warning:
#   Section '.ignored' is unknown. Section ignored.
### mwldeppc.exe Linker Warning:
#   Section '.ignored' is unknown. Section ignored.
### mwldeppc.exe Linker Warning:
#   Section '.ignored' is unknown. Section ignored.
### mwldeppc.exe Linker Warning:
#   Section '.ignored' is unknown. Section ignored.
### mwldeppc.exe Linker Warning:
#   Section '.ignored' is unknown. Section ignored.
### mwldeppc.exe Linker Warning:
#   Section '.ignored' is unknown. Section ignored.
### mwldeppc.exe Linker Warning:
#   Section '.ignored' is unknown. Section ignored.
### mwldeppc.exe Linker Warning:
#   Section '.ignored' is unknown. Section ignored.
### mwldeppc.exe Linker Warning:
#   Section '.ignored' is unknown. Section ignored.
### mwldeppc.exe Linker Warning:
#   Section '.ignored' is unknown. Section ignored.
### mwldeppc.exe Linker Warning:
#   Section '.ignored' is unknown. Section ignored.
### mwldeppc.exe Linker Warning:
#   Section '.ignored' is unknown. Section ignored.
### mwldeppc.exe Linker Warning:
#   Section '.ignored' is unknown. Section ignored.
### mwldeppc.exe Linker Warning:
#   Section '.ignored' is unknown. Section ignored.
### mwldeppc.exe Linker Warning:
#   Section '.ignored' is unknown. Section ignored.
### mwldeppc.exe Linker Warning:
#   Section '.ignored' is unknown. Section ignored.
### mwldeppc.exe Linker Warning:
#   Section '.ignored' is unknown. Section ignored.
### mwldeppc.exe Linker Warning:
#   Section '.ignored' is unknown. Section ignored.
### mwldeppc.exe Linker Warning:
#   Section '.ignored' is unknown. Section ignored.
### mwldeppc.exe Linker Warning:
#   Section '.ignored' is unknown. Section ignored.
### mwldeppc.exe Linker Warning:
#   Section '.ignored' is unknown. Section ignored.
### mwldeppc.exe Linker Warning:
#   Section '.ignored' is unknown. Section ignored.
### mwldeppc.exe Linker Warning:
#   Section '.ignored' is unknown. Section ignored.
### mwldeppc.exe Linker Warning:
#   Section '.ignored' is unknown. Section ignored.
### mwldeppc.exe Linker Warning:
#   Section '.ignored' is unknown. Section ignored.
### mwldeppc.exe Linker Warning:
#   Section '.ignored' is unknown. Section ignored.
### mwldeppc.exe Linker Warning:
#   Section '.ignored' is unknown. Section ignored.
### mwldeppc.exe Linker Warning:
#   Section '.ignored' is unknown. Section ignored.
### mwldeppc.exe Linker Warning:
#   Section '.ignored' is unknown. Section ignored.
### mwldeppc.exe Linker Warning:
#   Section '.ignored' is unknown. Section ignored.
### mwldeppc.exe Linker Warning:
#   Section '.ignored' is unknown. Section ignored.
### mwldeppc.exe Linker Warning:
#   Section '.ignored' is unknown. Section ignored.
### mwldeppc.exe Linker Warning:
#   Section '.ignored' is unknown. Section ignored.
### mwldeppc.exe Linker Warning:
#   Section '.ignored' is unknown. Section ignored.
### mwldeppc.exe Linker Warning:
#   Section '.ignored' is unknown. Section ignored.
### mwldeppc.exe Linker Warning:
#   Section '.ignored' is unknown. Section ignored.
### mwldeppc.exe Linker Warning:
#   Section '.ignored' is unknown. Section ignored.
### mwldeppc.exe Linker Warning:
#   Section '.ignored' is unknown. Section ignored.
### mwldeppc.exe Linker Warning:
#   Section '.ignored' is unknown. Section ignored.
### mwldeppc.exe Linker Warning:
#   Section '.ignored' is unknown. Section ignored.
### mwldeppc.exe Linker Warning:
#   Section '.ignored' is unknown. Section ignored.
### mwldeppc.exe Linker Warning:
#   Section '.ignored' is unknown. Section ignored.
### mwldeppc.exe Linker Warning:
#   Section '.ignored' is unknown. Section ignored.
### mwldeppc.exe Linker Warning:
#   Section '.ignored' is unknown. Section ignored.
### mwldeppc.exe Linker Warning:
#   Section '.ignored' is unknown. Section ignored.
### mwldeppc.exe Linker Warning:
#   Section '.ignored' is unknown. Section ignored.
### mwldeppc.exe Linker Warning:
#   Section '.ignored' is unknown. Section ignored.
### mwldeppc.exe Linker Warning:
#   Section '.ignored' is unknown. Section ignored.
### mwldeppc.exe Linker Warning:
#   Section '.ignored' is unknown. Section ignored.
### mwldeppc.exe Linker Warning:
#   Section '.ignored' is unknown. Section ignored.
### mwldeppc.exe Linker Warning:
#   Section '.ignored' is unknown. Section ignored.
### mwldeppc.exe Linker Warning:
#   Section '.ignored' is unknown. Section ignored.
### mwldeppc.exe Linker Warning:
#   Section '.ignored' is unknown. Section ignored.
### mwldeppc.exe Linker Warning:
#   Section '.ignored' is unknown. Section ignored.
### mwldeppc.exe Linker Warning:
#   Section '.ignored' is unknown. Section ignored.
### mwldeppc.exe Linker Warning:
#   Section '.ignored' is unknown. Section ignored.
### mwldeppc.exe Linker Warning:
#   Section '.ignored' is unknown. Section ignored.
### mwldeppc.exe Linker Warning:
#   Section '.ignored' is unknown. Section ignored.
### mwldeppc.exe Linker Warning:
#   Section '.ignored' is unknown. Section ignored.
### mwldeppc.exe Linker Warning:
#   Section '.ignored' is unknown. Section ignored.
### mwldeppc.exe Linker Warning:
#   Section '.ignored' is unknown. Section ignored.
### mwldeppc.exe Linker Warning:
#   Section '.ignored' is unknown. Section ignored.
### mwldeppc.exe Linker Warning:
#   Section '.ignored' is unknown. Section ignored.
### mwldeppc.exe Linker Warning:
#   Section '.ignored' is unknown. Section ignored.
### mwldeppc.exe Linker Warning:
#   Section '.ignored' is unknown. Section ignored.
### mwldeppc.exe Linker Warning:
#   Section '.ignored' is unknown. Section ignored.
### mwldeppc.exe Linker Warning:
#   Section '.ignored' is unknown. Section ignored.
### mwldeppc.exe Linker Warning:
#   Section '.ignored' is unknown. Section ignored.
### mwldeppc.exe Linker Warning:
#   Section '.ignored' is unknown. Section ignored.
### mwldeppc.exe Linker Warning:
#   Section '.ignored' is unknown. Section ignored.
### mwldeppc.exe Linker Warning:
#   Section '.ignored' is unknown. Section ignored.
### mwldeppc.exe Linker Warning:
#   Section '.ignored' is unknown. Section ignored.
### mwldeppc.exe Linker Warning:
#   Section '.ignored' is unknown. Section ignored.
### mwldeppc.exe Linker Warning:
#   Section '.ignored' is unknown. Section ignored.
### mwldeppc.exe Linker Warning:
#   Section '.ignored' is unknown. Section ignored.
### mwldeppc.exe Linker Warning:
#   Section '.ignored' is unknown. Section ignored.
### mwldeppc.exe Linker Warning:
#   Section '.ignored' is unknown. Section ignored.
### mwldeppc.exe Linker Warning:
#   Section '.ignored' is unknown. Section ignored.
### mwldeppc.exe Linker Warning:
#   Section '.ignored' is unknown. Section ignored.
### mwldeppc.exe Linker Warning:
#   Section '.ignored' is unknown. Section ignored.
### mwldeppc.exe Linker Warning:
#   Section '.ignored' is unknown. Section ignored.
### mwldeppc.exe Linker Warning:
#   Section '.ignored' is unknown. Section ignored.
### mwldeppc.exe Linker Warning:
#   Section '.ignored' is unknown. Section ignored.
### mwldeppc.exe Linker Warning:
#   Section '.ignored' is unknown. Section ignored.
### mwldeppc.exe Linker Warning:
#   Section '.ignored' is unknown. Section ignored.
### mwldeppc.exe Linker Warning:
#   Section '.ignored' is unknown. Section ignored.
### mwldeppc.exe Linker Warning:
#   Section '.ignored' is unknown. Section ignored.
### mwldeppc.exe Linker Warning:
#   Section '.ignored' is unknown. Section ignored.
### mwldeppc.exe Linker Warning:
#   Section '.ignored' is unknown. Section ignored.
### mwldeppc.exe Linker Warning:
#   Section '.ignored' is unknown. Section ignored.
### mwldeppc.exe Linker Warning:
#   Section '.ignored' is unknown. Section ignored.
### mwldeppc.exe Linker Warning:
#   Section '.ignored' is unknown. Section ignored.
### mwldeppc.exe Linker Warning:
#   Section '.ignored' is unknown. Section ignored.
### mwldeppc.exe Linker Warning:
#   Section '.ignored' is unknown. Section ignored.
### mwldeppc.exe Linker Warning:
#   Section '.ignored' is unknown. Section ignored.
### mwldeppc.exe Linker Warning:
#   Section '.ignored' is unknown. Section ignored.
### mwldeppc.exe Linker Warning:
#   Section '.ignored' is unknown. Section ignored.
### mwldeppc.exe Linker Warning:
#   Section '.ignored' is unknown. Section ignored.
### mwldeppc.exe Linker Warning:
#   Section '.ignored' is unknown. Section ignored.
### mwldeppc.exe Linker Warning:
#   Section '.ignored' is unknown. Section ignored.
### mwldeppc.exe Linker Warning:
#   Section '.ignored' is unknown. Section ignored.
### mwldeppc.exe Linker Warning:
#   Section '.ignored' is unknown. Section ignored.
### mwldeppc.exe Linker Warning:
#   Section '.ignored' is unknown. Section ignored.
### mwldeppc.exe Linker Warning:
#   Section '.ignored' is unknown. Section ignored.
### mwldeppc.exe Linker Warning:
#   Section '.ignored' is unknown. Section ignored.
### mwldeppc.exe Linker Warning:
#   Section '.ignored' is unknown. Section ignored.
### mwldeppc.exe Linker Warning:
#   Section '.ignored' is unknown. Section ignored.
### mwldeppc.exe Linker Warning:
#   Section '.ignored' is unknown. Section ignored.
### mwldeppc.exe Linker Warning:
#   Section '.ignored' is unknown. Section ignored.
### mwldeppc.exe Linker Warning:
#   Section '.ignored' is unknown. Section ignored.
### mwldeppc.exe Linker Warning:
#   Section '.ignored' is unknown. Section ignored.
### mwldeppc.exe Linker Warning:
#   Section '.ignored' is unknown. Section ignored.
### mwldeppc.exe Linker Warning:
#   Section '.ignored' is unknown. Section ignored.
### mwldeppc.exe Linker Warning:
#   Section '.ignored' is unknown. Section ignored.
### mwldeppc.exe Linker Warning:
#   Section '.ignored' is unknown. Section ignored.
### mwldeppc.exe Linker Warning:
#   Section '.ignored' is unknown. Section ignored.
### mwldeppc.exe Linker Warning:
#   Section '.ignored' is unknown. Section ignored.
### mwldeppc.exe Linker Warning:
#   Section '.ignored' is unknown. Section ignored.
### mwldeppc.exe Linker Warning:
#   Section '.ignored' is unknown. Section ignored.
### mwldeppc.exe Linker Warning:
#   Section '.ignored' is unknown. Section ignored.
### mwldeppc.exe Linker Warning:
#   Section '.ignored' is unknown. Section ignored.
### mwldeppc.exe Linker Warning:
#   Section '.ignored' is unknown. Section ignored.
### mwldeppc.exe Linker Warning:
#   Section '.ignored' is unknown. Section ignored.
### mwldeppc.exe Linker Warning:
#   Section '.ignored' is unknown. Section ignored.
### mwldeppc.exe Linker Warning:
#   Section '.ignored' is unknown. Section ignored.
### mwldeppc.exe Linker Warning:
#   Section '.ignored' is unknown. Section ignored.
### mwldeppc.exe Linker Warning:
#   Section '.ignored' is unknown. Section ignored.
### mwldeppc.exe Linker Warning:
#   Section '.ignored' is unknown. Section ignored.
### mwldeppc.exe Linker Warning:
#   Section '.ignored' is unknown. Section ignored.
### mwldeppc.exe Linker Warning:
#   Section '.ignored' is unknown. Section ignored.
### mwldeppc.exe Linker Warning:
#   Section '.ignored' is unknown. Section ignored.
### mwldeppc.exe Linker Warning:
#   Section '.ignored' is unknown. Section ignored.
### mwldeppc.exe Linker Warning:
#   Section '.ignored' is unknown. Section ignored.
### mwldeppc.exe Linker Warning:
#   Section '.ignored' is unknown. Section ignored.
### mwldeppc.exe Linker Warning:
#   Section '.ignored' is unknown. Section ignored.
### mwldeppc.exe Linker Warning:
#   Section '.ignored' is unknown. Section ignored.
### mwldeppc.exe Linker Warning:
#   Section '.ignored' is unknown. Section ignored.
### mwldeppc.exe Linker Warning:
#   Section '.ignored' is unknown. Section ignored.
### mwldeppc.exe Linker Warning:
#   Section '.ignored' is unknown. Section ignored.
### mwldeppc.exe Linker Warning:
#   Section '.ignored' is unknown. Section ignored.
### mwldeppc.exe Linker Warning:
#   Section '.ignored' is unknown. Section ignored.
### mwldeppc.exe Linker Warning:
#   Section '.ignored' is unknown. Section ignored.
### mwldeppc.exe Linker Warning:
#   Section '.ignored' is unknown. Section ignored.
### mwldeppc.exe Linker Warning:
#   Section '.ignored' is unknown. Section ignored.
### mwldeppc.exe Linker Warning:
#   Section '.ignored' is unknown. Section ignored.
### mwldeppc.exe Linker Warning:
#   Section '.ignored' is unknown. Section ignored.
### mwldeppc.exe Linker Warning:
#   Section '.ignored' is unknown. Section ignored.
### mwldeppc.exe Linker Warning:
#   Section '.ignored' is unknown. Section ignored.
### mwldeppc.exe Linker Warning:
#   Section '.ignored' is unknown. Section ignored.
### mwldeppc.exe Linker Warning:
#   Section '.ignored' is unknown. Section ignored.
### mwldeppc.exe Linker Warning:
#   Section '.ignored' is unknown. Section ignored.
### mwldeppc.exe Linker Warning:
#   Section '.ignored' is unknown. Section ignored.
### mwldeppc.exe Linker Warning:
#   Section '.ignored' is unknown. Section ignored.
### mwldeppc.exe Linker Warning:
#   Section '.ignored' is unknown. Section ignored.
### mwldeppc.exe Linker Warning:
#   Section '.ignored' is unknown. Section ignored.
### mwldeppc.exe Linker Warning:
#   Section '.ignored' is unknown. Section ignored.
### mwldeppc.exe Linker Warning:
#   Section '.ignored' is unknown. Section ignored.
### mwldeppc.exe Linker Warning:
#   Section '.ignored' is unknown. Section ignored.
### mwldeppc.exe Linker Warning:
#   Section '.ignored' is unknown. Section ignored.
### mwldeppc.exe Linker Warning:
#   Section '.ignored' is unknown. Section ignored.
### mwldeppc.exe Linker Warning:
#   Section '.ignored' is unknown. Section ignored.
### mwldeppc.exe Linker Warning:
#   Section '.ignored' is unknown. Section ignored.
### mwldeppc.exe Linker Warning:
#   Section '.ignored' is unknown. Section ignored.
### mwldeppc.exe Linker Warning:
#   Section '.ignored' is unknown. Section ignored.
### mwldeppc.exe Linker Warning:
#   Section '.ignored' is unknown. Section ignored.
### mwldeppc.exe Linker Warning:
#   Section '.ignored' is unknown. Section ignored.
### mwldeppc.exe Linker Warning:
#   Section '.ignored' is unknown. Section ignored.
### mwldeppc.exe Linker Warning:
#   Section '.ignored' is unknown. Section ignored.
### mwldeppc.exe Linker Warning:
#   Section '.ignored' is unknown. Section ignored.
### mwldeppc.exe Linker Warning:
#   Section '.ignored' is unknown. Section ignored.
### mwldeppc.exe Linker Warning:
#   Section '.ignored' is unknown. Section ignored.
### mwldeppc.exe Linker Warning:
#   Section '.ignored' is unknown. Section ignored.
### mwldeppc.exe Linker Warning:
#   Section '.ignored' is unknown. Section ignored.
### mwldeppc.exe Linker Warning:
#   Section '.ignored' is unknown. Section ignored.
### mwldeppc.exe Linker Warning:
#   Section '.ignored' is unknown. Section ignored.
### mwldeppc.exe Linker Warning:
#   Section '.ignored' is unknown. Section ignored.
### mwldeppc.exe Linker Warning:
#   Section '.ignored' is unknown. Section ignored.
### mwldeppc.exe Linker Warning:
#   Section '.ignored' is unknown. Section ignored.
### mwldeppc.exe Linker Warning:
#   Section '.ignored' is unknown. Section ignored.
### mwldeppc.exe Linker Warning:
#   Section '.ignored' is unknown. Section ignored.
### mwldeppc.exe Linker Warning:
#   Section '.ignored' is unknown. Section ignored.
### mwldeppc.exe Linker Warning:
#   Section '.ignored' is unknown. Section ignored.
### mwldeppc.exe Linker Warning:
#   Section '.ignored' is unknown. Section ignored.
### mwldeppc.exe Linker Warning:
#   Section '.ignored' is unknown. Section ignored.
### mwldeppc.exe Linker Warning:
#   Section '.ignored' is unknown. Section ignored.
### mwldeppc.exe Linker Warning:
#   Section '.ignored' is unknown. Section ignored.
### mwldeppc.exe Linker Warning:
#   Section '.ignored' is unknown. Section ignored.
### mwldeppc.exe Linker Warning:
#   Section '.ignored' is unknown. Section ignored.
### mwldeppc.exe Linker Warning:
#   Section '.ignored' is unknown. Section ignored.
### mwldeppc.exe Linker Warning:
#   Section '.ignored' is unknown. Section ignored.
### mwldeppc.exe Linker Warning:
#   Section '.ignored' is unknown. Section ignored.
### mwldeppc.exe Linker Warning:
#   Section '.ignored' is unknown. Section ignored.
### mwldeppc.exe Linker Warning:
#   Section '.ignored' is unknown. Section ignored.
### mwldeppc.exe Linker Warning:
#   Section '.ignored' is unknown. Section ignored.
### mwldeppc.exe Linker Warning:
#   Section '.ignored' is unknown. Section ignored.
### mwldeppc.exe Linker Warning:
#   Section '.ignored' is unknown. Section ignored.
### mwldeppc.exe Linker Warning:
#   Section '.ignored' is unknown. Section ignored.
### mwldeppc.exe Linker Warning:
#   Section '.ignored' is unknown. Section ignored.
### mwldeppc.exe Linker Warning:
#   Section '.ignored' is unknown. Section ignored.
### mwldeppc.exe Linker Warning:
#   Section '.ignored' is unknown. Section ignored.
### mwldeppc.exe Linker Warning:
#   Section '.ignored' is unknown. Section ignored.
### mwldeppc.exe Linker Warning:
#   Section '.ignored' is unknown. Section ignored.
### mwldeppc.exe Linker Warning:
#   Section '.ignored' is unknown. Section ignored.
### mwldeppc.exe Linker Warning:
#   Section '.ignored' is unknown. Section ignored.
### mwldeppc.exe Linker Warning:
#   Section '.ignored' is unknown. Section ignored.
### mwldeppc.exe Linker Warning:
#   Section '.ignored' is unknown. Section ignored.
### mwldeppc.exe Linker Warning:
#   Section '.ignored' is unknown. Section ignored.
### mwldeppc.exe Linker Warning:
#   Section '.ignored' is unknown. Section ignored.
### mwldeppc.exe Linker Warning:
#   Section '.ignored' is unknown. Section ignored.
### mwldeppc.exe Linker Warning:
#   Section '.ignored' is unknown. Section ignored.
### mwldeppc.exe Linker Warning:
#   Section '.ignored' is unknown. Section ignored.
### mwldeppc.exe Linker Warning:
#   Section '.ignored' is unknown. Section ignored.
### mwldeppc.exe Linker Warning:
#   Section '.ignored' is unknown. Section ignored.
### mwldeppc.exe Linker Warning:
#   Section '.ignored' is unknown. Section ignored.
### mwldeppc.exe Linker Warning:
#   Section '.ignored' is unknown. Section ignored.
### mwldeppc.exe Linker Warning:
#   Section '.ignored' is unknown. Section ignored.
### mwldeppc.exe Linker Warning:
#   Section '.ignored' is unknown. Section ignored.
### mwldeppc.exe Linker Warning:
#   Section '.ignored' is unknown. Section ignored.
### mwldeppc.exe Linker Warning:
#   Section '.ignored' is unknown. Section ignored.
### mwldeppc.exe Linker Warning:
#   Section '.ignored' is unknown. Section ignored.
### mwldeppc.exe Linker Warning:
#   Section '.ignored' is unknown. Section ignored.
### mwldeppc.exe Linker Warning:
#   Section '.ignored' is unknown. Section ignored.
### mwldeppc.exe Linker Warning:
#   Section '.ignored' is unknown. Section ignored.
### mwldeppc.exe Linker Warning:
#   Section '.ignored' is unknown. Section ignored.
### mwldeppc.exe Linker Warning:
#   Section '.ignored' is unknown. Section ignored.
### mwldeppc.exe Linker Warning:
#   Section '.ignored' is unknown. Section ignored.
### mwldeppc.exe Linker Warning:
#   Section '.ignored' is unknown. Section ignored.
### mwldeppc.exe Linker Warning:
#   Section '.ignored' is unknown. Section ignored.
### mwldeppc.exe Linker Warning:
#   Section '.ignored' is unknown. Section ignored.
### mwldeppc.exe Linker Warning:
#   Section '.ignored' is unknown. Section ignored.
### mwldeppc.exe Linker Warning:
#   Section '.ignored' is unknown. Section ignored.
### mwldeppc.exe Linker Warning:
#   Section '.ignored' is unknown. Section ignored.
### mwldeppc.exe Linker Warning:
#   Section '.ignored' is unknown. Section ignored.
### mwldeppc.exe Linker Warning:
#   Section '.ignored' is unknown. Section ignored.
### mwldeppc.exe Linker Warning:
#   Section '.ignored' is unknown. Section ignored.
### mwldeppc.exe Linker Warning:
#   Section '.ignored' is unknown. Section ignored.
### mwldeppc.exe Linker Warning:
#   Section '.ignored' is unknown. Section ignored.
### mwldeppc.exe Linker Warning:
#   Section '.ignored' is unknown. Section ignored.
### mwldeppc.exe Linker Warning:
#   Section '.ignored' is unknown. Section ignored.
### mwldeppc.exe Linker Warning:
#   Section '.ignored' is unknown. Section ignored.
### mwldeppc.exe Linker Warning:
#   Section '.ignored' is unknown. Section ignored.
### mwldeppc.exe Linker Warning:
#   Section '.ignored' is unknown. Section ignored.
### mwldeppc.exe Linker Warning:
#   Section '.ignored' is unknown. Section ignored.
### mwldeppc.exe Linker Warning:
#   Section '.ignored' is unknown. Section ignored.
### mwldeppc.exe Linker Warning:
#   Section '.ignored' is unknown. Section ignored.
### mwldeppc.exe Linker Warning:
#   Section '.ignored' is unknown. Section ignored.
### mwldeppc.exe Linker Warning:
#   Section '.ignored' is unknown. Section ignored.
### mwldeppc.exe Linker Warning:
#   Section '.ignored' is unknown. Section ignored.
### mwldeppc.exe Linker Warning:
#   Section '.ignored' is unknown. Section ignored.
### mwldeppc.exe Linker Warning:
#   Section '.ignored' is unknown. Section ignored.
### mwldeppc.exe Linker Warning:
#   Section '.ignored' is unknown. Section ignored.
### mwldeppc.exe Linker Warning:
#   Section '.ignored' is unknown. Section ignored.
### mwldeppc.exe Linker Warning:
#   Section '.ignored' is unknown. Section ignored.
### mwldeppc.exe Linker Warning:
#   Section '.ignored' is unknown. Section ignored.
### mwldeppc.exe Linker Warning:
#   Section '.ignored' is unknown. Section ignored.
### mwldeppc.exe Linker Warning:
#   Section '.ignored' is unknown. Section ignored.
### mwldeppc.exe Linker Warning:
#   Section '.ignored' is unknown. Section ignored.
### mwldeppc.exe Linker Warning:
#   Section '.ignored' is unknown. Section ignored.
### mwldeppc.exe Linker Warning:
#   Section '.ignored' is unknown. Section ignored.
### mwldeppc.exe Linker Warning:
#   Section '.ignored' is unknown. Section ignored.
### mwldeppc.exe Linker Warning:
#   Section '.ignored' is unknown. Section ignored.
### mwldeppc.exe Linker Warning:
#   Section '.ignored' is unknown. Section ignored.
### mwldeppc.exe Linker Warning:
#   Section '.ignored' is unknown. Section ignored.
### mwldeppc.exe Linker Warning:
#   Section '.ignored' is unknown. Section ignored.
### mwldeppc.exe Linker Warning:
#   Section '.ignored' is unknown. Section ignored.
### mwldeppc.exe Linker Warning:
#   Section '.ignored' is unknown. Section ignored.
### mwldeppc.exe Linker Warning:
#   Section '.ignored' is unknown. Section ignored.
### mwldeppc.exe Linker Warning:
#   Section '.ignored' is unknown. Section ignored.
### mwldeppc.exe Linker Warning:
#   Section '.ignored' is unknown. Section ignored.
### mwldeppc.exe Linker Warning:
#   Section '.ignored' is unknown. Section ignored.
### mwldeppc.exe Linker Warning:
#   Section '.ignored' is unknown. Section ignored.
### mwldeppc.exe Linker Warning:
#   Section '.ignored' is unknown. Section ignored.
### mwldeppc.exe Linker Warning:
#   Section '.ignored' is unknown. Section ignored.
### mwldeppc.exe Linker Warning:
#   Section '.ignored' is unknown. Section ignored.
### mwldeppc.exe Linker Warning:
#   Section '.ignored' is unknown. Section ignored.
### mwldeppc.exe Linker Warning:
#   Section '.ignored' is unknown. Section ignored.
### mwldeppc.exe Linker Warning:
#   Section '.ignored' is unknown. Section ignored.
### mwldeppc.exe Linker Warning:
#   Section '.ignored' is unknown. Section ignored.
### mwldeppc.exe Linker Warning:
#   Section '.ignored' is unknown. Section ignored.
### mwldeppc.exe Linker Warning:
#   Section '.ignored' is unknown. Section ignored.
### mwldeppc.exe Linker Warning:
#   Section '.ignored' is unknown. Section ignored.
### mwldeppc.exe Linker Warning:
#   Section '.ignored' is unknown. Section ignored.
### mwldeppc.exe Linker Warning:
#   Section '.ignored' is unknown. Section ignored.
### mwldeppc.exe Linker Warning:
#   Section '.ignored' is unknown. Section ignored.
### mwldeppc.exe Linker Warning:
#   Section '.ignored' is unknown. Section ignored.
### mwldeppc.exe Linker Warning:
#   Section '.ignored' is unknown. Section ignored.
### mwldeppc.exe Linker Warning:
#   Section '.ignored' is unknown. Section ignored.
### mwldeppc.exe Linker Warning:
#   Section '.ignored' is unknown. Section ignored.
### mwldeppc.exe Linker Warning:
#   Section '.ignored' is unknown. Section ignored.
### mwldeppc.exe Linker Warning:
#   Section '.ignored' is unknown. Section ignored.
### mwldeppc.exe Linker Warning:
#   Section '.ignored' is unknown. Section ignored.
### mwldeppc.exe Linker Warning:
#   Section '.ignored' is unknown. Section ignored.
### mwldeppc.exe Linker Warning:
#   Section '.ignored' is unknown. Section ignored.
### mwldeppc.exe Linker Warning:
#   Section '.ignored' is unknown. Section ignored.
### mwldeppc.exe Linker Warning:
#   Section '.ignored' is unknown. Section ignored.
### mwldeppc.exe Linker Warning:
#   Section '.ignored' is unknown. Section ignored.
### mwldeppc.exe Linker Warning:
#   Section '.ignored' is unknown. Section ignored.
### mwldeppc.exe Linker Warning:
#   Section '.ignored' is unknown. Section ignored.
### mwldeppc.exe Linker Warning:
#   Section '.ignored' is unknown. Section ignored.
### mwldeppc.exe Linker Warning:
#   Section '.ignored' is unknown. Section ignored.
### mwldeppc.exe Linker Warning:
#   Section '.ignored' is unknown. Section ignored.
### mwldeppc.exe Linker Warning:
#   Section '.ignored' is unknown. Section ignored.
### mwldeppc.exe Linker Warning:
#   Section '.ignored' is unknown. Section ignored.
### mwldeppc.exe Linker Warning:
#   Section '.ignored' is unknown. Section ignored.
### mwldeppc.exe Linker Warning:
#   Section '.ignored' is unknown. Section ignored.
### mwldeppc.exe Linker Warning:
#   Section '.ignored' is unknown. Section ignored.
### mwldeppc.exe Linker Warning:
#   Section '.ignored' is unknown. Section ignored.
### mwldeppc.exe Linker Warning:
#   Section '.ignored' is unknown. Section ignored.
### mwldeppc.exe Linker Warning:
#   Section '.ignored' is unknown. Section ignored.
### mwldeppc.exe Linker Warning:
#   Section '.ignored' is unknown. Section ignored.
### mwldeppc.exe Linker Warning:
#   Section '.ignored' is unknown. Section ignored.
### mwldeppc.exe Linker Warning:
#   Section '.ignored' is unknown. Section ignored.
### mwldeppc.exe Linker Warning:
#   Section '.ignored' is unknown. Section ignored.
### mwldeppc.exe Linker Warning:
#   Section '.ignored' is unknown. Section ignored.
### mwldeppc.exe Linker Warning:
#   Section '.ignored' is unknown. Section ignored.
### mwldeppc.exe Linker Warning:
#   Section '.ignored' is unknown. Section ignored.
### mwldeppc.exe Linker Warning:
#   Section '.ignored' is unknown. Section ignored.
### mwldeppc.exe Linker Warning:
#   Section '.ignored' is unknown. Section ignored.
### mwldeppc.exe Linker Warning:
#   Section '.ignored' is unknown. Section ignored.
### mwldeppc.exe Linker Warning:
#   Section '.ignored' is unknown. Section ignored.
### mwldeppc.exe Linker Warning:
#   Section '.ignored' is unknown. Section ignored.
### mwldeppc.exe Linker Warning:
#   Section '.ignored' is unknown. Section ignored.
### mwldeppc.exe Linker Warning:
#   Section '.ignored' is unknown. Section ignored.
### mwldeppc.exe Linker Warning:
#   Section '.ignored' is unknown. Section ignored.
### mwldeppc.exe Linker Warning:
#   Section '.ignored' is unknown. Section ignored.
### mwldeppc.exe Linker Warning:
#   Section '.ignored' is unknown. Section ignored.
### mwldeppc.exe Linker Warning:
#   Section '.ignored' is unknown. Section ignored.
### mwldeppc.exe Linker Warning:
#   Section '.ignored' is unknown. Section ignored.
### mwldeppc.exe Linker Warning:
#   Section '.ignored' is unknown. Section ignored.
### mwldeppc.exe Linker Warning:
#   Section '.ignored' is unknown. Section ignored.
### mwldeppc.exe Linker Warning:
#   Section '.ignored' is unknown. Section ignored.
### mwldeppc.exe Linker Warning:
#   Section '.ignored' is unknown. Section ignored.
### mwldeppc.exe Linker Warning:
#   Section '.ignored' is unknown. Section ignored.
### mwldeppc.exe Linker Warning:
#   Section '.ignored' is unknown. Section ignored.
### mwldeppc.exe Linker Warning:
#   Section '.ignored' is unknown. Section ignored.
### mwldeppc.exe Linker Warning:
#   Section '.ignored' is unknown. Section ignored.
### mwldeppc.exe Linker Warning:
#   Section '.ignored' is unknown. Section ignored.
### mwldeppc.exe Linker Warning:
#   Section '.ignored' is unknown. Section ignored.
### mwldeppc.exe Linker Warning:
#   Section '.ignored' is unknown. Section ignored.
### mwldeppc.exe Linker Warning:
#   Section '.ignored' is unknown. Section ignored.
### mwldeppc.exe Linker Warning:
#   Section '.ignored' is unknown. Section ignored.
### mwldeppc.exe Linker Warning:
#   Section '.ignored' is unknown. Section ignored.
### mwldeppc.exe Linker Warning:
#   Section '.ignored' is unknown. Section ignored.
### mwldeppc.exe Linker Warning:
#   Section '.ignored' is unknown. Section ignored.
### mwldeppc.exe Linker Warning:
#   Section '.ignored' is unknown. Section ignored.
### mwldeppc.exe Linker Warning:
#   Section '.ignored' is unknown. Section ignored.
### mwldeppc.exe Linker Warning:
#   Section '.ignored' is unknown. Section ignored.
### mwldeppc.exe Linker Warning:
#   Section '.ignored' is unknown. Section ignored.
### mwldeppc.exe Linker Warning:
#   Section '.ignored' is unknown. Section ignored.
### mwldeppc.exe Linker Warning:
#   Section '.ignored' is unknown. Section ignored.
### mwldeppc.exe Linker Warning:
#   Section '.ignored' is unknown. Section ignored.
### mwldeppc.exe Linker Warning:
#   Section '.ignored' is unknown. Section ignored.
### mwldeppc.exe Linker Warning:
#   Section '.ignored' is unknown. Section ignored.
### mwldeppc.exe Linker Warning:
#   Section '.ignored' is unknown. Section ignored.
### mwldeppc.exe Linker Warning:
#   Section '.ignored' is unknown. Section ignored.
### mwldeppc.exe Linker Warning:
#   Section '.ignored' is unknown. Section ignored.
### mwldeppc.exe Linker Warning:
#   Section '.ignored' is unknown. Section ignored.
### mwldeppc.exe Linker Warning:
#   Section '.ignored' is unknown. Section ignored.
### mwldeppc.exe Linker Warning:
#   Section '.ignored' is unknown. Section ignored.
### mwldeppc.exe Linker Warning:
#   Section '.ignored' is unknown. Section ignored.
### mwldeppc.exe Linker Warning:
#   Section '.ignored' is unknown. Section ignored.
### mwldeppc.exe Linker Warning:
#   Section '.ignored' is unknown. Section ignored.
### mwldeppc.exe Linker Warning:
#   Section '.ignored' is unknown. Section ignored.
### mwldeppc.exe Linker Warning:
#   Section '.ignored' is unknown. Section ignored.
### mwldeppc.exe Linker Warning:
#   Section '.ignored' is unknown. Section ignored.
### mwldeppc.exe Linker Warning:
#   Section '.ignored' is unknown. Section ignored.
### mwldeppc.exe Linker Warning:
#   Section '.ignored' is unknown. Section ignored.
### mwldeppc.exe Linker Warning:
#   Section '.ignored' is unknown. Section ignored.
### mwldeppc.exe Linker Warning:
#   Section '.ignored' is unknown. Section ignored.
### mwldeppc.exe Linker Warning:
#   Section '.ignored' is unknown. Section ignored.
### mwldeppc.exe Linker Warning:
#   Section '.ignored' is unknown. Section ignored.
### mwldeppc.exe Linker Warning:
#   Section '.ignored' is unknown. Section ignored.
### mwldeppc.exe Linker Warning:
#   Section '.ignored' is unknown. Section ignored.
### mwldeppc.exe Linker Warning:
#   Section '.ignored' is unknown. Section ignored.
### mwldeppc.exe Linker Warning:
#   Section '.ignored' is unknown. Section ignored.
### mwldeppc.exe Linker Warning:
#   Section '.ignored' is unknown. Section ignored.
### mwldeppc.exe Linker Warning:
#   Section '.ignored' is unknown. Section ignored.
### mwldeppc.exe Linker Warning:
#   Section '.ignored' is unknown. Section ignored.
### mwldeppc.exe Linker Warning:
#   Section '.ignored' is unknown. Section ignored.
### mwldeppc.exe Linker Warning:
#   Section '.ignored' is unknown. Section ignored.
### mwldeppc.exe Linker Warning:
#   Section '.ignored' is unknown. Section ignored.
### mwldeppc.exe Linker Warning:
#   Section '.ignored' is unknown. Section ignored.
### mwldeppc.exe Linker Warning:
#   Section '.ignored' is unknown. Section ignored.
### mwldeppc.exe Linker Warning:
#   Section '.ignored' is unknown. Section ignored.
### mwldeppc.exe Linker Warning:
#   Section '.ignored' is unknown. Section ignored.
### mwldeppc.exe Linker Warning:
#   Section '.ignored' is unknown. Section ignored.
### mwldeppc.exe Linker Warning:
#   Section '.ignored' is unknown. Section ignored.
### mwldeppc.exe Linker Warning:
#   Section '.ignored' is unknown. Section ignored.
### mwldeppc.exe Linker Warning:
#   Section '.ignored' is unknown. Section ignored.
### mwldeppc.exe Linker Warning:
#   Section '.ignored' is unknown. Section ignored.
### mwldeppc.exe Linker Warning:
#   Section '.ignored' is unknown. Section ignored.
### mwldeppc.exe Linker Warning:
#   Section '.ignored' is unknown. Section ignored.
### mwldeppc.exe Linker Warning:
#   Section '.ignored' is unknown. Section ignored.
### mwldeppc.exe Linker Warning:
#   Section '.ignored' is unknown. Section ignored.
### mwldeppc.exe Linker Warning:
#   Section '.ignored' is unknown. Section ignored.
### mwldeppc.exe Linker Warning:
#   Section '.ignored' is unknown. Section ignored.
### mwldeppc.exe Linker Warning:
#   Section '.ignored' is unknown. Section ignored.
### mwldeppc.exe Linker Warning:
#   Section '.ignored' is unknown. Section ignored.
### mwldeppc.exe Linker Warning:
#   Section '.ignored' is unknown. Section ignored.
### mwldeppc.exe Linker Warning:
#   Section '.ignored' is unknown. Section ignored.
### mwldeppc.exe Linker Warning:
#   Section '.ignored' is unknown. Section ignored.
### mwldeppc.exe Linker Warning:
#   Section '.ignored' is unknown. Section ignored.
### mwldeppc.exe Linker Warning:
#   Section '.ignored' is unknown. Section ignored.
### mwldeppc.exe Linker Warning:
#   Section '.ignored' is unknown. Section ignored.
### mwldeppc.exe Linker Warning:
#   Section '.ignored' is unknown. Section ignored.
### mwldeppc.exe Linker Warning:
#   Section '.ignored' is unknown. Section ignored.
### mwldeppc.exe Linker Warning:
#   Section '.ignored' is unknown. Section ignored.
### mwldeppc.exe Linker Warning:
#   Section '.ignored' is unknown. Section ignored.
### mwldeppc.exe Linker Warning:
#   Section '.ignored' is unknown. Section ignored.
### mwldeppc.exe Linker Warning:
#   Section '.ignored' is unknown. Section ignored.
### mwldeppc.exe Linker Warning:
#   Section '.ignored' is unknown. Section ignored.
### mwldeppc.exe Linker Warning:
#   Section '.ignored' is unknown. Section ignored.
### mwldeppc.exe Linker Warning:
#   Section '.ignored' is unknown. Section ignored.
### mwldeppc.exe Linker Warning:
#   Section '.ignored' is unknown. Section ignored.
### mwldeppc.exe Linker Warning:
#   Section '.ignored' is unknown. Section ignored.
### mwldeppc.exe Linker Warning:
#   Section '.ignored' is unknown. Section ignored.
### mwldeppc.exe Linker Warning:
#   Section '.ignored' is unknown. Section ignored.
### mwldeppc.exe Linker Warning:
#   Section '.ignored' is unknown. Section ignored.
### mwldeppc.exe Linker Warning:
#   Section '.ignored' is unknown. Section ignored.
### mwldeppc.exe Linker Warning:
#   Section '.ignored' is unknown. Section ignored.
### mwldeppc.exe Linker Warning:
#   Section '.ignored' is unknown. Section ignored.
### mwldeppc.exe Linker Warning:
#   Section '.ignored' is unknown. Section ignored.
### mwldeppc.exe Linker Warning:
#   Section '.ignored' is unknown. Section ignored.
### mwldeppc.exe Linker Warning:
#   Section '.ignored' is unknown. Section ignored.
### mwldeppc.exe Linker Warning:
#   Section '.ignored' is unknown. Section ignored.
### mwldeppc.exe Linker Warning:
#   Section '.ignored' is unknown. Section ignored.
### mwldeppc.exe Linker Warning:
#   Section '.ignored' is unknown. Section ignored.
### mwldeppc.exe Linker Warning:
#   Section '.ignored' is unknown. Section ignored.
### mwldeppc.exe Linker Warning:
#   Section '.ignored' is unknown. Section ignored.
### mwldeppc.exe Linker Warning:
#   Section '.ignored' is unknown. Section ignored.
### mwldeppc.exe Linker Warning:
#   Section '.ignored' is unknown. Section ignored.
### mwldeppc.exe Linker Warning:
#   Section '.ignored' is unknown. Section ignored.
### mwldeppc.exe Linker Warning:
#   Section '.ignored' is unknown. Section ignored.
### mwldeppc.exe Linker Warning:
#   Section '.ignored' is unknown. Section ignored.
### mwldeppc.exe Linker Warning:
#   Section '.ignored' is unknown. Section ignored.
### mwldeppc.exe Linker Warning:
#   Section '.ignored' is unknown. Section ignored.
### mwldeppc.exe Linker Warning:
#   Section '.ignored' is unknown. Section ignored.
### mwldeppc.exe Linker Warning:
#   Section '.ignored' is unknown. Section ignored.
### mwldeppc.exe Linker Warning:
#   Section '.ignored' is unknown. Section ignored.
### mwldeppc.exe Linker Warning:
#   Section '.ignored' is unknown. Section ignored.
### mwldeppc.exe Linker Warning:
#   Section '.ignored' is unknown. Section ignored.
### mwldeppc.exe Linker Warning:
#   Section '.ignored' is unknown. Section ignored.
### mwldeppc.exe Linker Warning:
#   Section '.ignored' is unknown. Section ignored.
### mwldeppc.exe Linker Warning:
#   Section '.ignored' is unknown. Section ignored.
### mwldeppc.exe Linker Warning:
#   Section '.ignored' is unknown. Section ignored.
### mwldeppc.exe Linker Warning:
#   Section '.ignored' is unknown. Section ignored.
### mwldeppc.exe Linker Warning:
#   Section '.ignored' is unknown. Section ignored.
### mwldeppc.exe Linker Warning:
#   Section '.ignored' is unknown. Section ignored.
### mwldeppc.exe Linker Warning:
#   Section '.ignored' is unknown. Section ignored.
### mwldeppc.exe Linker Warning:
#   Section '.ignored' is unknown. Section ignored.
### mwldeppc.exe Linker Warning:
#   Section '.ignored' is unknown. Section ignored.
### mwldeppc.exe Linker Warning:
#   Section '.ignored' is unknown. Section ignored.
### mwldeppc.exe Linker Warning:
#   Section '.ignored' is unknown. Section ignored.
### mwldeppc.exe Linker Warning:
#   Section '.ignored' is unknown. Section ignored.
### mwldeppc.exe Linker Warning:
#   Section '.ignored' is unknown. Section ignored.
### mwldeppc.exe Linker Warning:
#   Section '.ignored' is unknown. Section ignored.
### mwldeppc.exe Linker Warning:
#   Section '.ignored' is unknown. Section ignored.
### mwldeppc.exe Linker Warning:
#   Section '.ignored' is unknown. Section ignored.
### mwldeppc.exe Linker Warning:
#   Section '.ignored' is unknown. Section ignored.
### mwldeppc.exe Linker Warning:
#   Section '.ignored' is unknown. Section ignored.
### mwldeppc.exe Linker Warning:
#   Section '.ignored' is unknown. Section ignored.
### mwldeppc.exe Linker Warning:
#   Section '.ignored' is unknown. Section ignored.
[895/897] DOL build/GEDE01/main.dol
[896/897] CHECK config/GEDE01/build.sha1
build/GEDE01/main.dol: OK
[897/897] PROGRESS
Progress:
  All: 58.15% fuzzy, 48.14% matched, 48.11% linked (6277 / 7068 files)
    Code: 1107464 / 2300692 bytes (6043 / 8214 functions)
    Data: 39594 / 4305642 bytes (0.92%)
  Game Code: 93.67% fuzzy, 77.50% matched, 77.45% linked (6259 / 6633 files)
    Code: 1104436 / 1425104 bytes (5981 / 6354 functions)
    Data: 39370 / 40426 bytes (97.39%)
  SDK/Runtime: 100.00% fuzzy, 100.00% matched, 100.00% linked (18 / 18 files)
    Code: 3028 / 3028 bytes (62 / 62 functions)
    Data: 224 / 224 bytes (100.00%)
