[1/910] MWCC build/GEDE01/src/game/game_fn_80008014.o
[2/910] MWCC build/GEDE01/src/game/game_fn_800094C0.o
[3/910] MWCC build/GEDE01/src/game/game_fn_800096E0.o
[4/910] MWCC build/GEDE01/src/game/game_fn_800098C0.o
[5/910] MWCC build/GEDE01/src/game/game_fn_800099D8.o
[6/910] MWCC build/GEDE01/src/game/game_fn_80009AB4.o
[7/910] MWCC build/GEDE01/src/game/game_fn_8000AC88.o
[8/910] MWCC build/GEDE01/src/game/game_fn_8000A26C.o
[9/910] MWCC build/GEDE01/src/game/game_fn_8000AEB4.o
[10/910] MWCC build/GEDE01/src/game/game_fn_8000AFB4.o
[11/910] MWCC build/GEDE01/src/game/game_fn_8000B36C.o
[12/910] MWCC build/GEDE01/src/game/game_fn_8000B1B8.o
[13/910] MWCC build/GEDE01/src/game/game_fn_8000B630.o
[14/910] MWCC build/GEDE01/src/game/game_fn_8000B7FC.o
[15/910] MWCC build/GEDE01/src/game/game_fn_8000B900.o
[16/910] MWCC build/GEDE01/src/game/game_fn_8000BA0C.o
[17/910] MWCC build/GEDE01/src/game/game_fn_8000BAA0.o
[18/910] MWCC build/GEDE01/src/game/game_fn_8000BC40.o
[19/910] MWCC build/GEDE01/src/game/game_fn_8000C06C.o
[20/910] MWCC build/GEDE01/src/game/game_fn_8000C17C.o
[21/910] MWCC build/GEDE01/src/game/game_fn_8000C400.o
[22/910] MWCC build/GEDE01/src/game/game_fn_8000C848.o
[23/910] MWCC build/GEDE01/src/game/game_fn_8000D0BC.o
[24/910] MWCC build/GEDE01/src/game/game_fn_8000C91C.o
[25/910] MWCC build/GEDE01/src/game/game_fn_8000D3D4.o
[26/910] MWCC build/GEDE01/src/game/game_fn_8000D590.o
[27/910] MWCC build/GEDE01/src/game/game_fn_8000D8A4.o
[28/910] MWCC build/GEDE01/src/game/game_fn_8000DA50.o
[29/910] MWCC build/GEDE01/src/game/game_fn_8000E054.o
[30/910] MWCC build/GEDE01/src/game/game_fn_8000DAF4.o
[31/910] MWCC build/GEDE01/src/game/game_fn_8000E0AC.o
[32/910] MWCC build/GEDE01/src/game/game_fn_8000E138.o
[33/910] MWCC build/GEDE01/src/game/game_fn_8000E1C4.o
[34/910] MWCC build/GEDE01/src/game/game_fn_8000E96C.o
[35/910] MWCC build/GEDE01/src/game/game_fn_8000EB14.o
[36/910] MWCC build/GEDE01/src/game/game_fn_8000EBD4.o
[37/910] MWCC build/GEDE01/src/game/game_fn_8000ED44.o
[38/910] MWCC build/GEDE01/src/game/game_fn_8000EFC4.o
[39/910] MWCC build/GEDE01/src/game/game_fn_8000F4B0.o
[40/910] MWCC build/GEDE01/src/game/game_fn_8000F774.o
[41/910] MWCC build/GEDE01/src/game/game_fn_8000FDE8.o
[42/910] MWCC build/GEDE01/src/game/game_fn_8000FFD8.o
[43/910] MWCC build/GEDE01/src/game/game_fn_800119FC.o
[44/910] MWCC build/GEDE01/src/game/game_fn_80012DA8.o
[45/910] MWCC build/GEDE01/src/game/game_fn_80012F40.o
[46/910] MWCC build/GEDE01/src/game/game_fn_80012FD0.o
[47/910] MWCC build/GEDE01/src/game/game_fn_800131E8.o
[48/910] MWCC build/GEDE01/src/game/game_fn_80013340.o
[49/910] MWCC build/GEDE01/src/game/game_fn_80013870.o
[50/910] MWCC build/GEDE01/src/game/game_fn_80013CB0.o
[51/910] MWCC build/GEDE01/src/game/game_fn_80013D54.o
[52/910] MWCC build/GEDE01/src/game/game_fn_800142DC.o
[53/910] MWCC build/GEDE01/src/game/game_fn_800144CC.o
[54/910] MWCC build/GEDE01/src/game/game_fn_80014784.o
[55/910] MWCC build/GEDE01/src/game/game_fn_800149D4.o
[56/910] MWCC build/GEDE01/src/game/game_fn_80015058.o
[57/910] MWCC build/GEDE01/src/game/game_fn_80015320.o
[58/910] MWCC build/GEDE01/src/game/game_fn_80015568.o
[59/910] MWCC build/GEDE01/src/game/game_fn_80015BE0.o
[60/910] MWCC build/GEDE01/src/game/game_fn_800156FC.o
[61/910] MWCC build/GEDE01/src/game/game_fn_80015F04.o
[62/910] MWCC build/GEDE01/src/game/game_fn_80015D40.o
[63/910] MWCC build/GEDE01/src/game/game_fn_80016128.o
[64/910] MWCC build/GEDE01/src/game/game_fn_80016270.o
[65/910] MWCC build/GEDE01/src/game/game_fn_80016904.o
[66/910] MWCC build/GEDE01/src/game/game_fn_80016B24.o
[67/910] MWCC build/GEDE01/src/game/game_fn_800171C0.o
[68/910] MWCC build/GEDE01/src/game/game_fn_800173CC.o
[69/910] MWCC build/GEDE01/src/game/game_fn_800176F0.o
[70/910] MWCC build/GEDE01/src/game/game_fn_80017910.o
[71/910] MWCC build/GEDE01/src/game/game_fn_800179AC.o
[72/910] MWCC build/GEDE01/src/game/game_fn_80017A3C.o
[73/910] MWCC build/GEDE01/src/game/game_fn_80017AE4.o
[74/910] MWCC build/GEDE01/src/game/game_fn_80017C3C.o
[75/910] MWCC build/GEDE01/src/game/game_fn_80017CC8.o
[76/910] MWCC build/GEDE01/src/game/game_fn_80017DB0.o
[77/910] MWCC build/GEDE01/src/game/game_fn_80018EF4.o
[78/910] MWCC build/GEDE01/src/game/game_fn_80019054.o
[79/910] MWCC build/GEDE01/src/game/game_fn_800194D0.o
[80/910] MWCC build/GEDE01/src/game/game_fn_80019244.o
[81/910] MWCC build/GEDE01/src/game/game_fn_80019C10.o
[82/910] MWCC build/GEDE01/src/game/game_fn_80019940.o
[83/910] MWCC build/GEDE01/src/game/game_fn_80019D2C.o
[84/910] MWCC build/GEDE01/src/game/game_fn_80019F98.o
[85/910] MWCC build/GEDE01/src/game/game_fn_8001A6C4.o
[86/910] MWCC build/GEDE01/src/game/game_fn_8001AAB8.o
[87/910] MWCC build/GEDE01/src/game/game_fn_8001ADF8.o
[88/910] MWCC build/GEDE01/src/game/game_fn_8001AF68.o
[89/910] MWCC build/GEDE01/src/game/game_fn_8001B124.o
[90/910] MWCC build/GEDE01/src/game/game_fn_8001B294.o
[91/910] MWCC build/GEDE01/src/game/game_fn_8001B808.o
[92/910] MWCC build/GEDE01/src/game/game_fn_8001B874.o
[93/910] MWCC build/GEDE01/src/game/game_fn_8001C078.o
[94/910] MWCC build/GEDE01/src/game/game_fn_8001CA04.o
[95/910] MWCC build/GEDE01/src/game/game_fn_8001CD58.o
[96/910] MWCC build/GEDE01/src/game/game_fn_8001CE94.o
[97/910] MWCC build/GEDE01/src/game/game_fn_8001E644.o
[98/910] MWCC build/GEDE01/src/game/game_fn_8001FE1C.o
[99/910] MWCC build/GEDE01/src/game/game_fn_80020E94.o
[100/910] MWCC build/GEDE01/src/game/game_fn_80024F28.o
[101/910] MWCC build/GEDE01/src/game/game_fn_800272B4.o
[102/910] MWCC build/GEDE01/src/game/game_fn_8002B748.o
[103/910] MWCC build/GEDE01/src/game/game_fn_8002DAE0.o
[104/910] MWCC build/GEDE01/src/game/game_fn_8002E3F0.o
[105/910] MWCC build/GEDE01/src/game/game_fn_8002EA68.o
[106/910] MWCC build/GEDE01/src/game/game_fn_8002F428.o
[107/910] MWCC build/GEDE01/src/game/game_fn_80031544.o
[108/910] MWCC build/GEDE01/src/game/game_fn_8003232C.o
[109/910] MWCC build/GEDE01/src/game/game_fn_80032B84.o
[110/910] MWCC build/GEDE01/src/game/game_fn_80033038.o
[111/910] MWCC build/GEDE01/src/game/game_fn_80033180.o
[112/910] MWCC build/GEDE01/src/game/game_fn_800359A0.o
[113/910] MWCC build/GEDE01/src/game/game_fn_800361F8.o
[114/910] MWCC build/GEDE01/src/game/game_fn_80036C40.o
[115/910] MWCC build/GEDE01/src/game/game_fn_80038878.o
[116/910] MWCC build/GEDE01/src/game/game_fn_80048ADC.o
[117/910] MWCC build/GEDE01/src/game/game_fn_80048B24.o
[118/910] MWCC build/GEDE01/src/game/game_fn_8004998C.o
[119/910] MWCC build/GEDE01/src/game/game_fn_80052310.o
[120/910] MWCC build/GEDE01/src/game/game_fn_80050B08.o
[121/910] MWCC build/GEDE01/src/game/game_fn_800542D0.o
[122/910] MWCC build/GEDE01/src/game/game_fn_8005EC6C.o
[123/910] MWCC build/GEDE01/src/game/game_fn_8005EE9C.o
[124/910] MWCC build/GEDE01/src/game/game_data_80239E10.o
[125/910] MWCC build/GEDE01/src/game/game_data_80239E18.o
[126/910] MWCC build/GEDE01/src/game/game_fn_8005FD84.o
[127/910] MWCC build/GEDE01/src/game/game_fn_80066888.o
[128/910] MWCC build/GEDE01/src/game/game_fn_80066E78.o
[129/910] MWCC build/GEDE01/src/game/game_fn_8006B0F0.o
[130/910] MWCC build/GEDE01/src/game/game_fn_8006B620.o
[131/910] MWCC build/GEDE01/src/game/game_fn_8006E53C.o
[132/910] MWCC build/GEDE01/src/game/game_fn_80071A58.o
[133/910] MWCC build/GEDE01/src/game/game_fn_80074310.o
[134/910] MWCC build/GEDE01/src/game/game_fn_80078500.o
[135/910] MWCC build/GEDE01/src/game/game_fn_80079AA4.o
[136/910] MWCC build/GEDE01/src/game/game_fn_80079908.o
[137/910] MWCC build/GEDE01/src/game/game_fn_8007B2F4.o
[138/910] MWCC build/GEDE01/src/game/game_fn_8007B540.o
[139/910] MWCC build/GEDE01/src/game/game_fn_8007B640.o
[140/910] MWCC build/GEDE01/src/game/game_fn_8007B828.o
[141/910] MWCC build/GEDE01/src/game/game_fn_8007D4D8.o
[142/910] MWCC build/GEDE01/src/game/game_fn_8007BA3C.o
[143/910] MWCC build/GEDE01/src/game/game_fn_8007F770.o
[144/910] MWCC build/GEDE01/src/game/game_fn_800886D8.o
[145/910] MWCC build/GEDE01/src/game/game_fn_80088F4C.o
[146/910] MWCC build/GEDE01/src/game/game_fn_80089A34.o
[147/910] MWCC build/GEDE01/src/game/game_fn_8008A2E0.o
[148/910] MWCC build/GEDE01/src/game/game_fn_8008F224.o
[149/910] MWCC build/GEDE01/src/game/game_fn_8008F890.o
[150/910] MWCC build/GEDE01/src/game/game_fn_80090004.o
[151/910] MWCC build/GEDE01/src/game/game_fn_800934A0.o
[152/910] MWCC build/GEDE01/src/game/game_fn_80095D10.o
[153/910] MWCC build/GEDE01/src/game/game_fn_80095FDC.o
[154/910] MWCC build/GEDE01/src/game/game_fn_80096830.o
[155/910] MWCC build/GEDE01/src/game/game_fn_8009C424.o
[156/910] MWCC build/GEDE01/src/game/game_fn_8009E808.o
[157/910] MWCC build/GEDE01/src/game/game_fn_800A2130.o
[158/910] MWCC build/GEDE01/src/game/game_fn_800A2FCC.o
[159/910] MWCC build/GEDE01/src/game/game_fn_800A3180.o
[160/910] MWCC build/GEDE01/src/game/game_fn_800A3894.o
[161/910] MWCC build/GEDE01/src/game/game_fn_800A4428.o
[162/910] MWCC build/GEDE01/src/game/game_fn_800A4798.o
[163/910] MWCC build/GEDE01/src/game/game_fn_800A7E88.o
[164/910] MWCC build/GEDE01/src/game/game_fn_800AF230.o
[165/910] MWCC build/GEDE01/src/game/game_fn_800B2EC0.o
[166/910] MWCC build/GEDE01/src/game/game_fn_800BB5C4.o
[167/910] MWCC build/GEDE01/src/game/game_fn_800BB7A8.o
[168/910] MWCC build/GEDE01/src/game/game_fn_800BB9A4.o
[169/910] MWCC build/GEDE01/src/game/game_fn_800BBAF0.o
[170/910] MWCC build/GEDE01/src/game/game_fn_800C030C.o
[171/910] MWCC build/GEDE01/src/game/game_fn_800C17EC.o
[172/910] MWCC build/GEDE01/src/game/game_fn_800C59F0.o
[173/910] MWCC build/GEDE01/src/game/game_fn_800C644C.o
[174/910] MWCC build/GEDE01/src/game/game_fn_800C65FC.o
[175/910] MWCC build/GEDE01/src/game/game_fn_800C9C60.o
[176/910] MWCC build/GEDE01/src/game/game_fn_800CB760.o
[177/910] MWCC build/GEDE01/src/game/game_fn_800CB8F4.o
[178/910] MWCC build/GEDE01/src/game/game_fn_800CF598.o
[179/910] MWCC build/GEDE01/src/game/game_fn_800D9064.o
[180/910] MWCC build/GEDE01/src/game/game_fn_800D9E10.o
[181/910] MWCC build/GEDE01/src/game/game_fn_800DC4D4.o
[182/910] MWCC build/GEDE01/src/game/game_fn_800E4980.o
[183/910] MWCC build/GEDE01/src/game/game_TRKNubWelcome.o
[184/910] MWCC build/GEDE01/src/game/game_TRK_main.o
[185/910] MWCC build/GEDE01/src/game/game_InitMetroTRKCommTable.o
[186/910] MWCC build/GEDE01/src/game/game_fn_800FD0C8.o
[187/910] MWCC build/GEDE01/src/game/game_fn_8010242C.o
[188/910] MWCC build/GEDE01/src/game/game_fn_801098C0.o
[189/910] MWCC build/GEDE01/src/game/game_fn_8010F184.o
[190/910] MWCC build/GEDE01/src/game/game_fn_801126E0.o
[191/910] MWCC build/GEDE01/src/game/game_fn_801128E4.o
[192/910] MWCC build/GEDE01/src/game/game_fn_801141B8.o
[193/910] MWCC build/GEDE01/src/game/game_fn_8011F140.o
[194/910] MWCC build/GEDE01/src/game/game_fn_801247F8.o
[195/910] MWCC build/GEDE01/src/game/game_fn_80126A00.o
[196/910] MWCC build/GEDE01/src/game/game_fn_8012976C.o
[197/910] MWCC build/GEDE01/src/game/game_fn_8012DB28.o
[198/910] MWCC build/GEDE01/src/game/game_fn_8013CBE4.o
[199/910] MWCC build/GEDE01/src/game/game_fn_8013D6A4.o
[200/910] MWCC build/GEDE01/src/game/game_fn_8013DB8C.o
[201/910] MWCC build/GEDE01/src/game/game_fn_8014549C.o
[202/910] MWCC build/GEDE01/src/game/game_fn_8014AF38.o
[203/910] MWCC build/GEDE01/src/game/game_fn_8014B494.o
[204/910] MWCC build/GEDE01/src/game/game_fn_8014BA14.o
[205/910] MWCC build/GEDE01/src/game/game_fn_8014CA98.o
[206/910] MWCC build/GEDE01/src/game/game_fn_801535D8.o
[207/910] MWCC build/GEDE01/src/game/game_fn_80153898.o
[208/910] MWCC build/GEDE01/src/game/game_fn_80153A24.o
[209/910] MWCC build/GEDE01/src/game/game_fn_80154F74.o
[210/910] MWCC build/GEDE01/src/game/game_fn_80155814.o
[211/910] MWCC build/GEDE01/src/game/game_fn_80157C0C.o
[212/910] MWCC build/GEDE01/src/game/game_fn_80158B20.o
[213/910] MWCC build/GEDE01/src/game/game_fn_80158D38.o
[214/910] MWCC build/GEDE01/src/game/game_fn_8015DB84.o
[215/910] MWCC build/GEDE01/src/game/game_fn_8015DC54.o
[216/910] MWCC build/GEDE01/src/game/game_fn_8015EDC0.o
[217/910] MWCC build/GEDE01/src/game/game_fn_80167454.o
[218/910] MWCC build/GEDE01/src/game/game_fn_80167B5C.o
[219/910] MWCC build/GEDE01/src/game/game_fn_80169650.o
[220/910] MWCC build/GEDE01/src/game/game_fn_8016BD0C.o
[221/910] MWCC build/GEDE01/src/game/game_fn_8016BE1C.o
[222/910] MWCC build/GEDE01/src/game/game_fn_8016BF60.o
[223/910] MWCC build/GEDE01/src/game/game_fn_8016C0BC.o
[224/910] MWCC build/GEDE01/src/game/game_fn_8016C164.o
[225/910] MWCC build/GEDE01/src/game/game_fn_8016C238.o
[226/910] MWCC build/GEDE01/src/game/game_fn_8016C4BC.o
[227/910] MWCC build/GEDE01/src/game/game_fn_8016C774.o
[228/910] MWCC build/GEDE01/src/game/game_fn_8016D040.o
[229/910] MWCC build/GEDE01/src/game/game_fn_8016D1F8.o
[230/910] MWCC build/GEDE01/src/game/game_fn_8016D2B8.o
[231/910] MWCC build/GEDE01/src/game/game_fn_8016D9C0.o
[232/910] MWCC build/GEDE01/src/game/game_fn_8016DF4C.o
[233/910] MWCC build/GEDE01/src/game/game_fn_8016E8F8.o
[234/910] MWCC build/GEDE01/src/game/game_fn_8016FEF8.o
[235/910] MWCC build/GEDE01/src/game/game_fn_8017038C.o
[236/910] MWCC build/GEDE01/src/game/game_fn_801704F8.o
[237/910] MWCC build/GEDE01/src/game/game_fn_801706DC.o
[238/910] MWCC build/GEDE01/src/game/game_fn_80170A40.o
[239/910] MWCC build/GEDE01/src/game/game_fn_80170DF4.o
[240/910] MWCC build/GEDE01/src/game/game_fn_80170E9C.o
[241/910] MWCC build/GEDE01/src/game/game_fn_8017138C.o
[242/910] MWCC build/GEDE01/src/game/game_fn_80171664.o
[243/910] MWCC build/GEDE01/src/game/game_fn_801718F4.o
[244/910] MWCC build/GEDE01/src/game/game_fn_801719B4.o
[245/910] MWCC build/GEDE01/src/game/game_fn_80171F30.o
[246/910] MWCC build/GEDE01/src/game/game_fn_8017250C.o
[247/910] MWCC build/GEDE01/src/game/game_fn_801726EC.o
[248/910] MWCC build/GEDE01/src/game/game_fn_80172BB0.o
[249/910] MWCC build/GEDE01/src/game/game_fn_80172C78.o
[250/910] MWCC build/GEDE01/src/game/game_fn_80172DB8.o
[251/910] MWCC build/GEDE01/src/game/game_fn_80173270.o
[252/910] MWCC build/GEDE01/src/game/game_fn_801734B4.o
[253/910] MWCC build/GEDE01/src/game/game_fn_80173770.o
[254/910] MWCC build/GEDE01/src/game/game_fn_80173D44.o
[255/910] MWCC build/GEDE01/src/game/game_fn_80173F04.o
[256/910] MWCC build/GEDE01/src/game/game_fn_80174184.o
[257/910] MWCC build/GEDE01/src/game/game_fn_80174358.o
[258/910] MWCC build/GEDE01/src/game/game_fn_80174F2C.o
[259/910] MWCC build/GEDE01/src/game/game_fn_801752B0.o
[260/910] MWCC build/GEDE01/src/game/game_fn_8017553C.o
[261/910] MWCC build/GEDE01/src/game/game_fn_80175A08.o
[262/910] MWCC build/GEDE01/src/game/game_fn_80175E64.o
[263/910] MWCC build/GEDE01/src/game/game_fn_80175F0C.o
[264/910] MWCC build/GEDE01/src/game/game_fn_80175FD4.o
[265/910] MWCC build/GEDE01/src/game/game_fn_80176098.o
[266/910] MWCC build/GEDE01/src/game/game_fn_80176160.o
[267/910] MWCC build/GEDE01/src/game/game_fn_80176220.o
[268/910] MWCC build/GEDE01/src/game/game_fn_801762E8.o
[269/910] MWCC build/GEDE01/src/game/game_fn_8017652C.o
[270/910] MWCC build/GEDE01/src/game/game_fn_80176DF4.o
[271/910] MWCC build/GEDE01/src/game/game_fn_80176FA0.o
[272/910] MWCC build/GEDE01/src/game/game_fn_801770F8.o
[273/910] MWCC build/GEDE01/src/game/game_fn_8017718C.o
[274/910] MWCC build/GEDE01/src/game/game_fn_80178F88.o
[275/910] MWCC build/GEDE01/src/game/game_fn_80177434.o
[276/910] MWCC build/GEDE01/src/game/game_fn_80179398.o
[277/910] MWCC build/GEDE01/src/game/game_fn_8017960C.o
[278/910] MWCC build/GEDE01/src/game/game_fn_8017974C.o
[279/910] MWCC build/GEDE01/src/game/game_fn_80179904.o
[280/910] MWCC build/GEDE01/src/game/game_fn_80179A18.o
[281/910] MWCC build/GEDE01/src/game/game_fn_80179A74.o
[282/910] MWCC build/GEDE01/src/game/game_fn_80179EB8.o
[283/910] MWCC build/GEDE01/src/game/game_fn_80179F20.o
[284/910] MWCC build/GEDE01/src/game/game_fn_8017A010.o
[285/910] MWCC build/GEDE01/src/game/game_fn_8017A12C.o
[286/910] MWCC build/GEDE01/src/game/game_fn_8017A1C0.o
[287/910] MWCC build/GEDE01/src/game/game_fn_8017A9B8.o
[288/910] MWCC build/GEDE01/src/game/game_fn_8017AC20.o
[289/910] MWCC build/GEDE01/src/game/game_fn_8017E850.o
[290/910] MWCC build/GEDE01/src/game/game_fn_8017E958.o
[291/910] MWCC build/GEDE01/src/game/game_fn_80180DDC.o
[292/910] MWCC build/GEDE01/src/game/game_fn_801810A0.o
[293/910] MWCC build/GEDE01/src/game/game_fn_801816D4.o
[294/910] MWCC build/GEDE01/src/game/game_fn_801859FC.o
[295/910] MWCC build/GEDE01/src/game/game_fn_80185AE8.o
[296/910] MWCC build/GEDE01/src/game/game_fn_80185F10.o
[297/910] MWCC build/GEDE01/src/game/game_fn_801861C4.o
[298/910] MWCC build/GEDE01/src/game/game_fn_801865EC.o
[299/910] MWCC build/GEDE01/src/game/game_fn_8018680C.o
[300/910] MWCC build/GEDE01/src/game/game_fn_80186E10.o
[301/910] MWCC build/GEDE01/src/game/game_fn_80186F70.o
[302/910] MWCC build/GEDE01/src/game/game_fn_80187120.o
[303/910] MWCC build/GEDE01/src/game/game_fn_80187320.o
[304/910] MWCC build/GEDE01/src/game/game_fn_801875FC.o
[305/910] MWCC build/GEDE01/src/game/game_fn_801878E0.o
[306/910] MWCC build/GEDE01/src/game/game_fn_80187BB4.o
[307/910] MWCC build/GEDE01/src/game/game_fn_80188A7C.o
[308/910] MWCC build/GEDE01/src/game/game_fn_80188B44.o
[309/910] MWCC build/GEDE01/src/game/game_fn_80188C1C.o
[310/910] MWCC build/GEDE01/src/game/game_fn_80188E28.o
[311/910] MWCC build/GEDE01/src/game/game_fn_80189028.o
[312/910] MWCC build/GEDE01/src/game/game_fn_801891D8.o
[313/910] MWCC build/GEDE01/src/game/game_fn_80189390.o
[314/910] MWCC build/GEDE01/src/game/game_fn_801895E8.o
[315/910] MWCC build/GEDE01/src/game/game_fn_801896A0.o
[316/910] MWCC build/GEDE01/src/game/game_fn_80189760.o
[317/910] MWCC build/GEDE01/src/game/game_fn_80189968.o
[318/910] MWCC build/GEDE01/src/game/game_fn_80189C14.o
[319/910] MWCC build/GEDE01/src/game/game_fn_8018C2D0.o
[320/910] MWCC build/GEDE01/src/game/game_fn_8018D1F0.o
[321/910] MWCC build/GEDE01/src/game/game_fn_8018D2E0.o
[322/910] MWCC build/GEDE01/src/game/game_fn_8018D400.o
[323/910] MWCC build/GEDE01/src/game/game_fn_8018D688.o
[324/910] MWCC build/GEDE01/src/game/game_fn_8018DC24.o
[325/910] MWCC build/GEDE01/src/game/game_fn_8018E0D8.o
[326/910] MWCC build/GEDE01/src/game/game_fn_8018F1D0.o
[327/910] MWCC build/GEDE01/src/game/game_fn_8018F81C.o
[328/910] MWCC build/GEDE01/src/game/game_fn_8018FEDC.o
[329/910] MWCC build/GEDE01/src/game/game_fn_8019120C.o
[330/910] MWCC build/GEDE01/src/game/game_fn_80191360.o
[331/910] MWCC build/GEDE01/src/game/game_fn_801916D0.o
[332/910] MWCC build/GEDE01/src/game/game_fn_8019197C.o
[333/910] MWCC build/GEDE01/src/game/game_fn_80191F58.o
[334/910] MWCC build/GEDE01/src/game/game_fn_801926EC.o
[335/910] MWCC build/GEDE01/src/game/game_fn_801929A4.o
[336/910] MWCC build/GEDE01/src/game/game_fn_80192F54.o
[337/910] MWCC build/GEDE01/src/game/game_fn_801931C4.o
[338/910] MWCC build/GEDE01/src/game/game_fn_80193E1C.o
[339/910] MWCC build/GEDE01/src/game/game_fn_80193F3C.o
[340/910] MWCC build/GEDE01/src/game/game_fn_80194F80.o
[341/910] MWCC build/GEDE01/src/game/game_fn_801952E8.o
[342/910] MWCC build/GEDE01/src/game/game_fn_80197910.o
[343/910] MWCC build/GEDE01/src/game/game_fn_80198154.o
[344/910] MWCC build/GEDE01/src/game/game_fn_80198AAC.o
[345/910] MWCC build/GEDE01/src/game/game_fn_80198BF4.o
[346/910] MWCC build/GEDE01/src/game/game_fn_801991E0.o
[347/910] MWCC build/GEDE01/src/game/game_fn_8019B1BC.o
[348/910] MWCC build/GEDE01/src/game/game_fn_8019CC28.o
[349/910] MWCC build/GEDE01/src/game/game_fn_8019CFC4.o
[350/910] MWCC build/GEDE01/src/game/game_fn_8019E5E4.o
[351/910] MWCC build/GEDE01/src/game/game_fn_8019E8C8.o
[352/910] MWCC build/GEDE01/src/game/game_fn_801A1F18.o
[353/910] MWCC build/GEDE01/src/game/game_fn_801A2A54.o
[354/910] MWCC build/GEDE01/src/game/game_fn_801A34BC.o
[355/910] MWCC build/GEDE01/src/game/game_fn_801A3A78.o
[356/910] MWCC build/GEDE01/src/game/game_fn_801A4430.o
[357/910] MWCC build/GEDE01/src/game/game_fn_801A4CE0.o
[358/910] MWCC build/GEDE01/src/game/game_fn_801A5FB0.o
[359/910] MWCC build/GEDE01/src/game/game_fn_801A6410.o
[360/910] MWCC build/GEDE01/src/game/game_fn_801A657C.o
[361/910] MWCC build/GEDE01/src/game/game_fn_801A6ADC.o
[362/910] MWCC build/GEDE01/src/game/game_fn_801A6C58.o
[363/910] MWCC build/GEDE01/src/game/game_fn_801A6CB4.o
[364/910] MWCC build/GEDE01/src/game/game_fn_801A7E04.o
[365/910] MWCC build/GEDE01/src/game/game_fn_801A7EA8.o
[366/910] MWCC build/GEDE01/src/game/game_fn_801A93E8.o
[367/910] MWCC build/GEDE01/src/game/game_fn_801AB154.o
[368/910] MWCC build/GEDE01/src/game/game_fn_801ABD3C.o
[369/910] MWCC build/GEDE01/src/game/game_fn_801AC8AC.o
[370/910] MWCC build/GEDE01/src/game/game_fn_801ACFE8.o
[371/910] MWCC build/GEDE01/src/game/game_fn_801AD08C.o
[372/910] MWCC build/GEDE01/src/game/game_fn_801AFA74.o
[373/910] MWCC build/GEDE01/src/game/game_fn_801B02F0.o
[374/910] MWCC build/GEDE01/src/game/game_fn_801B1BA0.o
[375/910] MWCC build/GEDE01/src/game/game_fn_801B35BC.o
[376/910] MWCC build/GEDE01/src/game/game_fn_801B46C8.o
[377/910] MWCC build/GEDE01/src/game/game_fn_801B4FB4.o
[378/910] MWCC build/GEDE01/src/game/game_fn_801B5228.o
[379/910] MWCC build/GEDE01/src/game/game_fn_801B58F0.o
[380/910] MWCC build/GEDE01/src/game/game_fn_801B6F1C.o
[381/910] MWCC build/GEDE01/src/game/game_fn_801B86C0.o
[382/910] MWCC build/GEDE01/src/game/game_fn_801B941C.o
[383/910] MWCC build/GEDE01/src/game/game_fn_801B9E7C.o
[384/910] MWCC build/GEDE01/src/game/game_fn_801BA15C.o
[385/910] MWCC build/GEDE01/src/game/game_fn_801BA708.o
[386/910] MWCC build/GEDE01/src/game/game_fn_801BB1A0.o
[387/910] MWCC build/GEDE01/src/game/game_fn_801BC0D4.o
[388/910] MWCC build/GEDE01/src/game/game_fn_801BC240.o
[389/910] MWCC build/GEDE01/src/game/game_fn_801BC8F4.o
[390/910] MWCC build/GEDE01/src/game/game_fn_801BCC04.o
[391/910] MWCC build/GEDE01/src/game/game_fn_801BD990.o
[392/910] MWCC build/GEDE01/src/game/game_fn_801BDE7C.o
[393/910] MWCC build/GEDE01/src/game/game_fn_801BE0D4.o
[394/910] MWCC build/GEDE01/src/game/game_fn_801C1CB0.o
[395/910] MWCC build/GEDE01/src/game/game_fn_801BEF40.o
[396/910] MWCC build/GEDE01/src/game/game_fn_801C2980.o
[397/910] MWCC build/GEDE01/src/game/game_fn_801C29BC.o
[398/910] MWCC build/GEDE01/src/game/game_fn_801C2AAC.o
[399/910] MWCC build/GEDE01/src/game/game_fn_801C2D9C.o
[400/910] MWCC build/GEDE01/src/game/game_fn_801C8160.o
[401/910] MWCC build/GEDE01/src/game/game_fn_801C8224.o
[402/910] MWCC build/GEDE01/src/game/game_fn_801C8600.o
[403/910] MWCC build/GEDE01/src/game/game_fn_801C4B5C.o
[404/910] MWCC build/GEDE01/src/game/game_fn_801C87DC.o
[405/910] MWCC build/GEDE01/src/game/game_fn_801C8CC0.o
[406/910] MWCC build/GEDE01/src/game/game_fn_801C8F50.o
[407/910] MWCC build/GEDE01/src/game/game_fn_801C90A4.o
[408/910] MWCC build/GEDE01/src/game/game_fn_801C9510.o
[409/910] MWCC build/GEDE01/src/game/game_fn_801C970C.o
[410/910] MWCC build/GEDE01/src/game/game_fn_801C9A08.o
[411/910] MWCC build/GEDE01/src/game/game_fn_801C9B1C.o
[412/910] MWCC build/GEDE01/src/game/game_fn_801CB4F8.o
[413/910] MWCC build/GEDE01/src/game/game_fn_801CD228.o
[414/910] MWCC build/GEDE01/src/game/game_fn_801CE09C.o
[415/910] MWCC build/GEDE01/src/game/game_fn_801CE594.o
[416/910] MWCC build/GEDE01/src/game/game_fn_801D1B10.o
[417/910] MWCC build/GEDE01/src/game/game_fn_801D1F78.o
[418/910] MWCC build/GEDE01/src/game/game_fn_801D3988.o
[419/910] MWCC build/GEDE01/src/game/game_fn_801D76A8.o
[420/910] MWCC build/GEDE01/src/game/game_fn_801D7C24.o
[421/910] MWCC build/GEDE01/src/game/game_fn_801D8050.o
[422/910] MWCC build/GEDE01/src/game/game_fn_801D9FE4.o
[423/910] MWCC build/GEDE01/src/game/game_fn_801E2A48.o
[424/910] MWCC build/GEDE01/src/game/game_fn_801E41AC.o
[425/910] MWCC build/GEDE01/src/game/game_fn_801E504C.o
[426/910] MWCC build/GEDE01/src/game/game_fn_801E6814.o
[427/910] MWCC build/GEDE01/src/game/game_fn_801E995C.o
[428/910] MWCC build/GEDE01/src/game/game_fn_801EB09C.o
[429/910] MWCC build/GEDE01/src/game/game_fn_801EB11C.o
[430/910] MWCC build/GEDE01/src/game/game_fn_801ECD74.o
[431/910] MWCC build/GEDE01/src/game/game_fn_801ECF50.o
[432/910] MWCC build/GEDE01/src/game/game_fn_801ED5F4.o
[433/910] MWCC build/GEDE01/src/game/game_fn_801EF580.o
[434/910] MWCC build/GEDE01/src/game/game_fn_801EF910.o
[435/910] MWCC build/GEDE01/src/game/game_fn_801F0CB0.o
[436/910] MWCC build/GEDE01/src/game/game_fn_801F10BC.o
[437/910] MWCC build/GEDE01/src/game/game_fn_801F1A38.o
[438/910] MWCC build/GEDE01/src/game/game_fn_801F35A8.o
[439/910] MWCC build/GEDE01/src/game/game_fn_801F55A0.o
[440/910] MWCC build/GEDE01/src/game/game_fn_801F69F0.o
[441/910] MWCC build/GEDE01/src/game/game_fn_801F6BD8.o
[442/910] MWCC build/GEDE01/src/game/game_fn_801F7510.o
[443/910] MWCC build/GEDE01/src/game/game_fn_801F76EC.o
[444/910] MWCC build/GEDE01/src/game/game_fn_801F8264.o
[445/910] MWCC build/GEDE01/src/game/game_fn_801F89B4.o
[446/910] MWCC build/GEDE01/src/game/game_fn_801F9AF8.o
[447/910] MWCC build/GEDE01/src/game/game_fn_801F9CF4.o
[448/910] MWCC build/GEDE01/src/game/game_fn_801FA9C8.o
[449/910] MWCC build/GEDE01/src/game/game_fn_801FB6A4.o
[450/910] MWCC build/GEDE01/src/game/game_fn_801FC034.o
[451/910] MWCC build/GEDE01/src/game/game_fn_801FFE78.o
[452/910] MWCC build/GEDE01/src/game/game_fn_801FC204.o
[453/910] EXTERNALIZE build/GEDE01/src/game/game_fn_800DC4D4.o
[454/910] EXTERNALIZE build/GEDE01/src/game/game_fn_80175A08.o
[455/910] EXTERNALIZE build/GEDE01/src/game/game_fn_80066E78.o
[456/910] EXTERNALIZE build/GEDE01/src/game/game_fn_801247F8.o
[457/910] EXTERNALIZE build/GEDE01/src/game/game_fn_801EF910.o
[458/910] EXTERNALIZE build/GEDE01/src/game/game_fn_801ECF50.o
[459/910] EXTERNALIZE build/GEDE01/src/game/game_fn_801FC204.o
[460/910] EXTERNALIZE build/GEDE01/src/game/game_fn_801EB09C.o
[461/910] EXTERNALIZE build/GEDE01/src/game/game_fn_801EB11C.o
[462/910] EXTERNALIZE JUMPTABLES build/GEDE01/src/game/game_fn_80050B08.o
[463/910] EXTERNALIZE build/GEDE01/src/game/game_fn_801E41AC.o
[464/910] EXTERNALIZE build/GEDE01/src/game/game_fn_801D9FE4.o
[465/910] EXTERNALIZE build/GEDE01/src/game/game_fn_801D76A8.o
[466/910] EXTERNALIZE build/GEDE01/src/game/game_fn_801D8050.o
[467/910] EXTERNALIZE build/GEDE01/src/game/game_fn_801D7C24.o
[468/910] EXTERNALIZE build/GEDE01/src/game/game_fn_8019B1BC.o
[469/910] EXTERNALIZE build/GEDE01/src/game/game_fn_80178F88.o
[470/910] EXTERNALIZE build/GEDE01/src/game/game_fn_801CD228.o
[471/910] EXTERNALIZE build/GEDE01/src/game/game_fn_801C970C.o
[472/910] EXTERNALIZE build/GEDE01/src/game/game_fn_801BA15C.o
[473/910] EXTERNALIZE build/GEDE01/src/game/game_fn_801C9510.o
[474/910] EXTERNALIZE build/GEDE01/src/game/game_fn_80126A00.o
[475/910] EXTERNALIZE build/GEDE01/src/game/game_fn_8013D6A4.o
[476/910] EXTERNALIZE build/GEDE01/src/game/game_fn_800C9C60.o
[477/910] EXTERNALIZE build/GEDE01/src/game/game_fn_801B5228.o
[478/910] EXTERNALIZE build/GEDE01/src/game/game_fn_801B4FB4.o
[479/910] EXTERNALIZE build/GEDE01/src/game/game_fn_801C87DC.o
[480/910] EXTERNALIZE build/GEDE01/src/game/game_fn_801C8CC0.o
[481/910] EXTERNALIZE build/GEDE01/src/game/game_fn_801B6F1C.o
[482/910] EXTERNALIZE build/GEDE01/src/game/game_fn_800FD0C8.o
[483/910] EXTERNALIZE build/GEDE01/src/game/game_fn_801BDE7C.o
[484/910] EXTERNALIZE build/GEDE01/src/game/game_fn_801BE0D4.o
[485/910] EXTERNALIZE STATIC POOL build/GEDE01/src/game/game_fn_801C9A08.o
build/GEDE01/src/game/game_fn_801C9A08.o: lbl_80629390 now undefined; section 3 emptied
[486/910] EXTERNALIZE STATIC POOL build/GEDE01/src/game/game_fn_801C9B1C.o
build/GEDE01/src/game/game_fn_801C9B1C.o: lbl_80629390 now undefined; section 3 emptied
[487/910] EXTERNALIZE build/GEDE01/src/game/game_fn_801B941C.o
[488/910] EXTERNALIZE STATIC POOL build/GEDE01/src/game/game_fn_801B58F0.o
build/GEDE01/src/game/game_fn_801B58F0.o: lbl_8060C020 now undefined; section 3 emptied
[489/910] EXTERNALIZE STATIC POOL build/GEDE01/src/game/game_fn_801BD990.o
build/GEDE01/src/game/game_fn_801BD990.o: lbl_80626D80 now undefined; section 6 emptied
[490/910] EXTERNALIZE STATIC POOL build/GEDE01/src/game/game_fn_801B9E7C.o
build/GEDE01/src/game/game_fn_801B9E7C.o: 0 relocation(s) moved from streamInfo to ...bss.0
build/GEDE01/src/game/game_fn_801B9E7C.o: lbl_8061AE48 now undefined; section 6 emptied
[491/910] EXTERNALIZE STATIC POOL build/GEDE01/src/game/game_fn_801BB1A0.o
build/GEDE01/src/game/game_fn_801BB1A0.o: 0 relocation(s) moved from streamInfo to ...bss.0
build/GEDE01/src/game/game_fn_801BB1A0.o: lbl_8061AE48 now undefined; section 6 emptied
[492/910] EXTERNALIZE STATIC build/GEDE01/src/game/game_fn_801B35BC.o
build/GEDE01/src/game/game_fn_801B35BC.o: lbl_8060D420 now undefined; section 6 emptied
[493/910] EXTERNALIZE STATIC POOL build/GEDE01/src/game/game_fn_801BA708.o
build/GEDE01/src/game/game_fn_801BA708.o: 0 relocation(s) moved from streamInfo to ...bss.0
build/GEDE01/src/game/game_fn_801BA708.o: lbl_8061AE48 now undefined; section 6 emptied
[494/910] EXTERNALIZE STATIC POOL build/GEDE01/src/game/game_fn_801BC8F4.o
build/GEDE01/src/game/game_fn_801BC8F4.o: lbl_8061C748 now undefined; section 6 emptied
[495/910] EXTERNALIZE STATIC build/GEDE01/src/game/game_fn_801BC240.o
build/GEDE01/src/game/game_fn_801BC240.o: lbl_8061C748 now undefined; section 6 emptied
[496/910] EXTERNALIZE STATIC POOL build/GEDE01/src/game/game_fn_801BCC04.o
build/GEDE01/src/game/game_fn_801BCC04.o: lbl_8061C748 now undefined; section 6 emptied
[497/910] EXTERNALIZE STATIC POOL build/GEDE01/src/game/game_fn_801BC0D4.o
build/GEDE01/src/game/game_fn_801BC0D4.o: lbl_8061C748 now undefined; section 6 emptied
[498/910] EXTERNALIZE STATIC POOL build/GEDE01/src/game/game_fn_801C1CB0.o
build/GEDE01/src/game/game_fn_801C1CB0.o: lbl_80626DA0 now undefined; section 3 emptied
[499/910] RENAME build/GEDE01/src/game/game_InitMetroTRKCommTable.o
[500/910] EXTERNALIZE STATIC POOL build/GEDE01/src/game/game_fn_801CE09C.o
build/GEDE01/src/game/game_fn_801CE09C.o: lbl_80631340 now undefined; section 6 emptied
[501/910] RENAME RUNTIME INTRINSICS build/GEDE01/src/game/game_fn_801CB4F8.o
[502/910] EXTERNALIZE STATIC POOL build/GEDE01/src/game/game_fn_8010242C.o
build/GEDE01/src/game/game_fn_8010242C.o: lbl_8032CC08 now undefined; section 3 emptied
[503/910] EXTERNALIZE build/GEDE01/src/game/game_fn_801D3988.o
[504/910] EXTERNALIZE build/GEDE01/src/game/game_fn_801D1B10.o
[505/910] ALIGN DATA build/GEDE01/src/game/game_fn_80008014.o
[506/910] EXTERNALIZE build/GEDE01/src/game/game_fn_801CE594.o
[507/910] EXTERNALIZE build/GEDE01/src/game/game_fn_8014549C.o
[508/910] EXTERNALIZE build/GEDE01/src/game/game_fn_801C8224.o
[509/910] EXTERNALIZE build/GEDE01/src/game/game_fn_801098C0.o
[510/910] EXTERNALIZE build/GEDE01/src/game/game_fn_8000FDE8.o
[511/910] EXTERNALIZE build/GEDE01/src/game/game_fn_80185F10.o
[512/910] EXTERNALIZE build/GEDE01/src/game/game_fn_801C29BC.o
[513/910] EXTERNALIZE build/GEDE01/src/game/game_fn_801C8F50.o
[514/910] EXTERNALIZE build/GEDE01/src/game/game_fn_8007B828.o
[515/910] EXTERNALIZE build/GEDE01/src/game/game_fn_801C90A4.o
[516/910] EXTERNALIZE build/GEDE01/src/game/game_fn_801C8160.o
[517/910] EXTERNALIZE build/GEDE01/src/game/game_fn_801C2AAC.o
[518/910] EXTERNALIZE build/GEDE01/src/game/game_fn_801C2D9C.o
[519/910] EXTERNALIZE build/GEDE01/src/game/game_fn_801C2980.o
[520/910] EXTERNALIZE build/GEDE01/src/game/game_fn_801B02F0.o
[521/910] EXTERNALIZE build/GEDE01/src/game/game_fn_801AFA74.o
[522/910] EXTERNALIZE build/GEDE01/src/game/game_fn_801AC8AC.o
[523/910] EXTERNALIZE build/GEDE01/src/game/game_fn_801ABD3C.o
[524/910] EXTERNALIZE build/GEDE01/src/game/game_fn_801816D4.o
[525/910] EXTERNALIZE build/GEDE01/src/game/game_fn_8011F140.o
[526/910] EXTERNALIZE build/GEDE01/src/game/game_fn_8004998C.o
[527/910] EXTERNALIZE build/GEDE01/src/game/game_fn_801AD08C.o
[528/910] EXTERNALIZE build/GEDE01/src/game/game_fn_80079AA4.o
[529/910] EXTERNALIZE build/GEDE01/src/game/game_fn_801A3A78.o
[530/910] EXTERNALIZE build/GEDE01/src/game/game_fn_80158D38.o
[531/910] EXTERNALIZE build/GEDE01/src/game/game_fn_8008F224.o
[532/910] EXTERNALIZE build/GEDE01/src/game/game_fn_80167454.o
[533/910] EXTERNALIZE build/GEDE01/src/game/game_fn_800AF230.o
[534/910] EXTERNALIZE build/GEDE01/src/game/game_fn_801A93E8.o
[535/910] EXTERNALIZE build/GEDE01/src/game/game_fn_801AB154.o
[536/910] EXTERNALIZE build/GEDE01/src/game/game_fn_801A7E04.o
[537/910] EXTERNALIZE build/GEDE01/src/game/game_fn_801A7EA8.o
[538/910] EXTERNALIZE build/GEDE01/src/game/game_fn_801A6CB4.o
[539/910] EXTERNALIZE build/GEDE01/src/game/game_fn_801A6C58.o
[540/910] EXTERNALIZE build/GEDE01/src/game/game_fn_801A4CE0.o
[541/910] NAME JUMPTABLE build/GEDE01/src/game/game_fn_801A6ADC.o
[542/910] EXTERNALIZE build/GEDE01/src/game/game_fn_801A6410.o
[543/910] EXTERNALIZE build/GEDE01/src/game/game_fn_801A1F18.o
[544/910] EXTERNALIZE build/GEDE01/src/game/game_fn_801A5FB0.o
[545/910] EXTERNALIZE build/GEDE01/src/game/game_fn_8019E5E4.o
[546/910] EXTERNALIZE build/GEDE01/src/game/game_fn_8019E8C8.o
[547/910] EXTERNALIZE build/GEDE01/src/game/game_fn_8019CC28.o
[548/910] EXTERNALIZE build/GEDE01/src/game/game_fn_8019CFC4.o
[549/910] EXTERNALIZE build/GEDE01/src/game/game_fn_801991E0.o
[550/910] EXTERNALIZE build/GEDE01/src/game/game_fn_80198BF4.o
[551/910] EXTERNALIZE build/GEDE01/src/game/game_fn_80198154.o
[552/910] EXTERNALIZE build/GEDE01/src/game/game_fn_80198AAC.o
[553/910] EXTERNALIZE build/GEDE01/src/game/game_fn_80194F80.o
[554/910] EXTERNALIZE build/GEDE01/src/game/game_fn_80197910.o
[555/910] EXTERNALIZE build/GEDE01/src/game/game_fn_80177434.o
repointed 2 relocations to lbl_80250588
[556/910] EXTERNALIZE build/GEDE01/src/game/game_fn_80193E1C.o
[557/910] EXTERNALIZE build/GEDE01/src/game/game_fn_801931C4.o
[558/910] EXTERNALIZE build/GEDE01/src/game/game_fn_80193F3C.o
[559/910] EXTERNALIZE build/GEDE01/src/game/game_fn_80192F54.o
[560/910] EXTERNALIZE build/GEDE01/src/game/game_fn_80191F58.o
[561/910] EXTERNALIZE build/GEDE01/src/game/game_fn_8019197C.o
[562/910] EXTERNALIZE build/GEDE01/src/game/game_fn_80191360.o
[563/910] GLOBALIZE build/GEDE01/src/game/game_fn_8018F1D0.o
[564/910] EXTERNALIZE build/GEDE01/src/game/game_fn_8018D688.o
[565/910] EXTERNALIZE build/GEDE01/src/game/game_fn_8018F81C.o
[566/910] EXTERNALIZE build/GEDE01/src/game/game_fn_8018D2E0.o
[567/910] EXTERNALIZE build/GEDE01/src/game/game_fn_80189968.o
[568/910] EXTERNALIZE build/GEDE01/src/game/game_fn_8018D1F0.o
[569/910] EXTERNALIZE build/GEDE01/src/game/game_fn_80189760.o
[570/910] EXTERNALIZE build/GEDE01/src/game/game_fn_801896A0.o
[571/910] EXTERNALIZE build/GEDE01/src/game/game_fn_801895E8.o
[572/910] EXTERNALIZE build/GEDE01/src/game/game_fn_80189390.o
[573/910] EXTERNALIZE build/GEDE01/src/game/game_fn_801891D8.o
[574/910] EXTERNALIZE build/GEDE01/src/game/game_fn_80188E28.o
[575/910] EXTERNALIZE build/GEDE01/src/game/game_fn_80189028.o
[576/910] EXTERNALIZE build/GEDE01/src/game/game_fn_80188B44.o
[577/910] EXTERNALIZE build/GEDE01/src/game/game_fn_80188C1C.o
[578/910] EXTERNALIZE build/GEDE01/src/game/game_fn_80188A7C.o
[579/910] EXTERNALIZE build/GEDE01/src/game/game_fn_801878E0.o
[580/910] EXTERNALIZE build/GEDE01/src/game/game_fn_80187120.o
[581/910] EXTERNALIZE build/GEDE01/src/game/game_fn_8018FEDC.o
[582/910] EXTERNALIZE build/GEDE01/src/game/game_fn_80186E10.o
[583/910] EXTERNALIZE build/GEDE01/src/game/game_fn_801865EC.o
[584/910] EXTERNALIZE build/GEDE01/src/game/game_fn_80185AE8.o
[585/910] EXTERNALIZE build/GEDE01/src/game/game_fn_801859FC.o
[586/910] EXTERNALIZE build/GEDE01/src/game/game_fn_80180DDC.o
[587/910] EXTERNALIZE build/GEDE01/src/game/game_fn_8017E958.o
[588/910] EXTERNALIZE build/GEDE01/src/game/game_fn_8017E850.o
[589/910] EXTERNALIZE build/GEDE01/src/game/game_fn_8017718C.o
[590/910] EXTERNALIZE build/GEDE01/src/game/game_fn_801770F8.o
[591/910] EXTERNALIZE build/GEDE01/src/game/game_fn_80176FA0.o
[592/910] EXTERNALIZE build/GEDE01/src/game/game_fn_80176DF4.o
[593/910] EXTERNALIZE build/GEDE01/src/game/game_fn_80174358.o
[594/910] EXTERNALIZE build/GEDE01/src/game/game_fn_80173F04.o
[595/910] EXTERNALIZE build/GEDE01/src/game/game_fn_80174184.o
[596/910] EXTERNALIZE build/GEDE01/src/game/game_fn_8017553C.o
[597/910] EXTERNALIZE build/GEDE01/src/game/game_fn_80173D44.o
[598/910] EXTERNALIZE build/GEDE01/src/game/game_fn_80173770.o
[599/910] EXTERNALIZE build/GEDE01/src/game/game_fn_80173270.o
[600/910] EXTERNALIZE build/GEDE01/src/game/game_fn_801734B4.o
[601/910] EXTERNALIZE build/GEDE01/src/game/game_fn_80172DB8.o
[602/910] EXTERNALIZE build/GEDE01/src/game/game_fn_80172C78.o
[603/910] EXTERNALIZE build/GEDE01/src/game/game_fn_80172BB0.o
[604/910] EXTERNALIZE build/GEDE01/src/game/game_fn_801726EC.o
[605/910] EXTERNALIZE build/GEDE01/src/game/game_fn_8017250C.o
[606/910] EXTERNALIZE build/GEDE01/src/game/game_fn_80171F30.o
[607/910] EXTERNALIZE build/GEDE01/src/game/game_fn_801718F4.o
[608/910] EXTERNALIZE build/GEDE01/src/game/game_fn_801719B4.o
[609/910] EXTERNALIZE build/GEDE01/src/game/game_fn_8017138C.o
[610/910] EXTERNALIZE build/GEDE01/src/game/game_fn_80171664.o
[611/910] EXTERNALIZE build/GEDE01/src/game/game_fn_80170A40.o
[612/910] EXTERNALIZE build/GEDE01/src/game/game_fn_801706DC.o
[613/910] NORMALIZE build/GEDE01/src/game/game_TRKNubWelcome.o
[614/910] NORMALIZE build/GEDE01/src/game/game_TRK_main.o
[615/910] NORMALIZE build/GEDE01/src/game/game_data_80239E10.o
[616/910] NORMALIZE build/GEDE01/src/game/game_data_80239E18.o
[617/910] EXTERNALIZE build/GEDE01/src/game/game_fn_8017652C.o
[618/910] EXTERNALIZE build/GEDE01/src/game/game_fn_80170E9C.o
[619/910] EXTERNALIZE build/GEDE01/src/game/game_fn_80175E64.o
[620/910] EXTERNALIZE build/GEDE01/src/game/game_fn_80175F0C.o
[621/910] EXTERNALIZE build/GEDE01/src/game/game_fn_80175FD4.o
[622/910] EXTERNALIZE build/GEDE01/src/game/game_fn_80176098.o
[623/910] EXTERNALIZE build/GEDE01/src/game/game_fn_80176220.o
[624/910] EXTERNALIZE build/GEDE01/src/game/game_fn_80176160.o
[625/910] EXTERNALIZE build/GEDE01/src/game/game_fn_80170DF4.o
[626/910] EXTERNALIZE build/GEDE01/src/game/game_fn_801762E8.o
[627/910] EXTERNALIZE build/GEDE01/src/game/game_fn_8016E8F8.o
[628/910] EXTERNALIZE build/GEDE01/src/game/game_fn_8016FEF8.o
[629/910] EXTERNALIZE build/GEDE01/src/game/game_fn_801704F8.o
[630/910] NORMALIZE build/GEDE01/src/game/game_fn_8016DF4C.o
[631/910] EXTERNALIZE build/GEDE01/src/game/game_fn_8016D2B8.o
[632/910] EXTERNALIZE build/GEDE01/src/game/game_fn_8016D040.o
[633/910] EXTERNALIZE build/GEDE01/src/game/game_fn_8016D1F8.o
[634/910] EXTERNALIZE build/GEDE01/src/game/game_fn_8016C4BC.o
[635/910] EXTERNALIZE build/GEDE01/src/game/game_fn_8016C774.o
[636/910] EXTERNALIZE build/GEDE01/src/game/game_fn_8016C238.o
[637/910] EXTERNALIZE build/GEDE01/src/game/game_fn_8016C164.o
[638/910] EXTERNALIZE build/GEDE01/src/game/game_fn_8016C0BC.o
[639/910] EXTERNALIZE build/GEDE01/src/game/game_fn_8017038C.o
[640/910] EXTERNALIZE build/GEDE01/src/game/game_fn_8016BE1C.o
[641/910] EXTERNALIZE build/GEDE01/src/game/game_fn_8016BF60.o
[642/910] EXTERNALIZE build/GEDE01/src/game/game_fn_80169650.o
[643/910] EXTERNALIZE build/GEDE01/src/game/game_fn_8016BD0C.o
[644/910] EXTERNALIZE build/GEDE01/src/game/game_fn_80167B5C.o
[645/910] EXTERNALIZE build/GEDE01/src/game/game_fn_8015EDC0.o
[646/910] EXTERNALIZE build/GEDE01/src/game/game_fn_8015DB84.o
[647/910] EXTERNALIZE build/GEDE01/src/game/game_fn_8015DC54.o
[648/910] EXTERNALIZE build/GEDE01/src/game/game_fn_80158B20.o
[649/910] EXTERNALIZE build/GEDE01/src/game/game_fn_80179398.o
[650/910] EXTERNALIZE build/GEDE01/src/game/game_fn_8017960C.o
[651/910] EXTERNALIZE build/GEDE01/src/game/game_fn_8017974C.o
[652/910] EXTERNALIZE build/GEDE01/src/game/game_fn_80179904.o
[653/910] EXTERNALIZE build/GEDE01/src/game/game_fn_8017A9B8.o
[654/910] EXTERNALIZE build/GEDE01/src/game/game_fn_80179A74.o
[655/910] EXTERNALIZE build/GEDE01/src/game/game_fn_80179A18.o
[656/910] EXTERNALIZE build/GEDE01/src/game/game_fn_80179EB8.o
[657/910] EXTERNALIZE build/GEDE01/src/game/game_fn_80179F20.o
[658/910] EXTERNALIZE build/GEDE01/src/game/game_fn_8017A010.o
[659/910] EXTERNALIZE build/GEDE01/src/game/game_fn_8017A12C.o
[660/910] EXTERNALIZE build/GEDE01/src/game/game_fn_80157C0C.o
[661/910] EXTERNALIZE build/GEDE01/src/game/game_fn_8017A1C0.o
[662/910] EXTERNALIZE build/GEDE01/src/game/game_fn_80155814.o
[663/910] EXTERNALIZE build/GEDE01/src/game/game_fn_80153898.o
[664/910] EXTERNALIZE build/GEDE01/src/game/game_fn_8014B494.o
[665/910] EXTERNALIZE build/GEDE01/src/game/game_fn_8014AF38.o
[666/910] EXTERNALIZE build/GEDE01/src/game/game_fn_8012DB28.o
[667/910] EXTERNALIZE build/GEDE01/src/game/game_fn_801141B8.o
[668/910] EXTERNALIZE build/GEDE01/src/game/game_fn_801128E4.o
[669/910] EXTERNALIZE build/GEDE01/src/game/game_fn_801126E0.o
[670/910] EXTERNALIZE build/GEDE01/src/game/game_fn_8010F184.o
[671/910] EXTERNALIZE build/GEDE01/src/game/game_fn_800E4980.o
[672/910] EXTERNALIZE build/GEDE01/src/game/game_fn_800C17EC.o
[673/910] EXTERNALIZE build/GEDE01/src/game/game_fn_800C030C.o
[674/910] EXTERNALIZE build/GEDE01/src/game/game_fn_800C59F0.o
[675/910] EXTERNALIZE build/GEDE01/src/game/game_fn_800C644C.o
[676/910] EXTERNALIZE build/GEDE01/src/game/game_fn_800C65FC.o
[677/910] EXTERNALIZE build/GEDE01/src/game/game_fn_800CB760.o
[678/910] EXTERNALIZE build/GEDE01/src/game/game_fn_800CB8F4.o
[679/910] EXTERNALIZE build/GEDE01/src/game/game_fn_80078500.o
[680/910] EXTERNALIZE build/GEDE01/src/game/game_fn_80079908.o
[681/910] EXTERNALIZE build/GEDE01/src/game/game_fn_8007B540.o
[682/910] EXTERNALIZE build/GEDE01/src/game/game_fn_8007B2F4.o
[683/910] EXTERNALIZE build/GEDE01/src/game/game_fn_8007B640.o
[684/910] EXTERNALIZE build/GEDE01/src/game/game_fn_8007BA3C.o
[685/910] EXTERNALIZE build/GEDE01/src/game/game_fn_800886D8.o
[686/910] EXTERNALIZE build/GEDE01/src/game/game_fn_800934A0.o
[687/910] EXTERNALIZE build/GEDE01/src/game/game_fn_800A3894.o
[688/910] EXTERNALIZE build/GEDE01/src/game/game_fn_800A7E88.o
[689/910] EXTERNALIZE build/GEDE01/src/game/game_fn_800A4798.o
[690/910] GLOBALIZE build/GEDE01/src/game/game_fn_800A2130.o
[691/910] EXTERNALIZE build/GEDE01/src/game/game_fn_800A2FCC.o
[692/910] EXTERNALIZE build/GEDE01/src/game/game_fn_8009C424.o
[693/910] EXTERNALIZE SWITCHES build/GEDE01/src/game/game_fn_80095FDC.o
[694/910] GLOBALIZE build/GEDE01/src/game/game_fn_8008F890.o
[695/910] EXTERNALIZE build/GEDE01/src/game/game_fn_80096830.o
[696/910] EXTERNALIZE build/GEDE01/src/game/game_fn_800A4428.o
[697/910] EXTERNALIZE build/GEDE01/src/game/game_fn_80074310.o
[698/910] GLOBALIZE build/GEDE01/src/game/game_fn_8005FD84.o
[699/910] EXTERNALIZE build/GEDE01/src/game/game_fn_80066888.o
[700/910] EXTERNALIZE build/GEDE01/src/game/game_fn_8005EC6C.o
[701/910] EXTERNALIZE build/GEDE01/src/game/game_fn_80052310.o
[702/910] EXTERNALIZE build/GEDE01/src/game/game_fn_80048B24.o
[703/910] NAME SWITCH build/GEDE01/src/game/game_fn_80020E94.o
[704/910] NAME SWITCH build/GEDE01/src/game/game_fn_8005EE9C.o
[705/910] NAME SWITCH build/GEDE01/src/game/game_fn_8016D9C0.o
[706/910] NAME SWITCH build/GEDE01/src/game/game_fn_80071A58.o
[707/910] EXTERNALIZE build/GEDE01/src/game/game_fn_80048ADC.o
[708/910] NAME SWITCH build/GEDE01/src/game/game_fn_8006B620.o
[709/910] NAME SWITCH build/GEDE01/src/game/game_fn_8001FE1C.o
[710/910] NAME SWITCH build/GEDE01/src/game/game_fn_8001E644.o
[711/910] EXTERNALIZE build/GEDE01/src/game/game_fn_80038878.o
[712/910] EXTERNALIZE build/GEDE01/src/game/game_fn_801B46C8.o
build/GEDE01/src/game/game_fn_801B46C8.o: lbl_8060C020 now undefined; section 6 emptied
[713/910] EXTERNALIZE build/GEDE01/src/game/game_fn_80036C40.o
[714/910] EXTERNALIZE build/GEDE01/src/game/game_fn_800359A0.o
[715/910] EXTERNALIZE build/GEDE01/src/game/game_fn_80033180.o
[716/910] EXTERNALIZE build/GEDE01/src/game/game_fn_80033038.o
[717/910] EXTERNALIZE build/GEDE01/src/game/game_fn_80032B84.o
[718/910] EXTERNALIZE build/GEDE01/src/game/game_fn_8003232C.o
[719/910] EXTERNALIZE build/GEDE01/src/game/game_fn_8002E3F0.o
[720/910] EXTERNALIZE build/GEDE01/src/game/game_fn_8002DAE0.o
[721/910] EXTERNALIZE build/GEDE01/src/game/game_fn_8002EA68.o
[722/910] GLOBALIZE build/GEDE01/src/game/game_fn_8002B748.o
[723/910] EXTERNALIZE build/GEDE01/src/game/game_fn_8002F428.o
[724/910] NAME SWITCHES build/GEDE01/src/game/game_fn_80024F28.o
[725/910] EXTERNALIZE build/GEDE01/src/game/game_fn_800272B4.o
[726/910] EXTERNALIZE build/GEDE01/src/game/game_fn_8001CE94.o
[727/910] EXTERNALIZE build/GEDE01/src/game/game_fn_8001CD58.o
[728/910] EXTERNALIZE build/GEDE01/src/game/game_fn_8001C078.o
[729/910] EXTERNALIZE build/GEDE01/src/game/game_fn_8001B874.o
[730/910] EXTERNALIZE build/GEDE01/src/game/game_fn_8001B808.o
[731/910] EXTERNALIZE build/GEDE01/src/game/game_fn_8001B294.o
[732/910] EXTERNALIZE build/GEDE01/src/game/game_fn_8001B124.o
[733/910] EXTERNALIZE build/GEDE01/src/game/game_fn_8001ADF8.o
[734/910] EXTERNALIZE build/GEDE01/src/game/game_fn_8001AF68.o
[735/910] EXTERNALIZE build/GEDE01/src/game/game_fn_8001AAB8.o
[736/910] EXTERNALIZE build/GEDE01/src/game/game_fn_8001A6C4.o
[737/910] EXTERNALIZE build/GEDE01/src/game/game_fn_80019F98.o
[738/910] EXTERNALIZE build/GEDE01/src/game/game_fn_80019D2C.o
[739/910] EXTERNALIZE build/GEDE01/src/game/game_fn_80019C10.o
[740/910] EXTERNALIZE build/GEDE01/src/game/game_fn_80019940.o
[741/910] EXTERNALIZE build/GEDE01/src/game/game_fn_800194D0.o
[742/910] EXTERNALIZE build/GEDE01/src/game/game_fn_80019244.o
[743/910] EXTERNALIZE build/GEDE01/src/game/game_fn_80019054.o
[744/910] EXTERNALIZE build/GEDE01/src/game/game_fn_80018EF4.o
[745/910] EXTERNALIZE build/GEDE01/src/game/game_fn_80017DB0.o
[746/910] EXTERNALIZE build/GEDE01/src/game/game_fn_80017CC8.o
[747/910] EXTERNALIZE build/GEDE01/src/game/game_fn_80017C3C.o
[748/910] EXTERNALIZE build/GEDE01/src/game/game_fn_80017A3C.o
[749/910] EXTERNALIZE build/GEDE01/src/game/game_fn_80017AE4.o
[750/910] EXTERNALIZE build/GEDE01/src/game/game_fn_80017910.o
[751/910] EXTERNALIZE build/GEDE01/src/game/game_fn_800179AC.o
[752/910] EXTERNALIZE FLAGS build/GEDE01/src/game/game_fn_800119FC.o
[753/910] EXTERNALIZE build/GEDE01/src/game/game_fn_8000FFD8.o
[754/910] EXTERNALIZE build/GEDE01/src/game/game_fn_8000F4B0.o
[755/910] EXTERNALIZE build/GEDE01/src/game/game_fn_8000EFC4.o
[756/910] GLOBALIZE build/GEDE01/src/game/game_fn_800094C0.o
[757/910] EXTERNALIZE build/GEDE01/src/game/game_fn_800096E0.o
[758/910] EXTERNALIZE build/GEDE01/src/game/game_fn_800098C0.o
[759/910] EXTERNALIZE build/GEDE01/src/game/game_fn_80009AB4.o
[760/910] EXTERNALIZE build/GEDE01/src/game/game_fn_800099D8.o
[761/910] EXTERNALIZE build/GEDE01/src/game/game_fn_8000A26C.o
[762/910] EXTERNALIZE build/GEDE01/src/game/game_fn_800171C0.o
[763/910] EXTERNALIZE build/GEDE01/src/game/game_fn_800176F0.o
[764/910] EXTERNALIZE build/GEDE01/src/game/game_fn_8000AC88.o
[765/910] EXTERNALIZE build/GEDE01/src/game/game_fn_8000AEB4.o
[766/910] EXTERNALIZE build/GEDE01/src/game/game_fn_8000AFB4.o
[767/910] EXTERNALIZE build/GEDE01/src/game/game_fn_8000B1B8.o
[768/910] EXTERNALIZE build/GEDE01/src/game/game_fn_8000B36C.o
[769/910] EXTERNALIZE build/GEDE01/src/game/game_fn_8000B630.o
[770/910] EXTERNALIZE build/GEDE01/src/game/game_fn_8000B7FC.o
[771/910] EXTERNALIZE build/GEDE01/src/game/game_fn_8000BA0C.o
[772/910] EXTERNALIZE build/GEDE01/src/game/game_fn_8000B900.o
[773/910] EXTERNALIZE build/GEDE01/src/game/game_fn_8000BC40.o
[774/910] EXTERNALIZE build/GEDE01/src/game/game_fn_8000BAA0.o
[775/910] EXTERNALIZE build/GEDE01/src/game/game_fn_8000C06C.o
[776/910] EXTERNALIZE build/GEDE01/src/game/game_fn_8000C17C.o
[777/910] EXTERNALIZE build/GEDE01/src/game/game_fn_8000C400.o
[778/910] EXTERNALIZE build/GEDE01/src/game/game_fn_8000C848.o
[779/910] EXTERNALIZE build/GEDE01/src/game/game_fn_8000C91C.o
[780/910] EXTERNALIZE build/GEDE01/src/game/game_fn_8000D0BC.o
[781/910] NAME SWITCH build/GEDE01/src/game/game_fn_8000D8A4.o
[782/910] EXTERNALIZE build/GEDE01/src/game/game_fn_8000D3D4.o
[783/910] EXTERNALIZE build/GEDE01/src/game/game_fn_8000E054.o
[784/910] EXTERNALIZE build/GEDE01/src/game/game_fn_8000E0AC.o
[785/910] EXTERNALIZE build/GEDE01/src/game/game_fn_8000E96C.o
[786/910] EXTERNALIZE build/GEDE01/src/game/game_fn_8000F774.o
[787/910] EXTERNALIZE build/GEDE01/src/game/game_fn_8000EB14.o
[788/910] EXTERNALIZE build/GEDE01/src/game/game_fn_8000EBD4.o
[789/910] EXTERNALIZE build/GEDE01/src/game/game_fn_8000ED44.o
[790/910] EXTERNALIZE build/GEDE01/src/game/game_fn_8000E1C4.o
[791/910] EXTERNALIZE build/GEDE01/src/game/game_fn_8000E138.o
[792/910] EXTERNALIZE build/GEDE01/src/game/game_fn_8000DA50.o
[793/910] EXTERNALIZE build/GEDE01/src/game/game_fn_8000D590.o
[794/910] EXTERNALIZE build/GEDE01/src/game/game_fn_8000DAF4.o
[795/910] EXTERNALIZE build/GEDE01/src/game/game_fn_80012DA8.o
[796/910] EXTERNALIZE build/GEDE01/src/game/game_fn_80012FD0.o
[797/910] EXTERNALIZE build/GEDE01/src/game/game_fn_80012F40.o
[798/910] EXTERNALIZE build/GEDE01/src/game/game_fn_800131E8.o
[799/910] EXTERNALIZE build/GEDE01/src/game/game_fn_80013340.o
[800/910] EXTERNALIZE build/GEDE01/src/game/game_fn_80013870.o
[801/910] EXTERNALIZE build/GEDE01/src/game/game_fn_80013CB0.o
[802/910] EXTERNALIZE build/GEDE01/src/game/game_fn_800142DC.o
[803/910] EXTERNALIZE build/GEDE01/src/game/game_fn_80013D54.o
[804/910] EXTERNALIZE build/GEDE01/src/game/game_fn_800144CC.o
[805/910] EXTERNALIZE build/GEDE01/src/game/game_fn_80014784.o
[806/910] EXTERNALIZE build/GEDE01/src/game/game_fn_800149D4.o
[807/910] EXTERNALIZE build/GEDE01/src/game/game_fn_80015058.o
[808/910] EXTERNALIZE build/GEDE01/src/game/game_fn_80015568.o
[809/910] EXTERNALIZE build/GEDE01/src/game/game_fn_80015320.o
[810/910] EXTERNALIZE build/GEDE01/src/game/game_fn_800156FC.o
[811/910] EXTERNALIZE build/GEDE01/src/game/game_fn_80015BE0.o
[812/910] EXTERNALIZE build/GEDE01/src/game/game_fn_80015D40.o
[813/910] EXTERNALIZE build/GEDE01/src/game/game_fn_80015F04.o
[814/910] EXTERNALIZE build/GEDE01/src/game/game_fn_80016270.o
[815/910] EXTERNALIZE build/GEDE01/src/game/game_fn_80016128.o
[816/910] EXTERNALIZE build/GEDE01/src/game/game_fn_800173CC.o
[817/910] EXTERNALIZE build/GEDE01/src/game/game_fn_80016904.o
[818/910] EXTERNALIZE build/GEDE01/src/game/game_fn_80016B24.o
[819/910] EXTERNALIZE build/GEDE01/src/game/game_fn_801B86C0.o
[820/910] EXTERNALIZE build/GEDE01/src/game/game_fn_801BEF40.o
[821/910] EXTERNALIZE STATIC POOL build/GEDE01/src/game/game_fn_801C4B5C.o
build/GEDE01/src/game/game_fn_801C4B5C.o: lbl_80628CB0 now undefined; section 6 emptied
[822/910] EXTERNALIZE build/GEDE01/src/game/game_fn_801C8600.o
[823/910] EXTERNALIZE build/GEDE01/src/game/game_fn_8014BA14.o
[824/910] EXTERNALIZE build/GEDE01/src/game/game_fn_801A4430.o
[825/910] EXTERNALIZE build/GEDE01/src/game/game_fn_800B2EC0.o
[826/910] EXTERNALIZE build/GEDE01/src/game/game_fn_8001CA04.o
[827/910] EXTERNALIZE build/GEDE01/src/game/game_fn_80031544.o
[828/910] EXTERNALIZE build/GEDE01/src/game/game_fn_8006B0F0.o
[829/910] EXTERNALIZE build/GEDE01/src/game/game_fn_8007D4D8.o
[830/910] EXTERNALIZE build/GEDE01/src/game/game_fn_8007F770.o
[831/910] EXTERNALIZE build/GEDE01/src/game/game_fn_80088F4C.o
[832/910] EXTERNALIZE build/GEDE01/src/game/game_fn_80089A34.o
[833/910] EXTERNALIZE build/GEDE01/src/game/game_fn_8008A2E0.o
[834/910] EXTERNALIZE build/GEDE01/src/game/game_fn_80090004.o
[835/910] EXTERNALIZE build/GEDE01/src/game/game_fn_80095D10.o
[836/910] EXTERNALIZE build/GEDE01/src/game/game_fn_800A3180.o
[837/910] EXTERNALIZE build/GEDE01/src/game/game_fn_800BB5C4.o
[838/910] EXTERNALIZE build/GEDE01/src/game/game_fn_800BB7A8.o
[839/910] EXTERNALIZE build/GEDE01/src/game/game_fn_800BBAF0.o
[840/910] EXTERNALIZE build/GEDE01/src/game/game_fn_800BB9A4.o
[841/910] EXTERNALIZE build/GEDE01/src/game/game_fn_800D9E10.o
[842/910] EXTERNALIZE build/GEDE01/src/game/game_fn_800D9064.o
[843/910] EXTERNALIZE build/GEDE01/src/game/game_fn_8012976C.o
[844/910] EXTERNALIZE build/GEDE01/src/game/game_fn_8013CBE4.o
[845/910] EXTERNALIZE build/GEDE01/src/game/game_fn_8013DB8C.o
[846/910] EXTERNALIZE build/GEDE01/src/game/game_fn_8014CA98.o
[847/910] EXTERNALIZE build/GEDE01/src/game/game_fn_80153A24.o
[848/910] EXTERNALIZE build/GEDE01/src/game/game_fn_801535D8.o
[849/910] EXTERNALIZE build/GEDE01/src/game/game_fn_80174F2C.o
[850/910] EXTERNALIZE build/GEDE01/src/game/game_fn_801752B0.o
[851/910] EXTERNALIZE build/GEDE01/src/game/game_fn_8017AC20.o
[852/910] EXTERNALIZE build/GEDE01/src/game/game_fn_801861C4.o
[853/910] EXTERNALIZE build/GEDE01/src/game/game_fn_8018680C.o
[854/910] EXTERNALIZE build/GEDE01/src/game/game_fn_80187320.o
[855/910] EXTERNALIZE build/GEDE01/src/game/game_fn_80186F70.o
[856/910] EXTERNALIZE build/GEDE01/src/game/game_fn_801810A0.o
[857/910] EXTERNALIZE build/GEDE01/src/game/game_fn_801875FC.o
[858/910] EXTERNALIZE build/GEDE01/src/game/game_fn_800542D0.o
[859/910] EXTERNALIZE build/GEDE01/src/game/game_fn_80189C14.o
[860/910] EXTERNALIZE build/GEDE01/src/game/game_fn_80187BB4.o
[861/910] EXTERNALIZE build/GEDE01/src/game/game_fn_8018C2D0.o
[862/910] EXTERNALIZE build/GEDE01/src/game/game_fn_8018D400.o
[863/910] EXTERNALIZE build/GEDE01/src/game/game_fn_8018E0D8.o
[864/910] EXTERNALIZE build/GEDE01/src/game/game_fn_8019120C.o
[865/910] EXTERNALIZE build/GEDE01/src/game/game_fn_8018DC24.o
[866/910] EXTERNALIZE build/GEDE01/src/game/game_fn_801916D0.o
[867/910] EXTERNALIZE build/GEDE01/src/game/game_fn_801926EC.o
[868/910] EXTERNALIZE build/GEDE01/src/game/game_fn_801929A4.o
[869/910] EXTERNALIZE build/GEDE01/src/game/game_fn_801A2A54.o
[870/910] EXTERNALIZE build/GEDE01/src/game/game_fn_801952E8.o
[871/910] EXTERNALIZE build/GEDE01/src/game/game_fn_801A657C.o
[872/910] EXTERNALIZE build/GEDE01/src/game/game_fn_801A34BC.o
[873/910] EXTERNALIZE build/GEDE01/src/game/game_fn_801E2A48.o
[874/910] EXTERNALIZE build/GEDE01/src/game/game_fn_801D1F78.o
[875/910] EXTERNALIZE build/GEDE01/src/game/game_fn_801E995C.o
[876/910] EXTERNALIZE build/GEDE01/src/game/game_fn_801E6814.o
[877/910] EXTERNALIZE build/GEDE01/src/game/game_fn_801F0CB0.o
[878/910] EXTERNALIZE build/GEDE01/src/game/game_fn_801EF580.o
[879/910] EXTERNALIZE build/GEDE01/src/game/game_fn_801F10BC.o
[880/910] EXTERNALIZE build/GEDE01/src/game/game_fn_801F35A8.o
[881/910] EXTERNALIZE build/GEDE01/src/game/game_fn_801ECD74.o
[882/910] EXTERNALIZE build/GEDE01/src/game/game_fn_801ED5F4.o
[883/910] EXTERNALIZE build/GEDE01/src/game/game_fn_801F69F0.o
[884/910] EXTERNALIZE build/GEDE01/src/game/game_fn_801F76EC.o
[885/910] EXTERNALIZE build/GEDE01/src/game/game_fn_801F8264.o
[886/910] EXTERNALIZE build/GEDE01/src/game/game_fn_801F89B4.o
[887/910] EXTERNALIZE build/GEDE01/src/game/game_fn_801F9AF8.o
[888/910] EXTERNALIZE build/GEDE01/src/game/game_fn_801F6BD8.o
[889/910] EXTERNALIZE JUMPTABLES build/GEDE01/src/game/game_fn_800361F8.o
[890/910] EXTERNALIZE build/GEDE01/src/game/game_fn_801FB6A4.o
[891/910] EXTERNALIZE JUMPTABLES build/GEDE01/src/game/game_fn_8006E53C.o
[892/910] EXTERNALIZE JUMPTABLES build/GEDE01/src/game/game_fn_800CF598.o
[893/910] EXTERNALIZE JUMPTABLES build/GEDE01/src/game/game_fn_801ACFE8.o
[894/910] EXTERNALIZE JUMPTABLES build/GEDE01/src/game/game_fn_801B1BA0.o
[895/910] EXTERNALIZE build/GEDE01/src/game/game_fn_80154F74.o
[896/910] EXTERNALIZE build/GEDE01/src/game/game_fn_801E504C.o
[897/910] EXTERNALIZE build/GEDE01/src/game/game_fn_8009E808.o
[898/910] EXTERNALIZE build/GEDE01/src/game/game_fn_801F1A38.o
[899/910] EXTERNALIZE build/GEDE01/src/game/game_fn_801FFE78.o
[900/910] EXTERNALIZE build/GEDE01/src/game/game_fn_801F55A0.o
[901/910] EXTERNALIZE build/GEDE01/src/game/game_fn_801F7510.o
[902/910] EXTERNALIZE build/GEDE01/src/game/game_fn_801F9CF4.o
[903/910] EXTERNALIZE build/GEDE01/src/game/game_fn_801FC034.o
[904/910] EXTERNALIZE build/GEDE01/src/game/game_fn_801FA9C8.o
[905/910] MWCC build/GEDE01/src/game/game_fn_8011EE04.o
[906/910] REPORT
 INFO Loading project .
 INFO Generating report for 7068 units (using 8 threads)
 INFO Report generated in 0.188s
 INFO Writing to build/GEDE01/report.json
[907/910] LINK build/GEDE01/main.elf
### mwldeppc.exe Linker Warning:
#   Section '.ignored' is unknown. Section ignored.
### mwldeppc.exe Linker Warning:
#   Section '.ignored' is unknown. Section ignored.
### mwldeppc.exe Linker Warning:
#   Section '.ignored' is unknown. Section ignored.
### mwldeppc.exe Linker Warning:
#   Section '.ignored' is unknown. Section ignored.
### mwldeppc.exe Linker Warning:
#   Section '.ignored' is unknown. Section ignored.
### mwldeppc.exe Linker Warning:
#   Section '.ignored' is unknown. Section ignored.
### mwldeppc.exe Linker Warning:
#   Section '.ignored' is unknown. Section ignored.
### mwldeppc.exe Linker Warning:
#   Section '.ignored' is unknown. Section ignored.
### mwldeppc.exe Linker Warning:
#   Section '.ignored' is unknown. Section ignored.
### mwldeppc.exe Linker Warning:
#   Section '.ignored' is unknown. Section ignored.
### mwldeppc.exe Linker Warning:
#   Section '.ignored' is unknown. Section ignored.
### mwldeppc.exe Linker Warning:
#   Section '.ignored' is unknown. Section ignored.
### mwldeppc.exe Linker Warning:
#   Section '.ignored' is unknown. Section ignored.
### mwldeppc.exe Linker Warning:
#   Section '.ignored' is unknown. Section ignored.
### mwldeppc.exe Linker Warning:
#   Section '.ignored' is unknown. Section ignored.
### mwldeppc.exe Linker Warning:
#   Section '.ignored' is unknown. Section ignored.
### mwldeppc.exe Linker Warning:
#   Section '.ignored' is unknown. Section ignored.
### mwldeppc.exe Linker Warning:
#   Section '.ignored' is unknown. Section ignored.
### mwldeppc.exe Linker Warning:
#   Section '.ignored' is unknown. Section ignored.
### mwldeppc.exe Linker Warning:
#   Section '.ignored' is unknown. Section ignored.
### mwldeppc.exe Linker Warning:
#   Section '.ignored' is unknown. Section ignored.
### mwldeppc.exe Linker Warning:
#   Section '.ignored' is unknown. Section ignored.
### mwldeppc.exe Linker Warning:
#   Section '.ignored' is unknown. Section ignored.
### mwldeppc.exe Linker Warning:
#   Section '.ignored' is unknown. Section ignored.
### mwldeppc.exe Linker Warning:
#   Section '.ignored' is unknown. Section ignored.
### mwldeppc.exe Linker Warning:
#   Section '.ignored' is unknown. Section ignored.
### mwldeppc.exe Linker Warning:
#   Section '.ignored' is unknown. Section ignored.
### mwldeppc.exe Linker Warning:
#   Section '.ignored' is unknown. Section ignored.
### mwldeppc.exe Linker Warning:
#   Section '.ignored' is unknown. Section ignored.
### mwldeppc.exe Linker Warning:
#   Section '.ignored' is unknown. Section ignored.
### mwldeppc.exe Linker Warning:
#   Section '.ignored' is unknown. Section ignored.
### mwldeppc.exe Linker Warning:
#   Section '.ignored' is unknown. Section ignored.
### mwldeppc.exe Linker Warning:
#   Section '.ignored' is unknown. Section ignored.
### mwldeppc.exe Linker Warning:
#   Section '.ignored' is unknown. Section ignored.
### mwldeppc.exe Linker Warning:
#   Section '.ignored' is unknown. Section ignored.
### mwldeppc.exe Linker Warning:
#   Section '.ignored' is unknown. Section ignored.
### mwldeppc.exe Linker Warning:
#   Section '.ignored' is unknown. Section ignored.
### mwldeppc.exe Linker Warning:
#   Section '.ignored' is unknown. Section ignored.
### mwldeppc.exe Linker Warning:
#   Section '.ignored' is unknown. Section ignored.
### mwldeppc.exe Linker Warning:
#   Section '.ignored' is unknown. Section ignored.
### mwldeppc.exe Linker Warning:
#   Section '.ignored' is unknown. Section ignored.
### mwldeppc.exe Linker Warning:
#   Section '.ignored' is unknown. Section ignored.
### mwldeppc.exe Linker Warning:
#   Section '.ignored' is unknown. Section ignored.
### mwldeppc.exe Linker Warning:
#   Section '.ignored' is unknown. Section ignored.
### mwldeppc.exe Linker Warning:
#   Section '.ignored' is unknown. Section ignored.
### mwldeppc.exe Linker Warning:
#   Section '.ignored' is unknown. Section ignored.
### mwldeppc.exe Linker Warning:
#   Section '.ignored' is unknown. Section ignored.
### mwldeppc.exe Linker Warning:
#   Section '.ignored' is unknown. Section ignored.
### mwldeppc.exe Linker Warning:
#   Section '.ignored' is unknown. Section ignored.
### mwldeppc.exe Linker Warning:
#   Section '.ignored' is unknown. Section ignored.
### mwldeppc.exe Linker Warning:
#   Section '.ignored' is unknown. Section ignored.
### mwldeppc.exe Linker Warning:
#   Section '.ignored' is unknown. Section ignored.
### mwldeppc.exe Linker Warning:
#   Section '.ignored' is unknown. Section ignored.
### mwldeppc.exe Linker Warning:
#   Section '.ignored' is unknown. Section ignored.
### mwldeppc.exe Linker Warning:
#   Section '.ignored' is unknown. Section ignored.
### mwldeppc.exe Linker Warning:
#   Section '.ignored' is unknown. Section ignored.
### mwldeppc.exe Linker Warning:
#   Section '.ignored' is unknown. Section ignored.
### mwldeppc.exe Linker Warning:
#   Section '.ignored' is unknown. Section ignored.
### mwldeppc.exe Linker Warning:
#   Section '.ignored' is unknown. Section ignored.
### mwldeppc.exe Linker Warning:
#   Section '.ignored' is unknown. Section ignored.
### mwldeppc.exe Linker Warning:
#   Section '.ignored' is unknown. Section ignored.
### mwldeppc.exe Linker Warning:
#   Section '.ignored' is unknown. Section ignored.
### mwldeppc.exe Linker Warning:
#   Section '.ignored' is unknown. Section ignored.
### mwldeppc.exe Linker Warning:
#   Section '.ignored' is unknown. Section ignored.
### mwldeppc.exe Linker Warning:
#   Section '.ignored' is unknown. Section ignored.
### mwldeppc.exe Linker Warning:
#   Section '.ignored' is unknown. Section ignored.
### mwldeppc.exe Linker Warning:
#   Section '.ignored' is unknown. Section ignored.
### mwldeppc.exe Linker Warning:
#   Section '.ignored' is unknown. Section ignored.
### mwldeppc.exe Linker Warning:
#   Section '.ignored' is unknown. Section ignored.
### mwldeppc.exe Linker Warning:
#   Section '.ignored' is unknown. Section ignored.
### mwldeppc.exe Linker Warning:
#   Section '.ignored' is unknown. Section ignored.
### mwldeppc.exe Linker Warning:
#   Section '.ignored' is unknown. Section ignored.
### mwldeppc.exe Linker Warning:
#   Section '.ignored' is unknown. Section ignored.
### mwldeppc.exe Linker Warning:
#   Section '.ignored' is unknown. Section ignored.
### mwldeppc.exe Linker Warning:
#   Section '.ignored' is unknown. Section ignored.
### mwldeppc.exe Linker Warning:
#   Section '.ignored' is unknown. Section ignored.
### mwldeppc.exe Linker Warning:
#   Section '.ignored' is unknown. Section ignored.
### mwldeppc.exe Linker Warning:
#   Section '.ignored' is unknown. Section ignored.
### mwldeppc.exe Linker Warning:
#   Section '.ignored' is unknown. Section ignored.
### mwldeppc.exe Linker Warning:
#   Section '.ignored' is unknown. Section ignored.
### mwldeppc.exe Linker Warning:
#   Section '.ignored' is unknown. Section ignored.
### mwldeppc.exe Linker Warning:
#   Section '.ignored' is unknown. Section ignored.
### mwldeppc.exe Linker Warning:
#   Section '.ignored' is unknown. Section ignored.
### mwldeppc.exe Linker Warning:
#   Section '.ignored' is unknown. Section ignored.
### mwldeppc.exe Linker Warning:
#   Section '.ignored' is unknown. Section ignored.
### mwldeppc.exe Linker Warning:
#   Section '.ignored' is unknown. Section ignored.
### mwldeppc.exe Linker Warning:
#   Section '.ignored' is unknown. Section ignored.
### mwldeppc.exe Linker Warning:
#   Section '.ignored' is unknown. Section ignored.
### mwldeppc.exe Linker Warning:
#   Section '.ignored' is unknown. Section ignored.
### mwldeppc.exe Linker Warning:
#   Section '.ignored' is unknown. Section ignored.
### mwldeppc.exe Linker Warning:
#   Section '.ignored' is unknown. Section ignored.
### mwldeppc.exe Linker Warning:
#   Section '.ignored' is unknown. Section ignored.
### mwldeppc.exe Linker Warning:
#   Section '.ignored' is unknown. Section ignored.
### mwldeppc.exe Linker Warning:
#   Section '.ignored' is unknown. Section ignored.
### mwldeppc.exe Linker Warning:
#   Section '.ignored' is unknown. Section ignored.
### mwldeppc.exe Linker Warning:
#   Section '.ignored' is unknown. Section ignored.
### mwldeppc.exe Linker Warning:
#   Section '.ignored' is unknown. Section ignored.
### mwldeppc.exe Linker Warning:
#   Section '.ignored' is unknown. Section ignored.
### mwldeppc.exe Linker Warning:
#   Section '.ignored' is unknown. Section ignored.
### mwldeppc.exe Linker Warning:
#   Section '.ignored' is unknown. Section ignored.
### mwldeppc.exe Linker Warning:
#   Section '.ignored' is unknown. Section ignored.
### mwldeppc.exe Linker Warning:
#   Section '.ignored' is unknown. Section ignored.
### mwldeppc.exe Linker Warning:
#   Section '.ignored' is unknown. Section ignored.
### mwldeppc.exe Linker Warning:
#   Section '.ignored' is unknown. Section ignored.
### mwldeppc.exe Linker Warning:
#   Section '.ignored' is unknown. Section ignored.
### mwldeppc.exe Linker Warning:
#   Section '.ignored' is unknown. Section ignored.
### mwldeppc.exe Linker Warning:
#   Section '.ignored' is unknown. Section ignored.
### mwldeppc.exe Linker Warning:
#   Section '.ignored' is unknown. Section ignored.
### mwldeppc.exe Linker Warning:
#   Section '.ignored' is unknown. Section ignored.
### mwldeppc.exe Linker Warning:
#   Section '.ignored' is unknown. Section ignored.
### mwldeppc.exe Linker Warning:
#   Section '.ignored' is unknown. Section ignored.
### mwldeppc.exe Linker Warning:
#   Section '.ignored' is unknown. Section ignored.
### mwldeppc.exe Linker Warning:
#   Section '.ignored' is unknown. Section ignored.
### mwldeppc.exe Linker Warning:
#   Section '.ignored' is unknown. Section ignored.
### mwldeppc.exe Linker Warning:
#   Section '.ignored' is unknown. Section ignored.
### mwldeppc.exe Linker Warning:
#   Section '.ignored' is unknown. Section ignored.
### mwldeppc.exe Linker Warning:
#   Section '.ignored' is unknown. Section ignored.
### mwldeppc.exe Linker Warning:
#   Section '.ignored' is unknown. Section ignored.
### mwldeppc.exe Linker Warning:
#   Section '.ignored' is unknown. Section ignored.
### mwldeppc.exe Linker Warning:
#   Section '.ignored' is unknown. Section ignored.
### mwldeppc.exe Linker Warning:
#   Section '.ignored' is unknown. Section ignored.
### mwldeppc.exe Linker Warning:
#   Section '.ignored' is unknown. Section ignored.
### mwldeppc.exe Linker Warning:
#   Section '.ignored' is unknown. Section ignored.
### mwldeppc.exe Linker Warning:
#   Section '.ignored' is unknown. Section ignored.
### mwldeppc.exe Linker Warning:
#   Section '.ignored' is unknown. Section ignored.
### mwldeppc.exe Linker Warning:
#   Section '.ignored' is unknown. Section ignored.
### mwldeppc.exe Linker Warning:
#   Section '.ignored' is unknown. Section ignored.
### mwldeppc.exe Linker Warning:
#   Section '.ignored' is unknown. Section ignored.
### mwldeppc.exe Linker Warning:
#   Section '.ignored' is unknown. Section ignored.
### mwldeppc.exe Linker Warning:
#   Section '.ignored' is unknown. Section ignored.
### mwldeppc.exe Linker Warning:
#   Section '.ignored' is unknown. Section ignored.
### mwldeppc.exe Linker Warning:
#   Section '.ignored' is unknown. Section ignored.
### mwldeppc.exe Linker Warning:
#   Section '.ignored' is unknown. Section ignored.
### mwldeppc.exe Linker Warning:
#   Section '.ignored' is unknown. Section ignored.
### mwldeppc.exe Linker Warning:
#   Section '.ignored' is unknown. Section ignored.
### mwldeppc.exe Linker Warning:
#   Section '.ignored' is unknown. Section ignored.
### mwldeppc.exe Linker Warning:
#   Section '.ignored' is unknown. Section ignored.
### mwldeppc.exe Linker Warning:
#   Section '.ignored' is unknown. Section ignored.
### mwldeppc.exe Linker Warning:
#   Section '.ignored' is unknown. Section ignored.
### mwldeppc.exe Linker Warning:
#   Section '.ignored' is unknown. Section ignored.
### mwldeppc.exe Linker Warning:
#   Section '.ignored' is unknown. Section ignored.
### mwldeppc.exe Linker Warning:
#   Section '.ignored' is unknown. Section ignored.
### mwldeppc.exe Linker Warning:
#   Section '.ignored' is unknown. Section ignored.
### mwldeppc.exe Linker Warning:
#   Section '.ignored' is unknown. Section ignored.
### mwldeppc.exe Linker Warning:
#   Section '.ignored' is unknown. Section ignored.
### mwldeppc.exe Linker Warning:
#   Section '.ignored' is unknown. Section ignored.
### mwldeppc.exe Linker Warning:
#   Section '.ignored' is unknown. Section ignored.
### mwldeppc.exe Linker Warning:
#   Section '.ignored' is unknown. Section ignored.
### mwldeppc.exe Linker Warning:
#   Section '.ignored' is unknown. Section ignored.
### mwldeppc.exe Linker Warning:
#   Section '.ignored' is unknown. Section ignored.
### mwldeppc.exe Linker Warning:
#   Section '.ignored' is unknown. Section ignored.
### mwldeppc.exe Linker Warning:
#   Section '.ignored' is unknown. Section ignored.
### mwldeppc.exe Linker Warning:
#   Section '.ignored' is unknown. Section ignored.
### mwldeppc.exe Linker Warning:
#   Section '.ignored' is unknown. Section ignored.
### mwldeppc.exe Linker Warning:
#   Section '.ignored' is unknown. Section ignored.
### mwldeppc.exe Linker Warning:
#   Section '.ignored' is unknown. Section ignored.
### mwldeppc.exe Linker Warning:
#   Section '.ignored' is unknown. Section ignored.
### mwldeppc.exe Linker Warning:
#   Section '.ignored' is unknown. Section ignored.
### mwldeppc.exe Linker Warning:
#   Section '.ignored' is unknown. Section ignored.
### mwldeppc.exe Linker Warning:
#   Section '.ignored' is unknown. Section ignored.
### mwldeppc.exe Linker Warning:
#   Section '.ignored' is unknown. Section ignored.
### mwldeppc.exe Linker Warning:
#   Section '.ignored' is unknown. Section ignored.
### mwldeppc.exe Linker Warning:
#   Section '.ignored' is unknown. Section ignored.
### mwldeppc.exe Linker Warning:
#   Section '.ignored' is unknown. Section ignored.
### mwldeppc.exe Linker Warning:
#   Section '.ignored' is unknown. Section ignored.
### mwldeppc.exe Linker Warning:
#   Section '.ignored' is unknown. Section ignored.
### mwldeppc.exe Linker Warning:
#   Section '.ignored' is unknown. Section ignored.
### mwldeppc.exe Linker Warning:
#   Section '.ignored' is unknown. Section ignored.
### mwldeppc.exe Linker Warning:
#   Section '.ignored' is unknown. Section ignored.
### mwldeppc.exe Linker Warning:
#   Section '.ignored' is unknown. Section ignored.
### mwldeppc.exe Linker Warning:
#   Section '.ignored' is unknown. Section ignored.
### mwldeppc.exe Linker Warning:
#   Section '.ignored' is unknown. Section ignored.
### mwldeppc.exe Linker Warning:
#   Section '.ignored' is unknown. Section ignored.
### mwldeppc.exe Linker Warning:
#   Section '.ignored' is unknown. Section ignored.
### mwldeppc.exe Linker Warning:
#   Section '.ignored' is unknown. Section ignored.
### mwldeppc.exe Linker Warning:
#   Section '.ignored' is unknown. Section ignored.
### mwldeppc.exe Linker Warning:
#   Section '.ignored' is unknown. Section ignored.
### mwldeppc.exe Linker Warning:
#   Section '.ignored' is unknown. Section ignored.
### mwldeppc.exe Linker Warning:
#   Section '.ignored' is unknown. Section ignored.
### mwldeppc.exe Linker Warning:
#   Section '.ignored' is unknown. Section ignored.
### mwldeppc.exe Linker Warning:
#   Section '.ignored' is unknown. Section ignored.
### mwldeppc.exe Linker Warning:
#   Section '.ignored' is unknown. Section ignored.
### mwldeppc.exe Linker Warning:
#   Section '.ignored' is unknown. Section ignored.
### mwldeppc.exe Linker Warning:
#   Section '.ignored' is unknown. Section ignored.
### mwldeppc.exe Linker Warning:
#   Section '.ignored' is unknown. Section ignored.
### mwldeppc.exe Linker Warning:
#   Section '.ignored' is unknown. Section ignored.
### mwldeppc.exe Linker Warning:
#   Section '.ignored' is unknown. Section ignored.
### mwldeppc.exe Linker Warning:
#   Section '.ignored' is unknown. Section ignored.
### mwldeppc.exe Linker Warning:
#   Section '.ignored' is unknown. Section ignored.
### mwldeppc.exe Linker Warning:
#   Section '.ignored' is unknown. Section ignored.
### mwldeppc.exe Linker Warning:
#   Section '.ignored' is unknown. Section ignored.
### mwldeppc.exe Linker Warning:
#   Section '.ignored' is unknown. Section ignored.
### mwldeppc.exe Linker Warning:
#   Section '.ignored' is unknown. Section ignored.
### mwldeppc.exe Linker Warning:
#   Section '.ignored' is unknown. Section ignored.
### mwldeppc.exe Linker Warning:
#   Section '.ignored' is unknown. Section ignored.
### mwldeppc.exe Linker Warning:
#   Section '.ignored' is unknown. Section ignored.
### mwldeppc.exe Linker Warning:
#   Section '.ignored' is unknown. Section ignored.
### mwldeppc.exe Linker Warning:
#   Section '.ignored' is unknown. Section ignored.
### mwldeppc.exe Linker Warning:
#   Section '.ignored' is unknown. Section ignored.
### mwldeppc.exe Linker Warning:
#   Section '.ignored' is unknown. Section ignored.
### mwldeppc.exe Linker Warning:
#   Section '.ignored' is unknown. Section ignored.
### mwldeppc.exe Linker Warning:
#   Section '.ignored' is unknown. Section ignored.
### mwldeppc.exe Linker Warning:
#   Section '.ignored' is unknown. Section ignored.
### mwldeppc.exe Linker Warning:
#   Section '.ignored' is unknown. Section ignored.
### mwldeppc.exe Linker Warning:
#   Section '.ignored' is unknown. Section ignored.
### mwldeppc.exe Linker Warning:
#   Section '.ignored' is unknown. Section ignored.
### mwldeppc.exe Linker Warning:
#   Section '.ignored' is unknown. Section ignored.
### mwldeppc.exe Linker Warning:
#   Section '.ignored' is unknown. Section ignored.
### mwldeppc.exe Linker Warning:
#   Section '.ignored' is unknown. Section ignored.
### mwldeppc.exe Linker Warning:
#   Section '.ignored' is unknown. Section ignored.
### mwldeppc.exe Linker Warning:
#   Section '.ignored' is unknown. Section ignored.
### mwldeppc.exe Linker Warning:
#   Section '.ignored' is unknown. Section ignored.
### mwldeppc.exe Linker Warning:
#   Section '.ignored' is unknown. Section ignored.
### mwldeppc.exe Linker Warning:
#   Section '.ignored' is unknown. Section ignored.
### mwldeppc.exe Linker Warning:
#   Section '.ignored' is unknown. Section ignored.
### mwldeppc.exe Linker Warning:
#   Section '.ignored' is unknown. Section ignored.
### mwldeppc.exe Linker Warning:
#   Section '.ignored' is unknown. Section ignored.
### mwldeppc.exe Linker Warning:
#   Section '.ignored' is unknown. Section ignored.
### mwldeppc.exe Linker Warning:
#   Section '.ignored' is unknown. Section ignored.
### mwldeppc.exe Linker Warning:
#   Section '.ignored' is unknown. Section ignored.
### mwldeppc.exe Linker Warning:
#   Section '.ignored' is unknown. Section ignored.
### mwldeppc.exe Linker Warning:
#   Section '.ignored' is unknown. Section ignored.
### mwldeppc.exe Linker Warning:
#   Section '.ignored' is unknown. Section ignored.
### mwldeppc.exe Linker Warning:
#   Section '.ignored' is unknown. Section ignored.
### mwldeppc.exe Linker Warning:
#   Section '.ignored' is unknown. Section ignored.
### mwldeppc.exe Linker Warning:
#   Section '.ignored' is unknown. Section ignored.
### mwldeppc.exe Linker Warning:
#   Section '.ignored' is unknown. Section ignored.
### mwldeppc.exe Linker Warning:
#   Section '.ignored' is unknown. Section ignored.
### mwldeppc.exe Linker Warning:
#   Section '.ignored' is unknown. Section ignored.
### mwldeppc.exe Linker Warning:
#   Section '.ignored' is unknown. Section ignored.
### mwldeppc.exe Linker Warning:
#   Section '.ignored' is unknown. Section ignored.
### mwldeppc.exe Linker Warning:
#   Section '.ignored' is unknown. Section ignored.
### mwldeppc.exe Linker Warning:
#   Section '.ignored' is unknown. Section ignored.
### mwldeppc.exe Linker Warning:
#   Section '.ignored' is unknown. Section ignored.
### mwldeppc.exe Linker Warning:
#   Section '.ignored' is unknown. Section ignored.
### mwldeppc.exe Linker Warning:
#   Section '.ignored' is unknown. Section ignored.
### mwldeppc.exe Linker Warning:
#   Section '.ignored' is unknown. Section ignored.
### mwldeppc.exe Linker Warning:
#   Section '.ignored' is unknown. Section ignored.
### mwldeppc.exe Linker Warning:
#   Section '.ignored' is unknown. Section ignored.
### mwldeppc.exe Linker Warning:
#   Section '.ignored' is unknown. Section ignored.
### mwldeppc.exe Linker Warning:
#   Section '.ignored' is unknown. Section ignored.
### mwldeppc.exe Linker Warning:
#   Section '.ignored' is unknown. Section ignored.
### mwldeppc.exe Linker Warning:
#   Section '.ignored' is unknown. Section ignored.
### mwldeppc.exe Linker Warning:
#   Section '.ignored' is unknown. Section ignored.
### mwldeppc.exe Linker Warning:
#   Section '.ignored' is unknown. Section ignored.
### mwldeppc.exe Linker Warning:
#   Section '.ignored' is unknown. Section ignored.
### mwldeppc.exe Linker Warning:
#   Section '.ignored' is unknown. Section ignored.
### mwldeppc.exe Linker Warning:
#   Section '.ignored' is unknown. Section ignored.
### mwldeppc.exe Linker Warning:
#   Section '.ignored' is unknown. Section ignored.
### mwldeppc.exe Linker Warning:
#   Section '.ignored' is unknown. Section ignored.
### mwldeppc.exe Linker Warning:
#   Section '.ignored' is unknown. Section ignored.
### mwldeppc.exe Linker Warning:
#   Section '.ignored' is unknown. Section ignored.
### mwldeppc.exe Linker Warning:
#   Section '.ignored' is unknown. Section ignored.
### mwldeppc.exe Linker Warning:
#   Section '.ignored' is unknown. Section ignored.
### mwldeppc.exe Linker Warning:
#   Section '.ignored' is unknown. Section ignored.
### mwldeppc.exe Linker Warning:
#   Section '.ignored' is unknown. Section ignored.
### mwldeppc.exe Linker Warning:
#   Section '.ignored' is unknown. Section ignored.
### mwldeppc.exe Linker Warning:
#   Section '.ignored' is unknown. Section ignored.
### mwldeppc.exe Linker Warning:
#   Section '.ignored' is unknown. Section ignored.
### mwldeppc.exe Linker Warning:
#   Section '.ignored' is unknown. Section ignored.
### mwldeppc.exe Linker Warning:
#   Section '.ignored' is unknown. Section ignored.
### mwldeppc.exe Linker Warning:
#   Section '.ignored' is unknown. Section ignored.
### mwldeppc.exe Linker Warning:
#   Section '.ignored' is unknown. Section ignored.
### mwldeppc.exe Linker Warning:
#   Section '.ignored' is unknown. Section ignored.
### mwldeppc.exe Linker Warning:
#   Section '.ignored' is unknown. Section ignored.
### mwldeppc.exe Linker Warning:
#   Section '.ignored' is unknown. Section ignored.
### mwldeppc.exe Linker Warning:
#   Section '.ignored' is unknown. Section ignored.
### mwldeppc.exe Linker Warning:
#   Section '.ignored' is unknown. Section ignored.
### mwldeppc.exe Linker Warning:
#   Section '.ignored' is unknown. Section ignored.
### mwldeppc.exe Linker Warning:
#   Section '.ignored' is unknown. Section ignored.
### mwldeppc.exe Linker Warning:
#   Section '.ignored' is unknown. Section ignored.
### mwldeppc.exe Linker Warning:
#   Section '.ignored' is unknown. Section ignored.
### mwldeppc.exe Linker Warning:
#   Section '.ignored' is unknown. Section ignored.
### mwldeppc.exe Linker Warning:
#   Section '.ignored' is unknown. Section ignored.
### mwldeppc.exe Linker Warning:
#   Section '.ignored' is unknown. Section ignored.
### mwldeppc.exe Linker Warning:
#   Section '.ignored' is unknown. Section ignored.
### mwldeppc.exe Linker Warning:
#   Section '.ignored' is unknown. Section ignored.
### mwldeppc.exe Linker Warning:
#   Section '.ignored' is unknown. Section ignored.
### mwldeppc.exe Linker Warning:
#   Section '.ignored' is unknown. Section ignored.
### mwldeppc.exe Linker Warning:
#   Section '.ignored' is unknown. Section ignored.
### mwldeppc.exe Linker Warning:
#   Section '.ignored' is unknown. Section ignored.
### mwldeppc.exe Linker Warning:
#   Section '.ignored' is unknown. Section ignored.
### mwldeppc.exe Linker Warning:
#   Section '.ignored' is unknown. Section ignored.
### mwldeppc.exe Linker Warning:
#   Section '.ignored' is unknown. Section ignored.
### mwldeppc.exe Linker Warning:
#   Section '.ignored' is unknown. Section ignored.
### mwldeppc.exe Linker Warning:
#   Section '.ignored' is unknown. Section ignored.
### mwldeppc.exe Linker Warning:
#   Section '.ignored' is unknown. Section ignored.
### mwldeppc.exe Linker Warning:
#   Section '.ignored' is unknown. Section ignored.
### mwldeppc.exe Linker Warning:
#   Section '.ignored' is unknown. Section ignored.
### mwldeppc.exe Linker Warning:
#   Section '.ignored' is unknown. Section ignored.
### mwldeppc.exe Linker Warning:
#   Section '.ignored' is unknown. Section ignored.
### mwldeppc.exe Linker Warning:
#   Section '.ignored' is unknown. Section ignored.
### mwldeppc.exe Linker Warning:
#   Section '.ignored' is unknown. Section ignored.
### mwldeppc.exe Linker Warning:
#   Section '.ignored' is unknown. Section ignored.
### mwldeppc.exe Linker Warning:
#   Section '.ignored' is unknown. Section ignored.
### mwldeppc.exe Linker Warning:
#   Section '.ignored' is unknown. Section ignored.
### mwldeppc.exe Linker Warning:
#   Section '.ignored' is unknown. Section ignored.
### mwldeppc.exe Linker Warning:
#   Section '.ignored' is unknown. Section ignored.
### mwldeppc.exe Linker Warning:
#   Section '.ignored' is unknown. Section ignored.
### mwldeppc.exe Linker Warning:
#   Section '.ignored' is unknown. Section ignored.
### mwldeppc.exe Linker Warning:
#   Section '.ignored' is unknown. Section ignored.
### mwldeppc.exe Linker Warning:
#   Section '.ignored' is unknown. Section ignored.
### mwldeppc.exe Linker Warning:
#   Section '.ignored' is unknown. Section ignored.
### mwldeppc.exe Linker Warning:
#   Section '.ignored' is unknown. Section ignored.
### mwldeppc.exe Linker Warning:
#   Section '.ignored' is unknown. Section ignored.
### mwldeppc.exe Linker Warning:
#   Section '.ignored' is unknown. Section ignored.
### mwldeppc.exe Linker Warning:
#   Section '.ignored' is unknown. Section ignored.
### mwldeppc.exe Linker Warning:
#   Section '.ignored' is unknown. Section ignored.
### mwldeppc.exe Linker Warning:
#   Section '.ignored' is unknown. Section ignored.
### mwldeppc.exe Linker Warning:
#   Section '.ignored' is unknown. Section ignored.
### mwldeppc.exe Linker Warning:
#   Section '.ignored' is unknown. Section ignored.
### mwldeppc.exe Linker Warning:
#   Section '.ignored' is unknown. Section ignored.
### mwldeppc.exe Linker Warning:
#   Section '.ignored' is unknown. Section ignored.
### mwldeppc.exe Linker Warning:
#   Section '.ignored' is unknown. Section ignored.
### mwldeppc.exe Linker Warning:
#   Section '.ignored' is unknown. Section ignored.
### mwldeppc.exe Linker Warning:
#   Section '.ignored' is unknown. Section ignored.
### mwldeppc.exe Linker Warning:
#   Section '.ignored' is unknown. Section ignored.
### mwldeppc.exe Linker Warning:
#   Section '.ignored' is unknown. Section ignored.
### mwldeppc.exe Linker Warning:
#   Section '.ignored' is unknown. Section ignored.
### mwldeppc.exe Linker Warning:
#   Section '.ignored' is unknown. Section ignored.
### mwldeppc.exe Linker Warning:
#   Section '.ignored' is unknown. Section ignored.
### mwldeppc.exe Linker Warning:
#   Section '.ignored' is unknown. Section ignored.
### mwldeppc.exe Linker Warning:
#   Section '.ignored' is unknown. Section ignored.
### mwldeppc.exe Linker Warning:
#   Section '.ignored' is unknown. Section ignored.
### mwldeppc.exe Linker Warning:
#   Section '.ignored' is unknown. Section ignored.
### mwldeppc.exe Linker Warning:
#   Section '.ignored' is unknown. Section ignored.
### mwldeppc.exe Linker Warning:
#   Section '.ignored' is unknown. Section ignored.
### mwldeppc.exe Linker Warning:
#   Section '.ignored' is unknown. Section ignored.
### mwldeppc.exe Linker Warning:
#   Section '.ignored' is unknown. Section ignored.
### mwldeppc.exe Linker Warning:
#   Section '.ignored' is unknown. Section ignored.
### mwldeppc.exe Linker Warning:
#   Section '.ignored' is unknown. Section ignored.
### mwldeppc.exe Linker Warning:
#   Section '.ignored' is unknown. Section ignored.
### mwldeppc.exe Linker Warning:
#   Section '.ignored' is unknown. Section ignored.
### mwldeppc.exe Linker Warning:
#   Section '.ignored' is unknown. Section ignored.
### mwldeppc.exe Linker Warning:
#   Section '.ignored' is unknown. Section ignored.
### mwldeppc.exe Linker Warning:
#   Section '.ignored' is unknown. Section ignored.
### mwldeppc.exe Linker Warning:
#   Section '.ignored' is unknown. Section ignored.
### mwldeppc.exe Linker Warning:
#   Section '.ignored' is unknown. Section ignored.
### mwldeppc.exe Linker Warning:
#   Section '.ignored' is unknown. Section ignored.
### mwldeppc.exe Linker Warning:
#   Section '.ignored' is unknown. Section ignored.
### mwldeppc.exe Linker Warning:
#   Section '.ignored' is unknown. Section ignored.
### mwldeppc.exe Linker Warning:
#   Section '.ignored' is unknown. Section ignored.
### mwldeppc.exe Linker Warning:
#   Section '.ignored' is unknown. Section ignored.
### mwldeppc.exe Linker Warning:
#   Section '.ignored' is unknown. Section ignored.
### mwldeppc.exe Linker Warning:
#   Section '.ignored' is unknown. Section ignored.
### mwldeppc.exe Linker Warning:
#   Section '.ignored' is unknown. Section ignored.
### mwldeppc.exe Linker Warning:
#   Section '.ignored' is unknown. Section ignored.
### mwldeppc.exe Linker Warning:
#   Section '.ignored' is unknown. Section ignored.
### mwldeppc.exe Linker Warning:
#   Section '.ignored' is unknown. Section ignored.
### mwldeppc.exe Linker Warning:
#   Section '.ignored' is unknown. Section ignored.
### mwldeppc.exe Linker Warning:
#   Section '.ignored' is unknown. Section ignored.
### mwldeppc.exe Linker Warning:
#   Section '.ignored' is unknown. Section ignored.
### mwldeppc.exe Linker Warning:
#   Section '.ignored' is unknown. Section ignored.
### mwldeppc.exe Linker Warning:
#   Section '.ignored' is unknown. Section ignored.
### mwldeppc.exe Linker Warning:
#   Section '.ignored' is unknown. Section ignored.
### mwldeppc.exe Linker Warning:
#   Section '.ignored' is unknown. Section ignored.
### mwldeppc.exe Linker Warning:
#   Section '.ignored' is unknown. Section ignored.
### mwldeppc.exe Linker Warning:
#   Section '.ignored' is unknown. Section ignored.
### mwldeppc.exe Linker Warning:
#   Section '.ignored' is unknown. Section ignored.
### mwldeppc.exe Linker Warning:
#   Section '.ignored' is unknown. Section ignored.
### mwldeppc.exe Linker Warning:
#   Section '.ignored' is unknown. Section ignored.
### mwldeppc.exe Linker Warning:
#   Section '.ignored' is unknown. Section ignored.
### mwldeppc.exe Linker Warning:
#   Section '.ignored' is unknown. Section ignored.
### mwldeppc.exe Linker Warning:
#   Section '.ignored' is unknown. Section ignored.
### mwldeppc.exe Linker Warning:
#   Section '.ignored' is unknown. Section ignored.
### mwldeppc.exe Linker Warning:
#   Section '.ignored' is unknown. Section ignored.
### mwldeppc.exe Linker Warning:
#   Section '.ignored' is unknown. Section ignored.
### mwldeppc.exe Linker Warning:
#   Section '.ignored' is unknown. Section ignored.
### mwldeppc.exe Linker Warning:
#   Section '.ignored' is unknown. Section ignored.
### mwldeppc.exe Linker Warning:
#   Section '.ignored' is unknown. Section ignored.
### mwldeppc.exe Linker Warning:
#   Section '.ignored' is unknown. Section ignored.
### mwldeppc.exe Linker Warning:
#   Section '.ignored' is unknown. Section ignored.
### mwldeppc.exe Linker Warning:
#   Section '.ignored' is unknown. Section ignored.
### mwldeppc.exe Linker Warning:
#   Section '.ignored' is unknown. Section ignored.
### mwldeppc.exe Linker Warning:
#   Section '.ignored' is unknown. Section ignored.
### mwldeppc.exe Linker Warning:
#   Section '.ignored' is unknown. Section ignored.
### mwldeppc.exe Linker Warning:
#   Section '.ignored' is unknown. Section ignored.
### mwldeppc.exe Linker Warning:
#   Section '.ignored' is unknown. Section ignored.
### mwldeppc.exe Linker Warning:
#   Section '.ignored' is unknown. Section ignored.
### mwldeppc.exe Linker Warning:
#   Section '.ignored' is unknown. Section ignored.
### mwldeppc.exe Linker Warning:
#   Section '.ignored' is unknown. Section ignored.
### mwldeppc.exe Linker Warning:
#   Section '.ignored' is unknown. Section ignored.
### mwldeppc.exe Linker Warning:
#   Section '.ignored' is unknown. Section ignored.
### mwldeppc.exe Linker Warning:
#   Section '.ignored' is unknown. Section ignored.
### mwldeppc.exe Linker Warning:
#   Section '.ignored' is unknown. Section ignored.
### mwldeppc.exe Linker Warning:
#   Section '.ignored' is unknown. Section ignored.
### mwldeppc.exe Linker Warning:
#   Section '.ignored' is unknown. Section ignored.
### mwldeppc.exe Linker Warning:
#   Section '.ignored' is unknown. Section ignored.
### mwldeppc.exe Linker Warning:
#   Section '.ignored' is unknown. Section ignored.
### mwldeppc.exe Linker Warning:
#   Section '.ignored' is unknown. Section ignored.
### mwldeppc.exe Linker Warning:
#   Section '.ignored' is unknown. Section ignored.
### mwldeppc.exe Linker Warning:
#   Section '.ignored' is unknown. Section ignored.
### mwldeppc.exe Linker Warning:
#   Section '.ignored' is unknown. Section ignored.
### mwldeppc.exe Linker Warning:
#   Section '.ignored' is unknown. Section ignored.
### mwldeppc.exe Linker Warning:
#   Section '.ignored' is unknown. Section ignored.
### mwldeppc.exe Linker Warning:
#   Section '.ignored' is unknown. Section ignored.
### mwldeppc.exe Linker Warning:
#   Section '.ignored' is unknown. Section ignored.
### mwldeppc.exe Linker Warning:
#   Section '.ignored' is unknown. Section ignored.
### mwldeppc.exe Linker Warning:
#   Section '.ignored' is unknown. Section ignored.
### mwldeppc.exe Linker Warning:
#   Section '.ignored' is unknown. Section ignored.
### mwldeppc.exe Linker Warning:
#   Section '.ignored' is unknown. Section ignored.
### mwldeppc.exe Linker Warning:
#   Section '.ignored' is unknown. Section ignored.
### mwldeppc.exe Linker Warning:
#   Section '.ignored' is unknown. Section ignored.
### mwldeppc.exe Linker Warning:
#   Section '.ignored' is unknown. Section ignored.
### mwldeppc.exe Linker Warning:
#   Section '.ignored' is unknown. Section ignored.
### mwldeppc.exe Linker Warning:
#   Section '.ignored' is unknown. Section ignored.
### mwldeppc.exe Linker Warning:
#   Section '.ignored' is unknown. Section ignored.
### mwldeppc.exe Linker Warning:
#   Section '.ignored' is unknown. Section ignored.
### mwldeppc.exe Linker Warning:
#   Section '.ignored' is unknown. Section ignored.
### mwldeppc.exe Linker Warning:
#   Section '.ignored' is unknown. Section ignored.
### mwldeppc.exe Linker Warning:
#   Section '.ignored' is unknown. Section ignored.
### mwldeppc.exe Linker Warning:
#   Section '.ignored' is unknown. Section ignored.
### mwldeppc.exe Linker Warning:
#   Section '.ignored' is unknown. Section ignored.
### mwldeppc.exe Linker Warning:
#   Section '.ignored' is unknown. Section ignored.
### mwldeppc.exe Linker Warning:
#   Section '.ignored' is unknown. Section ignored.
### mwldeppc.exe Linker Warning:
#   Section '.ignored' is unknown. Section ignored.
### mwldeppc.exe Linker Warning:
#   Section '.ignored' is unknown. Section ignored.
### mwldeppc.exe Linker Warning:
#   Section '.ignored' is unknown. Section ignored.
### mwldeppc.exe Linker Warning:
#   Section '.ignored' is unknown. Section ignored.
### mwldeppc.exe Linker Warning:
#   Section '.ignored' is unknown. Section ignored.
### mwldeppc.exe Linker Warning:
#   Section '.ignored' is unknown. Section ignored.
### mwldeppc.exe Linker Warning:
#   Section '.ignored' is unknown. Section ignored.
### mwldeppc.exe Linker Warning:
#   Section '.ignored' is unknown. Section ignored.
### mwldeppc.exe Linker Warning:
#   Section '.ignored' is unknown. Section ignored.
### mwldeppc.exe Linker Warning:
#   Section '.ignored' is unknown. Section ignored.
### mwldeppc.exe Linker Warning:
#   Section '.ignored' is unknown. Section ignored.
### mwldeppc.exe Linker Warning:
#   Section '.ignored' is unknown. Section ignored.
### mwldeppc.exe Linker Warning:
#   Section '.ignored' is unknown. Section ignored.
### mwldeppc.exe Linker Warning:
#   Section '.ignored' is unknown. Section ignored.
### mwldeppc.exe Linker Warning:
#   Section '.ignored' is unknown. Section ignored.
### mwldeppc.exe Linker Warning:
#   Section '.ignored' is unknown. Section ignored.
### mwldeppc.exe Linker Warning:
#   Section '.ignored' is unknown. Section ignored.
### mwldeppc.exe Linker Warning:
#   Section '.ignored' is unknown. Section ignored.
### mwldeppc.exe Linker Warning:
#   Section '.ignored' is unknown. Section ignored.
### mwldeppc.exe Linker Warning:
#   Section '.ignored' is unknown. Section ignored.
### mwldeppc.exe Linker Warning:
#   Section '.ignored' is unknown. Section ignored.
### mwldeppc.exe Linker Warning:
#   Section '.ignored' is unknown. Section ignored.
### mwldeppc.exe Linker Warning:
#   Section '.ignored' is unknown. Section ignored.
### mwldeppc.exe Linker Warning:
#   Section '.ignored' is unknown. Section ignored.
### mwldeppc.exe Linker Warning:
#   Section '.ignored' is unknown. Section ignored.
### mwldeppc.exe Linker Warning:
#   Section '.ignored' is unknown. Section ignored.
### mwldeppc.exe Linker Warning:
#   Section '.ignored' is unknown. Section ignored.
### mwldeppc.exe Linker Warning:
#   Section '.ignored' is unknown. Section ignored.
### mwldeppc.exe Linker Warning:
#   Section '.ignored' is unknown. Section ignored.
### mwldeppc.exe Linker Warning:
#   Section '.ignored' is unknown. Section ignored.
### mwldeppc.exe Linker Warning:
#   Section '.ignored' is unknown. Section ignored.
### mwldeppc.exe Linker Warning:
#   Section '.ignored' is unknown. Section ignored.
### mwldeppc.exe Linker Warning:
#   Section '.ignored' is unknown. Section ignored.
### mwldeppc.exe Linker Warning:
#   Section '.ignored' is unknown. Section ignored.
### mwldeppc.exe Linker Warning:
#   Section '.ignored' is unknown. Section ignored.
### mwldeppc.exe Linker Warning:
#   Section '.ignored' is unknown. Section ignored.
### mwldeppc.exe Linker Warning:
#   Section '.ignored' is unknown. Section ignored.
### mwldeppc.exe Linker Warning:
#   Section '.ignored' is unknown. Section ignored.
### mwldeppc.exe Linker Warning:
#   Section '.ignored' is unknown. Section ignored.
### mwldeppc.exe Linker Warning:
#   Section '.ignored' is unknown. Section ignored.
### mwldeppc.exe Linker Warning:
#   Section '.ignored' is unknown. Section ignored.
### mwldeppc.exe Linker Warning:
#   Section '.ignored' is unknown. Section ignored.
### mwldeppc.exe Linker Warning:
#   Section '.ignored' is unknown. Section ignored.
### mwldeppc.exe Linker Warning:
#   Section '.ignored' is unknown. Section ignored.
### mwldeppc.exe Linker Warning:
#   Section '.ignored' is unknown. Section ignored.
### mwldeppc.exe Linker Warning:
#   Section '.ignored' is unknown. Section ignored.
### mwldeppc.exe Linker Warning:
#   Section '.ignored' is unknown. Section ignored.
### mwldeppc.exe Linker Warning:
#   Section '.ignored' is unknown. Section ignored.
### mwldeppc.exe Linker Warning:
#   Section '.ignored' is unknown. Section ignored.
### mwldeppc.exe Linker Warning:
#   Section '.ignored' is unknown. Section ignored.
### mwldeppc.exe Linker Warning:
#   Section '.ignored' is unknown. Section ignored.
### mwldeppc.exe Linker Warning:
#   Section '.ignored' is unknown. Section ignored.
### mwldeppc.exe Linker Warning:
#   Section '.ignored' is unknown. Section ignored.
### mwldeppc.exe Linker Warning:
#   Section '.ignored' is unknown. Section ignored.
### mwldeppc.exe Linker Warning:
#   Section '.ignored' is unknown. Section ignored.
### mwldeppc.exe Linker Warning:
#   Section '.ignored' is unknown. Section ignored.
### mwldeppc.exe Linker Warning:
#   Section '.ignored' is unknown. Section ignored.
### mwldeppc.exe Linker Warning:
#   Section '.ignored' is unknown. Section ignored.
### mwldeppc.exe Linker Warning:
#   Section '.ignored' is unknown. Section ignored.
### mwldeppc.exe Linker Warning:
#   Section '.ignored' is unknown. Section ignored.
### mwldeppc.exe Linker Warning:
#   Section '.ignored' is unknown. Section ignored.
### mwldeppc.exe Linker Warning:
#   Section '.ignored' is unknown. Section ignored.
### mwldeppc.exe Linker Warning:
#   Section '.ignored' is unknown. Section ignored.
### mwldeppc.exe Linker Warning:
#   Section '.ignored' is unknown. Section ignored.
### mwldeppc.exe Linker Warning:
#   Section '.ignored' is unknown. Section ignored.
### mwldeppc.exe Linker Warning:
#   Section '.ignored' is unknown. Section ignored.
### mwldeppc.exe Linker Warning:
#   Section '.ignored' is unknown. Section ignored.
### mwldeppc.exe Linker Warning:
#   Section '.ignored' is unknown. Section ignored.
### mwldeppc.exe Linker Warning:
#   Section '.ignored' is unknown. Section ignored.
### mwldeppc.exe Linker Warning:
#   Section '.ignored' is unknown. Section ignored.
### mwldeppc.exe Linker Warning:
#   Section '.ignored' is unknown. Section ignored.
### mwldeppc.exe Linker Warning:
#   Section '.ignored' is unknown. Section ignored.
### mwldeppc.exe Linker Warning:
#   Section '.ignored' is unknown. Section ignored.
### mwldeppc.exe Linker Warning:
#   Section '.ignored' is unknown. Section ignored.
### mwldeppc.exe Linker Warning:
#   Section '.ignored' is unknown. Section ignored.
### mwldeppc.exe Linker Warning:
#   Section '.ignored' is unknown. Section ignored.
### mwldeppc.exe Linker Warning:
#   Section '.ignored' is unknown. Section ignored.
### mwldeppc.exe Linker Warning:
#   Section '.ignored' is unknown. Section ignored.
### mwldeppc.exe Linker Warning:
#   Section '.ignored' is unknown. Section ignored.
### mwldeppc.exe Linker Warning:
#   Section '.ignored' is unknown. Section ignored.
### mwldeppc.exe Linker Warning:
#   Section '.ignored' is unknown. Section ignored.
### mwldeppc.exe Linker Warning:
#   Section '.ignored' is unknown. Section ignored.
### mwldeppc.exe Linker Warning:
#   Section '.ignored' is unknown. Section ignored.
### mwldeppc.exe Linker Warning:
#   Section '.ignored' is unknown. Section ignored.
### mwldeppc.exe Linker Warning:
#   Section '.ignored' is unknown. Section ignored.
### mwldeppc.exe Linker Warning:
#   Section '.ignored' is unknown. Section ignored.
### mwldeppc.exe Linker Warning:
#   Section '.ignored' is unknown. Section ignored.
### mwldeppc.exe Linker Warning:
#   Section '.ignored' is unknown. Section ignored.
### mwldeppc.exe Linker Warning:
#   Section '.ignored' is unknown. Section ignored.
### mwldeppc.exe Linker Warning:
#   Section '.ignored' is unknown. Section ignored.
### mwldeppc.exe Linker Warning:
#   Section '.ignored' is unknown. Section ignored.
### mwldeppc.exe Linker Warning:
#   Section '.ignored' is unknown. Section ignored.
### mwldeppc.exe Linker Warning:
#   Section '.ignored' is unknown. Section ignored.
### mwldeppc.exe Linker Warning:
#   Section '.ignored' is unknown. Section ignored.
### mwldeppc.exe Linker Warning:
#   Section '.ignored' is unknown. Section ignored.
### mwldeppc.exe Linker Warning:
#   Section '.ignored' is unknown. Section ignored.
### mwldeppc.exe Linker Warning:
#   Section '.ignored' is unknown. Section ignored.
### mwldeppc.exe Linker Warning:
#   Section '.ignored' is unknown. Section ignored.
### mwldeppc.exe Linker Warning:
#   Section '.ignored' is unknown. Section ignored.
### mwldeppc.exe Linker Warning:
#   Section '.ignored' is unknown. Section ignored.
### mwldeppc.exe Linker Warning:
#   Section '.ignored' is unknown. Section ignored.
### mwldeppc.exe Linker Warning:
#   Section '.ignored' is unknown. Section ignored.
### mwldeppc.exe Linker Warning:
#   Section '.ignored' is unknown. Section ignored.
### mwldeppc.exe Linker Warning:
#   Section '.ignored' is unknown. Section ignored.
### mwldeppc.exe Linker Warning:
#   Section '.ignored' is unknown. Section ignored.
### mwldeppc.exe Linker Warning:
#   Section '.ignored' is unknown. Section ignored.
### mwldeppc.exe Linker Warning:
#   Section '.ignored' is unknown. Section ignored.
### mwldeppc.exe Linker Warning:
#   Section '.ignored' is unknown. Section ignored.
### mwldeppc.exe Linker Warning:
#   Section '.ignored' is unknown. Section ignored.
### mwldeppc.exe Linker Warning:
#   Section '.ignored' is unknown. Section ignored.
### mwldeppc.exe Linker Warning:
#   Section '.ignored' is unknown. Section ignored.
### mwldeppc.exe Linker Warning:
#   Section '.ignored' is unknown. Section ignored.
### mwldeppc.exe Linker Warning:
#   Section '.ignored' is unknown. Section ignored.
[908/910] DOL build/GEDE01/main.dol
[909/910] CHECK config/GEDE01/build.sha1
build/GEDE01/main.dol: OK
[910/910] PROGRESS
Progress:
  All: 58.25% fuzzy, 48.97% matched, 48.89% linked (6298 / 7068 files)
    Code: 1126544 / 2300692 bytes (6065 / 8214 functions)
    Data: 39606 / 4305642 bytes (0.92%)
  Game Code: 93.82% fuzzy, 78.84% matched, 78.71% linked (6280 / 6633 files)
    Code: 1123516 / 1425104 bytes (6003 / 6354 functions)
    Data: 39382 / 40426 bytes (97.42%)
  SDK/Runtime: 100.00% fuzzy, 100.00% matched, 100.00% linked (18 / 18 files)
    Code: 3028 / 3028 bytes (62 / 62 functions)
    Data: 224 / 224 bytes (100.00%)
