[1/893] MWCC build/GEDE01/src/game/game_fn_800094C0.o
[2/893] MWCC build/GEDE01/src/game/game_fn_80008014.o
[3/893] MWCC build/GEDE01/src/game/game_fn_800096E0.o
[4/893] MWCC build/GEDE01/src/game/game_fn_800098C0.o
[5/893] MWCC build/GEDE01/src/game/game_fn_800099D8.o
[6/893] MWCC build/GEDE01/src/game/game_fn_80009AB4.o
[7/893] MWCC build/GEDE01/src/game/game_fn_8000A26C.o
[8/893] MWCC build/GEDE01/src/game/game_fn_8000AC88.o
[9/893] MWCC build/GEDE01/src/game/game_fn_8000AEB4.o
[10/893] MWCC build/GEDE01/src/game/game_fn_8000AFB4.o
[11/893] MWCC build/GEDE01/src/game/game_fn_8000B1B8.o
[12/893] MWCC build/GEDE01/src/game/game_fn_8000B36C.o
[13/893] MWCC build/GEDE01/src/game/game_fn_8000B7FC.o
[14/893] MWCC build/GEDE01/src/game/game_fn_8000B630.o
[15/893] MWCC build/GEDE01/src/game/game_fn_8000BA0C.o
[16/893] MWCC build/GEDE01/src/game/game_fn_8000B900.o
[17/893] MWCC build/GEDE01/src/game/game_fn_8000BAA0.o
[18/893] MWCC build/GEDE01/src/game/game_fn_8000BC40.o
[19/893] MWCC build/GEDE01/src/game/game_fn_8000C17C.o
[20/893] MWCC build/GEDE01/src/game/game_fn_8000C06C.o
[21/893] MWCC build/GEDE01/src/game/game_fn_8000C400.o
[22/893] MWCC build/GEDE01/src/game/game_fn_8000C848.o
[23/893] MWCC build/GEDE01/src/game/game_fn_8000D0BC.o
[24/893] MWCC build/GEDE01/src/game/game_fn_8000C91C.o
[25/893] MWCC build/GEDE01/src/game/game_fn_8000D590.o
[26/893] MWCC build/GEDE01/src/game/game_fn_8000D3D4.o
[27/893] MWCC build/GEDE01/src/game/game_fn_8000DA50.o
[28/893] MWCC build/GEDE01/src/game/game_fn_8000D8A4.o
[29/893] MWCC build/GEDE01/src/game/game_fn_8000DAF4.o
[30/893] MWCC build/GEDE01/src/game/game_fn_8000E054.o
[31/893] MWCC build/GEDE01/src/game/game_fn_8000E0AC.o
[32/893] MWCC build/GEDE01/src/game/game_fn_8000E138.o
[33/893] MWCC build/GEDE01/src/game/game_fn_8000E1C4.o
[34/893] MWCC build/GEDE01/src/game/game_fn_8000E96C.o
[35/893] MWCC build/GEDE01/src/game/game_fn_8000EBD4.o
[36/893] MWCC build/GEDE01/src/game/game_fn_8000EB14.o
[37/893] MWCC build/GEDE01/src/game/game_fn_8000ED44.o
[38/893] MWCC build/GEDE01/src/game/game_fn_8000EFC4.o
[39/893] MWCC build/GEDE01/src/game/game_fn_8000F4B0.o
[40/893] MWCC build/GEDE01/src/game/game_fn_8000F774.o
[41/893] MWCC build/GEDE01/src/game/game_fn_8000FDE8.o
[42/893] MWCC build/GEDE01/src/game/game_fn_8000FFD8.o
[43/893] MWCC build/GEDE01/src/game/game_fn_800119FC.o
[44/893] MWCC build/GEDE01/src/game/game_fn_80012DA8.o
[45/893] MWCC build/GEDE01/src/game/game_fn_80012F40.o
[46/893] MWCC build/GEDE01/src/game/game_fn_80012FD0.o
[47/893] MWCC build/GEDE01/src/game/game_fn_800131E8.o
[48/893] MWCC build/GEDE01/src/game/game_fn_80013340.o
[49/893] MWCC build/GEDE01/src/game/game_fn_80013870.o
[50/893] MWCC build/GEDE01/src/game/game_fn_80013CB0.o
[51/893] MWCC build/GEDE01/src/game/game_fn_80013D54.o
[52/893] MWCC build/GEDE01/src/game/game_fn_800142DC.o
[53/893] MWCC build/GEDE01/src/game/game_fn_800144CC.o
[54/893] MWCC build/GEDE01/src/game/game_fn_80014784.o
[55/893] MWCC build/GEDE01/src/game/game_fn_800149D4.o
[56/893] MWCC build/GEDE01/src/game/game_fn_80015058.o
[57/893] MWCC build/GEDE01/src/game/game_fn_80015320.o
[58/893] MWCC build/GEDE01/src/game/game_fn_80015568.o
[59/893] MWCC build/GEDE01/src/game/game_fn_800156FC.o
[60/893] MWCC build/GEDE01/src/game/game_fn_80015BE0.o
[61/893] MWCC build/GEDE01/src/game/game_fn_80015D40.o
[62/893] MWCC build/GEDE01/src/game/game_fn_80015F04.o
[63/893] MWCC build/GEDE01/src/game/game_fn_80016128.o
[64/893] MWCC build/GEDE01/src/game/game_fn_80016270.o
[65/893] MWCC build/GEDE01/src/game/game_fn_80016904.o
[66/893] MWCC build/GEDE01/src/game/game_fn_80016B24.o
[67/893] MWCC build/GEDE01/src/game/game_fn_800171C0.o
[68/893] MWCC build/GEDE01/src/game/game_fn_800173CC.o
[69/893] MWCC build/GEDE01/src/game/game_fn_800176F0.o
[70/893] MWCC build/GEDE01/src/game/game_fn_80017910.o
[71/893] MWCC build/GEDE01/src/game/game_fn_800179AC.o
[72/893] MWCC build/GEDE01/src/game/game_fn_80017A3C.o
[73/893] MWCC build/GEDE01/src/game/game_fn_80017AE4.o
[74/893] MWCC build/GEDE01/src/game/game_fn_80017C3C.o
[75/893] MWCC build/GEDE01/src/game/game_fn_80017CC8.o
[76/893] MWCC build/GEDE01/src/game/game_fn_80017DB0.o
[77/893] MWCC build/GEDE01/src/game/game_fn_80018EF4.o
[78/893] MWCC build/GEDE01/src/game/game_fn_80019054.o
[79/893] MWCC build/GEDE01/src/game/game_fn_80019244.o
[80/893] MWCC build/GEDE01/src/game/game_fn_800194D0.o
[81/893] MWCC build/GEDE01/src/game/game_fn_80019940.o
[82/893] MWCC build/GEDE01/src/game/game_fn_80019C10.o
[83/893] MWCC build/GEDE01/src/game/game_fn_80019D2C.o
[84/893] MWCC build/GEDE01/src/game/game_fn_80019F98.o
[85/893] MWCC build/GEDE01/src/game/game_fn_8001A6C4.o
[86/893] MWCC build/GEDE01/src/game/game_fn_8001AAB8.o
[87/893] MWCC build/GEDE01/src/game/game_fn_8001ADF8.o
[88/893] MWCC build/GEDE01/src/game/game_fn_8001AF68.o
[89/893] MWCC build/GEDE01/src/game/game_fn_8001B124.o
[90/893] MWCC build/GEDE01/src/game/game_fn_8001B294.o
[91/893] MWCC build/GEDE01/src/game/game_fn_8001B808.o
[92/893] MWCC build/GEDE01/src/game/game_fn_8001B874.o
[93/893] MWCC build/GEDE01/src/game/game_fn_8001C078.o
[94/893] MWCC build/GEDE01/src/game/game_fn_8001CA04.o
[95/893] MWCC build/GEDE01/src/game/game_fn_8001CD58.o
[96/893] MWCC build/GEDE01/src/game/game_fn_8001CE94.o
[97/893] MWCC build/GEDE01/src/game/game_fn_8001E644.o
[98/893] MWCC build/GEDE01/src/game/game_fn_8001FE1C.o
[99/893] MWCC build/GEDE01/src/game/game_fn_80020E94.o
[100/893] MWCC build/GEDE01/src/game/game_fn_80024F28.o
[101/893] MWCC build/GEDE01/src/game/game_fn_800272B4.o
[102/893] MWCC build/GEDE01/src/game/game_fn_8002B748.o
[103/893] MWCC build/GEDE01/src/game/game_fn_8002DAE0.o
[104/893] MWCC build/GEDE01/src/game/game_fn_8002E3F0.o
[105/893] MWCC build/GEDE01/src/game/game_fn_8002EA68.o
[106/893] MWCC build/GEDE01/src/game/game_fn_8002F428.o
[107/893] MWCC build/GEDE01/src/game/game_fn_80031544.o
[108/893] MWCC build/GEDE01/src/game/game_fn_8003232C.o
[109/893] MWCC build/GEDE01/src/game/game_fn_80032B84.o
[110/893] MWCC build/GEDE01/src/game/game_fn_80033038.o
[111/893] MWCC build/GEDE01/src/game/game_fn_80033180.o
[112/893] MWCC build/GEDE01/src/game/game_fn_800359A0.o
[113/893] MWCC build/GEDE01/src/game/game_fn_800361F8.o
[114/893] MWCC build/GEDE01/src/game/game_fn_80036C40.o
[115/893] MWCC build/GEDE01/src/game/game_fn_80038878.o
[116/893] MWCC build/GEDE01/src/game/game_fn_80048ADC.o
[117/893] MWCC build/GEDE01/src/game/game_fn_80048B24.o
[118/893] MWCC build/GEDE01/src/game/game_fn_8004998C.o
[119/893] MWCC build/GEDE01/src/game/game_fn_80052310.o
[120/893] MWCC build/GEDE01/src/game/game_fn_800542D0.o
[121/893] MWCC build/GEDE01/src/game/game_fn_8005EC6C.o
[122/893] MWCC build/GEDE01/src/game/game_fn_8005EE9C.o
[123/893] MWCC build/GEDE01/src/game/game_data_80239E10.o
[124/893] MWCC build/GEDE01/src/game/game_data_80239E18.o
[125/893] MWCC build/GEDE01/src/game/game_fn_8005FD84.o
[126/893] MWCC build/GEDE01/src/game/game_fn_80066888.o
[127/893] MWCC build/GEDE01/src/game/game_fn_80066E78.o
[128/893] MWCC build/GEDE01/src/game/game_fn_8006B0F0.o
[129/893] MWCC build/GEDE01/src/game/game_fn_8006B620.o
[130/893] MWCC build/GEDE01/src/game/game_fn_8006E53C.o
[131/893] MWCC build/GEDE01/src/game/game_fn_80071A58.o
[132/893] MWCC build/GEDE01/src/game/game_fn_80074310.o
[133/893] MWCC build/GEDE01/src/game/game_fn_80078500.o
[134/893] MWCC build/GEDE01/src/game/game_fn_80079908.o
[135/893] MWCC build/GEDE01/src/game/game_fn_80079AA4.o
[136/893] MWCC build/GEDE01/src/game/game_fn_8007B2F4.o
[137/893] MWCC build/GEDE01/src/game/game_fn_8007B540.o
[138/893] MWCC build/GEDE01/src/game/game_fn_8007B640.o
[139/893] MWCC build/GEDE01/src/game/game_fn_8007B828.o
[140/893] MWCC build/GEDE01/src/game/game_fn_8007BA3C.o
[141/893] MWCC build/GEDE01/src/game/game_fn_8007D4D8.o
[142/893] MWCC build/GEDE01/src/game/game_fn_8007F770.o
[143/893] MWCC build/GEDE01/src/game/game_fn_800886D8.o
[144/893] MWCC build/GEDE01/src/game/game_fn_80088F4C.o
[145/893] MWCC build/GEDE01/src/game/game_fn_8008A2E0.o
[146/893] MWCC build/GEDE01/src/game/game_fn_8008F224.o
[147/893] MWCC build/GEDE01/src/game/game_fn_8008F890.o
[148/893] MWCC build/GEDE01/src/game/game_fn_80090004.o
[149/893] MWCC build/GEDE01/src/game/game_fn_800934A0.o
[150/893] MWCC build/GEDE01/src/game/game_fn_80095D10.o
[151/893] MWCC build/GEDE01/src/game/game_fn_80095FDC.o
[152/893] MWCC build/GEDE01/src/game/game_fn_80096830.o
[153/893] MWCC build/GEDE01/src/game/game_fn_8009C424.o
[154/893] MWCC build/GEDE01/src/game/game_fn_8009E808.o
[155/893] MWCC build/GEDE01/src/game/game_fn_800A2130.o
[156/893] MWCC build/GEDE01/src/game/game_fn_800A2FCC.o
[157/893] MWCC build/GEDE01/src/game/game_fn_800A3180.o
[158/893] MWCC build/GEDE01/src/game/game_fn_800A3894.o
[159/893] MWCC build/GEDE01/src/game/game_fn_800A4428.o
[160/893] MWCC build/GEDE01/src/game/game_fn_800A4798.o
[161/893] MWCC build/GEDE01/src/game/game_fn_800A7E88.o
[162/893] MWCC build/GEDE01/src/game/game_fn_800AF230.o
[163/893] MWCC build/GEDE01/src/game/game_fn_800B2EC0.o
[164/893] MWCC build/GEDE01/src/game/game_fn_800BB5C4.o
[165/893] MWCC build/GEDE01/src/game/game_fn_800BB7A8.o
[166/893] MWCC build/GEDE01/src/game/game_fn_800BB9A4.o
[167/893] MWCC build/GEDE01/src/game/game_fn_800BBAF0.o
[168/893] MWCC build/GEDE01/src/game/game_fn_800C030C.o
[169/893] MWCC build/GEDE01/src/game/game_fn_800C17EC.o
[170/893] MWCC build/GEDE01/src/game/game_fn_800C59F0.o
[171/893] MWCC build/GEDE01/src/game/game_fn_800C644C.o
[172/893] MWCC build/GEDE01/src/game/game_fn_800C65FC.o
[173/893] MWCC build/GEDE01/src/game/game_fn_800C9C60.o
[174/893] MWCC build/GEDE01/src/game/game_fn_800CB760.o
[175/893] MWCC build/GEDE01/src/game/game_fn_800CB8F4.o
[176/893] MWCC build/GEDE01/src/game/game_fn_800CF598.o
[177/893] MWCC build/GEDE01/src/game/game_fn_800D9064.o
[178/893] MWCC build/GEDE01/src/game/game_fn_800D9E10.o
[179/893] MWCC build/GEDE01/src/game/game_fn_800E4980.o
[180/893] MWCC build/GEDE01/src/game/game_TRKNubWelcome.o
[181/893] MWCC build/GEDE01/src/game/game_TRK_main.o
[182/893] MWCC build/GEDE01/src/game/game_InitMetroTRKCommTable.o
[183/893] MWCC build/GEDE01/src/game/game_fn_800FD0C8.o
[184/893] MWCC build/GEDE01/src/game/game_fn_8010242C.o
[185/893] MWCC build/GEDE01/src/game/game_fn_801098C0.o
[186/893] MWCC build/GEDE01/src/game/game_fn_8010F184.o
[187/893] MWCC build/GEDE01/src/game/game_fn_801126E0.o
[188/893] MWCC build/GEDE01/src/game/game_fn_801128E4.o
[189/893] MWCC build/GEDE01/src/game/game_fn_801141B8.o
[190/893] MWCC build/GEDE01/src/game/game_fn_8011F140.o
[191/893] MWCC build/GEDE01/src/game/game_fn_801247F8.o
[192/893] MWCC build/GEDE01/src/game/game_fn_80126A00.o
[193/893] MWCC build/GEDE01/src/game/game_fn_8012976C.o
[194/893] MWCC build/GEDE01/src/game/game_fn_8012DB28.o
[195/893] MWCC build/GEDE01/src/game/game_fn_8013CBE4.o
[196/893] MWCC build/GEDE01/src/game/game_fn_8013D6A4.o
[197/893] MWCC build/GEDE01/src/game/game_fn_8013DB8C.o
[198/893] MWCC build/GEDE01/src/game/game_fn_8014549C.o
[199/893] MWCC build/GEDE01/src/game/game_fn_8014AF38.o
[200/893] MWCC build/GEDE01/src/game/game_fn_8014B494.o
[201/893] MWCC build/GEDE01/src/game/game_fn_8014CA98.o
[202/893] MWCC build/GEDE01/src/game/game_fn_801535D8.o
[203/893] MWCC build/GEDE01/src/game/game_fn_80153898.o
[204/893] MWCC build/GEDE01/src/game/game_fn_80153A24.o
[205/893] MWCC build/GEDE01/src/game/game_fn_80154F74.o
[206/893] MWCC build/GEDE01/src/game/game_fn_80155814.o
[207/893] MWCC build/GEDE01/src/game/game_fn_80157C0C.o
[208/893] MWCC build/GEDE01/src/game/game_fn_80158B20.o
[209/893] MWCC build/GEDE01/src/game/game_fn_80158D38.o
[210/893] MWCC build/GEDE01/src/game/game_fn_8015DB84.o
[211/893] MWCC build/GEDE01/src/game/game_fn_8015DC54.o
[212/893] MWCC build/GEDE01/src/game/game_fn_8015EDC0.o
[213/893] MWCC build/GEDE01/src/game/game_fn_80167454.o
[214/893] MWCC build/GEDE01/src/game/game_fn_80167B5C.o
[215/893] MWCC build/GEDE01/src/game/game_fn_80169650.o
[216/893] MWCC build/GEDE01/src/game/game_fn_8016BD0C.o
[217/893] MWCC build/GEDE01/src/game/game_fn_8016BE1C.o
[218/893] MWCC build/GEDE01/src/game/game_fn_8016BF60.o
[219/893] MWCC build/GEDE01/src/game/game_fn_8016C0BC.o
[220/893] MWCC build/GEDE01/src/game/game_fn_8016C164.o
[221/893] MWCC build/GEDE01/src/game/game_fn_8016C238.o
[222/893] MWCC build/GEDE01/src/game/game_fn_8016C4BC.o
[223/893] MWCC build/GEDE01/src/game/game_fn_8016C774.o
[224/893] MWCC build/GEDE01/src/game/game_fn_8016D040.o
[225/893] MWCC build/GEDE01/src/game/game_fn_8016D1F8.o
[226/893] MWCC build/GEDE01/src/game/game_fn_8016D2B8.o
[227/893] MWCC build/GEDE01/src/game/game_fn_8016D9C0.o
[228/893] MWCC build/GEDE01/src/game/game_fn_8016DF4C.o
[229/893] MWCC build/GEDE01/src/game/game_fn_8016E8F8.o
[230/893] MWCC build/GEDE01/src/game/game_fn_8016FEF8.o
[231/893] MWCC build/GEDE01/src/game/game_fn_8017038C.o
[232/893] MWCC build/GEDE01/src/game/game_fn_801704F8.o
[233/893] MWCC build/GEDE01/src/game/game_fn_801706DC.o
[234/893] MWCC build/GEDE01/src/game/game_fn_80170A40.o
[235/893] MWCC build/GEDE01/src/game/game_fn_80170DF4.o
[236/893] MWCC build/GEDE01/src/game/game_fn_80170E9C.o
[237/893] MWCC build/GEDE01/src/game/game_fn_8017138C.o
[238/893] MWCC build/GEDE01/src/game/game_fn_80171664.o
[239/893] MWCC build/GEDE01/src/game/game_fn_801718F4.o
[240/893] MWCC build/GEDE01/src/game/game_fn_801719B4.o
[241/893] MWCC build/GEDE01/src/game/game_fn_80171F30.o
[242/893] MWCC build/GEDE01/src/game/game_fn_8017250C.o
[243/893] MWCC build/GEDE01/src/game/game_fn_801726EC.o
[244/893] MWCC build/GEDE01/src/game/game_fn_80172BB0.o
[245/893] MWCC build/GEDE01/src/game/game_fn_80172C78.o
[246/893] MWCC build/GEDE01/src/game/game_fn_80172DB8.o
[247/893] MWCC build/GEDE01/src/game/game_fn_80173270.o
[248/893] MWCC build/GEDE01/src/game/game_fn_801734B4.o
[249/893] MWCC build/GEDE01/src/game/game_fn_80173770.o
[250/893] MWCC build/GEDE01/src/game/game_fn_80173D44.o
[251/893] MWCC build/GEDE01/src/game/game_fn_80173F04.o
[252/893] MWCC build/GEDE01/src/game/game_fn_80174184.o
[253/893] MWCC build/GEDE01/src/game/game_fn_80174358.o
[254/893] MWCC build/GEDE01/src/game/game_fn_80174F2C.o
[255/893] MWCC build/GEDE01/src/game/game_fn_801752B0.o
[256/893] MWCC build/GEDE01/src/game/game_fn_8017553C.o
[257/893] MWCC build/GEDE01/src/game/game_fn_80175A08.o
[258/893] MWCC build/GEDE01/src/game/game_fn_80175E64.o
[259/893] MWCC build/GEDE01/src/game/game_fn_80175F0C.o
[260/893] MWCC build/GEDE01/src/game/game_fn_80175FD4.o
[261/893] MWCC build/GEDE01/src/game/game_fn_80176098.o
[262/893] MWCC build/GEDE01/src/game/game_fn_80176160.o
[263/893] MWCC build/GEDE01/src/game/game_fn_80176220.o
[264/893] MWCC build/GEDE01/src/game/game_fn_801762E8.o
[265/893] MWCC build/GEDE01/src/game/game_fn_8017652C.o
[266/893] MWCC build/GEDE01/src/game/game_fn_80176DF4.o
[267/893] MWCC build/GEDE01/src/game/game_fn_80176FA0.o
[268/893] MWCC build/GEDE01/src/game/game_fn_801770F8.o
[269/893] MWCC build/GEDE01/src/game/game_fn_8017718C.o
[270/893] MWCC build/GEDE01/src/game/game_fn_80178F88.o
[271/893] MWCC build/GEDE01/src/game/game_fn_80177434.o
[272/893] MWCC build/GEDE01/src/game/game_fn_80179398.o
[273/893] MWCC build/GEDE01/src/game/game_fn_8017960C.o
[274/893] MWCC build/GEDE01/src/game/game_fn_8017974C.o
[275/893] MWCC build/GEDE01/src/game/game_fn_80179904.o
[276/893] MWCC build/GEDE01/src/game/game_fn_80179A18.o
[277/893] MWCC build/GEDE01/src/game/game_fn_80179A74.o
[278/893] MWCC build/GEDE01/src/game/game_fn_80179EB8.o
[279/893] MWCC build/GEDE01/src/game/game_fn_80179F20.o
[280/893] MWCC build/GEDE01/src/game/game_fn_8017A010.o
[281/893] MWCC build/GEDE01/src/game/game_fn_8017A12C.o
[282/893] MWCC build/GEDE01/src/game/game_fn_8017A1C0.o
[283/893] MWCC build/GEDE01/src/game/game_fn_8017A9B8.o
[284/893] MWCC build/GEDE01/src/game/game_fn_8017AC20.o
[285/893] MWCC build/GEDE01/src/game/game_fn_8017E850.o
[286/893] MWCC build/GEDE01/src/game/game_fn_8017E958.o
[287/893] MWCC build/GEDE01/src/game/game_fn_80180DDC.o
[288/893] MWCC build/GEDE01/src/game/game_fn_801810A0.o
[289/893] MWCC build/GEDE01/src/game/game_fn_801816D4.o
[290/893] MWCC build/GEDE01/src/game/game_fn_801859FC.o
[291/893] MWCC build/GEDE01/src/game/game_fn_80185AE8.o
[292/893] MWCC build/GEDE01/src/game/game_fn_80185F10.o
[293/893] MWCC build/GEDE01/src/game/game_fn_801865EC.o
[294/893] MWCC build/GEDE01/src/game/game_fn_8018680C.o
[295/893] MWCC build/GEDE01/src/game/game_fn_80186E10.o
[296/893] MWCC build/GEDE01/src/game/game_fn_80186F70.o
[297/893] MWCC build/GEDE01/src/game/game_fn_80187120.o
[298/893] MWCC build/GEDE01/src/game/game_fn_80187320.o
[299/893] MWCC build/GEDE01/src/game/game_fn_801875FC.o
[300/893] MWCC build/GEDE01/src/game/game_fn_801878E0.o
[301/893] MWCC build/GEDE01/src/game/game_fn_80187BB4.o
[302/893] MWCC build/GEDE01/src/game/game_fn_80188A7C.o
[303/893] MWCC build/GEDE01/src/game/game_fn_80188B44.o
[304/893] MWCC build/GEDE01/src/game/game_fn_80188C1C.o
[305/893] MWCC build/GEDE01/src/game/game_fn_80188E28.o
[306/893] MWCC build/GEDE01/src/game/game_fn_80189028.o
[307/893] MWCC build/GEDE01/src/game/game_fn_801891D8.o
[308/893] MWCC build/GEDE01/src/game/game_fn_80189390.o
[309/893] MWCC build/GEDE01/src/game/game_fn_801895E8.o
[310/893] MWCC build/GEDE01/src/game/game_fn_801896A0.o
[311/893] MWCC build/GEDE01/src/game/game_fn_80189760.o
[312/893] MWCC build/GEDE01/src/game/game_fn_80189968.o
[313/893] MWCC build/GEDE01/src/game/game_fn_80189C14.o
[314/893] MWCC build/GEDE01/src/game/game_fn_8018C2D0.o
[315/893] MWCC build/GEDE01/src/game/game_fn_8018D1F0.o
[316/893] MWCC build/GEDE01/src/game/game_fn_8018D2E0.o
[317/893] MWCC build/GEDE01/src/game/game_fn_8018D400.o
[318/893] MWCC build/GEDE01/src/game/game_fn_8018D688.o
[319/893] MWCC build/GEDE01/src/game/game_fn_8018DC24.o
[320/893] MWCC build/GEDE01/src/game/game_fn_8018E0D8.o
[321/893] MWCC build/GEDE01/src/game/game_fn_8018F1D0.o
[322/893] MWCC build/GEDE01/src/game/game_fn_8018F81C.o
[323/893] MWCC build/GEDE01/src/game/game_fn_8018FEDC.o
[324/893] MWCC build/GEDE01/src/game/game_fn_8019120C.o
[325/893] MWCC build/GEDE01/src/game/game_fn_80191360.o
[326/893] MWCC build/GEDE01/src/game/game_fn_801916D0.o
[327/893] MWCC build/GEDE01/src/game/game_fn_8019197C.o
[328/893] MWCC build/GEDE01/src/game/game_fn_80191F58.o
[329/893] MWCC build/GEDE01/src/game/game_fn_801926EC.o
[330/893] MWCC build/GEDE01/src/game/game_fn_801929A4.o
[331/893] MWCC build/GEDE01/src/game/game_fn_80192F54.o
[332/893] MWCC build/GEDE01/src/game/game_fn_801931C4.o
[333/893] MWCC build/GEDE01/src/game/game_fn_80193E1C.o
[334/893] MWCC build/GEDE01/src/game/game_fn_80193F3C.o
[335/893] MWCC build/GEDE01/src/game/game_fn_80194F80.o
[336/893] MWCC build/GEDE01/src/game/game_fn_801952E8.o
[337/893] MWCC build/GEDE01/src/game/game_fn_80197910.o
[338/893] MWCC build/GEDE01/src/game/game_fn_80198154.o
[339/893] MWCC build/GEDE01/src/game/game_fn_80198AAC.o
[340/893] MWCC build/GEDE01/src/game/game_fn_80198BF4.o
[341/893] MWCC build/GEDE01/src/game/game_fn_801991E0.o
[342/893] MWCC build/GEDE01/src/game/game_fn_8019B1BC.o
[343/893] MWCC build/GEDE01/src/game/game_fn_8019CC28.o
[344/893] MWCC build/GEDE01/src/game/game_fn_8019CFC4.o
[345/893] MWCC build/GEDE01/src/game/game_fn_8019E5E4.o
[346/893] MWCC build/GEDE01/src/game/game_fn_8019E8C8.o
[347/893] MWCC build/GEDE01/src/game/game_fn_801A1F18.o
[348/893] MWCC build/GEDE01/src/game/game_fn_801A2A54.o
[349/893] MWCC build/GEDE01/src/game/game_fn_801A34BC.o
[350/893] MWCC build/GEDE01/src/game/game_fn_801A3A78.o
[351/893] MWCC build/GEDE01/src/game/game_fn_801A4CE0.o
[352/893] MWCC build/GEDE01/src/game/game_fn_801A6410.o
[353/893] MWCC build/GEDE01/src/game/game_fn_801A5FB0.o
[354/893] MWCC build/GEDE01/src/game/game_fn_801A657C.o
[355/893] MWCC build/GEDE01/src/game/game_fn_801A6ADC.o
[356/893] MWCC build/GEDE01/src/game/game_fn_801A6C58.o
[357/893] MWCC build/GEDE01/src/game/game_fn_801A6CB4.o
[358/893] MWCC build/GEDE01/src/game/game_fn_801A7EA8.o
[359/893] MWCC build/GEDE01/src/game/game_fn_801A7E04.o
[360/893] MWCC build/GEDE01/src/game/game_fn_801A93E8.o
[361/893] MWCC build/GEDE01/src/game/game_fn_801AB154.o
[362/893] MWCC build/GEDE01/src/game/game_fn_801ABD3C.o
[363/893] MWCC build/GEDE01/src/game/game_fn_801AC8AC.o
[364/893] MWCC build/GEDE01/src/game/game_fn_801ACFE8.o
[365/893] MWCC build/GEDE01/src/game/game_fn_801AD08C.o
[366/893] MWCC build/GEDE01/src/game/game_fn_801AFA74.o
[367/893] MWCC build/GEDE01/src/game/game_fn_801B02F0.o
[368/893] MWCC build/GEDE01/src/game/game_fn_801B35BC.o
[369/893] MWCC build/GEDE01/src/game/game_fn_801B1BA0.o
[370/893] MWCC build/GEDE01/src/game/game_fn_801B46C8.o
[371/893] MWCC build/GEDE01/src/game/game_fn_801B4FB4.o
[372/893] MWCC build/GEDE01/src/game/game_fn_801B58F0.o
[373/893] MWCC build/GEDE01/src/game/game_fn_801B5228.o
[374/893] MWCC build/GEDE01/src/game/game_fn_801B6F1C.o
[375/893] MWCC build/GEDE01/src/game/game_fn_801B86C0.o
[376/893] MWCC build/GEDE01/src/game/game_fn_801B9E7C.o
[377/893] MWCC build/GEDE01/src/game/game_fn_801B941C.o
[378/893] MWCC build/GEDE01/src/game/game_fn_801BA15C.o
[379/893] MWCC build/GEDE01/src/game/game_fn_801BA708.o
[380/893] MWCC build/GEDE01/src/game/game_fn_801BC0D4.o
[381/893] MWCC build/GEDE01/src/game/game_fn_801BB1A0.o
[382/893] MWCC build/GEDE01/src/game/game_fn_801BC240.o
[383/893] MWCC build/GEDE01/src/game/game_fn_801BC8F4.o
[384/893] MWCC build/GEDE01/src/game/game_fn_801BD990.o
[385/893] MWCC build/GEDE01/src/game/game_fn_801BCC04.o
[386/893] MWCC build/GEDE01/src/game/game_fn_801BDE7C.o
[387/893] MWCC build/GEDE01/src/game/game_fn_801BE0D4.o
[388/893] MWCC build/GEDE01/src/game/game_fn_801C1CB0.o
[389/893] MWCC build/GEDE01/src/game/game_fn_801BEF40.o
[390/893] MWCC build/GEDE01/src/game/game_fn_801C2980.o
[391/893] MWCC build/GEDE01/src/game/game_fn_801C29BC.o
[392/893] MWCC build/GEDE01/src/game/game_fn_801C2AAC.o
[393/893] MWCC build/GEDE01/src/game/game_fn_801C2D9C.o
[394/893] MWCC build/GEDE01/src/game/game_fn_801C8160.o
[395/893] MWCC build/GEDE01/src/game/game_fn_801C8224.o
[396/893] MWCC build/GEDE01/src/game/game_fn_801C4B5C.o
[397/893] MWCC build/GEDE01/src/game/game_fn_801C8600.o
[398/893] MWCC build/GEDE01/src/game/game_fn_801C87DC.o
[399/893] MWCC build/GEDE01/src/game/game_fn_801C8CC0.o
[400/893] MWCC build/GEDE01/src/game/game_fn_801C8F50.o
[401/893] MWCC build/GEDE01/src/game/game_fn_801C90A4.o
[402/893] MWCC build/GEDE01/src/game/game_fn_801C9510.o
[403/893] MWCC build/GEDE01/src/game/game_fn_801C970C.o
[404/893] MWCC build/GEDE01/src/game/game_fn_801C9A08.o
[405/893] MWCC build/GEDE01/src/game/game_fn_801C9B1C.o
[406/893] MWCC build/GEDE01/src/game/game_fn_801CB4F8.o
[407/893] MWCC build/GEDE01/src/game/game_fn_801CD228.o
[408/893] MWCC build/GEDE01/src/game/game_fn_801CE09C.o
[409/893] MWCC build/GEDE01/src/game/game_fn_801CE594.o
[410/893] MWCC build/GEDE01/src/game/game_fn_801D1B10.o
[411/893] MWCC build/GEDE01/src/game/game_fn_801D1F78.o
[412/893] MWCC build/GEDE01/src/game/game_fn_801D3988.o
[413/893] MWCC build/GEDE01/src/game/game_fn_801D76A8.o
[414/893] MWCC build/GEDE01/src/game/game_fn_801D7C24.o
[415/893] MWCC build/GEDE01/src/game/game_fn_801D8050.o
[416/893] MWCC build/GEDE01/src/game/game_fn_801D9FE4.o
[417/893] MWCC build/GEDE01/src/game/game_fn_801E2A48.o
[418/893] MWCC build/GEDE01/src/game/game_fn_801E41AC.o
[419/893] MWCC build/GEDE01/src/game/game_fn_801E6814.o
[420/893] MWCC build/GEDE01/src/game/game_fn_801EB09C.o
[421/893] MWCC build/GEDE01/src/game/game_fn_801E995C.o
[422/893] MWCC build/GEDE01/src/game/game_fn_801EB11C.o
[423/893] MWCC build/GEDE01/src/game/game_fn_801ECD74.o
[424/893] MWCC build/GEDE01/src/game/game_fn_801ECF50.o
[425/893] MWCC build/GEDE01/src/game/game_fn_801ED5F4.o
[426/893] MWCC build/GEDE01/src/game/game_fn_801EF580.o
[427/893] MWCC build/GEDE01/src/game/game_fn_801EF910.o
[428/893] MWCC build/GEDE01/src/game/game_fn_801F10BC.o
[429/893] MWCC build/GEDE01/src/game/game_fn_801F1A38.o
[430/893] MWCC build/GEDE01/src/game/game_fn_801F35A8.o
[431/893] MWCC build/GEDE01/src/game/game_fn_801F55A0.o
[432/893] MWCC build/GEDE01/src/game/game_fn_801F69F0.o
[433/893] MWCC build/GEDE01/src/game/game_fn_801F6BD8.o
[434/893] MWCC build/GEDE01/src/game/game_fn_801F7510.o
[435/893] MWCC build/GEDE01/src/game/game_fn_801F76EC.o
[436/893] MWCC build/GEDE01/src/game/game_fn_801F8264.o
[437/893] MWCC build/GEDE01/src/game/game_fn_801F89B4.o
[438/893] MWCC build/GEDE01/src/game/game_fn_801F9AF8.o
[439/893] MWCC build/GEDE01/src/game/game_fn_801F9CF4.o
[440/893] MWCC build/GEDE01/src/game/game_fn_801FA9C8.o
[441/893] MWCC build/GEDE01/src/game/game_fn_801FB6A4.o
[442/893] MWCC build/GEDE01/src/game/game_fn_801FC034.o
[443/893] MWCC build/GEDE01/src/game/game_fn_801FC204.o
[444/893] EXTERNALIZE build/GEDE01/src/game/game_fn_80175A08.o
[445/893] EXTERNALIZE build/GEDE01/src/game/game_fn_80066E78.o
[446/893] MWCC build/GEDE01/src/game/game_fn_801FFE78.o
[447/893] EXTERNALIZE build/GEDE01/src/game/game_fn_801247F8.o
[448/893] EXTERNALIZE build/GEDE01/src/game/game_fn_801EF910.o
[449/893] EXTERNALIZE build/GEDE01/src/game/game_fn_801ECF50.o
[450/893] EXTERNALIZE build/GEDE01/src/game/game_fn_801EB09C.o
[451/893] EXTERNALIZE build/GEDE01/src/game/game_fn_801FC204.o
[452/893] EXTERNALIZE build/GEDE01/src/game/game_fn_801EB11C.o
[453/893] EXTERNALIZE build/GEDE01/src/game/game_fn_801D9FE4.o
[454/893] EXTERNALIZE build/GEDE01/src/game/game_fn_801E41AC.o
[455/893] EXTERNALIZE build/GEDE01/src/game/game_fn_801D76A8.o
[456/893] EXTERNALIZE build/GEDE01/src/game/game_fn_801D8050.o
[457/893] EXTERNALIZE build/GEDE01/src/game/game_fn_801D7C24.o
[458/893] EXTERNALIZE build/GEDE01/src/game/game_fn_8019B1BC.o
[459/893] EXTERNALIZE build/GEDE01/src/game/game_fn_80178F88.o
[460/893] EXTERNALIZE build/GEDE01/src/game/game_fn_801CD228.o
[461/893] EXTERNALIZE build/GEDE01/src/game/game_fn_801C970C.o
[462/893] EXTERNALIZE build/GEDE01/src/game/game_fn_801BA15C.o
[463/893] EXTERNALIZE build/GEDE01/src/game/game_fn_801C9510.o
[464/893] EXTERNALIZE build/GEDE01/src/game/game_fn_80126A00.o
[465/893] EXTERNALIZE build/GEDE01/src/game/game_fn_8013D6A4.o
[466/893] EXTERNALIZE build/GEDE01/src/game/game_fn_800C9C60.o
[467/893] EXTERNALIZE build/GEDE01/src/game/game_fn_801B5228.o
[468/893] EXTERNALIZE build/GEDE01/src/game/game_fn_801B4FB4.o
[469/893] EXTERNALIZE build/GEDE01/src/game/game_fn_801C87DC.o
[470/893] EXTERNALIZE build/GEDE01/src/game/game_fn_801B6F1C.o
[471/893] EXTERNALIZE build/GEDE01/src/game/game_fn_801C8CC0.o
[472/893] EXTERNALIZE build/GEDE01/src/game/game_fn_800FD0C8.o
[473/893] EXTERNALIZE build/GEDE01/src/game/game_fn_801BDE7C.o
[474/893] EXTERNALIZE build/GEDE01/src/game/game_fn_801BE0D4.o
[475/893] EXTERNALIZE STATIC POOL build/GEDE01/src/game/game_fn_801C9A08.o
build/GEDE01/src/game/game_fn_801C9A08.o: lbl_80629390 now undefined; section 3 emptied
[476/893] EXTERNALIZE build/GEDE01/src/game/game_fn_801B941C.o
[477/893] EXTERNALIZE STATIC POOL build/GEDE01/src/game/game_fn_801C9B1C.o
build/GEDE01/src/game/game_fn_801C9B1C.o: lbl_80629390 now undefined; section 3 emptied
[478/893] EXTERNALIZE STATIC POOL build/GEDE01/src/game/game_fn_801BD990.o
build/GEDE01/src/game/game_fn_801BD990.o: lbl_80626D80 now undefined; section 6 emptied
[479/893] EXTERNALIZE STATIC POOL build/GEDE01/src/game/game_fn_801B58F0.o
build/GEDE01/src/game/game_fn_801B58F0.o: lbl_8060C020 now undefined; section 3 emptied
[480/893] EXTERNALIZE STATIC POOL build/GEDE01/src/game/game_fn_801B9E7C.o
build/GEDE01/src/game/game_fn_801B9E7C.o: 0 relocation(s) moved from streamInfo to ...bss.0
build/GEDE01/src/game/game_fn_801B9E7C.o: lbl_8061AE48 now undefined; section 6 emptied
[481/893] EXTERNALIZE STATIC POOL build/GEDE01/src/game/game_fn_801BB1A0.o
build/GEDE01/src/game/game_fn_801BB1A0.o: 0 relocation(s) moved from streamInfo to ...bss.0
build/GEDE01/src/game/game_fn_801BB1A0.o: lbl_8061AE48 now undefined; section 6 emptied
[482/893] EXTERNALIZE STATIC build/GEDE01/src/game/game_fn_801B35BC.o
build/GEDE01/src/game/game_fn_801B35BC.o: lbl_8060D420 now undefined; section 6 emptied
[483/893] EXTERNALIZE STATIC POOL build/GEDE01/src/game/game_fn_801BA708.o
build/GEDE01/src/game/game_fn_801BA708.o: 0 relocation(s) moved from streamInfo to ...bss.0
build/GEDE01/src/game/game_fn_801BA708.o: lbl_8061AE48 now undefined; section 6 emptied
[484/893] EXTERNALIZE STATIC POOL build/GEDE01/src/game/game_fn_801BC8F4.o
build/GEDE01/src/game/game_fn_801BC8F4.o: lbl_8061C748 now undefined; section 6 emptied
[485/893] EXTERNALIZE STATIC build/GEDE01/src/game/game_fn_801BC240.o
build/GEDE01/src/game/game_fn_801BC240.o: lbl_8061C748 now undefined; section 6 emptied
[486/893] EXTERNALIZE STATIC POOL build/GEDE01/src/game/game_fn_801BCC04.o
build/GEDE01/src/game/game_fn_801BCC04.o: lbl_8061C748 now undefined; section 6 emptied
[487/893] EXTERNALIZE STATIC POOL build/GEDE01/src/game/game_fn_801BC0D4.o
build/GEDE01/src/game/game_fn_801BC0D4.o: lbl_8061C748 now undefined; section 6 emptied
[488/893] EXTERNALIZE STATIC POOL build/GEDE01/src/game/game_fn_801C1CB0.o
build/GEDE01/src/game/game_fn_801C1CB0.o: lbl_80626DA0 now undefined; section 3 emptied
[489/893] RENAME build/GEDE01/src/game/game_InitMetroTRKCommTable.o
[490/893] EXTERNALIZE STATIC POOL build/GEDE01/src/game/game_fn_801CE09C.o
build/GEDE01/src/game/game_fn_801CE09C.o: lbl_80631340 now undefined; section 6 emptied
[491/893] RENAME RUNTIME INTRINSICS build/GEDE01/src/game/game_fn_801CB4F8.o
[492/893] EXTERNALIZE STATIC POOL build/GEDE01/src/game/game_fn_8010242C.o
build/GEDE01/src/game/game_fn_8010242C.o: lbl_8032CC08 now undefined; section 3 emptied
[493/893] EXTERNALIZE build/GEDE01/src/game/game_fn_801D3988.o
[494/893] EXTERNALIZE build/GEDE01/src/game/game_fn_801D1B10.o
[495/893] ALIGN DATA build/GEDE01/src/game/game_fn_80008014.o
[496/893] EXTERNALIZE build/GEDE01/src/game/game_fn_801CE594.o
[497/893] EXTERNALIZE build/GEDE01/src/game/game_fn_8014549C.o
[498/893] EXTERNALIZE build/GEDE01/src/game/game_fn_801C8224.o
[499/893] EXTERNALIZE build/GEDE01/src/game/game_fn_801098C0.o
[500/893] EXTERNALIZE build/GEDE01/src/game/game_fn_8000FDE8.o
[501/893] EXTERNALIZE build/GEDE01/src/game/game_fn_80185F10.o
[502/893] EXTERNALIZE build/GEDE01/src/game/game_fn_801C29BC.o
[503/893] EXTERNALIZE build/GEDE01/src/game/game_fn_801C8F50.o
[504/893] EXTERNALIZE build/GEDE01/src/game/game_fn_8007B828.o
[505/893] EXTERNALIZE build/GEDE01/src/game/game_fn_801C90A4.o
[506/893] EXTERNALIZE build/GEDE01/src/game/game_fn_801C8160.o
[507/893] EXTERNALIZE build/GEDE01/src/game/game_fn_801C2AAC.o
[508/893] EXTERNALIZE build/GEDE01/src/game/game_fn_801C2D9C.o
[509/893] EXTERNALIZE build/GEDE01/src/game/game_fn_801C2980.o
[510/893] EXTERNALIZE build/GEDE01/src/game/game_fn_801B02F0.o
[511/893] EXTERNALIZE build/GEDE01/src/game/game_fn_801AFA74.o
[512/893] EXTERNALIZE build/GEDE01/src/game/game_fn_801AC8AC.o
[513/893] EXTERNALIZE build/GEDE01/src/game/game_fn_801ABD3C.o
[514/893] EXTERNALIZE build/GEDE01/src/game/game_fn_801816D4.o
[515/893] EXTERNALIZE build/GEDE01/src/game/game_fn_8011F140.o
[516/893] EXTERNALIZE build/GEDE01/src/game/game_fn_801AD08C.o
[517/893] EXTERNALIZE build/GEDE01/src/game/game_fn_8004998C.o
[518/893] EXTERNALIZE build/GEDE01/src/game/game_fn_80079AA4.o
[519/893] EXTERNALIZE build/GEDE01/src/game/game_fn_80158D38.o
[520/893] EXTERNALIZE build/GEDE01/src/game/game_fn_801A3A78.o
[521/893] EXTERNALIZE build/GEDE01/src/game/game_fn_8008F224.o
[522/893] EXTERNALIZE build/GEDE01/src/game/game_fn_80167454.o
[523/893] EXTERNALIZE build/GEDE01/src/game/game_fn_800AF230.o
[524/893] EXTERNALIZE build/GEDE01/src/game/game_fn_801A93E8.o
[525/893] EXTERNALIZE build/GEDE01/src/game/game_fn_801AB154.o
[526/893] EXTERNALIZE build/GEDE01/src/game/game_fn_801A7E04.o
[527/893] EXTERNALIZE build/GEDE01/src/game/game_fn_801A7EA8.o
[528/893] EXTERNALIZE build/GEDE01/src/game/game_fn_801A6CB4.o
[529/893] EXTERNALIZE build/GEDE01/src/game/game_fn_801A4CE0.o
[530/893] EXTERNALIZE build/GEDE01/src/game/game_fn_801A6C58.o
[531/893] NAME JUMPTABLE build/GEDE01/src/game/game_fn_801A6ADC.o
[532/893] EXTERNALIZE build/GEDE01/src/game/game_fn_801A6410.o
[533/893] EXTERNALIZE build/GEDE01/src/game/game_fn_801A5FB0.o
[534/893] EXTERNALIZE build/GEDE01/src/game/game_fn_801A1F18.o
[535/893] EXTERNALIZE build/GEDE01/src/game/game_fn_8019E8C8.o
[536/893] EXTERNALIZE build/GEDE01/src/game/game_fn_8019E5E4.o
[537/893] EXTERNALIZE build/GEDE01/src/game/game_fn_8019CFC4.o
[538/893] EXTERNALIZE build/GEDE01/src/game/game_fn_8019CC28.o
[539/893] EXTERNALIZE build/GEDE01/src/game/game_fn_801991E0.o
[540/893] EXTERNALIZE build/GEDE01/src/game/game_fn_80198BF4.o
[541/893] EXTERNALIZE build/GEDE01/src/game/game_fn_80198AAC.o
[542/893] EXTERNALIZE build/GEDE01/src/game/game_fn_80198154.o
[543/893] EXTERNALIZE build/GEDE01/src/game/game_fn_80194F80.o
[544/893] EXTERNALIZE build/GEDE01/src/game/game_fn_80197910.o
[545/893] EXTERNALIZE build/GEDE01/src/game/game_fn_80177434.o
repointed 2 relocations to lbl_80250588
[546/893] EXTERNALIZE build/GEDE01/src/game/game_fn_80193E1C.o
[547/893] EXTERNALIZE build/GEDE01/src/game/game_fn_801931C4.o
[548/893] EXTERNALIZE build/GEDE01/src/game/game_fn_80193F3C.o
[549/893] EXTERNALIZE build/GEDE01/src/game/game_fn_80192F54.o
[550/893] EXTERNALIZE build/GEDE01/src/game/game_fn_80191F58.o
[551/893] EXTERNALIZE build/GEDE01/src/game/game_fn_8019197C.o
[552/893] EXTERNALIZE build/GEDE01/src/game/game_fn_80191360.o
[553/893] GLOBALIZE build/GEDE01/src/game/game_fn_8018F1D0.o
[554/893] EXTERNALIZE build/GEDE01/src/game/game_fn_8018D688.o
[555/893] EXTERNALIZE build/GEDE01/src/game/game_fn_8018F81C.o
[556/893] EXTERNALIZE build/GEDE01/src/game/game_fn_8018D2E0.o
[557/893] EXTERNALIZE build/GEDE01/src/game/game_fn_80189968.o
[558/893] EXTERNALIZE build/GEDE01/src/game/game_fn_80189760.o
[559/893] EXTERNALIZE build/GEDE01/src/game/game_fn_8018D1F0.o
[560/893] EXTERNALIZE build/GEDE01/src/game/game_fn_801896A0.o
[561/893] EXTERNALIZE build/GEDE01/src/game/game_fn_801895E8.o
[562/893] EXTERNALIZE build/GEDE01/src/game/game_fn_80189390.o
[563/893] EXTERNALIZE build/GEDE01/src/game/game_fn_801891D8.o
[564/893] EXTERNALIZE build/GEDE01/src/game/game_fn_80188E28.o
[565/893] EXTERNALIZE build/GEDE01/src/game/game_fn_80189028.o
[566/893] EXTERNALIZE build/GEDE01/src/game/game_fn_80188B44.o
[567/893] EXTERNALIZE build/GEDE01/src/game/game_fn_80188C1C.o
[568/893] EXTERNALIZE build/GEDE01/src/game/game_fn_80188A7C.o
[569/893] EXTERNALIZE build/GEDE01/src/game/game_fn_801878E0.o
[570/893] EXTERNALIZE build/GEDE01/src/game/game_fn_80187120.o
[571/893] EXTERNALIZE build/GEDE01/src/game/game_fn_8018FEDC.o
[572/893] EXTERNALIZE build/GEDE01/src/game/game_fn_80186E10.o
[573/893] EXTERNALIZE build/GEDE01/src/game/game_fn_801865EC.o
[574/893] EXTERNALIZE build/GEDE01/src/game/game_fn_80185AE8.o
[575/893] EXTERNALIZE build/GEDE01/src/game/game_fn_801859FC.o
[576/893] EXTERNALIZE build/GEDE01/src/game/game_fn_80180DDC.o
[577/893] EXTERNALIZE build/GEDE01/src/game/game_fn_8017E958.o
[578/893] EXTERNALIZE build/GEDE01/src/game/game_fn_8017E850.o
[579/893] EXTERNALIZE build/GEDE01/src/game/game_fn_8017718C.o
[580/893] EXTERNALIZE build/GEDE01/src/game/game_fn_801770F8.o
[581/893] EXTERNALIZE build/GEDE01/src/game/game_fn_80176FA0.o
[582/893] EXTERNALIZE build/GEDE01/src/game/game_fn_80176DF4.o
[583/893] EXTERNALIZE build/GEDE01/src/game/game_fn_80174358.o
[584/893] EXTERNALIZE build/GEDE01/src/game/game_fn_80173F04.o
[585/893] EXTERNALIZE build/GEDE01/src/game/game_fn_80174184.o
[586/893] EXTERNALIZE build/GEDE01/src/game/game_fn_8017553C.o
[587/893] EXTERNALIZE build/GEDE01/src/game/game_fn_80173D44.o
[588/893] EXTERNALIZE build/GEDE01/src/game/game_fn_80173770.o
[589/893] EXTERNALIZE build/GEDE01/src/game/game_fn_801734B4.o
[590/893] EXTERNALIZE build/GEDE01/src/game/game_fn_80173270.o
[591/893] EXTERNALIZE build/GEDE01/src/game/game_fn_80172DB8.o
[592/893] EXTERNALIZE build/GEDE01/src/game/game_fn_80172C78.o
[593/893] EXTERNALIZE build/GEDE01/src/game/game_fn_80172BB0.o
[594/893] EXTERNALIZE build/GEDE01/src/game/game_fn_801726EC.o
[595/893] EXTERNALIZE build/GEDE01/src/game/game_fn_8017250C.o
[596/893] EXTERNALIZE build/GEDE01/src/game/game_fn_80171F30.o
[597/893] EXTERNALIZE build/GEDE01/src/game/game_fn_801718F4.o
[598/893] EXTERNALIZE build/GEDE01/src/game/game_fn_801719B4.o
[599/893] EXTERNALIZE build/GEDE01/src/game/game_fn_8017138C.o
[600/893] EXTERNALIZE build/GEDE01/src/game/game_fn_80171664.o
[601/893] EXTERNALIZE build/GEDE01/src/game/game_fn_801706DC.o
[602/893] EXTERNALIZE build/GEDE01/src/game/game_fn_80170A40.o
[603/893] NORMALIZE build/GEDE01/src/game/game_TRKNubWelcome.o
[604/893] NORMALIZE build/GEDE01/src/game/game_TRK_main.o
[605/893] NORMALIZE build/GEDE01/src/game/game_data_80239E10.o
[606/893] NORMALIZE build/GEDE01/src/game/game_data_80239E18.o
[607/893] EXTERNALIZE build/GEDE01/src/game/game_fn_80170E9C.o
[608/893] EXTERNALIZE build/GEDE01/src/game/game_fn_8017652C.o
[609/893] EXTERNALIZE build/GEDE01/src/game/game_fn_80175F0C.o
[610/893] EXTERNALIZE build/GEDE01/src/game/game_fn_80175E64.o
[611/893] EXTERNALIZE build/GEDE01/src/game/game_fn_80175FD4.o
[612/893] EXTERNALIZE build/GEDE01/src/game/game_fn_80176098.o
[613/893] EXTERNALIZE build/GEDE01/src/game/game_fn_80176220.o
[614/893] EXTERNALIZE build/GEDE01/src/game/game_fn_80176160.o
[615/893] EXTERNALIZE build/GEDE01/src/game/game_fn_80170DF4.o
[616/893] EXTERNALIZE build/GEDE01/src/game/game_fn_801762E8.o
[617/893] EXTERNALIZE build/GEDE01/src/game/game_fn_8016E8F8.o
[618/893] EXTERNALIZE build/GEDE01/src/game/game_fn_8016FEF8.o
[619/893] EXTERNALIZE build/GEDE01/src/game/game_fn_801704F8.o
[620/893] NORMALIZE build/GEDE01/src/game/game_fn_8016DF4C.o
[621/893] EXTERNALIZE build/GEDE01/src/game/game_fn_8016D2B8.o
[622/893] EXTERNALIZE build/GEDE01/src/game/game_fn_8016D040.o
[623/893] EXTERNALIZE build/GEDE01/src/game/game_fn_8016D1F8.o
[624/893] EXTERNALIZE build/GEDE01/src/game/game_fn_8016C774.o
[625/893] EXTERNALIZE build/GEDE01/src/game/game_fn_8016C4BC.o
[626/893] EXTERNALIZE build/GEDE01/src/game/game_fn_8016C238.o
[627/893] EXTERNALIZE build/GEDE01/src/game/game_fn_8016C164.o
[628/893] EXTERNALIZE build/GEDE01/src/game/game_fn_8016C0BC.o
[629/893] EXTERNALIZE build/GEDE01/src/game/game_fn_8017038C.o
[630/893] EXTERNALIZE build/GEDE01/src/game/game_fn_8016BF60.o
[631/893] EXTERNALIZE build/GEDE01/src/game/game_fn_8016BE1C.o
[632/893] EXTERNALIZE build/GEDE01/src/game/game_fn_8016BD0C.o
[633/893] EXTERNALIZE build/GEDE01/src/game/game_fn_80169650.o
[634/893] EXTERNALIZE build/GEDE01/src/game/game_fn_8015EDC0.o
[635/893] EXTERNALIZE build/GEDE01/src/game/game_fn_80167B5C.o
[636/893] EXTERNALIZE build/GEDE01/src/game/game_fn_8015DB84.o
[637/893] EXTERNALIZE build/GEDE01/src/game/game_fn_8015DC54.o
[638/893] EXTERNALIZE build/GEDE01/src/game/game_fn_80179398.o
[639/893] EXTERNALIZE build/GEDE01/src/game/game_fn_80158B20.o
[640/893] EXTERNALIZE build/GEDE01/src/game/game_fn_8017974C.o
[641/893] EXTERNALIZE build/GEDE01/src/game/game_fn_8017960C.o
[642/893] EXTERNALIZE build/GEDE01/src/game/game_fn_80179904.o
[643/893] EXTERNALIZE build/GEDE01/src/game/game_fn_8017A9B8.o
[644/893] EXTERNALIZE build/GEDE01/src/game/game_fn_80179A18.o
[645/893] EXTERNALIZE build/GEDE01/src/game/game_fn_80179A74.o
[646/893] EXTERNALIZE build/GEDE01/src/game/game_fn_80179EB8.o
[647/893] EXTERNALIZE build/GEDE01/src/game/game_fn_80179F20.o
[648/893] EXTERNALIZE build/GEDE01/src/game/game_fn_8017A010.o
[649/893] EXTERNALIZE build/GEDE01/src/game/game_fn_8017A12C.o
[650/893] EXTERNALIZE build/GEDE01/src/game/game_fn_80157C0C.o
[651/893] EXTERNALIZE build/GEDE01/src/game/game_fn_8017A1C0.o
[652/893] EXTERNALIZE build/GEDE01/src/game/game_fn_80155814.o
[653/893] EXTERNALIZE build/GEDE01/src/game/game_fn_80153898.o
[654/893] EXTERNALIZE build/GEDE01/src/game/game_fn_8014B494.o
[655/893] EXTERNALIZE build/GEDE01/src/game/game_fn_8014AF38.o
[656/893] EXTERNALIZE build/GEDE01/src/game/game_fn_8012DB28.o
[657/893] EXTERNALIZE build/GEDE01/src/game/game_fn_801141B8.o
[658/893] EXTERNALIZE build/GEDE01/src/game/game_fn_801128E4.o
[659/893] EXTERNALIZE build/GEDE01/src/game/game_fn_801126E0.o
[660/893] EXTERNALIZE build/GEDE01/src/game/game_fn_8010F184.o
[661/893] EXTERNALIZE build/GEDE01/src/game/game_fn_800E4980.o
[662/893] EXTERNALIZE build/GEDE01/src/game/game_fn_800C17EC.o
[663/893] EXTERNALIZE build/GEDE01/src/game/game_fn_800C030C.o
[664/893] EXTERNALIZE build/GEDE01/src/game/game_fn_800C59F0.o
[665/893] EXTERNALIZE build/GEDE01/src/game/game_fn_800C644C.o
[666/893] EXTERNALIZE build/GEDE01/src/game/game_fn_800C65FC.o
[667/893] EXTERNALIZE build/GEDE01/src/game/game_fn_800CB8F4.o
[668/893] EXTERNALIZE build/GEDE01/src/game/game_fn_800CB760.o
[669/893] EXTERNALIZE build/GEDE01/src/game/game_fn_80078500.o
[670/893] EXTERNALIZE build/GEDE01/src/game/game_fn_80079908.o
[671/893] EXTERNALIZE build/GEDE01/src/game/game_fn_8007B2F4.o
[672/893] EXTERNALIZE build/GEDE01/src/game/game_fn_8007B540.o
[673/893] EXTERNALIZE build/GEDE01/src/game/game_fn_8007B640.o
[674/893] EXTERNALIZE build/GEDE01/src/game/game_fn_8007BA3C.o
[675/893] EXTERNALIZE build/GEDE01/src/game/game_fn_800886D8.o
[676/893] EXTERNALIZE build/GEDE01/src/game/game_fn_800934A0.o
[677/893] EXTERNALIZE build/GEDE01/src/game/game_fn_800A3894.o
[678/893] EXTERNALIZE build/GEDE01/src/game/game_fn_800A4798.o
[679/893] EXTERNALIZE build/GEDE01/src/game/game_fn_800A7E88.o
[680/893] GLOBALIZE build/GEDE01/src/game/game_fn_800A2130.o
[681/893] EXTERNALIZE build/GEDE01/src/game/game_fn_800A2FCC.o
[682/893] EXTERNALIZE build/GEDE01/src/game/game_fn_8009C424.o
[683/893] EXTERNALIZE SWITCHES build/GEDE01/src/game/game_fn_80095FDC.o
[684/893] EXTERNALIZE build/GEDE01/src/game/game_fn_80096830.o
[685/893] GLOBALIZE build/GEDE01/src/game/game_fn_8008F890.o
[686/893] EXTERNALIZE build/GEDE01/src/game/game_fn_800A4428.o
[687/893] EXTERNALIZE build/GEDE01/src/game/game_fn_80074310.o
[688/893] GLOBALIZE build/GEDE01/src/game/game_fn_8005FD84.o
[689/893] EXTERNALIZE build/GEDE01/src/game/game_fn_80066888.o
[690/893] EXTERNALIZE build/GEDE01/src/game/game_fn_8005EC6C.o
[691/893] EXTERNALIZE build/GEDE01/src/game/game_fn_80052310.o
[692/893] EXTERNALIZE build/GEDE01/src/game/game_fn_80048B24.o
[693/893] NAME SWITCH build/GEDE01/src/game/game_fn_80020E94.o
[694/893] NAME SWITCH build/GEDE01/src/game/game_fn_8005EE9C.o
[695/893] NAME SWITCH build/GEDE01/src/game/game_fn_8016D9C0.o
[696/893] NAME SWITCH build/GEDE01/src/game/game_fn_80071A58.o
[697/893] EXTERNALIZE build/GEDE01/src/game/game_fn_80048ADC.o
[698/893] NAME SWITCH build/GEDE01/src/game/game_fn_8006B620.o
[699/893] NAME SWITCH build/GEDE01/src/game/game_fn_8001FE1C.o
[700/893] NAME SWITCH build/GEDE01/src/game/game_fn_8001E644.o
[701/893] EXTERNALIZE build/GEDE01/src/game/game_fn_80038878.o
[702/893] EXTERNALIZE build/GEDE01/src/game/game_fn_801B46C8.o
build/GEDE01/src/game/game_fn_801B46C8.o: lbl_8060C020 now undefined; section 6 emptied
[703/893] EXTERNALIZE build/GEDE01/src/game/game_fn_80036C40.o
[704/893] EXTERNALIZE build/GEDE01/src/game/game_fn_800359A0.o
[705/893] EXTERNALIZE build/GEDE01/src/game/game_fn_80033180.o
[706/893] EXTERNALIZE build/GEDE01/src/game/game_fn_80033038.o
[707/893] EXTERNALIZE build/GEDE01/src/game/game_fn_80032B84.o
[708/893] EXTERNALIZE build/GEDE01/src/game/game_fn_8003232C.o
[709/893] EXTERNALIZE build/GEDE01/src/game/game_fn_8002E3F0.o
[710/893] EXTERNALIZE build/GEDE01/src/game/game_fn_8002DAE0.o
[711/893] EXTERNALIZE build/GEDE01/src/game/game_fn_8002F428.o
[712/893] EXTERNALIZE build/GEDE01/src/game/game_fn_8002EA68.o
[713/893] GLOBALIZE build/GEDE01/src/game/game_fn_8002B748.o
[714/893] NAME SWITCHES build/GEDE01/src/game/game_fn_80024F28.o
[715/893] EXTERNALIZE build/GEDE01/src/game/game_fn_800272B4.o
[716/893] EXTERNALIZE build/GEDE01/src/game/game_fn_8001CE94.o
[717/893] EXTERNALIZE build/GEDE01/src/game/game_fn_8001CD58.o
[718/893] EXTERNALIZE build/GEDE01/src/game/game_fn_8001C078.o
[719/893] EXTERNALIZE build/GEDE01/src/game/game_fn_8001B874.o
[720/893] EXTERNALIZE build/GEDE01/src/game/game_fn_8001B808.o
[721/893] EXTERNALIZE build/GEDE01/src/game/game_fn_8001B294.o
[722/893] EXTERNALIZE build/GEDE01/src/game/game_fn_8001B124.o
[723/893] EXTERNALIZE build/GEDE01/src/game/game_fn_8001ADF8.o
[724/893] EXTERNALIZE build/GEDE01/src/game/game_fn_8001AF68.o
[725/893] EXTERNALIZE build/GEDE01/src/game/game_fn_8001AAB8.o
[726/893] EXTERNALIZE build/GEDE01/src/game/game_fn_8001A6C4.o
[727/893] EXTERNALIZE build/GEDE01/src/game/game_fn_80019F98.o
[728/893] EXTERNALIZE build/GEDE01/src/game/game_fn_80019C10.o
[729/893] EXTERNALIZE build/GEDE01/src/game/game_fn_80019D2C.o
[730/893] EXTERNALIZE build/GEDE01/src/game/game_fn_800194D0.o
[731/893] EXTERNALIZE build/GEDE01/src/game/game_fn_80019940.o
[732/893] EXTERNALIZE build/GEDE01/src/game/game_fn_80019054.o
[733/893] EXTERNALIZE build/GEDE01/src/game/game_fn_80019244.o
[734/893] EXTERNALIZE build/GEDE01/src/game/game_fn_80018EF4.o
[735/893] EXTERNALIZE build/GEDE01/src/game/game_fn_80017DB0.o
[736/893] EXTERNALIZE build/GEDE01/src/game/game_fn_80017C3C.o
[737/893] EXTERNALIZE build/GEDE01/src/game/game_fn_80017CC8.o
[738/893] EXTERNALIZE build/GEDE01/src/game/game_fn_80017AE4.o
[739/893] EXTERNALIZE build/GEDE01/src/game/game_fn_80017A3C.o
[740/893] EXTERNALIZE build/GEDE01/src/game/game_fn_800179AC.o
[741/893] EXTERNALIZE build/GEDE01/src/game/game_fn_80017910.o
[742/893] EXTERNALIZE build/GEDE01/src/game/game_fn_8000FFD8.o
[743/893] EXTERNALIZE FLAGS build/GEDE01/src/game/game_fn_800119FC.o
[744/893] EXTERNALIZE build/GEDE01/src/game/game_fn_8000F4B0.o
[745/893] EXTERNALIZE build/GEDE01/src/game/game_fn_8000EFC4.o
[746/893] GLOBALIZE build/GEDE01/src/game/game_fn_800094C0.o
[747/893] EXTERNALIZE build/GEDE01/src/game/game_fn_800096E0.o
[748/893] EXTERNALIZE build/GEDE01/src/game/game_fn_800098C0.o
[749/893] EXTERNALIZE build/GEDE01/src/game/game_fn_800099D8.o
[750/893] EXTERNALIZE build/GEDE01/src/game/game_fn_80009AB4.o
[751/893] EXTERNALIZE build/GEDE01/src/game/game_fn_8000A26C.o
[752/893] EXTERNALIZE build/GEDE01/src/game/game_fn_800171C0.o
[753/893] EXTERNALIZE build/GEDE01/src/game/game_fn_8000AC88.o
[754/893] EXTERNALIZE build/GEDE01/src/game/game_fn_800176F0.o
[755/893] EXTERNALIZE build/GEDE01/src/game/game_fn_8000AFB4.o
[756/893] EXTERNALIZE build/GEDE01/src/game/game_fn_8000AEB4.o
[757/893] EXTERNALIZE build/GEDE01/src/game/game_fn_8000B1B8.o
[758/893] EXTERNALIZE build/GEDE01/src/game/game_fn_8000B36C.o
[759/893] EXTERNALIZE build/GEDE01/src/game/game_fn_8000B7FC.o
[760/893] EXTERNALIZE build/GEDE01/src/game/game_fn_8000B630.o
[761/893] EXTERNALIZE build/GEDE01/src/game/game_fn_8000B900.o
[762/893] EXTERNALIZE build/GEDE01/src/game/game_fn_8000BA0C.o
[763/893] EXTERNALIZE build/GEDE01/src/game/game_fn_8000BAA0.o
[764/893] EXTERNALIZE build/GEDE01/src/game/game_fn_8000BC40.o
[765/893] EXTERNALIZE build/GEDE01/src/game/game_fn_8000C17C.o
[766/893] EXTERNALIZE build/GEDE01/src/game/game_fn_8000C06C.o
[767/893] EXTERNALIZE build/GEDE01/src/game/game_fn_8000C848.o
[768/893] EXTERNALIZE build/GEDE01/src/game/game_fn_8000C400.o
[769/893] EXTERNALIZE build/GEDE01/src/game/game_fn_8000D0BC.o
[770/893] EXTERNALIZE build/GEDE01/src/game/game_fn_8000C91C.o
[771/893] NAME SWITCH build/GEDE01/src/game/game_fn_8000D8A4.o
[772/893] EXTERNALIZE build/GEDE01/src/game/game_fn_8000D3D4.o
[773/893] EXTERNALIZE build/GEDE01/src/game/game_fn_8000E054.o
[774/893] EXTERNALIZE build/GEDE01/src/game/game_fn_8000E0AC.o
[775/893] EXTERNALIZE build/GEDE01/src/game/game_fn_8000E96C.o
[776/893] EXTERNALIZE build/GEDE01/src/game/game_fn_8000F774.o
[777/893] EXTERNALIZE build/GEDE01/src/game/game_fn_8000EB14.o
[778/893] EXTERNALIZE build/GEDE01/src/game/game_fn_8000ED44.o
[779/893] EXTERNALIZE build/GEDE01/src/game/game_fn_8000EBD4.o
[780/893] EXTERNALIZE build/GEDE01/src/game/game_fn_8000E138.o
[781/893] EXTERNALIZE build/GEDE01/src/game/game_fn_8000E1C4.o
[782/893] EXTERNALIZE build/GEDE01/src/game/game_fn_8000D590.o
[783/893] EXTERNALIZE build/GEDE01/src/game/game_fn_8000DA50.o
[784/893] EXTERNALIZE build/GEDE01/src/game/game_fn_8000DAF4.o
[785/893] EXTERNALIZE build/GEDE01/src/game/game_fn_80012DA8.o
[786/893] EXTERNALIZE build/GEDE01/src/game/game_fn_80012FD0.o
[787/893] EXTERNALIZE build/GEDE01/src/game/game_fn_80012F40.o
[788/893] EXTERNALIZE build/GEDE01/src/game/game_fn_800131E8.o
[789/893] EXTERNALIZE build/GEDE01/src/game/game_fn_80013340.o
[790/893] EXTERNALIZE build/GEDE01/src/game/game_fn_80013870.o
[791/893] EXTERNALIZE build/GEDE01/src/game/game_fn_80013CB0.o
[792/893] EXTERNALIZE build/GEDE01/src/game/game_fn_80013D54.o
[793/893] EXTERNALIZE build/GEDE01/src/game/game_fn_800142DC.o
[794/893] EXTERNALIZE build/GEDE01/src/game/game_fn_800144CC.o
[795/893] EXTERNALIZE build/GEDE01/src/game/game_fn_80014784.o
[796/893] EXTERNALIZE build/GEDE01/src/game/game_fn_800149D4.o
[797/893] EXTERNALIZE build/GEDE01/src/game/game_fn_80015058.o
[798/893] EXTERNALIZE build/GEDE01/src/game/game_fn_80015320.o
[799/893] EXTERNALIZE build/GEDE01/src/game/game_fn_80015568.o
[800/893] EXTERNALIZE build/GEDE01/src/game/game_fn_800156FC.o
[801/893] EXTERNALIZE build/GEDE01/src/game/game_fn_80015BE0.o
[802/893] EXTERNALIZE build/GEDE01/src/game/game_fn_80015D40.o
[803/893] EXTERNALIZE build/GEDE01/src/game/game_fn_80015F04.o
[804/893] EXTERNALIZE build/GEDE01/src/game/game_fn_80016128.o
[805/893] EXTERNALIZE build/GEDE01/src/game/game_fn_80016270.o
[806/893] EXTERNALIZE build/GEDE01/src/game/game_fn_80016904.o
[807/893] EXTERNALIZE build/GEDE01/src/game/game_fn_800173CC.o
[808/893] EXTERNALIZE build/GEDE01/src/game/game_fn_80016B24.o
[809/893] EXTERNALIZE build/GEDE01/src/game/game_fn_801BEF40.o
[810/893] EXTERNALIZE build/GEDE01/src/game/game_fn_801B86C0.o
[811/893] EXTERNALIZE STATIC POOL build/GEDE01/src/game/game_fn_801C4B5C.o
build/GEDE01/src/game/game_fn_801C4B5C.o: lbl_80628CB0 now undefined; section 6 emptied
[812/893] EXTERNALIZE build/GEDE01/src/game/game_fn_801C8600.o
[813/893] EXTERNALIZE build/GEDE01/src/game/game_fn_800B2EC0.o
[814/893] EXTERNALIZE build/GEDE01/src/game/game_fn_8001CA04.o
[815/893] EXTERNALIZE build/GEDE01/src/game/game_fn_80031544.o
[816/893] EXTERNALIZE build/GEDE01/src/game/game_fn_8006B0F0.o
[817/893] EXTERNALIZE build/GEDE01/src/game/game_fn_8007D4D8.o
[818/893] EXTERNALIZE build/GEDE01/src/game/game_fn_8007F770.o
[819/893] EXTERNALIZE build/GEDE01/src/game/game_fn_80088F4C.o
[820/893] EXTERNALIZE build/GEDE01/src/game/game_fn_8008A2E0.o
[821/893] EXTERNALIZE build/GEDE01/src/game/game_fn_80090004.o
[822/893] EXTERNALIZE build/GEDE01/src/game/game_fn_80095D10.o
[823/893] EXTERNALIZE build/GEDE01/src/game/game_fn_800A3180.o
[824/893] EXTERNALIZE build/GEDE01/src/game/game_fn_800BB7A8.o
[825/893] EXTERNALIZE build/GEDE01/src/game/game_fn_800BB5C4.o
[826/893] EXTERNALIZE build/GEDE01/src/game/game_fn_800BB9A4.o
[827/893] EXTERNALIZE build/GEDE01/src/game/game_fn_800BBAF0.o
[828/893] EXTERNALIZE build/GEDE01/src/game/game_fn_800D9064.o
[829/893] EXTERNALIZE build/GEDE01/src/game/game_fn_800D9E10.o
[830/893] EXTERNALIZE build/GEDE01/src/game/game_fn_8012976C.o
[831/893] EXTERNALIZE build/GEDE01/src/game/game_fn_8013DB8C.o
[832/893] EXTERNALIZE build/GEDE01/src/game/game_fn_8013CBE4.o
[833/893] EXTERNALIZE build/GEDE01/src/game/game_fn_8014CA98.o
[834/893] EXTERNALIZE build/GEDE01/src/game/game_fn_80153A24.o
[835/893] EXTERNALIZE build/GEDE01/src/game/game_fn_801535D8.o
[836/893] EXTERNALIZE build/GEDE01/src/game/game_fn_80174F2C.o
[837/893] EXTERNALIZE build/GEDE01/src/game/game_fn_801752B0.o
[838/893] EXTERNALIZE build/GEDE01/src/game/game_fn_8017AC20.o
[839/893] EXTERNALIZE build/GEDE01/src/game/game_fn_8018680C.o
[840/893] EXTERNALIZE build/GEDE01/src/game/game_fn_80186F70.o
[841/893] EXTERNALIZE build/GEDE01/src/game/game_fn_80187320.o
[842/893] EXTERNALIZE build/GEDE01/src/game/game_fn_801810A0.o
[843/893] EXTERNALIZE build/GEDE01/src/game/game_fn_801875FC.o
[844/893] EXTERNALIZE build/GEDE01/src/game/game_fn_800542D0.o
[845/893] EXTERNALIZE build/GEDE01/src/game/game_fn_80189C14.o
[846/893] EXTERNALIZE build/GEDE01/src/game/game_fn_80187BB4.o
[847/893] EXTERNALIZE build/GEDE01/src/game/game_fn_8018C2D0.o
[848/893] EXTERNALIZE build/GEDE01/src/game/game_fn_8018D400.o
[849/893] EXTERNALIZE build/GEDE01/src/game/game_fn_8018E0D8.o
[850/893] EXTERNALIZE build/GEDE01/src/game/game_fn_8019120C.o
[851/893] EXTERNALIZE build/GEDE01/src/game/game_fn_8018DC24.o
[852/893] EXTERNALIZE build/GEDE01/src/game/game_fn_801916D0.o
[853/893] EXTERNALIZE build/GEDE01/src/game/game_fn_801926EC.o
[854/893] EXTERNALIZE build/GEDE01/src/game/game_fn_801929A4.o
[855/893] EXTERNALIZE build/GEDE01/src/game/game_fn_801A2A54.o
[856/893] EXTERNALIZE build/GEDE01/src/game/game_fn_801952E8.o
[857/893] EXTERNALIZE build/GEDE01/src/game/game_fn_801A34BC.o
[858/893] EXTERNALIZE build/GEDE01/src/game/game_fn_801A657C.o
[859/893] EXTERNALIZE build/GEDE01/src/game/game_fn_801D1F78.o
[860/893] EXTERNALIZE build/GEDE01/src/game/game_fn_801E2A48.o
[861/893] EXTERNALIZE build/GEDE01/src/game/game_fn_801E6814.o
[862/893] EXTERNALIZE build/GEDE01/src/game/game_fn_801E995C.o
[863/893] EXTERNALIZE build/GEDE01/src/game/game_fn_801F10BC.o
[864/893] EXTERNALIZE build/GEDE01/src/game/game_fn_801EF580.o
[865/893] EXTERNALIZE build/GEDE01/src/game/game_fn_801F35A8.o
[866/893] EXTERNALIZE build/GEDE01/src/game/game_fn_801ECD74.o
[867/893] EXTERNALIZE build/GEDE01/src/game/game_fn_801ED5F4.o
[868/893] EXTERNALIZE build/GEDE01/src/game/game_fn_801F69F0.o
[869/893] EXTERNALIZE build/GEDE01/src/game/game_fn_801F76EC.o
[870/893] EXTERNALIZE build/GEDE01/src/game/game_fn_801F8264.o
[871/893] EXTERNALIZE build/GEDE01/src/game/game_fn_801F89B4.o
[872/893] EXTERNALIZE build/GEDE01/src/game/game_fn_801F9AF8.o
[873/893] EXTERNALIZE build/GEDE01/src/game/game_fn_801F6BD8.o
[874/893] EXTERNALIZE build/GEDE01/src/game/game_fn_801FB6A4.o
[875/893] EXTERNALIZE JUMPTABLES build/GEDE01/src/game/game_fn_800361F8.o
[876/893] EXTERNALIZE JUMPTABLES build/GEDE01/src/game/game_fn_8006E53C.o
[877/893] EXTERNALIZE JUMPTABLES build/GEDE01/src/game/game_fn_800CF598.o
[878/893] EXTERNALIZE JUMPTABLES build/GEDE01/src/game/game_fn_801ACFE8.o
[879/893] EXTERNALIZE JUMPTABLES build/GEDE01/src/game/game_fn_801B1BA0.o
[880/893] EXTERNALIZE build/GEDE01/src/game/game_fn_80154F74.o
[881/893] EXTERNALIZE build/GEDE01/src/game/game_fn_8009E808.o
[882/893] EXTERNALIZE build/GEDE01/src/game/game_fn_801F1A38.o
[883/893] EXTERNALIZE build/GEDE01/src/game/game_fn_801F55A0.o
[884/893] EXTERNALIZE build/GEDE01/src/game/game_fn_801FFE78.o
[885/893] EXTERNALIZE build/GEDE01/src/game/game_fn_801F7510.o
[886/893] EXTERNALIZE build/GEDE01/src/game/game_fn_801F9CF4.o
[887/893] EXTERNALIZE build/GEDE01/src/game/game_fn_801FC034.o
[888/893] EXTERNALIZE build/GEDE01/src/game/game_fn_801FA9C8.o
[889/893] REPORT
 INFO Loading project .
 INFO Generating report for 7068 units (using 8 threads)
 INFO Report generated in 0.184s
 INFO Writing to build/GEDE01/report.json
[890/893] LINK build/GEDE01/main.elf
### mwldeppc.exe Linker Warning:
#   Section '.ignored' is unknown. Section ignored.
### mwldeppc.exe Linker Warning:
#   Section '.ignored' is unknown. Section ignored.
### mwldeppc.exe Linker Warning:
#   Section '.ignored' is unknown. Section ignored.
### mwldeppc.exe Linker Warning:
#   Section '.ignored' is unknown. Section ignored.
### mwldeppc.exe Linker Warning:
#   Section '.ignored' is unknown. Section ignored.
### mwldeppc.exe Linker Warning:
#   Section '.ignored' is unknown. Section ignored.
### mwldeppc.exe Linker Warning:
#   Section '.ignored' is unknown. Section ignored.
### mwldeppc.exe Linker Warning:
#   Section '.ignored' is unknown. Section ignored.
### mwldeppc.exe Linker Warning:
#   Section '.ignored' is unknown. Section ignored.
### mwldeppc.exe Linker Warning:
#   Section '.ignored' is unknown. Section ignored.
### mwldeppc.exe Linker Warning:
#   Section '.ignored' is unknown. Section ignored.
### mwldeppc.exe Linker Warning:
#   Section '.ignored' is unknown. Section ignored.
### mwldeppc.exe Linker Warning:
#   Section '.ignored' is unknown. Section ignored.
### mwldeppc.exe Linker Warning:
#   Section '.ignored' is unknown. Section ignored.
### mwldeppc.exe Linker Warning:
#   Section '.ignored' is unknown. Section ignored.
### mwldeppc.exe Linker Warning:
#   Section '.ignored' is unknown. Section ignored.
### mwldeppc.exe Linker Warning:
#   Section '.ignored' is unknown. Section ignored.
### mwldeppc.exe Linker Warning:
#   Section '.ignored' is unknown. Section ignored.
### mwldeppc.exe Linker Warning:
#   Section '.ignored' is unknown. Section ignored.
### mwldeppc.exe Linker Warning:
#   Section '.ignored' is unknown. Section ignored.
### mwldeppc.exe Linker Warning:
#   Section '.ignored' is unknown. Section ignored.
### mwldeppc.exe Linker Warning:
#   Section '.ignored' is unknown. Section ignored.
### mwldeppc.exe Linker Warning:
#   Section '.ignored' is unknown. Section ignored.
### mwldeppc.exe Linker Warning:
#   Section '.ignored' is unknown. Section ignored.
### mwldeppc.exe Linker Warning:
#   Section '.ignored' is unknown. Section ignored.
### mwldeppc.exe Linker Warning:
#   Section '.ignored' is unknown. Section ignored.
### mwldeppc.exe Linker Warning:
#   Section '.ignored' is unknown. Section ignored.
### mwldeppc.exe Linker Warning:
#   Section '.ignored' is unknown. Section ignored.
### mwldeppc.exe Linker Warning:
#   Section '.ignored' is unknown. Section ignored.
### mwldeppc.exe Linker Warning:
#   Section '.ignored' is unknown. Section ignored.
### mwldeppc.exe Linker Warning:
#   Section '.ignored' is unknown. Section ignored.
### mwldeppc.exe Linker Warning:
#   Section '.ignored' is unknown. Section ignored.
### mwldeppc.exe Linker Warning:
#   Section '.ignored' is unknown. Section ignored.
### mwldeppc.exe Linker Warning:
#   Section '.ignored' is unknown. Section ignored.
### mwldeppc.exe Linker Warning:
#   Section '.ignored' is unknown. Section ignored.
### mwldeppc.exe Linker Warning:
#   Section '.ignored' is unknown. Section ignored.
### mwldeppc.exe Linker Warning:
#   Section '.ignored' is unknown. Section ignored.
### mwldeppc.exe Linker Warning:
#   Section '.ignored' is unknown. Section ignored.
### mwldeppc.exe Linker Warning:
#   Section '.ignored' is unknown. Section ignored.
### mwldeppc.exe Linker Warning:
#   Section '.ignored' is unknown. Section ignored.
### mwldeppc.exe Linker Warning:
#   Section '.ignored' is unknown. Section ignored.
### mwldeppc.exe Linker Warning:
#   Section '.ignored' is unknown. Section ignored.
### mwldeppc.exe Linker Warning:
#   Section '.ignored' is unknown. Section ignored.
### mwldeppc.exe Linker Warning:
#   Section '.ignored' is unknown. Section ignored.
### mwldeppc.exe Linker Warning:
#   Section '.ignored' is unknown. Section ignored.
### mwldeppc.exe Linker Warning:
#   Section '.ignored' is unknown. Section ignored.
### mwldeppc.exe Linker Warning:
#   Section '.ignored' is unknown. Section ignored.
### mwldeppc.exe Linker Warning:
#   Section '.ignored' is unknown. Section ignored.
### mwldeppc.exe Linker Warning:
#   Section '.ignored' is unknown. Section ignored.
### mwldeppc.exe Linker Warning:
#   Section '.ignored' is unknown. Section ignored.
### mwldeppc.exe Linker Warning:
#   Section '.ignored' is unknown. Section ignored.
### mwldeppc.exe Linker Warning:
#   Section '.ignored' is unknown. Section ignored.
### mwldeppc.exe Linker Warning:
#   Section '.ignored' is unknown. Section ignored.
### mwldeppc.exe Linker Warning:
#   Section '.ignored' is unknown. Section ignored.
### mwldeppc.exe Linker Warning:
#   Section '.ignored' is unknown. Section ignored.
### mwldeppc.exe Linker Warning:
#   Section '.ignored' is unknown. Section ignored.
### mwldeppc.exe Linker Warning:
#   Section '.ignored' is unknown. Section ignored.
### mwldeppc.exe Linker Warning:
#   Section '.ignored' is unknown. Section ignored.
### mwldeppc.exe Linker Warning:
#   Section '.ignored' is unknown. Section ignored.
### mwldeppc.exe Linker Warning:
#   Section '.ignored' is unknown. Section ignored.
### mwldeppc.exe Linker Warning:
#   Section '.ignored' is unknown. Section ignored.
### mwldeppc.exe Linker Warning:
#   Section '.ignored' is unknown. Section ignored.
### mwldeppc.exe Linker Warning:
#   Section '.ignored' is unknown. Section ignored.
### mwldeppc.exe Linker Warning:
#   Section '.ignored' is unknown. Section ignored.
### mwldeppc.exe Linker Warning:
#   Section '.ignored' is unknown. Section ignored.
### mwldeppc.exe Linker Warning:
#   Section '.ignored' is unknown. Section ignored.
### mwldeppc.exe Linker Warning:
#   Section '.ignored' is unknown. Section ignored.
### mwldeppc.exe Linker Warning:
#   Section '.ignored' is unknown. Section ignored.
### mwldeppc.exe Linker Warning:
#   Section '.ignored' is unknown. Section ignored.
### mwldeppc.exe Linker Warning:
#   Section '.ignored' is unknown. Section ignored.
### mwldeppc.exe Linker Warning:
#   Section '.ignored' is unknown. Section ignored.
### mwldeppc.exe Linker Warning:
#   Section '.ignored' is unknown. Section ignored.
### mwldeppc.exe Linker Warning:
#   Section '.ignored' is unknown. Section ignored.
### mwldeppc.exe Linker Warning:
#   Section '.ignored' is unknown. Section ignored.
### mwldeppc.exe Linker Warning:
#   Section '.ignored' is unknown. Section ignored.
### mwldeppc.exe Linker Warning:
#   Section '.ignored' is unknown. Section ignored.
### mwldeppc.exe Linker Warning:
#   Section '.ignored' is unknown. Section ignored.
### mwldeppc.exe Linker Warning:
#   Section '.ignored' is unknown. Section ignored.
### mwldeppc.exe Linker Warning:
#   Section '.ignored' is unknown. Section ignored.
### mwldeppc.exe Linker Warning:
#   Section '.ignored' is unknown. Section ignored.
### mwldeppc.exe Linker Warning:
#   Section '.ignored' is unknown. Section ignored.
### mwldeppc.exe Linker Warning:
#   Section '.ignored' is unknown. Section ignored.
### mwldeppc.exe Linker Warning:
#   Section '.ignored' is unknown. Section ignored.
### mwldeppc.exe Linker Warning:
#   Section '.ignored' is unknown. Section ignored.
### mwldeppc.exe Linker Warning:
#   Section '.ignored' is unknown. Section ignored.
### mwldeppc.exe Linker Warning:
#   Section '.ignored' is unknown. Section ignored.
### mwldeppc.exe Linker Warning:
#   Section '.ignored' is unknown. Section ignored.
### mwldeppc.exe Linker Warning:
#   Section '.ignored' is unknown. Section ignored.
### mwldeppc.exe Linker Warning:
#   Section '.ignored' is unknown. Section ignored.
### mwldeppc.exe Linker Warning:
#   Section '.ignored' is unknown. Section ignored.
### mwldeppc.exe Linker Warning:
#   Section '.ignored' is unknown. Section ignored.
### mwldeppc.exe Linker Warning:
#   Section '.ignored' is unknown. Section ignored.
### mwldeppc.exe Linker Warning:
#   Section '.ignored' is unknown. Section ignored.
### mwldeppc.exe Linker Warning:
#   Section '.ignored' is unknown. Section ignored.
### mwldeppc.exe Linker Warning:
#   Section '.ignored' is unknown. Section ignored.
### mwldeppc.exe Linker Warning:
#   Section '.ignored' is unknown. Section ignored.
### mwldeppc.exe Linker Warning:
#   Section '.ignored' is unknown. Section ignored.
### mwldeppc.exe Linker Warning:
#   Section '.ignored' is unknown. Section ignored.
### mwldeppc.exe Linker Warning:
#   Section '.ignored' is unknown. Section ignored.
### mwldeppc.exe Linker Warning:
#   Section '.ignored' is unknown. Section ignored.
### mwldeppc.exe Linker Warning:
#   Section '.ignored' is unknown. Section ignored.
### mwldeppc.exe Linker Warning:
#   Section '.ignored' is unknown. Section ignored.
### mwldeppc.exe Linker Warning:
#   Section '.ignored' is unknown. Section ignored.
### mwldeppc.exe Linker Warning:
#   Section '.ignored' is unknown. Section ignored.
### mwldeppc.exe Linker Warning:
#   Section '.ignored' is unknown. Section ignored.
### mwldeppc.exe Linker Warning:
#   Section '.ignored' is unknown. Section ignored.
### mwldeppc.exe Linker Warning:
#   Section '.ignored' is unknown. Section ignored.
### mwldeppc.exe Linker Warning:
#   Section '.ignored' is unknown. Section ignored.
### mwldeppc.exe Linker Warning:
#   Section '.ignored' is unknown. Section ignored.
### mwldeppc.exe Linker Warning:
#   Section '.ignored' is unknown. Section ignored.
### mwldeppc.exe Linker Warning:
#   Section '.ignored' is unknown. Section ignored.
### mwldeppc.exe Linker Warning:
#   Section '.ignored' is unknown. Section ignored.
### mwldeppc.exe Linker Warning:
#   Section '.ignored' is unknown. Section ignored.
### mwldeppc.exe Linker Warning:
#   Section '.ignored' is unknown. Section ignored.
### mwldeppc.exe Linker Warning:
#   Section '.ignored' is unknown. Section ignored.
### mwldeppc.exe Linker Warning:
#   Section '.ignored' is unknown. Section ignored.
### mwldeppc.exe Linker Warning:
#   Section '.ignored' is unknown. Section ignored.
### mwldeppc.exe Linker Warning:
#   Section '.ignored' is unknown. Section ignored.
### mwldeppc.exe Linker Warning:
#   Section '.ignored' is unknown. Section ignored.
### mwldeppc.exe Linker Warning:
#   Section '.ignored' is unknown. Section ignored.
### mwldeppc.exe Linker Warning:
#   Section '.ignored' is unknown. Section ignored.
### mwldeppc.exe Linker Warning:
#   Section '.ignored' is unknown. Section ignored.
### mwldeppc.exe Linker Warning:
#   Section '.ignored' is unknown. Section ignored.
### mwldeppc.exe Linker Warning:
#   Section '.ignored' is unknown. Section ignored.
### mwldeppc.exe Linker Warning:
#   Section '.ignored' is unknown. Section ignored.
### mwldeppc.exe Linker Warning:
#   Section '.ignored' is unknown. Section ignored.
### mwldeppc.exe Linker Warning:
#   Section '.ignored' is unknown. Section ignored.
### mwldeppc.exe Linker Warning:
#   Section '.ignored' is unknown. Section ignored.
### mwldeppc.exe Linker Warning:
#   Section '.ignored' is unknown. Section ignored.
### mwldeppc.exe Linker Warning:
#   Section '.ignored' is unknown. Section ignored.
### mwldeppc.exe Linker Warning:
#   Section '.ignored' is unknown. Section ignored.
### mwldeppc.exe Linker Warning:
#   Section '.ignored' is unknown. Section ignored.
### mwldeppc.exe Linker Warning:
#   Section '.ignored' is unknown. Section ignored.
### mwldeppc.exe Linker Warning:
#   Section '.ignored' is unknown. Section ignored.
### mwldeppc.exe Linker Warning:
#   Section '.ignored' is unknown. Section ignored.
### mwldeppc.exe Linker Warning:
#   Section '.ignored' is unknown. Section ignored.
### mwldeppc.exe Linker Warning:
#   Section '.ignored' is unknown. Section ignored.
### mwldeppc.exe Linker Warning:
#   Section '.ignored' is unknown. Section ignored.
### mwldeppc.exe Linker Warning:
#   Section '.ignored' is unknown. Section ignored.
### mwldeppc.exe Linker Warning:
#   Section '.ignored' is unknown. Section ignored.
### mwldeppc.exe Linker Warning:
#   Section '.ignored' is unknown. Section ignored.
### mwldeppc.exe Linker Warning:
#   Section '.ignored' is unknown. Section ignored.
### mwldeppc.exe Linker Warning:
#   Section '.ignored' is unknown. Section ignored.
### mwldeppc.exe Linker Warning:
#   Section '.ignored' is unknown. Section ignored.
### mwldeppc.exe Linker Warning:
#   Section '.ignored' is unknown. Section ignored.
### mwldeppc.exe Linker Warning:
#   Section '.ignored' is unknown. Section ignored.
### mwldeppc.exe Linker Warning:
#   Section '.ignored' is unknown. Section ignored.
### mwldeppc.exe Linker Warning:
#   Section '.ignored' is unknown. Section ignored.
### mwldeppc.exe Linker Warning:
#   Section '.ignored' is unknown. Section ignored.
### mwldeppc.exe Linker Warning:
#   Section '.ignored' is unknown. Section ignored.
### mwldeppc.exe Linker Warning:
#   Section '.ignored' is unknown. Section ignored.
### mwldeppc.exe Linker Warning:
#   Section '.ignored' is unknown. Section ignored.
### mwldeppc.exe Linker Warning:
#   Section '.ignored' is unknown. Section ignored.
### mwldeppc.exe Linker Warning:
#   Section '.ignored' is unknown. Section ignored.
### mwldeppc.exe Linker Warning:
#   Section '.ignored' is unknown. Section ignored.
### mwldeppc.exe Linker Warning:
#   Section '.ignored' is unknown. Section ignored.
### mwldeppc.exe Linker Warning:
#   Section '.ignored' is unknown. Section ignored.
### mwldeppc.exe Linker Warning:
#   Section '.ignored' is unknown. Section ignored.
### mwldeppc.exe Linker Warning:
#   Section '.ignored' is unknown. Section ignored.
### mwldeppc.exe Linker Warning:
#   Section '.ignored' is unknown. Section ignored.
### mwldeppc.exe Linker Warning:
#   Section '.ignored' is unknown. Section ignored.
### mwldeppc.exe Linker Warning:
#   Section '.ignored' is unknown. Section ignored.
### mwldeppc.exe Linker Warning:
#   Section '.ignored' is unknown. Section ignored.
### mwldeppc.exe Linker Warning:
#   Section '.ignored' is unknown. Section ignored.
### mwldeppc.exe Linker Warning:
#   Section '.ignored' is unknown. Section ignored.
### mwldeppc.exe Linker Warning:
#   Section '.ignored' is unknown. Section ignored.
### mwldeppc.exe Linker Warning:
#   Section '.ignored' is unknown. Section ignored.
### mwldeppc.exe Linker Warning:
#   Section '.ignored' is unknown. Section ignored.
### mwldeppc.exe Linker Warning:
#   Section '.ignored' is unknown. Section ignored.
### mwldeppc.exe Linker Warning:
#   Section '.ignored' is unknown. Section ignored.
### mwldeppc.exe Linker Warning:
#   Section '.ignored' is unknown. Section ignored.
### mwldeppc.exe Linker Warning:
#   Section '.ignored' is unknown. Section ignored.
### mwldeppc.exe Linker Warning:
#   Section '.ignored' is unknown. Section ignored.
### mwldeppc.exe Linker Warning:
#   Section '.ignored' is unknown. Section ignored.
### mwldeppc.exe Linker Warning:
#   Section '.ignored' is unknown. Section ignored.
### mwldeppc.exe Linker Warning:
#   Section '.ignored' is unknown. Section ignored.
### mwldeppc.exe Linker Warning:
#   Section '.ignored' is unknown. Section ignored.
### mwldeppc.exe Linker Warning:
#   Section '.ignored' is unknown. Section ignored.
### mwldeppc.exe Linker Warning:
#   Section '.ignored' is unknown. Section ignored.
### mwldeppc.exe Linker Warning:
#   Section '.ignored' is unknown. Section ignored.
### mwldeppc.exe Linker Warning:
#   Section '.ignored' is unknown. Section ignored.
### mwldeppc.exe Linker Warning:
#   Section '.ignored' is unknown. Section ignored.
### mwldeppc.exe Linker Warning:
#   Section '.ignored' is unknown. Section ignored.
### mwldeppc.exe Linker Warning:
#   Section '.ignored' is unknown. Section ignored.
### mwldeppc.exe Linker Warning:
#   Section '.ignored' is unknown. Section ignored.
### mwldeppc.exe Linker Warning:
#   Section '.ignored' is unknown. Section ignored.
### mwldeppc.exe Linker Warning:
#   Section '.ignored' is unknown. Section ignored.
### mwldeppc.exe Linker Warning:
#   Section '.ignored' is unknown. Section ignored.
### mwldeppc.exe Linker Warning:
#   Section '.ignored' is unknown. Section ignored.
### mwldeppc.exe Linker Warning:
#   Section '.ignored' is unknown. Section ignored.
### mwldeppc.exe Linker Warning:
#   Section '.ignored' is unknown. Section ignored.
### mwldeppc.exe Linker Warning:
#   Section '.ignored' is unknown. Section ignored.
### mwldeppc.exe Linker Warning:
#   Section '.ignored' is unknown. Section ignored.
### mwldeppc.exe Linker Warning:
#   Section '.ignored' is unknown. Section ignored.
### mwldeppc.exe Linker Warning:
#   Section '.ignored' is unknown. Section ignored.
### mwldeppc.exe Linker Warning:
#   Section '.ignored' is unknown. Section ignored.
### mwldeppc.exe Linker Warning:
#   Section '.ignored' is unknown. Section ignored.
### mwldeppc.exe Linker Warning:
#   Section '.ignored' is unknown. Section ignored.
### mwldeppc.exe Linker Warning:
#   Section '.ignored' is unknown. Section ignored.
### mwldeppc.exe Linker Warning:
#   Section '.ignored' is unknown. Section ignored.
### mwldeppc.exe Linker Warning:
#   Section '.ignored' is unknown. Section ignored.
### mwldeppc.exe Linker Warning:
#   Section '.ignored' is unknown. Section ignored.
### mwldeppc.exe Linker Warning:
#   Section '.ignored' is unknown. Section ignored.
### mwldeppc.exe Linker Warning:
#   Section '.ignored' is unknown. Section ignored.
### mwldeppc.exe Linker Warning:
#   Section '.ignored' is unknown. Section ignored.
### mwldeppc.exe Linker Warning:
#   Section '.ignored' is unknown. Section ignored.
### mwldeppc.exe Linker Warning:
#   Section '.ignored' is unknown. Section ignored.
### mwldeppc.exe Linker Warning:
#   Section '.ignored' is unknown. Section ignored.
### mwldeppc.exe Linker Warning:
#   Section '.ignored' is unknown. Section ignored.
### mwldeppc.exe Linker Warning:
#   Section '.ignored' is unknown. Section ignored.
### mwldeppc.exe Linker Warning:
#   Section '.ignored' is unknown. Section ignored.
### mwldeppc.exe Linker Warning:
#   Section '.ignored' is unknown. Section ignored.
### mwldeppc.exe Linker Warning:
#   Section '.ignored' is unknown. Section ignored.
### mwldeppc.exe Linker Warning:
#   Section '.ignored' is unknown. Section ignored.
### mwldeppc.exe Linker Warning:
#   Section '.ignored' is unknown. Section ignored.
### mwldeppc.exe Linker Warning:
#   Section '.ignored' is unknown. Section ignored.
### mwldeppc.exe Linker Warning:
#   Section '.ignored' is unknown. Section ignored.
### mwldeppc.exe Linker Warning:
#   Section '.ignored' is unknown. Section ignored.
### mwldeppc.exe Linker Warning:
#   Section '.ignored' is unknown. Section ignored.
### mwldeppc.exe Linker Warning:
#   Section '.ignored' is unknown. Section ignored.
### mwldeppc.exe Linker Warning:
#   Section '.ignored' is unknown. Section ignored.
### mwldeppc.exe Linker Warning:
#   Section '.ignored' is unknown. Section ignored.
### mwldeppc.exe Linker Warning:
#   Section '.ignored' is unknown. Section ignored.
### mwldeppc.exe Linker Warning:
#   Section '.ignored' is unknown. Section ignored.
### mwldeppc.exe Linker Warning:
#   Section '.ignored' is unknown. Section ignored.
### mwldeppc.exe Linker Warning:
#   Section '.ignored' is unknown. Section ignored.
### mwldeppc.exe Linker Warning:
#   Section '.ignored' is unknown. Section ignored.
### mwldeppc.exe Linker Warning:
#   Section '.ignored' is unknown. Section ignored.
### mwldeppc.exe Linker Warning:
#   Section '.ignored' is unknown. Section ignored.
### mwldeppc.exe Linker Warning:
#   Section '.ignored' is unknown. Section ignored.
### mwldeppc.exe Linker Warning:
#   Section '.ignored' is unknown. Section ignored.
### mwldeppc.exe Linker Warning:
#   Section '.ignored' is unknown. Section ignored.
### mwldeppc.exe Linker Warning:
#   Section '.ignored' is unknown. Section ignored.
### mwldeppc.exe Linker Warning:
#   Section '.ignored' is unknown. Section ignored.
### mwldeppc.exe Linker Warning:
#   Section '.ignored' is unknown. Section ignored.
### mwldeppc.exe Linker Warning:
#   Section '.ignored' is unknown. Section ignored.
### mwldeppc.exe Linker Warning:
#   Section '.ignored' is unknown. Section ignored.
### mwldeppc.exe Linker Warning:
#   Section '.ignored' is unknown. Section ignored.
### mwldeppc.exe Linker Warning:
#   Section '.ignored' is unknown. Section ignored.
### mwldeppc.exe Linker Warning:
#   Section '.ignored' is unknown. Section ignored.
### mwldeppc.exe Linker Warning:
#   Section '.ignored' is unknown. Section ignored.
### mwldeppc.exe Linker Warning:
#   Section '.ignored' is unknown. Section ignored.
### mwldeppc.exe Linker Warning:
#   Section '.ignored' is unknown. Section ignored.
### mwldeppc.exe Linker Warning:
#   Section '.ignored' is unknown. Section ignored.
### mwldeppc.exe Linker Warning:
#   Section '.ignored' is unknown. Section ignored.
### mwldeppc.exe Linker Warning:
#   Section '.ignored' is unknown. Section ignored.
### mwldeppc.exe Linker Warning:
#   Section '.ignored' is unknown. Section ignored.
### mwldeppc.exe Linker Warning:
#   Section '.ignored' is unknown. Section ignored.
### mwldeppc.exe Linker Warning:
#   Section '.ignored' is unknown. Section ignored.
### mwldeppc.exe Linker Warning:
#   Section '.ignored' is unknown. Section ignored.
### mwldeppc.exe Linker Warning:
#   Section '.ignored' is unknown. Section ignored.
### mwldeppc.exe Linker Warning:
#   Section '.ignored' is unknown. Section ignored.
### mwldeppc.exe Linker Warning:
#   Section '.ignored' is unknown. Section ignored.
### mwldeppc.exe Linker Warning:
#   Section '.ignored' is unknown. Section ignored.
### mwldeppc.exe Linker Warning:
#   Section '.ignored' is unknown. Section ignored.
### mwldeppc.exe Linker Warning:
#   Section '.ignored' is unknown. Section ignored.
### mwldeppc.exe Linker Warning:
#   Section '.ignored' is unknown. Section ignored.
### mwldeppc.exe Linker Warning:
#   Section '.ignored' is unknown. Section ignored.
### mwldeppc.exe Linker Warning:
#   Section '.ignored' is unknown. Section ignored.
### mwldeppc.exe Linker Warning:
#   Section '.ignored' is unknown. Section ignored.
### mwldeppc.exe Linker Warning:
#   Section '.ignored' is unknown. Section ignored.
### mwldeppc.exe Linker Warning:
#   Section '.ignored' is unknown. Section ignored.
### mwldeppc.exe Linker Warning:
#   Section '.ignored' is unknown. Section ignored.
### mwldeppc.exe Linker Warning:
#   Section '.ignored' is unknown. Section ignored.
### mwldeppc.exe Linker Warning:
#   Section '.ignored' is unknown. Section ignored.
### mwldeppc.exe Linker Warning:
#   Section '.ignored' is unknown. Section ignored.
### mwldeppc.exe Linker Warning:
#   Section '.ignored' is unknown. Section ignored.
### mwldeppc.exe Linker Warning:
#   Section '.ignored' is unknown. Section ignored.
### mwldeppc.exe Linker Warning:
#   Section '.ignored' is unknown. Section ignored.
### mwldeppc.exe Linker Warning:
#   Section '.ignored' is unknown. Section ignored.
### mwldeppc.exe Linker Warning:
#   Section '.ignored' is unknown. Section ignored.
### mwldeppc.exe Linker Warning:
#   Section '.ignored' is unknown. Section ignored.
### mwldeppc.exe Linker Warning:
#   Section '.ignored' is unknown. Section ignored.
### mwldeppc.exe Linker Warning:
#   Section '.ignored' is unknown. Section ignored.
### mwldeppc.exe Linker Warning:
#   Section '.ignored' is unknown. Section ignored.
### mwldeppc.exe Linker Warning:
#   Section '.ignored' is unknown. Section ignored.
### mwldeppc.exe Linker Warning:
#   Section '.ignored' is unknown. Section ignored.
### mwldeppc.exe Linker Warning:
#   Section '.ignored' is unknown. Section ignored.
### mwldeppc.exe Linker Warning:
#   Section '.ignored' is unknown. Section ignored.
### mwldeppc.exe Linker Warning:
#   Section '.ignored' is unknown. Section ignored.
### mwldeppc.exe Linker Warning:
#   Section '.ignored' is unknown. Section ignored.
### mwldeppc.exe Linker Warning:
#   Section '.ignored' is unknown. Section ignored.
### mwldeppc.exe Linker Warning:
#   Section '.ignored' is unknown. Section ignored.
### mwldeppc.exe Linker Warning:
#   Section '.ignored' is unknown. Section ignored.
### mwldeppc.exe Linker Warning:
#   Section '.ignored' is unknown. Section ignored.
### mwldeppc.exe Linker Warning:
#   Section '.ignored' is unknown. Section ignored.
### mwldeppc.exe Linker Warning:
#   Section '.ignored' is unknown. Section ignored.
### mwldeppc.exe Linker Warning:
#   Section '.ignored' is unknown. Section ignored.
### mwldeppc.exe Linker Warning:
#   Section '.ignored' is unknown. Section ignored.
### mwldeppc.exe Linker Warning:
#   Section '.ignored' is unknown. Section ignored.
### mwldeppc.exe Linker Warning:
#   Section '.ignored' is unknown. Section ignored.
### mwldeppc.exe Linker Warning:
#   Section '.ignored' is unknown. Section ignored.
### mwldeppc.exe Linker Warning:
#   Section '.ignored' is unknown. Section ignored.
### mwldeppc.exe Linker Warning:
#   Section '.ignored' is unknown. Section ignored.
### mwldeppc.exe Linker Warning:
#   Section '.ignored' is unknown. Section ignored.
### mwldeppc.exe Linker Warning:
#   Section '.ignored' is unknown. Section ignored.
### mwldeppc.exe Linker Warning:
#   Section '.ignored' is unknown. Section ignored.
### mwldeppc.exe Linker Warning:
#   Section '.ignored' is unknown. Section ignored.
### mwldeppc.exe Linker Warning:
#   Section '.ignored' is unknown. Section ignored.
### mwldeppc.exe Linker Warning:
#   Section '.ignored' is unknown. Section ignored.
### mwldeppc.exe Linker Warning:
#   Section '.ignored' is unknown. Section ignored.
### mwldeppc.exe Linker Warning:
#   Section '.ignored' is unknown. Section ignored.
### mwldeppc.exe Linker Warning:
#   Section '.ignored' is unknown. Section ignored.
### mwldeppc.exe Linker Warning:
#   Section '.ignored' is unknown. Section ignored.
### mwldeppc.exe Linker Warning:
#   Section '.ignored' is unknown. Section ignored.
### mwldeppc.exe Linker Warning:
#   Section '.ignored' is unknown. Section ignored.
### mwldeppc.exe Linker Warning:
#   Section '.ignored' is unknown. Section ignored.
### mwldeppc.exe Linker Warning:
#   Section '.ignored' is unknown. Section ignored.
### mwldeppc.exe Linker Warning:
#   Section '.ignored' is unknown. Section ignored.
### mwldeppc.exe Linker Warning:
#   Section '.ignored' is unknown. Section ignored.
### mwldeppc.exe Linker Warning:
#   Section '.ignored' is unknown. Section ignored.
### mwldeppc.exe Linker Warning:
#   Section '.ignored' is unknown. Section ignored.
### mwldeppc.exe Linker Warning:
#   Section '.ignored' is unknown. Section ignored.
### mwldeppc.exe Linker Warning:
#   Section '.ignored' is unknown. Section ignored.
### mwldeppc.exe Linker Warning:
#   Section '.ignored' is unknown. Section ignored.
### mwldeppc.exe Linker Warning:
#   Section '.ignored' is unknown. Section ignored.
### mwldeppc.exe Linker Warning:
#   Section '.ignored' is unknown. Section ignored.
### mwldeppc.exe Linker Warning:
#   Section '.ignored' is unknown. Section ignored.
### mwldeppc.exe Linker Warning:
#   Section '.ignored' is unknown. Section ignored.
### mwldeppc.exe Linker Warning:
#   Section '.ignored' is unknown. Section ignored.
### mwldeppc.exe Linker Warning:
#   Section '.ignored' is unknown. Section ignored.
### mwldeppc.exe Linker Warning:
#   Section '.ignored' is unknown. Section ignored.
### mwldeppc.exe Linker Warning:
#   Section '.ignored' is unknown. Section ignored.
### mwldeppc.exe Linker Warning:
#   Section '.ignored' is unknown. Section ignored.
### mwldeppc.exe Linker Warning:
#   Section '.ignored' is unknown. Section ignored.
### mwldeppc.exe Linker Warning:
#   Section '.ignored' is unknown. Section ignored.
### mwldeppc.exe Linker Warning:
#   Section '.ignored' is unknown. Section ignored.
### mwldeppc.exe Linker Warning:
#   Section '.ignored' is unknown. Section ignored.
### mwldeppc.exe Linker Warning:
#   Section '.ignored' is unknown. Section ignored.
### mwldeppc.exe Linker Warning:
#   Section '.ignored' is unknown. Section ignored.
### mwldeppc.exe Linker Warning:
#   Section '.ignored' is unknown. Section ignored.
### mwldeppc.exe Linker Warning:
#   Section '.ignored' is unknown. Section ignored.
### mwldeppc.exe Linker Warning:
#   Section '.ignored' is unknown. Section ignored.
### mwldeppc.exe Linker Warning:
#   Section '.ignored' is unknown. Section ignored.
### mwldeppc.exe Linker Warning:
#   Section '.ignored' is unknown. Section ignored.
### mwldeppc.exe Linker Warning:
#   Section '.ignored' is unknown. Section ignored.
### mwldeppc.exe Linker Warning:
#   Section '.ignored' is unknown. Section ignored.
### mwldeppc.exe Linker Warning:
#   Section '.ignored' is unknown. Section ignored.
### mwldeppc.exe Linker Warning:
#   Section '.ignored' is unknown. Section ignored.
### mwldeppc.exe Linker Warning:
#   Section '.ignored' is unknown. Section ignored.
### mwldeppc.exe Linker Warning:
#   Section '.ignored' is unknown. Section ignored.
### mwldeppc.exe Linker Warning:
#   Section '.ignored' is unknown. Section ignored.
### mwldeppc.exe Linker Warning:
#   Section '.ignored' is unknown. Section ignored.
### mwldeppc.exe Linker Warning:
#   Section '.ignored' is unknown. Section ignored.
### mwldeppc.exe Linker Warning:
#   Section '.ignored' is unknown. Section ignored.
### mwldeppc.exe Linker Warning:
#   Section '.ignored' is unknown. Section ignored.
### mwldeppc.exe Linker Warning:
#   Section '.ignored' is unknown. Section ignored.
### mwldeppc.exe Linker Warning:
#   Section '.ignored' is unknown. Section ignored.
### mwldeppc.exe Linker Warning:
#   Section '.ignored' is unknown. Section ignored.
### mwldeppc.exe Linker Warning:
#   Section '.ignored' is unknown. Section ignored.
### mwldeppc.exe Linker Warning:
#   Section '.ignored' is unknown. Section ignored.
### mwldeppc.exe Linker Warning:
#   Section '.ignored' is unknown. Section ignored.
### mwldeppc.exe Linker Warning:
#   Section '.ignored' is unknown. Section ignored.
### mwldeppc.exe Linker Warning:
#   Section '.ignored' is unknown. Section ignored.
### mwldeppc.exe Linker Warning:
#   Section '.ignored' is unknown. Section ignored.
### mwldeppc.exe Linker Warning:
#   Section '.ignored' is unknown. Section ignored.
### mwldeppc.exe Linker Warning:
#   Section '.ignored' is unknown. Section ignored.
### mwldeppc.exe Linker Warning:
#   Section '.ignored' is unknown. Section ignored.
### mwldeppc.exe Linker Warning:
#   Section '.ignored' is unknown. Section ignored.
### mwldeppc.exe Linker Warning:
#   Section '.ignored' is unknown. Section ignored.
### mwldeppc.exe Linker Warning:
#   Section '.ignored' is unknown. Section ignored.
### mwldeppc.exe Linker Warning:
#   Section '.ignored' is unknown. Section ignored.
### mwldeppc.exe Linker Warning:
#   Section '.ignored' is unknown. Section ignored.
### mwldeppc.exe Linker Warning:
#   Section '.ignored' is unknown. Section ignored.
### mwldeppc.exe Linker Warning:
#   Section '.ignored' is unknown. Section ignored.
### mwldeppc.exe Linker Warning:
#   Section '.ignored' is unknown. Section ignored.
### mwldeppc.exe Linker Warning:
#   Section '.ignored' is unknown. Section ignored.
### mwldeppc.exe Linker Warning:
#   Section '.ignored' is unknown. Section ignored.
### mwldeppc.exe Linker Warning:
#   Section '.ignored' is unknown. Section ignored.
### mwldeppc.exe Linker Warning:
#   Section '.ignored' is unknown. Section ignored.
### mwldeppc.exe Linker Warning:
#   Section '.ignored' is unknown. Section ignored.
### mwldeppc.exe Linker Warning:
#   Section '.ignored' is unknown. Section ignored.
### mwldeppc.exe Linker Warning:
#   Section '.ignored' is unknown. Section ignored.
### mwldeppc.exe Linker Warning:
#   Section '.ignored' is unknown. Section ignored.
### mwldeppc.exe Linker Warning:
#   Section '.ignored' is unknown. Section ignored.
### mwldeppc.exe Linker Warning:
#   Section '.ignored' is unknown. Section ignored.
### mwldeppc.exe Linker Warning:
#   Section '.ignored' is unknown. Section ignored.
### mwldeppc.exe Linker Warning:
#   Section '.ignored' is unknown. Section ignored.
### mwldeppc.exe Linker Warning:
#   Section '.ignored' is unknown. Section ignored.
### mwldeppc.exe Linker Warning:
#   Section '.ignored' is unknown. Section ignored.
### mwldeppc.exe Linker Warning:
#   Section '.ignored' is unknown. Section ignored.
### mwldeppc.exe Linker Warning:
#   Section '.ignored' is unknown. Section ignored.
### mwldeppc.exe Linker Warning:
#   Section '.ignored' is unknown. Section ignored.
### mwldeppc.exe Linker Warning:
#   Section '.ignored' is unknown. Section ignored.
### mwldeppc.exe Linker Warning:
#   Section '.ignored' is unknown. Section ignored.
### mwldeppc.exe Linker Warning:
#   Section '.ignored' is unknown. Section ignored.
### mwldeppc.exe Linker Warning:
#   Section '.ignored' is unknown. Section ignored.
### mwldeppc.exe Linker Warning:
#   Section '.ignored' is unknown. Section ignored.
### mwldeppc.exe Linker Warning:
#   Section '.ignored' is unknown. Section ignored.
### mwldeppc.exe Linker Warning:
#   Section '.ignored' is unknown. Section ignored.
### mwldeppc.exe Linker Warning:
#   Section '.ignored' is unknown. Section ignored.
### mwldeppc.exe Linker Warning:
#   Section '.ignored' is unknown. Section ignored.
### mwldeppc.exe Linker Warning:
#   Section '.ignored' is unknown. Section ignored.
### mwldeppc.exe Linker Warning:
#   Section '.ignored' is unknown. Section ignored.
### mwldeppc.exe Linker Warning:
#   Section '.ignored' is unknown. Section ignored.
### mwldeppc.exe Linker Warning:
#   Section '.ignored' is unknown. Section ignored.
### mwldeppc.exe Linker Warning:
#   Section '.ignored' is unknown. Section ignored.
### mwldeppc.exe Linker Warning:
#   Section '.ignored' is unknown. Section ignored.
### mwldeppc.exe Linker Warning:
#   Section '.ignored' is unknown. Section ignored.
### mwldeppc.exe Linker Warning:
#   Section '.ignored' is unknown. Section ignored.
### mwldeppc.exe Linker Warning:
#   Section '.ignored' is unknown. Section ignored.
### mwldeppc.exe Linker Warning:
#   Section '.ignored' is unknown. Section ignored.
### mwldeppc.exe Linker Warning:
#   Section '.ignored' is unknown. Section ignored.
### mwldeppc.exe Linker Warning:
#   Section '.ignored' is unknown. Section ignored.
### mwldeppc.exe Linker Warning:
#   Section '.ignored' is unknown. Section ignored.
### mwldeppc.exe Linker Warning:
#   Section '.ignored' is unknown. Section ignored.
### mwldeppc.exe Linker Warning:
#   Section '.ignored' is unknown. Section ignored.
### mwldeppc.exe Linker Warning:
#   Section '.ignored' is unknown. Section ignored.
### mwldeppc.exe Linker Warning:
#   Section '.ignored' is unknown. Section ignored.
### mwldeppc.exe Linker Warning:
#   Section '.ignored' is unknown. Section ignored.
### mwldeppc.exe Linker Warning:
#   Section '.ignored' is unknown. Section ignored.
### mwldeppc.exe Linker Warning:
#   Section '.ignored' is unknown. Section ignored.
### mwldeppc.exe Linker Warning:
#   Section '.ignored' is unknown. Section ignored.
### mwldeppc.exe Linker Warning:
#   Section '.ignored' is unknown. Section ignored.
### mwldeppc.exe Linker Warning:
#   Section '.ignored' is unknown. Section ignored.
### mwldeppc.exe Linker Warning:
#   Section '.ignored' is unknown. Section ignored.
### mwldeppc.exe Linker Warning:
#   Section '.ignored' is unknown. Section ignored.
### mwldeppc.exe Linker Warning:
#   Section '.ignored' is unknown. Section ignored.
### mwldeppc.exe Linker Warning:
#   Section '.ignored' is unknown. Section ignored.
### mwldeppc.exe Linker Warning:
#   Section '.ignored' is unknown. Section ignored.
### mwldeppc.exe Linker Warning:
#   Section '.ignored' is unknown. Section ignored.
### mwldeppc.exe Linker Warning:
#   Section '.ignored' is unknown. Section ignored.
### mwldeppc.exe Linker Warning:
#   Section '.ignored' is unknown. Section ignored.
### mwldeppc.exe Linker Warning:
#   Section '.ignored' is unknown. Section ignored.
### mwldeppc.exe Linker Warning:
#   Section '.ignored' is unknown. Section ignored.
### mwldeppc.exe Linker Warning:
#   Section '.ignored' is unknown. Section ignored.
### mwldeppc.exe Linker Warning:
#   Section '.ignored' is unknown. Section ignored.
### mwldeppc.exe Linker Warning:
#   Section '.ignored' is unknown. Section ignored.
### mwldeppc.exe Linker Warning:
#   Section '.ignored' is unknown. Section ignored.
### mwldeppc.exe Linker Warning:
#   Section '.ignored' is unknown. Section ignored.
### mwldeppc.exe Linker Warning:
#   Section '.ignored' is unknown. Section ignored.
### mwldeppc.exe Linker Warning:
#   Section '.ignored' is unknown. Section ignored.
### mwldeppc.exe Linker Warning:
#   Section '.ignored' is unknown. Section ignored.
### mwldeppc.exe Linker Warning:
#   Section '.ignored' is unknown. Section ignored.
### mwldeppc.exe Linker Warning:
#   Section '.ignored' is unknown. Section ignored.
### mwldeppc.exe Linker Warning:
#   Section '.ignored' is unknown. Section ignored.
### mwldeppc.exe Linker Warning:
#   Section '.ignored' is unknown. Section ignored.
### mwldeppc.exe Linker Warning:
#   Section '.ignored' is unknown. Section ignored.
### mwldeppc.exe Linker Warning:
#   Section '.ignored' is unknown. Section ignored.
### mwldeppc.exe Linker Warning:
#   Section '.ignored' is unknown. Section ignored.
### mwldeppc.exe Linker Warning:
#   Section '.ignored' is unknown. Section ignored.
### mwldeppc.exe Linker Warning:
#   Section '.ignored' is unknown. Section ignored.
### mwldeppc.exe Linker Warning:
#   Section '.ignored' is unknown. Section ignored.
### mwldeppc.exe Linker Warning:
#   Section '.ignored' is unknown. Section ignored.
### mwldeppc.exe Linker Warning:
#   Section '.ignored' is unknown. Section ignored.
### mwldeppc.exe Linker Warning:
#   Section '.ignored' is unknown. Section ignored.
### mwldeppc.exe Linker Warning:
#   Section '.ignored' is unknown. Section ignored.
### mwldeppc.exe Linker Warning:
#   Section '.ignored' is unknown. Section ignored.
### mwldeppc.exe Linker Warning:
#   Section '.ignored' is unknown. Section ignored.
### mwldeppc.exe Linker Warning:
#   Section '.ignored' is unknown. Section ignored.
### mwldeppc.exe Linker Warning:
#   Section '.ignored' is unknown. Section ignored.
### mwldeppc.exe Linker Warning:
#   Section '.ignored' is unknown. Section ignored.
### mwldeppc.exe Linker Warning:
#   Section '.ignored' is unknown. Section ignored.
### mwldeppc.exe Linker Warning:
#   Section '.ignored' is unknown. Section ignored.
### mwldeppc.exe Linker Warning:
#   Section '.ignored' is unknown. Section ignored.
### mwldeppc.exe Linker Warning:
#   Section '.ignored' is unknown. Section ignored.
### mwldeppc.exe Linker Warning:
#   Section '.ignored' is unknown. Section ignored.
### mwldeppc.exe Linker Warning:
#   Section '.ignored' is unknown. Section ignored.
### mwldeppc.exe Linker Warning:
#   Section '.ignored' is unknown. Section ignored.
### mwldeppc.exe Linker Warning:
#   Section '.ignored' is unknown. Section ignored.
### mwldeppc.exe Linker Warning:
#   Section '.ignored' is unknown. Section ignored.
### mwldeppc.exe Linker Warning:
#   Section '.ignored' is unknown. Section ignored.
### mwldeppc.exe Linker Warning:
#   Section '.ignored' is unknown. Section ignored.
### mwldeppc.exe Linker Warning:
#   Section '.ignored' is unknown. Section ignored.
### mwldeppc.exe Linker Warning:
#   Section '.ignored' is unknown. Section ignored.
### mwldeppc.exe Linker Warning:
#   Section '.ignored' is unknown. Section ignored.
### mwldeppc.exe Linker Warning:
#   Section '.ignored' is unknown. Section ignored.
### mwldeppc.exe Linker Warning:
#   Section '.ignored' is unknown. Section ignored.
### mwldeppc.exe Linker Warning:
#   Section '.ignored' is unknown. Section ignored.
### mwldeppc.exe Linker Warning:
#   Section '.ignored' is unknown. Section ignored.
### mwldeppc.exe Linker Warning:
#   Section '.ignored' is unknown. Section ignored.
### mwldeppc.exe Linker Warning:
#   Section '.ignored' is unknown. Section ignored.
### mwldeppc.exe Linker Warning:
#   Section '.ignored' is unknown. Section ignored.
### mwldeppc.exe Linker Warning:
#   Section '.ignored' is unknown. Section ignored.
### mwldeppc.exe Linker Warning:
#   Section '.ignored' is unknown. Section ignored.
### mwldeppc.exe Linker Warning:
#   Section '.ignored' is unknown. Section ignored.
### mwldeppc.exe Linker Warning:
#   Section '.ignored' is unknown. Section ignored.
### mwldeppc.exe Linker Warning:
#   Section '.ignored' is unknown. Section ignored.
### mwldeppc.exe Linker Warning:
#   Section '.ignored' is unknown. Section ignored.
### mwldeppc.exe Linker Warning:
#   Section '.ignored' is unknown. Section ignored.
### mwldeppc.exe Linker Warning:
#   Section '.ignored' is unknown. Section ignored.
### mwldeppc.exe Linker Warning:
#   Section '.ignored' is unknown. Section ignored.
### mwldeppc.exe Linker Warning:
#   Section '.ignored' is unknown. Section ignored.
### mwldeppc.exe Linker Warning:
#   Section '.ignored' is unknown. Section ignored.
### mwldeppc.exe Linker Warning:
#   Section '.ignored' is unknown. Section ignored.
### mwldeppc.exe Linker Warning:
#   Section '.ignored' is unknown. Section ignored.
### mwldeppc.exe Linker Warning:
#   Section '.ignored' is unknown. Section ignored.
### mwldeppc.exe Linker Warning:
#   Section '.ignored' is unknown. Section ignored.
### mwldeppc.exe Linker Warning:
#   Section '.ignored' is unknown. Section ignored.
### mwldeppc.exe Linker Warning:
#   Section '.ignored' is unknown. Section ignored.
### mwldeppc.exe Linker Warning:
#   Section '.ignored' is unknown. Section ignored.
### mwldeppc.exe Linker Warning:
#   Section '.ignored' is unknown. Section ignored.
### mwldeppc.exe Linker Warning:
#   Section '.ignored' is unknown. Section ignored.
### mwldeppc.exe Linker Warning:
#   Section '.ignored' is unknown. Section ignored.
### mwldeppc.exe Linker Warning:
#   Section '.ignored' is unknown. Section ignored.
### mwldeppc.exe Linker Warning:
#   Section '.ignored' is unknown. Section ignored.
### mwldeppc.exe Linker Warning:
#   Section '.ignored' is unknown. Section ignored.
### mwldeppc.exe Linker Warning:
#   Section '.ignored' is unknown. Section ignored.
### mwldeppc.exe Linker Warning:
#   Section '.ignored' is unknown. Section ignored.
### mwldeppc.exe Linker Warning:
#   Section '.ignored' is unknown. Section ignored.
### mwldeppc.exe Linker Warning:
#   Section '.ignored' is unknown. Section ignored.
### mwldeppc.exe Linker Warning:
#   Section '.ignored' is unknown. Section ignored.
### mwldeppc.exe Linker Warning:
#   Section '.ignored' is unknown. Section ignored.
### mwldeppc.exe Linker Warning:
#   Section '.ignored' is unknown. Section ignored.
### mwldeppc.exe Linker Warning:
#   Section '.ignored' is unknown. Section ignored.
### mwldeppc.exe Linker Warning:
#   Section '.ignored' is unknown. Section ignored.
### mwldeppc.exe Linker Warning:
#   Section '.ignored' is unknown. Section ignored.
### mwldeppc.exe Linker Warning:
#   Section '.ignored' is unknown. Section ignored.
### mwldeppc.exe Linker Warning:
#   Section '.ignored' is unknown. Section ignored.
### mwldeppc.exe Linker Warning:
#   Section '.ignored' is unknown. Section ignored.
### mwldeppc.exe Linker Warning:
#   Section '.ignored' is unknown. Section ignored.
### mwldeppc.exe Linker Warning:
#   Section '.ignored' is unknown. Section ignored.
### mwldeppc.exe Linker Warning:
#   Section '.ignored' is unknown. Section ignored.
### mwldeppc.exe Linker Warning:
#   Section '.ignored' is unknown. Section ignored.
### mwldeppc.exe Linker Warning:
#   Section '.ignored' is unknown. Section ignored.
### mwldeppc.exe Linker Warning:
#   Section '.ignored' is unknown. Section ignored.
### mwldeppc.exe Linker Warning:
#   Section '.ignored' is unknown. Section ignored.
### mwldeppc.exe Linker Warning:
#   Section '.ignored' is unknown. Section ignored.
### mwldeppc.exe Linker Warning:
#   Section '.ignored' is unknown. Section ignored.
### mwldeppc.exe Linker Warning:
#   Section '.ignored' is unknown. Section ignored.
### mwldeppc.exe Linker Warning:
#   Section '.ignored' is unknown. Section ignored.
### mwldeppc.exe Linker Warning:
#   Section '.ignored' is unknown. Section ignored.
### mwldeppc.exe Linker Warning:
#   Section '.ignored' is unknown. Section ignored.
[891/893] DOL build/GEDE01/main.dol
[892/893] CHECK config/GEDE01/build.sha1
build/GEDE01/main.dol: OK
[893/893] PROGRESS
Progress:
  All: 58.15% fuzzy, 48.12% matched, 48.09% linked (6276 / 7068 files)
    Code: 1107160 / 2300692 bytes (6042 / 8214 functions)
    Data: 39594 / 4305642 bytes (0.92%)
  Game Code: 93.67% fuzzy, 77.48% matched, 77.43% linked (6258 / 6633 files)
    Code: 1104132 / 1425104 bytes (5980 / 6354 functions)
    Data: 39370 / 40426 bytes (97.39%)
  SDK/Runtime: 100.00% fuzzy, 100.00% matched, 100.00% linked (18 / 18 files)
    Code: 3028 / 3028 bytes (62 / 62 functions)
    Data: 224 / 224 bytes (100.00%)
