[1/914] MWCC build/GEDE01/src/game/game_fn_80008014.o
[2/914] MWCC build/GEDE01/src/game/game_fn_800094C0.o
[3/914] MWCC build/GEDE01/src/game/game_fn_800098C0.o
[4/914] MWCC build/GEDE01/src/game/game_fn_800096E0.o
[5/914] MWCC build/GEDE01/src/game/game_fn_800099D8.o
[6/914] MWCC build/GEDE01/src/game/game_fn_80009AB4.o
[7/914] MWCC build/GEDE01/src/game/game_fn_8000A26C.o
[8/914] MWCC build/GEDE01/src/game/game_fn_8000AC88.o
[9/914] MWCC build/GEDE01/src/game/game_fn_8000AEB4.o
[10/914] MWCC build/GEDE01/src/game/game_fn_8000AFB4.o
[11/914] MWCC build/GEDE01/src/game/game_fn_8000B36C.o
[12/914] MWCC build/GEDE01/src/game/game_fn_8000B1B8.o
[13/914] MWCC build/GEDE01/src/game/game_fn_8000B630.o
[14/914] MWCC build/GEDE01/src/game/game_fn_8000B7FC.o
[15/914] MWCC build/GEDE01/src/game/game_fn_8000B900.o
[16/914] MWCC build/GEDE01/src/game/game_fn_8000BA0C.o
[17/914] MWCC build/GEDE01/src/game/game_fn_8000BAA0.o
[18/914] MWCC build/GEDE01/src/game/game_fn_8000BC40.o
[19/914] MWCC build/GEDE01/src/game/game_fn_8000C06C.o
[20/914] MWCC build/GEDE01/src/game/game_fn_8000C17C.o
[21/914] MWCC build/GEDE01/src/game/game_fn_8000C400.o
[22/914] MWCC build/GEDE01/src/game/game_fn_8000C848.o
[23/914] MWCC build/GEDE01/src/game/game_fn_8000D0BC.o
[24/914] MWCC build/GEDE01/src/game/game_fn_8000C91C.o
[25/914] MWCC build/GEDE01/src/game/game_fn_8000D3D4.o
[26/914] MWCC build/GEDE01/src/game/game_fn_8000D590.o
[27/914] MWCC build/GEDE01/src/game/game_fn_8000DA50.o
[28/914] MWCC build/GEDE01/src/game/game_fn_8000D8A4.o
[29/914] MWCC build/GEDE01/src/game/game_fn_8000E054.o
[30/914] MWCC build/GEDE01/src/game/game_fn_8000DAF4.o
[31/914] MWCC build/GEDE01/src/game/game_fn_8000E0AC.o
[32/914] MWCC build/GEDE01/src/game/game_fn_8000E138.o
[33/914] MWCC build/GEDE01/src/game/game_fn_8000E1C4.o
[34/914] MWCC build/GEDE01/src/game/game_fn_8000E96C.o
[35/914] MWCC build/GEDE01/src/game/game_fn_8000EB14.o
[36/914] MWCC build/GEDE01/src/game/game_fn_8000EBD4.o
[37/914] MWCC build/GEDE01/src/game/game_fn_8000ED44.o
[38/914] MWCC build/GEDE01/src/game/game_fn_8000EFC4.o
[39/914] MWCC build/GEDE01/src/game/game_fn_8000F4B0.o
[40/914] MWCC build/GEDE01/src/game/game_fn_8000F774.o
[41/914] MWCC build/GEDE01/src/game/game_fn_8000FDE8.o
[42/914] MWCC build/GEDE01/src/game/game_fn_8000FFD8.o
[43/914] MWCC build/GEDE01/src/game/game_fn_800119FC.o
[44/914] MWCC build/GEDE01/src/game/game_fn_80012DA8.o
[45/914] MWCC build/GEDE01/src/game/game_fn_80012F40.o
[46/914] MWCC build/GEDE01/src/game/game_fn_80012FD0.o
[47/914] MWCC build/GEDE01/src/game/game_fn_800131E8.o
[48/914] MWCC build/GEDE01/src/game/game_fn_80013340.o
[49/914] MWCC build/GEDE01/src/game/game_fn_80013870.o
[50/914] MWCC build/GEDE01/src/game/game_fn_80013CB0.o
[51/914] MWCC build/GEDE01/src/game/game_fn_80013D54.o
[52/914] MWCC build/GEDE01/src/game/game_fn_800142DC.o
[53/914] MWCC build/GEDE01/src/game/game_fn_800144CC.o
[54/914] MWCC build/GEDE01/src/game/game_fn_80014784.o
[55/914] MWCC build/GEDE01/src/game/game_fn_800149D4.o
[56/914] MWCC build/GEDE01/src/game/game_fn_80015058.o
[57/914] MWCC build/GEDE01/src/game/game_fn_80015320.o
[58/914] MWCC build/GEDE01/src/game/game_fn_80015568.o
[59/914] MWCC build/GEDE01/src/game/game_fn_800156FC.o
[60/914] MWCC build/GEDE01/src/game/game_fn_80015BE0.o
[61/914] MWCC build/GEDE01/src/game/game_fn_80015D40.o
[62/914] MWCC build/GEDE01/src/game/game_fn_80015F04.o
[63/914] MWCC build/GEDE01/src/game/game_fn_80016128.o
[64/914] MWCC build/GEDE01/src/game/game_fn_80016270.o
[65/914] MWCC build/GEDE01/src/game/game_fn_80016904.o
[66/914] MWCC build/GEDE01/src/game/game_fn_80016B24.o
[67/914] MWCC build/GEDE01/src/game/game_fn_800171C0.o
[68/914] MWCC build/GEDE01/src/game/game_fn_800173CC.o
[69/914] MWCC build/GEDE01/src/game/game_fn_800176F0.o
[70/914] MWCC build/GEDE01/src/game/game_fn_80017910.o
[71/914] MWCC build/GEDE01/src/game/game_fn_800179AC.o
[72/914] MWCC build/GEDE01/src/game/game_fn_80017A3C.o
[73/914] MWCC build/GEDE01/src/game/game_fn_80017AE4.o
[74/914] MWCC build/GEDE01/src/game/game_fn_80017C3C.o
[75/914] MWCC build/GEDE01/src/game/game_fn_80017CC8.o
[76/914] MWCC build/GEDE01/src/game/game_fn_80017DB0.o
[77/914] MWCC build/GEDE01/src/game/game_fn_80018EF4.o
[78/914] MWCC build/GEDE01/src/game/game_fn_80019054.o
[79/914] MWCC build/GEDE01/src/game/game_fn_80019244.o
[80/914] MWCC build/GEDE01/src/game/game_fn_800194D0.o
[81/914] MWCC build/GEDE01/src/game/game_fn_80019940.o
[82/914] MWCC build/GEDE01/src/game/game_fn_80019C10.o
[83/914] MWCC build/GEDE01/src/game/game_fn_80019D2C.o
[84/914] MWCC build/GEDE01/src/game/game_fn_80019F98.o
[85/914] MWCC build/GEDE01/src/game/game_fn_8001A6C4.o
[86/914] MWCC build/GEDE01/src/game/game_fn_8001AAB8.o
[87/914] MWCC build/GEDE01/src/game/game_fn_8001ADF8.o
[88/914] MWCC build/GEDE01/src/game/game_fn_8001AF68.o
[89/914] MWCC build/GEDE01/src/game/game_fn_8001B124.o
[90/914] MWCC build/GEDE01/src/game/game_fn_8001B294.o
[91/914] MWCC build/GEDE01/src/game/game_fn_8001B808.o
[92/914] MWCC build/GEDE01/src/game/game_fn_8001B874.o
[93/914] MWCC build/GEDE01/src/game/game_fn_8001C078.o
[94/914] MWCC build/GEDE01/src/game/game_fn_8001CA04.o
[95/914] MWCC build/GEDE01/src/game/game_fn_8001CD58.o
[96/914] MWCC build/GEDE01/src/game/game_fn_8001CE94.o
[97/914] MWCC build/GEDE01/src/game/game_fn_8001E644.o
[98/914] MWCC build/GEDE01/src/game/game_fn_8001FE1C.o
[99/914] MWCC build/GEDE01/src/game/game_fn_80020E94.o
[100/914] MWCC build/GEDE01/src/game/game_fn_80024F28.o
[101/914] MWCC build/GEDE01/src/game/game_fn_800272B4.o
[102/914] MWCC build/GEDE01/src/game/game_fn_8002B748.o
[103/914] MWCC build/GEDE01/src/game/game_fn_8002DAE0.o
[104/914] MWCC build/GEDE01/src/game/game_fn_8002E3F0.o
[105/914] MWCC build/GEDE01/src/game/game_fn_8002EA68.o
[106/914] MWCC build/GEDE01/src/game/game_fn_8002F428.o
[107/914] MWCC build/GEDE01/src/game/game_fn_80031544.o
[108/914] MWCC build/GEDE01/src/game/game_fn_8003232C.o
[109/914] MWCC build/GEDE01/src/game/game_fn_80032B84.o
[110/914] MWCC build/GEDE01/src/game/game_fn_80033038.o
[111/914] MWCC build/GEDE01/src/game/game_fn_80033180.o
[112/914] MWCC build/GEDE01/src/game/game_fn_800359A0.o
[113/914] MWCC build/GEDE01/src/game/game_fn_800361F8.o
[114/914] MWCC build/GEDE01/src/game/game_fn_80036C40.o
[115/914] MWCC build/GEDE01/src/game/game_fn_80038878.o
[116/914] MWCC build/GEDE01/src/game/game_fn_80048ADC.o
[117/914] MWCC build/GEDE01/src/game/game_fn_80048B24.o
[118/914] MWCC build/GEDE01/src/game/game_fn_8004998C.o
[119/914] MWCC build/GEDE01/src/game/game_fn_80050B08.o
[120/914] MWCC build/GEDE01/src/game/game_fn_80052310.o
[121/914] MWCC build/GEDE01/src/game/game_fn_800542D0.o
[122/914] MWCC build/GEDE01/src/game/game_fn_8005EC6C.o
[123/914] MWCC build/GEDE01/src/game/game_fn_8005EE9C.o
[124/914] MWCC build/GEDE01/src/game/game_data_80239E10.o
[125/914] MWCC build/GEDE01/src/game/game_data_80239E18.o
[126/914] MWCC build/GEDE01/src/game/game_fn_8005FD84.o
[127/914] MWCC build/GEDE01/src/game/game_fn_80066888.o
[128/914] MWCC build/GEDE01/src/game/game_fn_80066E78.o
[129/914] MWCC build/GEDE01/src/game/game_fn_8006B0F0.o
[130/914] MWCC build/GEDE01/src/game/game_fn_8006B620.o
[131/914] MWCC build/GEDE01/src/game/game_fn_8006E53C.o
[132/914] MWCC build/GEDE01/src/game/game_fn_80071A58.o
[133/914] MWCC build/GEDE01/src/game/game_fn_80074310.o
[134/914] MWCC build/GEDE01/src/game/game_fn_80078500.o
[135/914] MWCC build/GEDE01/src/game/game_fn_80079908.o
[136/914] MWCC build/GEDE01/src/game/game_fn_80079AA4.o
[137/914] MWCC build/GEDE01/src/game/game_fn_8007B2F4.o
[138/914] MWCC build/GEDE01/src/game/game_fn_8007B540.o
[139/914] MWCC build/GEDE01/src/game/game_fn_8007B640.o
[140/914] MWCC build/GEDE01/src/game/game_fn_8007B828.o
[141/914] MWCC build/GEDE01/src/game/game_fn_8007BA3C.o
[142/914] MWCC build/GEDE01/src/game/game_fn_8007D4D8.o
[143/914] MWCC build/GEDE01/src/game/game_fn_8007F770.o
[144/914] MWCC build/GEDE01/src/game/game_fn_800886D8.o
[145/914] MWCC build/GEDE01/src/game/game_fn_80088F4C.o
[146/914] MWCC build/GEDE01/src/game/game_fn_80089A34.o
[147/914] MWCC build/GEDE01/src/game/game_fn_8008A2E0.o
[148/914] MWCC build/GEDE01/src/game/game_fn_8008F224.o
[149/914] MWCC build/GEDE01/src/game/game_fn_8008F890.o
[150/914] MWCC build/GEDE01/src/game/game_fn_80090004.o
[151/914] MWCC build/GEDE01/src/game/game_fn_800934A0.o
[152/914] MWCC build/GEDE01/src/game/game_fn_80095D10.o
[153/914] MWCC build/GEDE01/src/game/game_fn_80095FDC.o
[154/914] MWCC build/GEDE01/src/game/game_fn_80096830.o
[155/914] MWCC build/GEDE01/src/game/game_fn_8009C424.o
[156/914] MWCC build/GEDE01/src/game/game_fn_8009E808.o
[157/914] MWCC build/GEDE01/src/game/game_fn_800A2130.o
[158/914] MWCC build/GEDE01/src/game/game_fn_800A2FCC.o
[159/914] MWCC build/GEDE01/src/game/game_fn_800A3180.o
[160/914] MWCC build/GEDE01/src/game/game_fn_800A3894.o
[161/914] MWCC build/GEDE01/src/game/game_fn_800A4428.o
[162/914] MWCC build/GEDE01/src/game/game_fn_800A4798.o
[163/914] MWCC build/GEDE01/src/game/game_fn_800A7E88.o
[164/914] MWCC build/GEDE01/src/game/game_fn_800AF230.o
[165/914] MWCC build/GEDE01/src/game/game_fn_800BB5C4.o
[166/914] MWCC build/GEDE01/src/game/game_fn_800B2EC0.o
[167/914] MWCC build/GEDE01/src/game/game_fn_800BB9A4.o
[168/914] MWCC build/GEDE01/src/game/game_fn_800BB7A8.o
[169/914] MWCC build/GEDE01/src/game/game_fn_800BBAF0.o
[170/914] MWCC build/GEDE01/src/game/game_fn_800C030C.o
[171/914] MWCC build/GEDE01/src/game/game_fn_800C17EC.o
[172/914] MWCC build/GEDE01/src/game/game_fn_800C59F0.o
[173/914] MWCC build/GEDE01/src/game/game_fn_800C644C.o
[174/914] MWCC build/GEDE01/src/game/game_fn_800C65FC.o
[175/914] MWCC build/GEDE01/src/game/game_fn_800C9C60.o
[176/914] MWCC build/GEDE01/src/game/game_fn_800CB760.o
[177/914] MWCC build/GEDE01/src/game/game_fn_800CF598.o
[178/914] MWCC build/GEDE01/src/game/game_fn_800CB8F4.o
[179/914] MWCC build/GEDE01/src/game/game_fn_800D9064.o
[180/914] MWCC build/GEDE01/src/game/game_fn_800D9E10.o
[181/914] MWCC build/GEDE01/src/game/game_fn_800E4980.o
[182/914] MWCC build/GEDE01/src/game/game_fn_800DC4D4.o
[183/914] MWCC build/GEDE01/src/game/game_TRKNubWelcome.o
[184/914] MWCC build/GEDE01/src/game/game_TRK_main.o
[185/914] MWCC build/GEDE01/src/game/game_InitMetroTRKCommTable.o
[186/914] MWCC build/GEDE01/src/game/game_fn_800FD0C8.o
[187/914] MWCC build/GEDE01/src/game/game_fn_8010242C.o
[188/914] MWCC build/GEDE01/src/game/game_fn_801098C0.o
[189/914] MWCC build/GEDE01/src/game/game_fn_8010F184.o
[190/914] MWCC build/GEDE01/src/game/game_fn_801126E0.o
[191/914] MWCC build/GEDE01/src/game/game_fn_801128E4.o
[192/914] MWCC build/GEDE01/src/game/game_fn_801141B8.o
[193/914] MWCC build/GEDE01/src/game/game_fn_8011F140.o
[194/914] MWCC build/GEDE01/src/game/game_fn_801247F8.o
[195/914] MWCC build/GEDE01/src/game/game_fn_80126A00.o
[196/914] MWCC build/GEDE01/src/game/game_fn_8012976C.o
[197/914] MWCC build/GEDE01/src/game/game_fn_8013CBE4.o
[198/914] MWCC build/GEDE01/src/game/game_fn_8012DB28.o
[199/914] MWCC build/GEDE01/src/game/game_fn_8013D6A4.o
[200/914] MWCC build/GEDE01/src/game/game_fn_8013DB8C.o
[201/914] MWCC build/GEDE01/src/game/game_fn_8014549C.o
[202/914] MWCC build/GEDE01/src/game/game_fn_8014AF38.o
[203/914] MWCC build/GEDE01/src/game/game_fn_8014B494.o
[204/914] MWCC build/GEDE01/src/game/game_fn_8014BA14.o
[205/914] MWCC build/GEDE01/src/game/game_fn_8014CA98.o
[206/914] MWCC build/GEDE01/src/game/game_fn_801535D8.o
[207/914] MWCC build/GEDE01/src/game/game_fn_80153898.o
[208/914] MWCC build/GEDE01/src/game/game_fn_80153A24.o
[209/914] MWCC build/GEDE01/src/game/game_fn_80154F74.o
[210/914] MWCC build/GEDE01/src/game/game_fn_80155814.o
[211/914] MWCC build/GEDE01/src/game/game_fn_80157C0C.o
[212/914] MWCC build/GEDE01/src/game/game_fn_80158B20.o
[213/914] MWCC build/GEDE01/src/game/game_fn_80158D38.o
[214/914] MWCC build/GEDE01/src/game/game_fn_8015DB84.o
[215/914] MWCC build/GEDE01/src/game/game_fn_8015DC54.o
[216/914] MWCC build/GEDE01/src/game/game_fn_8015EDC0.o
[217/914] MWCC build/GEDE01/src/game/game_fn_80167454.o
[218/914] MWCC build/GEDE01/src/game/game_fn_80167B5C.o
[219/914] MWCC build/GEDE01/src/game/game_fn_80169650.o
[220/914] MWCC build/GEDE01/src/game/game_fn_8016BD0C.o
[221/914] MWCC build/GEDE01/src/game/game_fn_8016BE1C.o
[222/914] MWCC build/GEDE01/src/game/game_fn_8016BF60.o
[223/914] MWCC build/GEDE01/src/game/game_fn_8016C0BC.o
[224/914] MWCC build/GEDE01/src/game/game_fn_8016C164.o
[225/914] MWCC build/GEDE01/src/game/game_fn_8016C238.o
[226/914] MWCC build/GEDE01/src/game/game_fn_8016C4BC.o
[227/914] MWCC build/GEDE01/src/game/game_fn_8016C774.o
[228/914] MWCC build/GEDE01/src/game/game_fn_8016D040.o
[229/914] MWCC build/GEDE01/src/game/game_fn_8016D1F8.o
[230/914] MWCC build/GEDE01/src/game/game_fn_8016D2B8.o
[231/914] MWCC build/GEDE01/src/game/game_fn_8016D9C0.o
[232/914] MWCC build/GEDE01/src/game/game_fn_8016DF4C.o
[233/914] MWCC build/GEDE01/src/game/game_fn_8016E8F8.o
[234/914] MWCC build/GEDE01/src/game/game_fn_8016FEF8.o
[235/914] MWCC build/GEDE01/src/game/game_fn_8017038C.o
[236/914] MWCC build/GEDE01/src/game/game_fn_801704F8.o
[237/914] MWCC build/GEDE01/src/game/game_fn_801706DC.o
[238/914] MWCC build/GEDE01/src/game/game_fn_80170A40.o
[239/914] MWCC build/GEDE01/src/game/game_fn_80170E9C.o
[240/914] MWCC build/GEDE01/src/game/game_fn_80170DF4.o
[241/914] MWCC build/GEDE01/src/game/game_fn_80171664.o
[242/914] MWCC build/GEDE01/src/game/game_fn_8017138C.o
[243/914] MWCC build/GEDE01/src/game/game_fn_801719B4.o
[244/914] MWCC build/GEDE01/src/game/game_fn_801718F4.o
[245/914] MWCC build/GEDE01/src/game/game_fn_80171F30.o
[246/914] MWCC build/GEDE01/src/game/game_fn_8017250C.o
[247/914] MWCC build/GEDE01/src/game/game_fn_801726EC.o
[248/914] MWCC build/GEDE01/src/game/game_fn_80172BB0.o
[249/914] MWCC build/GEDE01/src/game/game_fn_80172C78.o
[250/914] MWCC build/GEDE01/src/game/game_fn_80172DB8.o
[251/914] MWCC build/GEDE01/src/game/game_fn_801734B4.o
[252/914] MWCC build/GEDE01/src/game/game_fn_80173270.o
[253/914] MWCC build/GEDE01/src/game/game_fn_80173770.o
[254/914] MWCC build/GEDE01/src/game/game_fn_80173D44.o
[255/914] MWCC build/GEDE01/src/game/game_fn_80173F04.o
[256/914] MWCC build/GEDE01/src/game/game_fn_80174184.o
[257/914] MWCC build/GEDE01/src/game/game_fn_80174358.o
[258/914] MWCC build/GEDE01/src/game/game_fn_80174F2C.o
[259/914] MWCC build/GEDE01/src/game/game_fn_801752B0.o
[260/914] MWCC build/GEDE01/src/game/game_fn_8017553C.o
[261/914] MWCC build/GEDE01/src/game/game_fn_80175E64.o
[262/914] MWCC build/GEDE01/src/game/game_fn_80175A08.o
[263/914] MWCC build/GEDE01/src/game/game_fn_80175F0C.o
[264/914] MWCC build/GEDE01/src/game/game_fn_80175FD4.o
[265/914] MWCC build/GEDE01/src/game/game_fn_80176098.o
[266/914] MWCC build/GEDE01/src/game/game_fn_80176160.o
[267/914] MWCC build/GEDE01/src/game/game_fn_801762E8.o
[268/914] MWCC build/GEDE01/src/game/game_fn_80176220.o
[269/914] MWCC build/GEDE01/src/game/game_fn_8017652C.o
[270/914] MWCC build/GEDE01/src/game/game_fn_80176DF4.o
[271/914] MWCC build/GEDE01/src/game/game_fn_80176FA0.o
[272/914] MWCC build/GEDE01/src/game/game_fn_801770F8.o
[273/914] MWCC build/GEDE01/src/game/game_fn_8017718C.o
[274/914] MWCC build/GEDE01/src/game/game_fn_80177434.o
[275/914] MWCC build/GEDE01/src/game/game_fn_80178F88.o
[276/914] MWCC build/GEDE01/src/game/game_fn_80179398.o
[277/914] MWCC build/GEDE01/src/game/game_fn_8017960C.o
[278/914] MWCC build/GEDE01/src/game/game_fn_80179904.o
[279/914] MWCC build/GEDE01/src/game/game_fn_8017974C.o
[280/914] MWCC build/GEDE01/src/game/game_fn_80179A74.o
[281/914] MWCC build/GEDE01/src/game/game_fn_80179A18.o
[282/914] MWCC build/GEDE01/src/game/game_fn_80179EB8.o
[283/914] MWCC build/GEDE01/src/game/game_fn_80179F20.o
[284/914] MWCC build/GEDE01/src/game/game_fn_8017A010.o
[285/914] MWCC build/GEDE01/src/game/game_fn_8017A12C.o
[286/914] MWCC build/GEDE01/src/game/game_fn_8017A9B8.o
[287/914] MWCC build/GEDE01/src/game/game_fn_8017A1C0.o
[288/914] MWCC build/GEDE01/src/game/game_fn_8017AC20.o
[289/914] MWCC build/GEDE01/src/game/game_fn_8017E850.o
[290/914] MWCC build/GEDE01/src/game/game_fn_80180DDC.o
[291/914] MWCC build/GEDE01/src/game/game_fn_8017E958.o
[292/914] MWCC build/GEDE01/src/game/game_fn_801816D4.o
[293/914] MWCC build/GEDE01/src/game/game_fn_801810A0.o
[294/914] MWCC build/GEDE01/src/game/game_fn_801859FC.o
[295/914] MWCC build/GEDE01/src/game/game_fn_80185AE8.o
[296/914] MWCC build/GEDE01/src/game/game_fn_80185F10.o
[297/914] MWCC build/GEDE01/src/game/game_fn_801861C4.o
[298/914] MWCC build/GEDE01/src/game/game_fn_801865EC.o
[299/914] MWCC build/GEDE01/src/game/game_fn_8018680C.o
[300/914] MWCC build/GEDE01/src/game/game_fn_80186E10.o
[301/914] MWCC build/GEDE01/src/game/game_fn_80186F70.o
[302/914] MWCC build/GEDE01/src/game/game_fn_80187120.o
[303/914] MWCC build/GEDE01/src/game/game_fn_80187320.o
[304/914] MWCC build/GEDE01/src/game/game_fn_801875FC.o
[305/914] MWCC build/GEDE01/src/game/game_fn_801878E0.o
[306/914] MWCC build/GEDE01/src/game/game_fn_80187BB4.o
[307/914] MWCC build/GEDE01/src/game/game_fn_80187E40.o
[308/914] MWCC build/GEDE01/src/game/game_fn_80188A7C.o
[309/914] MWCC build/GEDE01/src/game/game_fn_80188B44.o
[310/914] MWCC build/GEDE01/src/game/game_fn_80188C1C.o
[311/914] MWCC build/GEDE01/src/game/game_fn_80188E28.o
[312/914] MWCC build/GEDE01/src/game/game_fn_80189028.o
[313/914] MWCC build/GEDE01/src/game/game_fn_801891D8.o
[314/914] MWCC build/GEDE01/src/game/game_fn_801895E8.o
[315/914] MWCC build/GEDE01/src/game/game_fn_80189390.o
[316/914] MWCC build/GEDE01/src/game/game_fn_801896A0.o
[317/914] MWCC build/GEDE01/src/game/game_fn_80189760.o
[318/914] MWCC build/GEDE01/src/game/game_fn_80189968.o
[319/914] MWCC build/GEDE01/src/game/game_fn_80189C14.o
[320/914] MWCC build/GEDE01/src/game/game_fn_8018D1F0.o
[321/914] MWCC build/GEDE01/src/game/game_fn_8018C2D0.o
[322/914] MWCC build/GEDE01/src/game/game_fn_8018D2E0.o
[323/914] MWCC build/GEDE01/src/game/game_fn_8018D400.o
[324/914] MWCC build/GEDE01/src/game/game_fn_8018D688.o
[325/914] MWCC build/GEDE01/src/game/game_fn_8018DC24.o
[326/914] MWCC build/GEDE01/src/game/game_fn_8018E0D8.o
[327/914] MWCC build/GEDE01/src/game/game_fn_8018F1D0.o
[328/914] MWCC build/GEDE01/src/game/game_fn_8018FEDC.o
[329/914] MWCC build/GEDE01/src/game/game_fn_8018F81C.o
[330/914] MWCC build/GEDE01/src/game/game_fn_80191360.o
[331/914] MWCC build/GEDE01/src/game/game_fn_8019120C.o
[332/914] MWCC build/GEDE01/src/game/game_fn_8019197C.o
[333/914] MWCC build/GEDE01/src/game/game_fn_801916D0.o
[334/914] MWCC build/GEDE01/src/game/game_fn_80191F58.o
[335/914] MWCC build/GEDE01/src/game/game_fn_801926EC.o
[336/914] MWCC build/GEDE01/src/game/game_fn_80192F54.o
[337/914] MWCC build/GEDE01/src/game/game_fn_801929A4.o
[338/914] MWCC build/GEDE01/src/game/game_fn_80193E1C.o
[339/914] MWCC build/GEDE01/src/game/game_fn_801931C4.o
[340/914] MWCC build/GEDE01/src/game/game_fn_80193F3C.o
[341/914] MWCC build/GEDE01/src/game/game_fn_80194F80.o
[342/914] MWCC build/GEDE01/src/game/game_fn_80197910.o
[343/914] MWCC build/GEDE01/src/game/game_fn_801952E8.o
[344/914] MWCC build/GEDE01/src/game/game_fn_80198154.o
[345/914] MWCC build/GEDE01/src/game/game_fn_80198AAC.o
[346/914] MWCC build/GEDE01/src/game/game_fn_80198BF4.o
[347/914] MWCC build/GEDE01/src/game/game_fn_801991E0.o
[348/914] MWCC build/GEDE01/src/game/game_fn_8019CC28.o
[349/914] MWCC build/GEDE01/src/game/game_fn_8019B1BC.o
[350/914] MWCC build/GEDE01/src/game/game_fn_8019CFC4.o
[351/914] MWCC build/GEDE01/src/game/game_fn_8019E5E4.o
[352/914] MWCC build/GEDE01/src/game/game_fn_801A1F18.o
[353/914] MWCC build/GEDE01/src/game/game_fn_8019E8C8.o
[354/914] MWCC build/GEDE01/src/game/game_fn_801A2A54.o
[355/914] MWCC build/GEDE01/src/game/game_fn_801A34BC.o
[356/914] MWCC build/GEDE01/src/game/game_fn_801A3A78.o
[357/914] MWCC build/GEDE01/src/game/game_fn_801A4430.o
[358/914] MWCC build/GEDE01/src/game/game_fn_801A4CE0.o
[359/914] MWCC build/GEDE01/src/game/game_fn_801A5FB0.o
[360/914] MWCC build/GEDE01/src/game/game_fn_801A6410.o
[361/914] MWCC build/GEDE01/src/game/game_fn_801A657C.o
[362/914] MWCC build/GEDE01/src/game/game_fn_801A6ADC.o
[363/914] MWCC build/GEDE01/src/game/game_fn_801A6C58.o
[364/914] MWCC build/GEDE01/src/game/game_fn_801A6CB4.o
[365/914] MWCC build/GEDE01/src/game/game_fn_801A7E04.o
[366/914] MWCC build/GEDE01/src/game/game_fn_801A7EA8.o
[367/914] MWCC build/GEDE01/src/game/game_fn_801A93E8.o
[368/914] MWCC build/GEDE01/src/game/game_fn_801AB154.o
[369/914] MWCC build/GEDE01/src/game/game_fn_801ABD3C.o
[370/914] MWCC build/GEDE01/src/game/game_fn_801AC8AC.o
[371/914] MWCC build/GEDE01/src/game/game_fn_801ACFE8.o
[372/914] MWCC build/GEDE01/src/game/game_fn_801AD08C.o
[373/914] MWCC build/GEDE01/src/game/game_fn_801AFA74.o
[374/914] MWCC build/GEDE01/src/game/game_fn_801B02F0.o
[375/914] MWCC build/GEDE01/src/game/game_fn_801B1BA0.o
[376/914] MWCC build/GEDE01/src/game/game_fn_801B35BC.o
[377/914] MWCC build/GEDE01/src/game/game_fn_801B46C8.o
[378/914] MWCC build/GEDE01/src/game/game_fn_801B4FB4.o
[379/914] MWCC build/GEDE01/src/game/game_fn_801B5228.o
[380/914] MWCC build/GEDE01/src/game/game_fn_801B58F0.o
[381/914] MWCC build/GEDE01/src/game/game_fn_801B6F1C.o
[382/914] MWCC build/GEDE01/src/game/game_fn_801B86C0.o
[383/914] MWCC build/GEDE01/src/game/game_fn_801B941C.o
[384/914] MWCC build/GEDE01/src/game/game_fn_801B9E7C.o
[385/914] MWCC build/GEDE01/src/game/game_fn_801BA15C.o
[386/914] MWCC build/GEDE01/src/game/game_fn_801BA708.o
[387/914] MWCC build/GEDE01/src/game/game_fn_801BB1A0.o
[388/914] MWCC build/GEDE01/src/game/game_fn_801BC0D4.o
[389/914] MWCC build/GEDE01/src/game/game_fn_801BC240.o
[390/914] MWCC build/GEDE01/src/game/game_fn_801BC8F4.o
[391/914] MWCC build/GEDE01/src/game/game_fn_801BCC04.o
[392/914] MWCC build/GEDE01/src/game/game_fn_801BD990.o
[393/914] MWCC build/GEDE01/src/game/game_fn_801BDE7C.o
[394/914] MWCC build/GEDE01/src/game/game_fn_801BE0D4.o
[395/914] MWCC build/GEDE01/src/game/game_fn_801BEF40.o
[396/914] MWCC build/GEDE01/src/game/game_fn_801C1CB0.o
[397/914] MWCC build/GEDE01/src/game/game_fn_801C2980.o
[398/914] MWCC build/GEDE01/src/game/game_fn_801C29BC.o
[399/914] MWCC build/GEDE01/src/game/game_fn_801C2AAC.o
[400/914] MWCC build/GEDE01/src/game/game_fn_801C2D9C.o
[401/914] MWCC build/GEDE01/src/game/game_fn_801C8160.o
[402/914] MWCC build/GEDE01/src/game/game_fn_801C8224.o
[403/914] MWCC build/GEDE01/src/game/game_fn_801C8600.o
[404/914] MWCC build/GEDE01/src/game/game_fn_801C4B5C.o
[405/914] MWCC build/GEDE01/src/game/game_fn_801C87DC.o
[406/914] MWCC build/GEDE01/src/game/game_fn_801C8CC0.o
[407/914] MWCC build/GEDE01/src/game/game_fn_801C8F50.o
[408/914] MWCC build/GEDE01/src/game/game_fn_801C90A4.o
[409/914] MWCC build/GEDE01/src/game/game_fn_801C9510.o
[410/914] MWCC build/GEDE01/src/game/game_fn_801C970C.o
[411/914] MWCC build/GEDE01/src/game/game_fn_801C9A08.o
[412/914] MWCC build/GEDE01/src/game/game_fn_801C9B1C.o
[413/914] MWCC build/GEDE01/src/game/game_fn_801CB4F8.o
[414/914] MWCC build/GEDE01/src/game/game_fn_801CD228.o
[415/914] MWCC build/GEDE01/src/game/game_fn_801CE09C.o
[416/914] MWCC build/GEDE01/src/game/game_fn_801CE594.o
[417/914] MWCC build/GEDE01/src/game/game_fn_801D1B10.o
[418/914] MWCC build/GEDE01/src/game/game_fn_801D1F78.o
[419/914] MWCC build/GEDE01/src/game/game_fn_801D3988.o
[420/914] MWCC build/GEDE01/src/game/game_fn_801D76A8.o
[421/914] MWCC build/GEDE01/src/game/game_fn_801D7C24.o
[422/914] MWCC build/GEDE01/src/game/game_fn_801D8050.o
[423/914] MWCC build/GEDE01/src/game/game_fn_801D9FE4.o
[424/914] MWCC build/GEDE01/src/game/game_fn_801E2A48.o
[425/914] MWCC build/GEDE01/src/game/game_fn_801E41AC.o
[426/914] MWCC build/GEDE01/src/game/game_fn_801E504C.o
[427/914] MWCC build/GEDE01/src/game/game_fn_801E6814.o
[428/914] MWCC build/GEDE01/src/game/game_fn_801E7014.o
[429/914] MWCC build/GEDE01/src/game/game_fn_801EB09C.o
[430/914] MWCC build/GEDE01/src/game/game_fn_801E995C.o
[431/914] MWCC build/GEDE01/src/game/game_fn_801EB11C.o
[432/914] MWCC build/GEDE01/src/game/game_fn_801ECD74.o
[433/914] MWCC build/GEDE01/src/game/game_fn_801ECF50.o
[434/914] MWCC build/GEDE01/src/game/game_fn_801ED5F4.o
[435/914] MWCC build/GEDE01/src/game/game_fn_801EF580.o
[436/914] MWCC build/GEDE01/src/game/game_fn_801EF910.o
[437/914] MWCC build/GEDE01/src/game/game_fn_801F0CB0.o
[438/914] MWCC build/GEDE01/src/game/game_fn_801F10BC.o
[439/914] MWCC build/GEDE01/src/game/game_fn_801F1A38.o
[440/914] MWCC build/GEDE01/src/game/game_fn_801F35A8.o
[441/914] MWCC build/GEDE01/src/game/game_fn_801F55A0.o
[442/914] MWCC build/GEDE01/src/game/game_fn_801F69F0.o
[443/914] MWCC build/GEDE01/src/game/game_fn_801F6BD8.o
[444/914] MWCC build/GEDE01/src/game/game_fn_801F7510.o
[445/914] MWCC build/GEDE01/src/game/game_fn_801F76EC.o
[446/914] MWCC build/GEDE01/src/game/game_fn_801F8264.o
[447/914] MWCC build/GEDE01/src/game/game_fn_801F89B4.o
[448/914] MWCC build/GEDE01/src/game/game_fn_801F9AF8.o
[449/914] MWCC build/GEDE01/src/game/game_fn_801F9CF4.o
[450/914] MWCC build/GEDE01/src/game/game_fn_801FA9C8.o
[451/914] MWCC build/GEDE01/src/game/game_fn_801FC034.o
[452/914] MWCC build/GEDE01/src/game/game_fn_801FB6A4.o
[453/914] MWCC build/GEDE01/src/game/game_fn_801FFE78.o
[454/914] MWCC build/GEDE01/src/game/game_fn_801FC204.o
[455/914] EXTERNALIZE build/GEDE01/src/game/game_fn_800DC4D4.o
[456/914] EXTERNALIZE build/GEDE01/src/game/game_fn_80175A08.o
[457/914] EXTERNALIZE build/GEDE01/src/game/game_fn_80066E78.o
[458/914] EXTERNALIZE build/GEDE01/src/game/game_fn_801247F8.o
[459/914] EXTERNALIZE build/GEDE01/src/game/game_fn_801EF910.o
[460/914] EXTERNALIZE build/GEDE01/src/game/game_fn_801ECF50.o
[461/914] EXTERNALIZE build/GEDE01/src/game/game_fn_801FC204.o
[462/914] EXTERNALIZE build/GEDE01/src/game/game_fn_801EB09C.o
[463/914] EXTERNALIZE build/GEDE01/src/game/game_fn_801EB11C.o
[464/914] EXTERNALIZE JUMPTABLES build/GEDE01/src/game/game_fn_80050B08.o
[465/914] EXTERNALIZE build/GEDE01/src/game/game_fn_801E41AC.o
[466/914] EXTERNALIZE build/GEDE01/src/game/game_fn_801D9FE4.o
[467/914] EXTERNALIZE build/GEDE01/src/game/game_fn_801D76A8.o
[468/914] EXTERNALIZE build/GEDE01/src/game/game_fn_801D8050.o
[469/914] EXTERNALIZE build/GEDE01/src/game/game_fn_801D7C24.o
[470/914] EXTERNALIZE build/GEDE01/src/game/game_fn_8019B1BC.o
[471/914] EXTERNALIZE build/GEDE01/src/game/game_fn_80178F88.o
[472/914] EXTERNALIZE build/GEDE01/src/game/game_fn_801CD228.o
[473/914] EXTERNALIZE build/GEDE01/src/game/game_fn_801C970C.o
[474/914] EXTERNALIZE build/GEDE01/src/game/game_fn_801BA15C.o
[475/914] EXTERNALIZE build/GEDE01/src/game/game_fn_801C9510.o
[476/914] EXTERNALIZE build/GEDE01/src/game/game_fn_80126A00.o
[477/914] EXTERNALIZE build/GEDE01/src/game/game_fn_8013D6A4.o
[478/914] EXTERNALIZE build/GEDE01/src/game/game_fn_800C9C60.o
[479/914] EXTERNALIZE build/GEDE01/src/game/game_fn_801B5228.o
[480/914] EXTERNALIZE build/GEDE01/src/game/game_fn_801B4FB4.o
[481/914] EXTERNALIZE build/GEDE01/src/game/game_fn_801C87DC.o
[482/914] EXTERNALIZE build/GEDE01/src/game/game_fn_801B6F1C.o
[483/914] EXTERNALIZE build/GEDE01/src/game/game_fn_801C8CC0.o
[484/914] EXTERNALIZE build/GEDE01/src/game/game_fn_800FD0C8.o
[485/914] EXTERNALIZE build/GEDE01/src/game/game_fn_801BDE7C.o
[486/914] EXTERNALIZE build/GEDE01/src/game/game_fn_801BE0D4.o
[487/914] EXTERNALIZE STATIC POOL build/GEDE01/src/game/game_fn_801C9A08.o
build/GEDE01/src/game/game_fn_801C9A08.o: lbl_80629390 now undefined; section 3 emptied
[488/914] EXTERNALIZE build/GEDE01/src/game/game_fn_801B941C.o
[489/914] EXTERNALIZE STATIC POOL build/GEDE01/src/game/game_fn_801C9B1C.o
build/GEDE01/src/game/game_fn_801C9B1C.o: lbl_80629390 now undefined; section 3 emptied
[490/914] EXTERNALIZE STATIC POOL build/GEDE01/src/game/game_fn_801BD990.o
build/GEDE01/src/game/game_fn_801BD990.o: lbl_80626D80 now undefined; section 6 emptied
[491/914] EXTERNALIZE STATIC POOL build/GEDE01/src/game/game_fn_801B58F0.o
build/GEDE01/src/game/game_fn_801B58F0.o: lbl_8060C020 now undefined; section 3 emptied
[492/914] EXTERNALIZE STATIC POOL build/GEDE01/src/game/game_fn_801B9E7C.o
build/GEDE01/src/game/game_fn_801B9E7C.o: 0 relocation(s) moved from streamInfo to ...bss.0
build/GEDE01/src/game/game_fn_801B9E7C.o: lbl_8061AE48 now undefined; section 6 emptied
[493/914] EXTERNALIZE STATIC POOL build/GEDE01/src/game/game_fn_801BB1A0.o
build/GEDE01/src/game/game_fn_801BB1A0.o: 0 relocation(s) moved from streamInfo to ...bss.0
build/GEDE01/src/game/game_fn_801BB1A0.o: lbl_8061AE48 now undefined; section 6 emptied
[494/914] EXTERNALIZE STATIC build/GEDE01/src/game/game_fn_801B35BC.o
build/GEDE01/src/game/game_fn_801B35BC.o: lbl_8060D420 now undefined; section 6 emptied
[495/914] EXTERNALIZE STATIC POOL build/GEDE01/src/game/game_fn_801BA708.o
build/GEDE01/src/game/game_fn_801BA708.o: 0 relocation(s) moved from streamInfo to ...bss.0
build/GEDE01/src/game/game_fn_801BA708.o: lbl_8061AE48 now undefined; section 6 emptied
[496/914] EXTERNALIZE STATIC POOL build/GEDE01/src/game/game_fn_801BC8F4.o
build/GEDE01/src/game/game_fn_801BC8F4.o: lbl_8061C748 now undefined; section 6 emptied
[497/914] EXTERNALIZE STATIC build/GEDE01/src/game/game_fn_801BC240.o
build/GEDE01/src/game/game_fn_801BC240.o: lbl_8061C748 now undefined; section 6 emptied
[498/914] EXTERNALIZE STATIC POOL build/GEDE01/src/game/game_fn_801BCC04.o
build/GEDE01/src/game/game_fn_801BCC04.o: lbl_8061C748 now undefined; section 6 emptied
[499/914] EXTERNALIZE STATIC POOL build/GEDE01/src/game/game_fn_801BC0D4.o
build/GEDE01/src/game/game_fn_801BC0D4.o: lbl_8061C748 now undefined; section 6 emptied
[500/914] EXTERNALIZE STATIC POOL build/GEDE01/src/game/game_fn_801C1CB0.o
build/GEDE01/src/game/game_fn_801C1CB0.o: lbl_80626DA0 now undefined; section 3 emptied
[501/914] RENAME build/GEDE01/src/game/game_InitMetroTRKCommTable.o
[502/914] EXTERNALIZE STATIC POOL build/GEDE01/src/game/game_fn_801CE09C.o
build/GEDE01/src/game/game_fn_801CE09C.o: lbl_80631340 now undefined; section 6 emptied
[503/914] RENAME RUNTIME INTRINSICS build/GEDE01/src/game/game_fn_801CB4F8.o
[504/914] EXTERNALIZE STATIC POOL build/GEDE01/src/game/game_fn_8010242C.o
build/GEDE01/src/game/game_fn_8010242C.o: lbl_8032CC08 now undefined; section 3 emptied
[505/914] EXTERNALIZE build/GEDE01/src/game/game_fn_801D3988.o
[506/914] EXTERNALIZE build/GEDE01/src/game/game_fn_801D1B10.o
[507/914] ALIGN DATA build/GEDE01/src/game/game_fn_80008014.o
[508/914] EXTERNALIZE build/GEDE01/src/game/game_fn_801CE594.o
[509/914] EXTERNALIZE build/GEDE01/src/game/game_fn_8014549C.o
[510/914] EXTERNALIZE build/GEDE01/src/game/game_fn_801C8224.o
[511/914] EXTERNALIZE build/GEDE01/src/game/game_fn_801098C0.o
[512/914] EXTERNALIZE build/GEDE01/src/game/game_fn_8000FDE8.o
[513/914] EXTERNALIZE build/GEDE01/src/game/game_fn_80185F10.o
[514/914] EXTERNALIZE build/GEDE01/src/game/game_fn_801C29BC.o
[515/914] EXTERNALIZE build/GEDE01/src/game/game_fn_801C8F50.o
[516/914] EXTERNALIZE build/GEDE01/src/game/game_fn_8007B828.o
[517/914] EXTERNALIZE build/GEDE01/src/game/game_fn_801C90A4.o
[518/914] EXTERNALIZE build/GEDE01/src/game/game_fn_801C8160.o
[519/914] EXTERNALIZE build/GEDE01/src/game/game_fn_801C2AAC.o
[520/914] EXTERNALIZE build/GEDE01/src/game/game_fn_801C2D9C.o
[521/914] EXTERNALIZE build/GEDE01/src/game/game_fn_801C2980.o
[522/914] EXTERNALIZE build/GEDE01/src/game/game_fn_801B02F0.o
[523/914] EXTERNALIZE build/GEDE01/src/game/game_fn_801AFA74.o
[524/914] EXTERNALIZE build/GEDE01/src/game/game_fn_801AC8AC.o
[525/914] EXTERNALIZE build/GEDE01/src/game/game_fn_801ABD3C.o
[526/914] EXTERNALIZE build/GEDE01/src/game/game_fn_801816D4.o
[527/914] EXTERNALIZE build/GEDE01/src/game/game_fn_8011F140.o
[528/914] EXTERNALIZE build/GEDE01/src/game/game_fn_801AD08C.o
[529/914] EXTERNALIZE build/GEDE01/src/game/game_fn_8004998C.o
[530/914] EXTERNALIZE build/GEDE01/src/game/game_fn_80079AA4.o
[531/914] EXTERNALIZE build/GEDE01/src/game/game_fn_80158D38.o
[532/914] EXTERNALIZE build/GEDE01/src/game/game_fn_801A3A78.o
[533/914] EXTERNALIZE build/GEDE01/src/game/game_fn_8008F224.o
[534/914] EXTERNALIZE build/GEDE01/src/game/game_fn_80167454.o
[535/914] EXTERNALIZE build/GEDE01/src/game/game_fn_800AF230.o
[536/914] EXTERNALIZE build/GEDE01/src/game/game_fn_801A93E8.o
[537/914] EXTERNALIZE build/GEDE01/src/game/game_fn_801AB154.o
[538/914] EXTERNALIZE build/GEDE01/src/game/game_fn_801A7E04.o
[539/914] EXTERNALIZE build/GEDE01/src/game/game_fn_801A7EA8.o
[540/914] EXTERNALIZE build/GEDE01/src/game/game_fn_801A6CB4.o
[541/914] EXTERNALIZE build/GEDE01/src/game/game_fn_801A4CE0.o
[542/914] EXTERNALIZE build/GEDE01/src/game/game_fn_801A6C58.o
[543/914] NAME JUMPTABLE build/GEDE01/src/game/game_fn_801A6ADC.o
[544/914] EXTERNALIZE build/GEDE01/src/game/game_fn_801A6410.o
[545/914] EXTERNALIZE build/GEDE01/src/game/game_fn_801A5FB0.o
[546/914] EXTERNALIZE build/GEDE01/src/game/game_fn_801A1F18.o
[547/914] EXTERNALIZE build/GEDE01/src/game/game_fn_8019E8C8.o
[548/914] EXTERNALIZE build/GEDE01/src/game/game_fn_8019E5E4.o
[549/914] EXTERNALIZE build/GEDE01/src/game/game_fn_8019CFC4.o
[550/914] EXTERNALIZE build/GEDE01/src/game/game_fn_8019CC28.o
[551/914] EXTERNALIZE build/GEDE01/src/game/game_fn_801991E0.o
[552/914] EXTERNALIZE build/GEDE01/src/game/game_fn_80198BF4.o
[553/914] EXTERNALIZE build/GEDE01/src/game/game_fn_80198AAC.o
[554/914] EXTERNALIZE build/GEDE01/src/game/game_fn_80198154.o
[555/914] EXTERNALIZE build/GEDE01/src/game/game_fn_80194F80.o
[556/914] EXTERNALIZE build/GEDE01/src/game/game_fn_80197910.o
[557/914] EXTERNALIZE build/GEDE01/src/game/game_fn_80177434.o
repointed 2 relocations to lbl_80250588
[558/914] EXTERNALIZE build/GEDE01/src/game/game_fn_80193E1C.o
[559/914] EXTERNALIZE build/GEDE01/src/game/game_fn_801931C4.o
[560/914] EXTERNALIZE build/GEDE01/src/game/game_fn_80193F3C.o
[561/914] EXTERNALIZE build/GEDE01/src/game/game_fn_80192F54.o
[562/914] EXTERNALIZE build/GEDE01/src/game/game_fn_80191F58.o
[563/914] EXTERNALIZE build/GEDE01/src/game/game_fn_8019197C.o
[564/914] EXTERNALIZE build/GEDE01/src/game/game_fn_80191360.o
[565/914] GLOBALIZE build/GEDE01/src/game/game_fn_8018F1D0.o
[566/914] EXTERNALIZE build/GEDE01/src/game/game_fn_8018D688.o
[567/914] EXTERNALIZE build/GEDE01/src/game/game_fn_8018F81C.o
[568/914] EXTERNALIZE build/GEDE01/src/game/game_fn_8018D2E0.o
[569/914] EXTERNALIZE build/GEDE01/src/game/game_fn_80189968.o
[570/914] EXTERNALIZE build/GEDE01/src/game/game_fn_80189760.o
[571/914] EXTERNALIZE build/GEDE01/src/game/game_fn_8018D1F0.o
[572/914] EXTERNALIZE build/GEDE01/src/game/game_fn_801896A0.o
[573/914] EXTERNALIZE build/GEDE01/src/game/game_fn_801895E8.o
[574/914] EXTERNALIZE build/GEDE01/src/game/game_fn_80189390.o
[575/914] EXTERNALIZE build/GEDE01/src/game/game_fn_801891D8.o
[576/914] EXTERNALIZE build/GEDE01/src/game/game_fn_80188E28.o
[577/914] EXTERNALIZE build/GEDE01/src/game/game_fn_80189028.o
[578/914] EXTERNALIZE build/GEDE01/src/game/game_fn_80188B44.o
[579/914] EXTERNALIZE build/GEDE01/src/game/game_fn_80188C1C.o
[580/914] EXTERNALIZE build/GEDE01/src/game/game_fn_80188A7C.o
[581/914] EXTERNALIZE build/GEDE01/src/game/game_fn_801878E0.o
[582/914] EXTERNALIZE build/GEDE01/src/game/game_fn_80187120.o
[583/914] EXTERNALIZE build/GEDE01/src/game/game_fn_80186E10.o
[584/914] EXTERNALIZE build/GEDE01/src/game/game_fn_8018FEDC.o
[585/914] EXTERNALIZE build/GEDE01/src/game/game_fn_801865EC.o
[586/914] EXTERNALIZE build/GEDE01/src/game/game_fn_80185AE8.o
[587/914] EXTERNALIZE build/GEDE01/src/game/game_fn_801859FC.o
[588/914] EXTERNALIZE build/GEDE01/src/game/game_fn_80180DDC.o
[589/914] EXTERNALIZE build/GEDE01/src/game/game_fn_8017E958.o
[590/914] EXTERNALIZE build/GEDE01/src/game/game_fn_8017E850.o
[591/914] EXTERNALIZE build/GEDE01/src/game/game_fn_8017718C.o
[592/914] EXTERNALIZE build/GEDE01/src/game/game_fn_801770F8.o
[593/914] EXTERNALIZE build/GEDE01/src/game/game_fn_80176FA0.o
[594/914] EXTERNALIZE build/GEDE01/src/game/game_fn_80176DF4.o
[595/914] EXTERNALIZE build/GEDE01/src/game/game_fn_80174358.o
[596/914] EXTERNALIZE build/GEDE01/src/game/game_fn_80173F04.o
[597/914] EXTERNALIZE build/GEDE01/src/game/game_fn_8017553C.o
[598/914] EXTERNALIZE build/GEDE01/src/game/game_fn_80174184.o
[599/914] EXTERNALIZE build/GEDE01/src/game/game_fn_80173D44.o
[600/914] EXTERNALIZE build/GEDE01/src/game/game_fn_80173770.o
[601/914] EXTERNALIZE build/GEDE01/src/game/game_fn_80173270.o
[602/914] EXTERNALIZE build/GEDE01/src/game/game_fn_801734B4.o
[603/914] EXTERNALIZE build/GEDE01/src/game/game_fn_80172DB8.o
[604/914] EXTERNALIZE build/GEDE01/src/game/game_fn_80172C78.o
[605/914] EXTERNALIZE build/GEDE01/src/game/game_fn_80172BB0.o
[606/914] EXTERNALIZE build/GEDE01/src/game/game_fn_801726EC.o
[607/914] EXTERNALIZE build/GEDE01/src/game/game_fn_8017250C.o
[608/914] EXTERNALIZE build/GEDE01/src/game/game_fn_80171F30.o
[609/914] EXTERNALIZE build/GEDE01/src/game/game_fn_801719B4.o
[610/914] EXTERNALIZE build/GEDE01/src/game/game_fn_801718F4.o
[611/914] EXTERNALIZE build/GEDE01/src/game/game_fn_8017138C.o
[612/914] EXTERNALIZE build/GEDE01/src/game/game_fn_80171664.o
[613/914] EXTERNALIZE build/GEDE01/src/game/game_fn_801706DC.o
[614/914] EXTERNALIZE build/GEDE01/src/game/game_fn_80170A40.o
[615/914] NORMALIZE build/GEDE01/src/game/game_TRKNubWelcome.o
[616/914] NORMALIZE build/GEDE01/src/game/game_TRK_main.o
[617/914] NORMALIZE build/GEDE01/src/game/game_data_80239E10.o
[618/914] NORMALIZE build/GEDE01/src/game/game_data_80239E18.o
[619/914] EXTERNALIZE build/GEDE01/src/game/game_fn_8017652C.o
[620/914] EXTERNALIZE build/GEDE01/src/game/game_fn_80170E9C.o
[621/914] EXTERNALIZE build/GEDE01/src/game/game_fn_80175F0C.o
[622/914] EXTERNALIZE build/GEDE01/src/game/game_fn_80175E64.o
[623/914] EXTERNALIZE build/GEDE01/src/game/game_fn_80176098.o
[624/914] EXTERNALIZE build/GEDE01/src/game/game_fn_80175FD4.o
[625/914] EXTERNALIZE build/GEDE01/src/game/game_fn_80176160.o
[626/914] EXTERNALIZE build/GEDE01/src/game/game_fn_80176220.o
[627/914] EXTERNALIZE build/GEDE01/src/game/game_fn_80170DF4.o
[628/914] EXTERNALIZE build/GEDE01/src/game/game_fn_801762E8.o
[629/914] EXTERNALIZE build/GEDE01/src/game/game_fn_8016E8F8.o
[630/914] EXTERNALIZE build/GEDE01/src/game/game_fn_8016FEF8.o
[631/914] EXTERNALIZE build/GEDE01/src/game/game_fn_801704F8.o
[632/914] EXTERNALIZE build/GEDE01/src/game/game_fn_8016D2B8.o
[633/914] NORMALIZE build/GEDE01/src/game/game_fn_8016DF4C.o
[634/914] EXTERNALIZE build/GEDE01/src/game/game_fn_8016D1F8.o
[635/914] EXTERNALIZE build/GEDE01/src/game/game_fn_8016D040.o
[636/914] EXTERNALIZE build/GEDE01/src/game/game_fn_8016C774.o
[637/914] EXTERNALIZE build/GEDE01/src/game/game_fn_8016C4BC.o
[638/914] EXTERNALIZE build/GEDE01/src/game/game_fn_8016C238.o
[639/914] EXTERNALIZE build/GEDE01/src/game/game_fn_8016C164.o
[640/914] EXTERNALIZE build/GEDE01/src/game/game_fn_8016C0BC.o
[641/914] EXTERNALIZE build/GEDE01/src/game/game_fn_8017038C.o
[642/914] EXTERNALIZE build/GEDE01/src/game/game_fn_8016BF60.o
[643/914] EXTERNALIZE build/GEDE01/src/game/game_fn_8016BE1C.o
[644/914] EXTERNALIZE build/GEDE01/src/game/game_fn_80169650.o
[645/914] EXTERNALIZE build/GEDE01/src/game/game_fn_8016BD0C.o
[646/914] EXTERNALIZE build/GEDE01/src/game/game_fn_80167B5C.o
[647/914] EXTERNALIZE build/GEDE01/src/game/game_fn_8015EDC0.o
[648/914] EXTERNALIZE build/GEDE01/src/game/game_fn_8015DB84.o
[649/914] EXTERNALIZE build/GEDE01/src/game/game_fn_8015DC54.o
[650/914] EXTERNALIZE build/GEDE01/src/game/game_fn_80158B20.o
[651/914] EXTERNALIZE build/GEDE01/src/game/game_fn_80179398.o
[652/914] EXTERNALIZE build/GEDE01/src/game/game_fn_8017974C.o
[653/914] EXTERNALIZE build/GEDE01/src/game/game_fn_8017960C.o
[654/914] EXTERNALIZE build/GEDE01/src/game/game_fn_8017A9B8.o
[655/914] EXTERNALIZE build/GEDE01/src/game/game_fn_80179904.o
[656/914] EXTERNALIZE build/GEDE01/src/game/game_fn_80179A74.o
[657/914] EXTERNALIZE build/GEDE01/src/game/game_fn_80179A18.o
[658/914] EXTERNALIZE build/GEDE01/src/game/game_fn_80179EB8.o
[659/914] EXTERNALIZE build/GEDE01/src/game/game_fn_80179F20.o
[660/914] EXTERNALIZE build/GEDE01/src/game/game_fn_8017A010.o
[661/914] EXTERNALIZE build/GEDE01/src/game/game_fn_8017A12C.o
[662/914] EXTERNALIZE build/GEDE01/src/game/game_fn_80157C0C.o
[663/914] EXTERNALIZE build/GEDE01/src/game/game_fn_8017A1C0.o
[664/914] EXTERNALIZE build/GEDE01/src/game/game_fn_80155814.o
[665/914] EXTERNALIZE build/GEDE01/src/game/game_fn_80153898.o
[666/914] EXTERNALIZE build/GEDE01/src/game/game_fn_8014B494.o
[667/914] EXTERNALIZE build/GEDE01/src/game/game_fn_8014AF38.o
[668/914] EXTERNALIZE build/GEDE01/src/game/game_fn_8012DB28.o
[669/914] EXTERNALIZE build/GEDE01/src/game/game_fn_801141B8.o
[670/914] EXTERNALIZE build/GEDE01/src/game/game_fn_801128E4.o
[671/914] EXTERNALIZE build/GEDE01/src/game/game_fn_801126E0.o
[672/914] EXTERNALIZE build/GEDE01/src/game/game_fn_8010F184.o
[673/914] EXTERNALIZE build/GEDE01/src/game/game_fn_800E4980.o
[674/914] EXTERNALIZE build/GEDE01/src/game/game_fn_800C17EC.o
[675/914] EXTERNALIZE build/GEDE01/src/game/game_fn_800C030C.o
[676/914] EXTERNALIZE build/GEDE01/src/game/game_fn_800C59F0.o
[677/914] EXTERNALIZE build/GEDE01/src/game/game_fn_800C65FC.o
[678/914] EXTERNALIZE build/GEDE01/src/game/game_fn_800C644C.o
[679/914] EXTERNALIZE build/GEDE01/src/game/game_fn_800CB760.o
[680/914] EXTERNALIZE build/GEDE01/src/game/game_fn_800CB8F4.o
[681/914] EXTERNALIZE build/GEDE01/src/game/game_fn_80078500.o
[682/914] EXTERNALIZE build/GEDE01/src/game/game_fn_80079908.o
[683/914] EXTERNALIZE build/GEDE01/src/game/game_fn_8007B2F4.o
[684/914] EXTERNALIZE build/GEDE01/src/game/game_fn_8007B540.o
[685/914] EXTERNALIZE build/GEDE01/src/game/game_fn_8007B640.o
[686/914] EXTERNALIZE build/GEDE01/src/game/game_fn_8007BA3C.o
[687/914] EXTERNALIZE build/GEDE01/src/game/game_fn_800886D8.o
[688/914] EXTERNALIZE build/GEDE01/src/game/game_fn_800934A0.o
[689/914] EXTERNALIZE build/GEDE01/src/game/game_fn_800A3894.o
[690/914] EXTERNALIZE build/GEDE01/src/game/game_fn_800A7E88.o
[691/914] EXTERNALIZE build/GEDE01/src/game/game_fn_800A4798.o
[692/914] GLOBALIZE build/GEDE01/src/game/game_fn_800A2130.o
[693/914] EXTERNALIZE build/GEDE01/src/game/game_fn_800A2FCC.o
[694/914] EXTERNALIZE build/GEDE01/src/game/game_fn_8009C424.o
[695/914] EXTERNALIZE SWITCHES build/GEDE01/src/game/game_fn_80095FDC.o
[696/914] EXTERNALIZE build/GEDE01/src/game/game_fn_80096830.o
[697/914] GLOBALIZE build/GEDE01/src/game/game_fn_8008F890.o
[698/914] EXTERNALIZE build/GEDE01/src/game/game_fn_800A4428.o
[699/914] EXTERNALIZE build/GEDE01/src/game/game_fn_80074310.o
[700/914] GLOBALIZE build/GEDE01/src/game/game_fn_8005FD84.o
[701/914] EXTERNALIZE build/GEDE01/src/game/game_fn_80066888.o
[702/914] EXTERNALIZE build/GEDE01/src/game/game_fn_8005EC6C.o
[703/914] EXTERNALIZE build/GEDE01/src/game/game_fn_80052310.o
[704/914] EXTERNALIZE build/GEDE01/src/game/game_fn_80048B24.o
[705/914] NAME SWITCH build/GEDE01/src/game/game_fn_80020E94.o
[706/914] NAME SWITCH build/GEDE01/src/game/game_fn_8005EE9C.o
[707/914] NAME SWITCH build/GEDE01/src/game/game_fn_8016D9C0.o
[708/914] NAME SWITCH build/GEDE01/src/game/game_fn_80071A58.o
[709/914] EXTERNALIZE build/GEDE01/src/game/game_fn_80048ADC.o
[710/914] NAME SWITCH build/GEDE01/src/game/game_fn_8006B620.o
[711/914] NAME SWITCH build/GEDE01/src/game/game_fn_8001FE1C.o
[712/914] NAME SWITCH build/GEDE01/src/game/game_fn_8001E644.o
[713/914] EXTERNALIZE build/GEDE01/src/game/game_fn_80038878.o
[714/914] EXTERNALIZE build/GEDE01/src/game/game_fn_801B46C8.o
build/GEDE01/src/game/game_fn_801B46C8.o: lbl_8060C020 now undefined; section 6 emptied
[715/914] EXTERNALIZE build/GEDE01/src/game/game_fn_80036C40.o
[716/914] EXTERNALIZE build/GEDE01/src/game/game_fn_800359A0.o
[717/914] EXTERNALIZE build/GEDE01/src/game/game_fn_80033180.o
[718/914] EXTERNALIZE build/GEDE01/src/game/game_fn_80033038.o
[719/914] EXTERNALIZE build/GEDE01/src/game/game_fn_80032B84.o
[720/914] EXTERNALIZE build/GEDE01/src/game/game_fn_8003232C.o
[721/914] EXTERNALIZE build/GEDE01/src/game/game_fn_8002E3F0.o
[722/914] EXTERNALIZE build/GEDE01/src/game/game_fn_8002DAE0.o
[723/914] EXTERNALIZE build/GEDE01/src/game/game_fn_8002EA68.o
[724/914] GLOBALIZE build/GEDE01/src/game/game_fn_8002B748.o
[725/914] EXTERNALIZE build/GEDE01/src/game/game_fn_8002F428.o
[726/914] NAME SWITCHES build/GEDE01/src/game/game_fn_80024F28.o
[727/914] EXTERNALIZE build/GEDE01/src/game/game_fn_800272B4.o
[728/914] EXTERNALIZE build/GEDE01/src/game/game_fn_8001CE94.o
[729/914] EXTERNALIZE build/GEDE01/src/game/game_fn_8001CD58.o
[730/914] EXTERNALIZE build/GEDE01/src/game/game_fn_8001C078.o
[731/914] EXTERNALIZE build/GEDE01/src/game/game_fn_8001B808.o
[732/914] EXTERNALIZE build/GEDE01/src/game/game_fn_8001B874.o
[733/914] EXTERNALIZE build/GEDE01/src/game/game_fn_8001B294.o
[734/914] EXTERNALIZE build/GEDE01/src/game/game_fn_8001B124.o
[735/914] EXTERNALIZE build/GEDE01/src/game/game_fn_8001ADF8.o
[736/914] EXTERNALIZE build/GEDE01/src/game/game_fn_8001AF68.o
[737/914] EXTERNALIZE build/GEDE01/src/game/game_fn_8001AAB8.o
[738/914] EXTERNALIZE build/GEDE01/src/game/game_fn_8001A6C4.o
[739/914] EXTERNALIZE build/GEDE01/src/game/game_fn_80019F98.o
[740/914] EXTERNALIZE build/GEDE01/src/game/game_fn_80019D2C.o
[741/914] EXTERNALIZE build/GEDE01/src/game/game_fn_80019C10.o
[742/914] EXTERNALIZE build/GEDE01/src/game/game_fn_800194D0.o
[743/914] EXTERNALIZE build/GEDE01/src/game/game_fn_80019940.o
[744/914] EXTERNALIZE build/GEDE01/src/game/game_fn_80019244.o
[745/914] EXTERNALIZE build/GEDE01/src/game/game_fn_80019054.o
[746/914] EXTERNALIZE build/GEDE01/src/game/game_fn_80018EF4.o
[747/914] EXTERNALIZE build/GEDE01/src/game/game_fn_80017DB0.o
[748/914] EXTERNALIZE build/GEDE01/src/game/game_fn_80017C3C.o
[749/914] EXTERNALIZE build/GEDE01/src/game/game_fn_80017CC8.o
[750/914] EXTERNALIZE build/GEDE01/src/game/game_fn_80017A3C.o
[751/914] EXTERNALIZE build/GEDE01/src/game/game_fn_80017AE4.o
[752/914] EXTERNALIZE build/GEDE01/src/game/game_fn_80017910.o
[753/914] EXTERNALIZE build/GEDE01/src/game/game_fn_800179AC.o
[754/914] EXTERNALIZE FLAGS build/GEDE01/src/game/game_fn_800119FC.o
[755/914] EXTERNALIZE build/GEDE01/src/game/game_fn_8000FFD8.o
[756/914] EXTERNALIZE build/GEDE01/src/game/game_fn_8000F4B0.o
[757/914] GLOBALIZE build/GEDE01/src/game/game_fn_800094C0.o
[758/914] EXTERNALIZE build/GEDE01/src/game/game_fn_8000EFC4.o
[759/914] EXTERNALIZE build/GEDE01/src/game/game_fn_800096E0.o
[760/914] EXTERNALIZE build/GEDE01/src/game/game_fn_800098C0.o
[761/914] EXTERNALIZE build/GEDE01/src/game/game_fn_800099D8.o
[762/914] EXTERNALIZE build/GEDE01/src/game/game_fn_80009AB4.o
[763/914] EXTERNALIZE build/GEDE01/src/game/game_fn_8000A26C.o
[764/914] EXTERNALIZE build/GEDE01/src/game/game_fn_800171C0.o
[765/914] EXTERNALIZE build/GEDE01/src/game/game_fn_800176F0.o
[766/914] EXTERNALIZE build/GEDE01/src/game/game_fn_8000AC88.o
[767/914] EXTERNALIZE build/GEDE01/src/game/game_fn_8000AEB4.o
[768/914] EXTERNALIZE build/GEDE01/src/game/game_fn_8000AFB4.o
[769/914] EXTERNALIZE build/GEDE01/src/game/game_fn_8000B1B8.o
[770/914] EXTERNALIZE build/GEDE01/src/game/game_fn_8000B36C.o
[771/914] EXTERNALIZE build/GEDE01/src/game/game_fn_8000B630.o
[772/914] EXTERNALIZE build/GEDE01/src/game/game_fn_8000B7FC.o
[773/914] EXTERNALIZE build/GEDE01/src/game/game_fn_8000B900.o
[774/914] EXTERNALIZE build/GEDE01/src/game/game_fn_8000BA0C.o
[775/914] EXTERNALIZE build/GEDE01/src/game/game_fn_8000BAA0.o
[776/914] EXTERNALIZE build/GEDE01/src/game/game_fn_8000BC40.o
[777/914] EXTERNALIZE build/GEDE01/src/game/game_fn_8000C06C.o
[778/914] EXTERNALIZE build/GEDE01/src/game/game_fn_8000C17C.o
[779/914] EXTERNALIZE build/GEDE01/src/game/game_fn_8000C400.o
[780/914] EXTERNALIZE build/GEDE01/src/game/game_fn_8000C848.o
[781/914] EXTERNALIZE build/GEDE01/src/game/game_fn_8000C91C.o
[782/914] EXTERNALIZE build/GEDE01/src/game/game_fn_8000D0BC.o
[783/914] NAME SWITCH build/GEDE01/src/game/game_fn_8000D8A4.o
[784/914] EXTERNALIZE build/GEDE01/src/game/game_fn_8000D3D4.o
[785/914] EXTERNALIZE build/GEDE01/src/game/game_fn_8000E054.o
[786/914] EXTERNALIZE build/GEDE01/src/game/game_fn_8000E0AC.o
[787/914] EXTERNALIZE build/GEDE01/src/game/game_fn_8000E96C.o
[788/914] EXTERNALIZE build/GEDE01/src/game/game_fn_8000F774.o
[789/914] EXTERNALIZE build/GEDE01/src/game/game_fn_8000EB14.o
[790/914] EXTERNALIZE build/GEDE01/src/game/game_fn_8000EBD4.o
[791/914] EXTERNALIZE build/GEDE01/src/game/game_fn_8000ED44.o
[792/914] EXTERNALIZE build/GEDE01/src/game/game_fn_8000E138.o
[793/914] EXTERNALIZE build/GEDE01/src/game/game_fn_8000E1C4.o
[794/914] EXTERNALIZE build/GEDE01/src/game/game_fn_8000D590.o
[795/914] EXTERNALIZE build/GEDE01/src/game/game_fn_8000DA50.o
[796/914] EXTERNALIZE build/GEDE01/src/game/game_fn_8000DAF4.o
[797/914] EXTERNALIZE build/GEDE01/src/game/game_fn_80012DA8.o
[798/914] EXTERNALIZE build/GEDE01/src/game/game_fn_80012F40.o
[799/914] EXTERNALIZE build/GEDE01/src/game/game_fn_80012FD0.o
[800/914] EXTERNALIZE build/GEDE01/src/game/game_fn_800131E8.o
[801/914] EXTERNALIZE build/GEDE01/src/game/game_fn_80013340.o
[802/914] EXTERNALIZE build/GEDE01/src/game/game_fn_80013870.o
[803/914] EXTERNALIZE build/GEDE01/src/game/game_fn_80013CB0.o
[804/914] EXTERNALIZE build/GEDE01/src/game/game_fn_80013D54.o
[805/914] EXTERNALIZE build/GEDE01/src/game/game_fn_800142DC.o
[806/914] EXTERNALIZE build/GEDE01/src/game/game_fn_800144CC.o
[807/914] EXTERNALIZE build/GEDE01/src/game/game_fn_80014784.o
[808/914] EXTERNALIZE build/GEDE01/src/game/game_fn_800149D4.o
[809/914] EXTERNALIZE build/GEDE01/src/game/game_fn_80015058.o
[810/914] EXTERNALIZE build/GEDE01/src/game/game_fn_80015320.o
[811/914] EXTERNALIZE build/GEDE01/src/game/game_fn_80015568.o
[812/914] EXTERNALIZE build/GEDE01/src/game/game_fn_800156FC.o
[813/914] EXTERNALIZE build/GEDE01/src/game/game_fn_80015BE0.o
[814/914] EXTERNALIZE build/GEDE01/src/game/game_fn_80015D40.o
[815/914] EXTERNALIZE build/GEDE01/src/game/game_fn_80015F04.o
[816/914] EXTERNALIZE build/GEDE01/src/game/game_fn_80016128.o
[817/914] EXTERNALIZE build/GEDE01/src/game/game_fn_80016270.o
[818/914] EXTERNALIZE build/GEDE01/src/game/game_fn_80016904.o
[819/914] EXTERNALIZE build/GEDE01/src/game/game_fn_800173CC.o
[820/914] EXTERNALIZE build/GEDE01/src/game/game_fn_80016B24.o
[821/914] EXTERNALIZE build/GEDE01/src/game/game_fn_801BEF40.o
[822/914] EXTERNALIZE build/GEDE01/src/game/game_fn_801B86C0.o
[823/914] EXTERNALIZE STATIC POOL build/GEDE01/src/game/game_fn_801C4B5C.o
build/GEDE01/src/game/game_fn_801C4B5C.o: lbl_80628CB0 now undefined; section 6 emptied
[824/914] EXTERNALIZE build/GEDE01/src/game/game_fn_801E7014.o
[825/914] EXTERNALIZE build/GEDE01/src/game/game_fn_801C8600.o
[826/914] EXTERNALIZE build/GEDE01/src/game/game_fn_8014BA14.o
[827/914] EXTERNALIZE build/GEDE01/src/game/game_fn_801A4430.o
[828/914] EXTERNALIZE build/GEDE01/src/game/game_fn_800B2EC0.o
[829/914] EXTERNALIZE build/GEDE01/src/game/game_fn_8001CA04.o
[830/914] EXTERNALIZE build/GEDE01/src/game/game_fn_80031544.o
[831/914] EXTERNALIZE build/GEDE01/src/game/game_fn_8006B0F0.o
[832/914] EXTERNALIZE build/GEDE01/src/game/game_fn_8007D4D8.o
[833/914] EXTERNALIZE build/GEDE01/src/game/game_fn_8007F770.o
[834/914] EXTERNALIZE build/GEDE01/src/game/game_fn_80088F4C.o
[835/914] EXTERNALIZE build/GEDE01/src/game/game_fn_8008A2E0.o
[836/914] EXTERNALIZE build/GEDE01/src/game/game_fn_80089A34.o
[837/914] EXTERNALIZE build/GEDE01/src/game/game_fn_80090004.o
[838/914] EXTERNALIZE build/GEDE01/src/game/game_fn_80095D10.o
[839/914] EXTERNALIZE build/GEDE01/src/game/game_fn_800A3180.o
[840/914] EXTERNALIZE build/GEDE01/src/game/game_fn_800BB7A8.o
[841/914] EXTERNALIZE build/GEDE01/src/game/game_fn_800BB5C4.o
[842/914] EXTERNALIZE build/GEDE01/src/game/game_fn_800BB9A4.o
[843/914] EXTERNALIZE build/GEDE01/src/game/game_fn_800BBAF0.o
[844/914] EXTERNALIZE build/GEDE01/src/game/game_fn_800D9064.o
[845/914] EXTERNALIZE build/GEDE01/src/game/game_fn_800D9E10.o
[846/914] EXTERNALIZE build/GEDE01/src/game/game_fn_8012976C.o
[847/914] EXTERNALIZE build/GEDE01/src/game/game_fn_8013DB8C.o
[848/914] EXTERNALIZE build/GEDE01/src/game/game_fn_8013CBE4.o
[849/914] EXTERNALIZE build/GEDE01/src/game/game_fn_8014CA98.o
[850/914] EXTERNALIZE build/GEDE01/src/game/game_fn_80153A24.o
[851/914] EXTERNALIZE build/GEDE01/src/game/game_fn_801535D8.o
[852/914] EXTERNALIZE build/GEDE01/src/game/game_fn_80174F2C.o
[853/914] EXTERNALIZE build/GEDE01/src/game/game_fn_801752B0.o
[854/914] EXTERNALIZE build/GEDE01/src/game/game_fn_8017AC20.o
[855/914] EXTERNALIZE build/GEDE01/src/game/game_fn_801861C4.o
[856/914] EXTERNALIZE build/GEDE01/src/game/game_fn_8018680C.o
[857/914] EXTERNALIZE build/GEDE01/src/game/game_fn_80186F70.o
[858/914] EXTERNALIZE build/GEDE01/src/game/game_fn_80187320.o
[859/914] EXTERNALIZE build/GEDE01/src/game/game_fn_801810A0.o
[860/914] EXTERNALIZE build/GEDE01/src/game/game_fn_801875FC.o
[861/914] EXTERNALIZE build/GEDE01/src/game/game_fn_800542D0.o
[862/914] EXTERNALIZE build/GEDE01/src/game/game_fn_80187E40.o
[863/914] EXTERNALIZE build/GEDE01/src/game/game_fn_80187BB4.o
[864/914] EXTERNALIZE build/GEDE01/src/game/game_fn_80189C14.o
[865/914] EXTERNALIZE build/GEDE01/src/game/game_fn_8018C2D0.o
[866/914] EXTERNALIZE build/GEDE01/src/game/game_fn_8018D400.o
[867/914] EXTERNALIZE build/GEDE01/src/game/game_fn_8018E0D8.o
[868/914] EXTERNALIZE build/GEDE01/src/game/game_fn_8019120C.o
[869/914] EXTERNALIZE build/GEDE01/src/game/game_fn_8018DC24.o
[870/914] EXTERNALIZE build/GEDE01/src/game/game_fn_801916D0.o
[871/914] EXTERNALIZE build/GEDE01/src/game/game_fn_801926EC.o
[872/914] EXTERNALIZE build/GEDE01/src/game/game_fn_801929A4.o
[873/914] EXTERNALIZE build/GEDE01/src/game/game_fn_801952E8.o
[874/914] EXTERNALIZE build/GEDE01/src/game/game_fn_801A2A54.o
[875/914] EXTERNALIZE build/GEDE01/src/game/game_fn_801A34BC.o
[876/914] EXTERNALIZE build/GEDE01/src/game/game_fn_801A657C.o
[877/914] EXTERNALIZE build/GEDE01/src/game/game_fn_801D1F78.o
[878/914] EXTERNALIZE build/GEDE01/src/game/game_fn_801E2A48.o
[879/914] EXTERNALIZE build/GEDE01/src/game/game_fn_801E6814.o
[880/914] EXTERNALIZE build/GEDE01/src/game/game_fn_801E995C.o
[881/914] EXTERNALIZE build/GEDE01/src/game/game_fn_801F0CB0.o
[882/914] EXTERNALIZE build/GEDE01/src/game/game_fn_801EF580.o
[883/914] EXTERNALIZE build/GEDE01/src/game/game_fn_801F10BC.o
[884/914] EXTERNALIZE build/GEDE01/src/game/game_fn_801F35A8.o
[885/914] EXTERNALIZE build/GEDE01/src/game/game_fn_801ECD74.o
[886/914] EXTERNALIZE build/GEDE01/src/game/game_fn_801ED5F4.o
[887/914] EXTERNALIZE build/GEDE01/src/game/game_fn_801F69F0.o
[888/914] EXTERNALIZE build/GEDE01/src/game/game_fn_801F76EC.o
[889/914] EXTERNALIZE build/GEDE01/src/game/game_fn_801F8264.o
[890/914] EXTERNALIZE build/GEDE01/src/game/game_fn_801F89B4.o
[891/914] EXTERNALIZE build/GEDE01/src/game/game_fn_801F9AF8.o
[892/914] EXTERNALIZE build/GEDE01/src/game/game_fn_801F6BD8.o
[893/914] EXTERNALIZE build/GEDE01/src/game/game_fn_801FB6A4.o
[894/914] EXTERNALIZE JUMPTABLES build/GEDE01/src/game/game_fn_800361F8.o
[895/914] EXTERNALIZE JUMPTABLES build/GEDE01/src/game/game_fn_800CF598.o
[896/914] EXTERNALIZE JUMPTABLES build/GEDE01/src/game/game_fn_8006E53C.o
[897/914] EXTERNALIZE JUMPTABLES build/GEDE01/src/game/game_fn_801ACFE8.o
[898/914] EXTERNALIZE JUMPTABLES build/GEDE01/src/game/game_fn_801B1BA0.o
[899/914] EXTERNALIZE build/GEDE01/src/game/game_fn_80154F74.o
[900/914] EXTERNALIZE build/GEDE01/src/game/game_fn_801E504C.o
[901/914] EXTERNALIZE build/GEDE01/src/game/game_fn_8009E808.o
[902/914] EXTERNALIZE build/GEDE01/src/game/game_fn_801F1A38.o
[903/914] EXTERNALIZE build/GEDE01/src/game/game_fn_801F55A0.o
[904/914] EXTERNALIZE build/GEDE01/src/game/game_fn_801FFE78.o
[905/914] EXTERNALIZE build/GEDE01/src/game/game_fn_801F7510.o
[906/914] EXTERNALIZE build/GEDE01/src/game/game_fn_801F9CF4.o
[907/914] EXTERNALIZE build/GEDE01/src/game/game_fn_801FA9C8.o
[908/914] EXTERNALIZE build/GEDE01/src/game/game_fn_801FC034.o
[909/914] MWCC build/GEDE01/src/game/game_fn_80068674.o
[910/914] REPORT
 INFO Loading project .
 INFO Generating report for 7068 units (using 8 threads)
 INFO Report generated in 0.181s
 INFO Writing to build/GEDE01/report.json
[911/914] LINK build/GEDE01/main.elf
### mwldeppc.exe Linker Warning:
#   Section '.ignored' is unknown. Section ignored.
### mwldeppc.exe Linker Warning:
#   Section '.ignored' is unknown. Section ignored.
### mwldeppc.exe Linker Warning:
#   Section '.ignored' is unknown. Section ignored.
### mwldeppc.exe Linker Warning:
#   Section '.ignored' is unknown. Section ignored.
### mwldeppc.exe Linker Warning:
#   Section '.ignored' is unknown. Section ignored.
### mwldeppc.exe Linker Warning:
#   Section '.ignored' is unknown. Section ignored.
### mwldeppc.exe Linker Warning:
#   Section '.ignored' is unknown. Section ignored.
### mwldeppc.exe Linker Warning:
#   Section '.ignored' is unknown. Section ignored.
### mwldeppc.exe Linker Warning:
#   Section '.ignored' is unknown. Section ignored.
### mwldeppc.exe Linker Warning:
#   Section '.ignored' is unknown. Section ignored.
### mwldeppc.exe Linker Warning:
#   Section '.ignored' is unknown. Section ignored.
### mwldeppc.exe Linker Warning:
#   Section '.ignored' is unknown. Section ignored.
### mwldeppc.exe Linker Warning:
#   Section '.ignored' is unknown. Section ignored.
### mwldeppc.exe Linker Warning:
#   Section '.ignored' is unknown. Section ignored.
### mwldeppc.exe Linker Warning:
#   Section '.ignored' is unknown. Section ignored.
### mwldeppc.exe Linker Warning:
#   Section '.ignored' is unknown. Section ignored.
### mwldeppc.exe Linker Warning:
#   Section '.ignored' is unknown. Section ignored.
### mwldeppc.exe Linker Warning:
#   Section '.ignored' is unknown. Section ignored.
### mwldeppc.exe Linker Warning:
#   Section '.ignored' is unknown. Section ignored.
### mwldeppc.exe Linker Warning:
#   Section '.ignored' is unknown. Section ignored.
### mwldeppc.exe Linker Warning:
#   Section '.ignored' is unknown. Section ignored.
### mwldeppc.exe Linker Warning:
#   Section '.ignored' is unknown. Section ignored.
### mwldeppc.exe Linker Warning:
#   Section '.ignored' is unknown. Section ignored.
### mwldeppc.exe Linker Warning:
#   Section '.ignored' is unknown. Section ignored.
### mwldeppc.exe Linker Warning:
#   Section '.ignored' is unknown. Section ignored.
### mwldeppc.exe Linker Warning:
#   Section '.ignored' is unknown. Section ignored.
### mwldeppc.exe Linker Warning:
#   Section '.ignored' is unknown. Section ignored.
### mwldeppc.exe Linker Warning:
#   Section '.ignored' is unknown. Section ignored.
### mwldeppc.exe Linker Warning:
#   Section '.ignored' is unknown. Section ignored.
### mwldeppc.exe Linker Warning:
#   Section '.ignored' is unknown. Section ignored.
### mwldeppc.exe Linker Warning:
#   Section '.ignored' is unknown. Section ignored.
### mwldeppc.exe Linker Warning:
#   Section '.ignored' is unknown. Section ignored.
### mwldeppc.exe Linker Warning:
#   Section '.ignored' is unknown. Section ignored.
### mwldeppc.exe Linker Warning:
#   Section '.ignored' is unknown. Section ignored.
### mwldeppc.exe Linker Warning:
#   Section '.ignored' is unknown. Section ignored.
### mwldeppc.exe Linker Warning:
#   Section '.ignored' is unknown. Section ignored.
### mwldeppc.exe Linker Warning:
#   Section '.ignored' is unknown. Section ignored.
### mwldeppc.exe Linker Warning:
#   Section '.ignored' is unknown. Section ignored.
### mwldeppc.exe Linker Warning:
#   Section '.ignored' is unknown. Section ignored.
### mwldeppc.exe Linker Warning:
#   Section '.ignored' is unknown. Section ignored.
### mwldeppc.exe Linker Warning:
#   Section '.ignored' is unknown. Section ignored.
### mwldeppc.exe Linker Warning:
#   Section '.ignored' is unknown. Section ignored.
### mwldeppc.exe Linker Warning:
#   Section '.ignored' is unknown. Section ignored.
### mwldeppc.exe Linker Warning:
#   Section '.ignored' is unknown. Section ignored.
### mwldeppc.exe Linker Warning:
#   Section '.ignored' is unknown. Section ignored.
### mwldeppc.exe Linker Warning:
#   Section '.ignored' is unknown. Section ignored.
### mwldeppc.exe Linker Warning:
#   Section '.ignored' is unknown. Section ignored.
### mwldeppc.exe Linker Warning:
#   Section '.ignored' is unknown. Section ignored.
### mwldeppc.exe Linker Warning:
#   Section '.ignored' is unknown. Section ignored.
### mwldeppc.exe Linker Warning:
#   Section '.ignored' is unknown. Section ignored.
### mwldeppc.exe Linker Warning:
#   Section '.ignored' is unknown. Section ignored.
### mwldeppc.exe Linker Warning:
#   Section '.ignored' is unknown. Section ignored.
### mwldeppc.exe Linker Warning:
#   Section '.ignored' is unknown. Section ignored.
### mwldeppc.exe Linker Warning:
#   Section '.ignored' is unknown. Section ignored.
### mwldeppc.exe Linker Warning:
#   Section '.ignored' is unknown. Section ignored.
### mwldeppc.exe Linker Warning:
#   Section '.ignored' is unknown. Section ignored.
### mwldeppc.exe Linker Warning:
#   Section '.ignored' is unknown. Section ignored.
### mwldeppc.exe Linker Warning:
#   Section '.ignored' is unknown. Section ignored.
### mwldeppc.exe Linker Warning:
#   Section '.ignored' is unknown. Section ignored.
### mwldeppc.exe Linker Warning:
#   Section '.ignored' is unknown. Section ignored.
### mwldeppc.exe Linker Warning:
#   Section '.ignored' is unknown. Section ignored.
### mwldeppc.exe Linker Warning:
#   Section '.ignored' is unknown. Section ignored.
### mwldeppc.exe Linker Warning:
#   Section '.ignored' is unknown. Section ignored.
### mwldeppc.exe Linker Warning:
#   Section '.ignored' is unknown. Section ignored.
### mwldeppc.exe Linker Warning:
#   Section '.ignored' is unknown. Section ignored.
### mwldeppc.exe Linker Warning:
#   Section '.ignored' is unknown. Section ignored.
### mwldeppc.exe Linker Warning:
#   Section '.ignored' is unknown. Section ignored.
### mwldeppc.exe Linker Warning:
#   Section '.ignored' is unknown. Section ignored.
### mwldeppc.exe Linker Warning:
#   Section '.ignored' is unknown. Section ignored.
### mwldeppc.exe Linker Warning:
#   Section '.ignored' is unknown. Section ignored.
### mwldeppc.exe Linker Warning:
#   Section '.ignored' is unknown. Section ignored.
### mwldeppc.exe Linker Warning:
#   Section '.ignored' is unknown. Section ignored.
### mwldeppc.exe Linker Warning:
#   Section '.ignored' is unknown. Section ignored.
### mwldeppc.exe Linker Warning:
#   Section '.ignored' is unknown. Section ignored.
### mwldeppc.exe Linker Warning:
#   Section '.ignored' is unknown. Section ignored.
### mwldeppc.exe Linker Warning:
#   Section '.ignored' is unknown. Section ignored.
### mwldeppc.exe Linker Warning:
#   Section '.ignored' is unknown. Section ignored.
### mwldeppc.exe Linker Warning:
#   Section '.ignored' is unknown. Section ignored.
### mwldeppc.exe Linker Warning:
#   Section '.ignored' is unknown. Section ignored.
### mwldeppc.exe Linker Warning:
#   Section '.ignored' is unknown. Section ignored.
### mwldeppc.exe Linker Warning:
#   Section '.ignored' is unknown. Section ignored.
### mwldeppc.exe Linker Warning:
#   Section '.ignored' is unknown. Section ignored.
### mwldeppc.exe Linker Warning:
#   Section '.ignored' is unknown. Section ignored.
### mwldeppc.exe Linker Warning:
#   Section '.ignored' is unknown. Section ignored.
### mwldeppc.exe Linker Warning:
#   Section '.ignored' is unknown. Section ignored.
### mwldeppc.exe Linker Warning:
#   Section '.ignored' is unknown. Section ignored.
### mwldeppc.exe Linker Warning:
#   Section '.ignored' is unknown. Section ignored.
### mwldeppc.exe Linker Warning:
#   Section '.ignored' is unknown. Section ignored.
### mwldeppc.exe Linker Warning:
#   Section '.ignored' is unknown. Section ignored.
### mwldeppc.exe Linker Warning:
#   Section '.ignored' is unknown. Section ignored.
### mwldeppc.exe Linker Warning:
#   Section '.ignored' is unknown. Section ignored.
### mwldeppc.exe Linker Warning:
#   Section '.ignored' is unknown. Section ignored.
### mwldeppc.exe Linker Warning:
#   Section '.ignored' is unknown. Section ignored.
### mwldeppc.exe Linker Warning:
#   Section '.ignored' is unknown. Section ignored.
### mwldeppc.exe Linker Warning:
#   Section '.ignored' is unknown. Section ignored.
### mwldeppc.exe Linker Warning:
#   Section '.ignored' is unknown. Section ignored.
### mwldeppc.exe Linker Warning:
#   Section '.ignored' is unknown. Section ignored.
### mwldeppc.exe Linker Warning:
#   Section '.ignored' is unknown. Section ignored.
### mwldeppc.exe Linker Warning:
#   Section '.ignored' is unknown. Section ignored.
### mwldeppc.exe Linker Warning:
#   Section '.ignored' is unknown. Section ignored.
### mwldeppc.exe Linker Warning:
#   Section '.ignored' is unknown. Section ignored.
### mwldeppc.exe Linker Warning:
#   Section '.ignored' is unknown. Section ignored.
### mwldeppc.exe Linker Warning:
#   Section '.ignored' is unknown. Section ignored.
### mwldeppc.exe Linker Warning:
#   Section '.ignored' is unknown. Section ignored.
### mwldeppc.exe Linker Warning:
#   Section '.ignored' is unknown. Section ignored.
### mwldeppc.exe Linker Warning:
#   Section '.ignored' is unknown. Section ignored.
### mwldeppc.exe Linker Warning:
#   Section '.ignored' is unknown. Section ignored.
### mwldeppc.exe Linker Warning:
#   Section '.ignored' is unknown. Section ignored.
### mwldeppc.exe Linker Warning:
#   Section '.ignored' is unknown. Section ignored.
### mwldeppc.exe Linker Warning:
#   Section '.ignored' is unknown. Section ignored.
### mwldeppc.exe Linker Warning:
#   Section '.ignored' is unknown. Section ignored.
### mwldeppc.exe Linker Warning:
#   Section '.ignored' is unknown. Section ignored.
### mwldeppc.exe Linker Warning:
#   Section '.ignored' is unknown. Section ignored.
### mwldeppc.exe Linker Warning:
#   Section '.ignored' is unknown. Section ignored.
### mwldeppc.exe Linker Warning:
#   Section '.ignored' is unknown. Section ignored.
### mwldeppc.exe Linker Warning:
#   Section '.ignored' is unknown. Section ignored.
### mwldeppc.exe Linker Warning:
#   Section '.ignored' is unknown. Section ignored.
### mwldeppc.exe Linker Warning:
#   Section '.ignored' is unknown. Section ignored.
### mwldeppc.exe Linker Warning:
#   Section '.ignored' is unknown. Section ignored.
### mwldeppc.exe Linker Warning:
#   Section '.ignored' is unknown. Section ignored.
### mwldeppc.exe Linker Warning:
#   Section '.ignored' is unknown. Section ignored.
### mwldeppc.exe Linker Warning:
#   Section '.ignored' is unknown. Section ignored.
### mwldeppc.exe Linker Warning:
#   Section '.ignored' is unknown. Section ignored.
### mwldeppc.exe Linker Warning:
#   Section '.ignored' is unknown. Section ignored.
### mwldeppc.exe Linker Warning:
#   Section '.ignored' is unknown. Section ignored.
### mwldeppc.exe Linker Warning:
#   Section '.ignored' is unknown. Section ignored.
### mwldeppc.exe Linker Warning:
#   Section '.ignored' is unknown. Section ignored.
### mwldeppc.exe Linker Warning:
#   Section '.ignored' is unknown. Section ignored.
### mwldeppc.exe Linker Warning:
#   Section '.ignored' is unknown. Section ignored.
### mwldeppc.exe Linker Warning:
#   Section '.ignored' is unknown. Section ignored.
### mwldeppc.exe Linker Warning:
#   Section '.ignored' is unknown. Section ignored.
### mwldeppc.exe Linker Warning:
#   Section '.ignored' is unknown. Section ignored.
### mwldeppc.exe Linker Warning:
#   Section '.ignored' is unknown. Section ignored.
### mwldeppc.exe Linker Warning:
#   Section '.ignored' is unknown. Section ignored.
### mwldeppc.exe Linker Warning:
#   Section '.ignored' is unknown. Section ignored.
### mwldeppc.exe Linker Warning:
#   Section '.ignored' is unknown. Section ignored.
### mwldeppc.exe Linker Warning:
#   Section '.ignored' is unknown. Section ignored.
### mwldeppc.exe Linker Warning:
#   Section '.ignored' is unknown. Section ignored.
### mwldeppc.exe Linker Warning:
#   Section '.ignored' is unknown. Section ignored.
### mwldeppc.exe Linker Warning:
#   Section '.ignored' is unknown. Section ignored.
### mwldeppc.exe Linker Warning:
#   Section '.ignored' is unknown. Section ignored.
### mwldeppc.exe Linker Warning:
#   Section '.ignored' is unknown. Section ignored.
### mwldeppc.exe Linker Warning:
#   Section '.ignored' is unknown. Section ignored.
### mwldeppc.exe Linker Warning:
#   Section '.ignored' is unknown. Section ignored.
### mwldeppc.exe Linker Warning:
#   Section '.ignored' is unknown. Section ignored.
### mwldeppc.exe Linker Warning:
#   Section '.ignored' is unknown. Section ignored.
### mwldeppc.exe Linker Warning:
#   Section '.ignored' is unknown. Section ignored.
### mwldeppc.exe Linker Warning:
#   Section '.ignored' is unknown. Section ignored.
### mwldeppc.exe Linker Warning:
#   Section '.ignored' is unknown. Section ignored.
### mwldeppc.exe Linker Warning:
#   Section '.ignored' is unknown. Section ignored.
### mwldeppc.exe Linker Warning:
#   Section '.ignored' is unknown. Section ignored.
### mwldeppc.exe Linker Warning:
#   Section '.ignored' is unknown. Section ignored.
### mwldeppc.exe Linker Warning:
#   Section '.ignored' is unknown. Section ignored.
### mwldeppc.exe Linker Warning:
#   Section '.ignored' is unknown. Section ignored.
### mwldeppc.exe Linker Warning:
#   Section '.ignored' is unknown. Section ignored.
### mwldeppc.exe Linker Warning:
#   Section '.ignored' is unknown. Section ignored.
### mwldeppc.exe Linker Warning:
#   Section '.ignored' is unknown. Section ignored.
### mwldeppc.exe Linker Warning:
#   Section '.ignored' is unknown. Section ignored.
### mwldeppc.exe Linker Warning:
#   Section '.ignored' is unknown. Section ignored.
### mwldeppc.exe Linker Warning:
#   Section '.ignored' is unknown. Section ignored.
### mwldeppc.exe Linker Warning:
#   Section '.ignored' is unknown. Section ignored.
### mwldeppc.exe Linker Warning:
#   Section '.ignored' is unknown. Section ignored.
### mwldeppc.exe Linker Warning:
#   Section '.ignored' is unknown. Section ignored.
### mwldeppc.exe Linker Warning:
#   Section '.ignored' is unknown. Section ignored.
### mwldeppc.exe Linker Warning:
#   Section '.ignored' is unknown. Section ignored.
### mwldeppc.exe Linker Warning:
#   Section '.ignored' is unknown. Section ignored.
### mwldeppc.exe Linker Warning:
#   Section '.ignored' is unknown. Section ignored.
### mwldeppc.exe Linker Warning:
#   Section '.ignored' is unknown. Section ignored.
### mwldeppc.exe Linker Warning:
#   Section '.ignored' is unknown. Section ignored.
### mwldeppc.exe Linker Warning:
#   Section '.ignored' is unknown. Section ignored.
### mwldeppc.exe Linker Warning:
#   Section '.ignored' is unknown. Section ignored.
### mwldeppc.exe Linker Warning:
#   Section '.ignored' is unknown. Section ignored.
### mwldeppc.exe Linker Warning:
#   Section '.ignored' is unknown. Section ignored.
### mwldeppc.exe Linker Warning:
#   Section '.ignored' is unknown. Section ignored.
### mwldeppc.exe Linker Warning:
#   Section '.ignored' is unknown. Section ignored.
### mwldeppc.exe Linker Warning:
#   Section '.ignored' is unknown. Section ignored.
### mwldeppc.exe Linker Warning:
#   Section '.ignored' is unknown. Section ignored.
### mwldeppc.exe Linker Warning:
#   Section '.ignored' is unknown. Section ignored.
### mwldeppc.exe Linker Warning:
#   Section '.ignored' is unknown. Section ignored.
### mwldeppc.exe Linker Warning:
#   Section '.ignored' is unknown. Section ignored.
### mwldeppc.exe Linker Warning:
#   Section '.ignored' is unknown. Section ignored.
### mwldeppc.exe Linker Warning:
#   Section '.ignored' is unknown. Section ignored.
### mwldeppc.exe Linker Warning:
#   Section '.ignored' is unknown. Section ignored.
### mwldeppc.exe Linker Warning:
#   Section '.ignored' is unknown. Section ignored.
### mwldeppc.exe Linker Warning:
#   Section '.ignored' is unknown. Section ignored.
### mwldeppc.exe Linker Warning:
#   Section '.ignored' is unknown. Section ignored.
### mwldeppc.exe Linker Warning:
#   Section '.ignored' is unknown. Section ignored.
### mwldeppc.exe Linker Warning:
#   Section '.ignored' is unknown. Section ignored.
### mwldeppc.exe Linker Warning:
#   Section '.ignored' is unknown. Section ignored.
### mwldeppc.exe Linker Warning:
#   Section '.ignored' is unknown. Section ignored.
### mwldeppc.exe Linker Warning:
#   Section '.ignored' is unknown. Section ignored.
### mwldeppc.exe Linker Warning:
#   Section '.ignored' is unknown. Section ignored.
### mwldeppc.exe Linker Warning:
#   Section '.ignored' is unknown. Section ignored.
### mwldeppc.exe Linker Warning:
#   Section '.ignored' is unknown. Section ignored.
### mwldeppc.exe Linker Warning:
#   Section '.ignored' is unknown. Section ignored.
### mwldeppc.exe Linker Warning:
#   Section '.ignored' is unknown. Section ignored.
### mwldeppc.exe Linker Warning:
#   Section '.ignored' is unknown. Section ignored.
### mwldeppc.exe Linker Warning:
#   Section '.ignored' is unknown. Section ignored.
### mwldeppc.exe Linker Warning:
#   Section '.ignored' is unknown. Section ignored.
### mwldeppc.exe Linker Warning:
#   Section '.ignored' is unknown. Section ignored.
### mwldeppc.exe Linker Warning:
#   Section '.ignored' is unknown. Section ignored.
### mwldeppc.exe Linker Warning:
#   Section '.ignored' is unknown. Section ignored.
### mwldeppc.exe Linker Warning:
#   Section '.ignored' is unknown. Section ignored.
### mwldeppc.exe Linker Warning:
#   Section '.ignored' is unknown. Section ignored.
### mwldeppc.exe Linker Warning:
#   Section '.ignored' is unknown. Section ignored.
### mwldeppc.exe Linker Warning:
#   Section '.ignored' is unknown. Section ignored.
### mwldeppc.exe Linker Warning:
#   Section '.ignored' is unknown. Section ignored.
### mwldeppc.exe Linker Warning:
#   Section '.ignored' is unknown. Section ignored.
### mwldeppc.exe Linker Warning:
#   Section '.ignored' is unknown. Section ignored.
### mwldeppc.exe Linker Warning:
#   Section '.ignored' is unknown. Section ignored.
### mwldeppc.exe Linker Warning:
#   Section '.ignored' is unknown. Section ignored.
### mwldeppc.exe Linker Warning:
#   Section '.ignored' is unknown. Section ignored.
### mwldeppc.exe Linker Warning:
#   Section '.ignored' is unknown. Section ignored.
### mwldeppc.exe Linker Warning:
#   Section '.ignored' is unknown. Section ignored.
### mwldeppc.exe Linker Warning:
#   Section '.ignored' is unknown. Section ignored.
### mwldeppc.exe Linker Warning:
#   Section '.ignored' is unknown. Section ignored.
### mwldeppc.exe Linker Warning:
#   Section '.ignored' is unknown. Section ignored.
### mwldeppc.exe Linker Warning:
#   Section '.ignored' is unknown. Section ignored.
### mwldeppc.exe Linker Warning:
#   Section '.ignored' is unknown. Section ignored.
### mwldeppc.exe Linker Warning:
#   Section '.ignored' is unknown. Section ignored.
### mwldeppc.exe Linker Warning:
#   Section '.ignored' is unknown. Section ignored.
### mwldeppc.exe Linker Warning:
#   Section '.ignored' is unknown. Section ignored.
### mwldeppc.exe Linker Warning:
#   Section '.ignored' is unknown. Section ignored.
### mwldeppc.exe Linker Warning:
#   Section '.ignored' is unknown. Section ignored.
### mwldeppc.exe Linker Warning:
#   Section '.ignored' is unknown. Section ignored.
### mwldeppc.exe Linker Warning:
#   Section '.ignored' is unknown. Section ignored.
### mwldeppc.exe Linker Warning:
#   Section '.ignored' is unknown. Section ignored.
### mwldeppc.exe Linker Warning:
#   Section '.ignored' is unknown. Section ignored.
### mwldeppc.exe Linker Warning:
#   Section '.ignored' is unknown. Section ignored.
### mwldeppc.exe Linker Warning:
#   Section '.ignored' is unknown. Section ignored.
### mwldeppc.exe Linker Warning:
#   Section '.ignored' is unknown. Section ignored.
### mwldeppc.exe Linker Warning:
#   Section '.ignored' is unknown. Section ignored.
### mwldeppc.exe Linker Warning:
#   Section '.ignored' is unknown. Section ignored.
### mwldeppc.exe Linker Warning:
#   Section '.ignored' is unknown. Section ignored.
### mwldeppc.exe Linker Warning:
#   Section '.ignored' is unknown. Section ignored.
### mwldeppc.exe Linker Warning:
#   Section '.ignored' is unknown. Section ignored.
### mwldeppc.exe Linker Warning:
#   Section '.ignored' is unknown. Section ignored.
### mwldeppc.exe Linker Warning:
#   Section '.ignored' is unknown. Section ignored.
### mwldeppc.exe Linker Warning:
#   Section '.ignored' is unknown. Section ignored.
### mwldeppc.exe Linker Warning:
#   Section '.ignored' is unknown. Section ignored.
### mwldeppc.exe Linker Warning:
#   Section '.ignored' is unknown. Section ignored.
### mwldeppc.exe Linker Warning:
#   Section '.ignored' is unknown. Section ignored.
### mwldeppc.exe Linker Warning:
#   Section '.ignored' is unknown. Section ignored.
### mwldeppc.exe Linker Warning:
#   Section '.ignored' is unknown. Section ignored.
### mwldeppc.exe Linker Warning:
#   Section '.ignored' is unknown. Section ignored.
### mwldeppc.exe Linker Warning:
#   Section '.ignored' is unknown. Section ignored.
### mwldeppc.exe Linker Warning:
#   Section '.ignored' is unknown. Section ignored.
### mwldeppc.exe Linker Warning:
#   Section '.ignored' is unknown. Section ignored.
### mwldeppc.exe Linker Warning:
#   Section '.ignored' is unknown. Section ignored.
### mwldeppc.exe Linker Warning:
#   Section '.ignored' is unknown. Section ignored.
### mwldeppc.exe Linker Warning:
#   Section '.ignored' is unknown. Section ignored.
### mwldeppc.exe Linker Warning:
#   Section '.ignored' is unknown. Section ignored.
### mwldeppc.exe Linker Warning:
#   Section '.ignored' is unknown. Section ignored.
### mwldeppc.exe Linker Warning:
#   Section '.ignored' is unknown. Section ignored.
### mwldeppc.exe Linker Warning:
#   Section '.ignored' is unknown. Section ignored.
### mwldeppc.exe Linker Warning:
#   Section '.ignored' is unknown. Section ignored.
### mwldeppc.exe Linker Warning:
#   Section '.ignored' is unknown. Section ignored.
### mwldeppc.exe Linker Warning:
#   Section '.ignored' is unknown. Section ignored.
### mwldeppc.exe Linker Warning:
#   Section '.ignored' is unknown. Section ignored.
### mwldeppc.exe Linker Warning:
#   Section '.ignored' is unknown. Section ignored.
### mwldeppc.exe Linker Warning:
#   Section '.ignored' is unknown. Section ignored.
### mwldeppc.exe Linker Warning:
#   Section '.ignored' is unknown. Section ignored.
### mwldeppc.exe Linker Warning:
#   Section '.ignored' is unknown. Section ignored.
### mwldeppc.exe Linker Warning:
#   Section '.ignored' is unknown. Section ignored.
### mwldeppc.exe Linker Warning:
#   Section '.ignored' is unknown. Section ignored.
### mwldeppc.exe Linker Warning:
#   Section '.ignored' is unknown. Section ignored.
### mwldeppc.exe Linker Warning:
#   Section '.ignored' is unknown. Section ignored.
### mwldeppc.exe Linker Warning:
#   Section '.ignored' is unknown. Section ignored.
### mwldeppc.exe Linker Warning:
#   Section '.ignored' is unknown. Section ignored.
### mwldeppc.exe Linker Warning:
#   Section '.ignored' is unknown. Section ignored.
### mwldeppc.exe Linker Warning:
#   Section '.ignored' is unknown. Section ignored.
### mwldeppc.exe Linker Warning:
#   Section '.ignored' is unknown. Section ignored.
### mwldeppc.exe Linker Warning:
#   Section '.ignored' is unknown. Section ignored.
### mwldeppc.exe Linker Warning:
#   Section '.ignored' is unknown. Section ignored.
### mwldeppc.exe Linker Warning:
#   Section '.ignored' is unknown. Section ignored.
### mwldeppc.exe Linker Warning:
#   Section '.ignored' is unknown. Section ignored.
### mwldeppc.exe Linker Warning:
#   Section '.ignored' is unknown. Section ignored.
### mwldeppc.exe Linker Warning:
#   Section '.ignored' is unknown. Section ignored.
### mwldeppc.exe Linker Warning:
#   Section '.ignored' is unknown. Section ignored.
### mwldeppc.exe Linker Warning:
#   Section '.ignored' is unknown. Section ignored.
### mwldeppc.exe Linker Warning:
#   Section '.ignored' is unknown. Section ignored.
### mwldeppc.exe Linker Warning:
#   Section '.ignored' is unknown. Section ignored.
### mwldeppc.exe Linker Warning:
#   Section '.ignored' is unknown. Section ignored.
### mwldeppc.exe Linker Warning:
#   Section '.ignored' is unknown. Section ignored.
### mwldeppc.exe Linker Warning:
#   Section '.ignored' is unknown. Section ignored.
### mwldeppc.exe Linker Warning:
#   Section '.ignored' is unknown. Section ignored.
### mwldeppc.exe Linker Warning:
#   Section '.ignored' is unknown. Section ignored.
### mwldeppc.exe Linker Warning:
#   Section '.ignored' is unknown. Section ignored.
### mwldeppc.exe Linker Warning:
#   Section '.ignored' is unknown. Section ignored.
### mwldeppc.exe Linker Warning:
#   Section '.ignored' is unknown. Section ignored.
### mwldeppc.exe Linker Warning:
#   Section '.ignored' is unknown. Section ignored.
### mwldeppc.exe Linker Warning:
#   Section '.ignored' is unknown. Section ignored.
### mwldeppc.exe Linker Warning:
#   Section '.ignored' is unknown. Section ignored.
### mwldeppc.exe Linker Warning:
#   Section '.ignored' is unknown. Section ignored.
### mwldeppc.exe Linker Warning:
#   Section '.ignored' is unknown. Section ignored.
### mwldeppc.exe Linker Warning:
#   Section '.ignored' is unknown. Section ignored.
### mwldeppc.exe Linker Warning:
#   Section '.ignored' is unknown. Section ignored.
### mwldeppc.exe Linker Warning:
#   Section '.ignored' is unknown. Section ignored.
### mwldeppc.exe Linker Warning:
#   Section '.ignored' is unknown. Section ignored.
### mwldeppc.exe Linker Warning:
#   Section '.ignored' is unknown. Section ignored.
### mwldeppc.exe Linker Warning:
#   Section '.ignored' is unknown. Section ignored.
### mwldeppc.exe Linker Warning:
#   Section '.ignored' is unknown. Section ignored.
### mwldeppc.exe Linker Warning:
#   Section '.ignored' is unknown. Section ignored.
### mwldeppc.exe Linker Warning:
#   Section '.ignored' is unknown. Section ignored.
### mwldeppc.exe Linker Warning:
#   Section '.ignored' is unknown. Section ignored.
### mwldeppc.exe Linker Warning:
#   Section '.ignored' is unknown. Section ignored.
### mwldeppc.exe Linker Warning:
#   Section '.ignored' is unknown. Section ignored.
### mwldeppc.exe Linker Warning:
#   Section '.ignored' is unknown. Section ignored.
### mwldeppc.exe Linker Warning:
#   Section '.ignored' is unknown. Section ignored.
### mwldeppc.exe Linker Warning:
#   Section '.ignored' is unknown. Section ignored.
### mwldeppc.exe Linker Warning:
#   Section '.ignored' is unknown. Section ignored.
### mwldeppc.exe Linker Warning:
#   Section '.ignored' is unknown. Section ignored.
### mwldeppc.exe Linker Warning:
#   Section '.ignored' is unknown. Section ignored.
### mwldeppc.exe Linker Warning:
#   Section '.ignored' is unknown. Section ignored.
### mwldeppc.exe Linker Warning:
#   Section '.ignored' is unknown. Section ignored.
### mwldeppc.exe Linker Warning:
#   Section '.ignored' is unknown. Section ignored.
### mwldeppc.exe Linker Warning:
#   Section '.ignored' is unknown. Section ignored.
### mwldeppc.exe Linker Warning:
#   Section '.ignored' is unknown. Section ignored.
### mwldeppc.exe Linker Warning:
#   Section '.ignored' is unknown. Section ignored.
### mwldeppc.exe Linker Warning:
#   Section '.ignored' is unknown. Section ignored.
### mwldeppc.exe Linker Warning:
#   Section '.ignored' is unknown. Section ignored.
### mwldeppc.exe Linker Warning:
#   Section '.ignored' is unknown. Section ignored.
### mwldeppc.exe Linker Warning:
#   Section '.ignored' is unknown. Section ignored.
### mwldeppc.exe Linker Warning:
#   Section '.ignored' is unknown. Section ignored.
### mwldeppc.exe Linker Warning:
#   Section '.ignored' is unknown. Section ignored.
### mwldeppc.exe Linker Warning:
#   Section '.ignored' is unknown. Section ignored.
### mwldeppc.exe Linker Warning:
#   Section '.ignored' is unknown. Section ignored.
### mwldeppc.exe Linker Warning:
#   Section '.ignored' is unknown. Section ignored.
### mwldeppc.exe Linker Warning:
#   Section '.ignored' is unknown. Section ignored.
### mwldeppc.exe Linker Warning:
#   Section '.ignored' is unknown. Section ignored.
### mwldeppc.exe Linker Warning:
#   Section '.ignored' is unknown. Section ignored.
### mwldeppc.exe Linker Warning:
#   Section '.ignored' is unknown. Section ignored.
### mwldeppc.exe Linker Warning:
#   Section '.ignored' is unknown. Section ignored.
### mwldeppc.exe Linker Warning:
#   Section '.ignored' is unknown. Section ignored.
### mwldeppc.exe Linker Warning:
#   Section '.ignored' is unknown. Section ignored.
### mwldeppc.exe Linker Warning:
#   Section '.ignored' is unknown. Section ignored.
### mwldeppc.exe Linker Warning:
#   Section '.ignored' is unknown. Section ignored.
### mwldeppc.exe Linker Warning:
#   Section '.ignored' is unknown. Section ignored.
### mwldeppc.exe Linker Warning:
#   Section '.ignored' is unknown. Section ignored.
### mwldeppc.exe Linker Warning:
#   Section '.ignored' is unknown. Section ignored.
### mwldeppc.exe Linker Warning:
#   Section '.ignored' is unknown. Section ignored.
### mwldeppc.exe Linker Warning:
#   Section '.ignored' is unknown. Section ignored.
### mwldeppc.exe Linker Warning:
#   Section '.ignored' is unknown. Section ignored.
### mwldeppc.exe Linker Warning:
#   Section '.ignored' is unknown. Section ignored.
### mwldeppc.exe Linker Warning:
#   Section '.ignored' is unknown. Section ignored.
### mwldeppc.exe Linker Warning:
#   Section '.ignored' is unknown. Section ignored.
### mwldeppc.exe Linker Warning:
#   Section '.ignored' is unknown. Section ignored.
### mwldeppc.exe Linker Warning:
#   Section '.ignored' is unknown. Section ignored.
### mwldeppc.exe Linker Warning:
#   Section '.ignored' is unknown. Section ignored.
### mwldeppc.exe Linker Warning:
#   Section '.ignored' is unknown. Section ignored.
### mwldeppc.exe Linker Warning:
#   Section '.ignored' is unknown. Section ignored.
### mwldeppc.exe Linker Warning:
#   Section '.ignored' is unknown. Section ignored.
### mwldeppc.exe Linker Warning:
#   Section '.ignored' is unknown. Section ignored.
### mwldeppc.exe Linker Warning:
#   Section '.ignored' is unknown. Section ignored.
### mwldeppc.exe Linker Warning:
#   Section '.ignored' is unknown. Section ignored.
### mwldeppc.exe Linker Warning:
#   Section '.ignored' is unknown. Section ignored.
### mwldeppc.exe Linker Warning:
#   Section '.ignored' is unknown. Section ignored.
### mwldeppc.exe Linker Warning:
#   Section '.ignored' is unknown. Section ignored.
### mwldeppc.exe Linker Warning:
#   Section '.ignored' is unknown. Section ignored.
### mwldeppc.exe Linker Warning:
#   Section '.ignored' is unknown. Section ignored.
### mwldeppc.exe Linker Warning:
#   Section '.ignored' is unknown. Section ignored.
### mwldeppc.exe Linker Warning:
#   Section '.ignored' is unknown. Section ignored.
### mwldeppc.exe Linker Warning:
#   Section '.ignored' is unknown. Section ignored.
### mwldeppc.exe Linker Warning:
#   Section '.ignored' is unknown. Section ignored.
### mwldeppc.exe Linker Warning:
#   Section '.ignored' is unknown. Section ignored.
### mwldeppc.exe Linker Warning:
#   Section '.ignored' is unknown. Section ignored.
### mwldeppc.exe Linker Warning:
#   Section '.ignored' is unknown. Section ignored.
### mwldeppc.exe Linker Warning:
#   Section '.ignored' is unknown. Section ignored.
### mwldeppc.exe Linker Warning:
#   Section '.ignored' is unknown. Section ignored.
### mwldeppc.exe Linker Warning:
#   Section '.ignored' is unknown. Section ignored.
### mwldeppc.exe Linker Warning:
#   Section '.ignored' is unknown. Section ignored.
### mwldeppc.exe Linker Warning:
#   Section '.ignored' is unknown. Section ignored.
### mwldeppc.exe Linker Warning:
#   Section '.ignored' is unknown. Section ignored.
### mwldeppc.exe Linker Warning:
#   Section '.ignored' is unknown. Section ignored.
### mwldeppc.exe Linker Warning:
#   Section '.ignored' is unknown. Section ignored.
### mwldeppc.exe Linker Warning:
#   Section '.ignored' is unknown. Section ignored.
### mwldeppc.exe Linker Warning:
#   Section '.ignored' is unknown. Section ignored.
### mwldeppc.exe Linker Warning:
#   Section '.ignored' is unknown. Section ignored.
### mwldeppc.exe Linker Warning:
#   Section '.ignored' is unknown. Section ignored.
### mwldeppc.exe Linker Warning:
#   Section '.ignored' is unknown. Section ignored.
### mwldeppc.exe Linker Warning:
#   Section '.ignored' is unknown. Section ignored.
### mwldeppc.exe Linker Warning:
#   Section '.ignored' is unknown. Section ignored.
### mwldeppc.exe Linker Warning:
#   Section '.ignored' is unknown. Section ignored.
### mwldeppc.exe Linker Warning:
#   Section '.ignored' is unknown. Section ignored.
### mwldeppc.exe Linker Warning:
#   Section '.ignored' is unknown. Section ignored.
### mwldeppc.exe Linker Warning:
#   Section '.ignored' is unknown. Section ignored.
### mwldeppc.exe Linker Warning:
#   Section '.ignored' is unknown. Section ignored.
### mwldeppc.exe Linker Warning:
#   Section '.ignored' is unknown. Section ignored.
### mwldeppc.exe Linker Warning:
#   Section '.ignored' is unknown. Section ignored.
### mwldeppc.exe Linker Warning:
#   Section '.ignored' is unknown. Section ignored.
### mwldeppc.exe Linker Warning:
#   Section '.ignored' is unknown. Section ignored.
### mwldeppc.exe Linker Warning:
#   Section '.ignored' is unknown. Section ignored.
### mwldeppc.exe Linker Warning:
#   Section '.ignored' is unknown. Section ignored.
### mwldeppc.exe Linker Warning:
#   Section '.ignored' is unknown. Section ignored.
### mwldeppc.exe Linker Warning:
#   Section '.ignored' is unknown. Section ignored.
### mwldeppc.exe Linker Warning:
#   Section '.ignored' is unknown. Section ignored.
### mwldeppc.exe Linker Warning:
#   Section '.ignored' is unknown. Section ignored.
### mwldeppc.exe Linker Warning:
#   Section '.ignored' is unknown. Section ignored.
### mwldeppc.exe Linker Warning:
#   Section '.ignored' is unknown. Section ignored.
### mwldeppc.exe Linker Warning:
#   Section '.ignored' is unknown. Section ignored.
### mwldeppc.exe Linker Warning:
#   Section '.ignored' is unknown. Section ignored.
### mwldeppc.exe Linker Warning:
#   Section '.ignored' is unknown. Section ignored.
### mwldeppc.exe Linker Warning:
#   Section '.ignored' is unknown. Section ignored.
### mwldeppc.exe Linker Warning:
#   Section '.ignored' is unknown. Section ignored.
### mwldeppc.exe Linker Warning:
#   Section '.ignored' is unknown. Section ignored.
### mwldeppc.exe Linker Warning:
#   Section '.ignored' is unknown. Section ignored.
### mwldeppc.exe Linker Warning:
#   Section '.ignored' is unknown. Section ignored.
### mwldeppc.exe Linker Warning:
#   Section '.ignored' is unknown. Section ignored.
### mwldeppc.exe Linker Warning:
#   Section '.ignored' is unknown. Section ignored.
### mwldeppc.exe Linker Warning:
#   Section '.ignored' is unknown. Section ignored.
### mwldeppc.exe Linker Warning:
#   Section '.ignored' is unknown. Section ignored.
### mwldeppc.exe Linker Warning:
#   Section '.ignored' is unknown. Section ignored.
### mwldeppc.exe Linker Warning:
#   Section '.ignored' is unknown. Section ignored.
### mwldeppc.exe Linker Warning:
#   Section '.ignored' is unknown. Section ignored.
### mwldeppc.exe Linker Warning:
#   Section '.ignored' is unknown. Section ignored.
### mwldeppc.exe Linker Warning:
#   Section '.ignored' is unknown. Section ignored.
### mwldeppc.exe Linker Warning:
#   Section '.ignored' is unknown. Section ignored.
### mwldeppc.exe Linker Warning:
#   Section '.ignored' is unknown. Section ignored.
### mwldeppc.exe Linker Warning:
#   Section '.ignored' is unknown. Section ignored.
### mwldeppc.exe Linker Warning:
#   Section '.ignored' is unknown. Section ignored.
### mwldeppc.exe Linker Warning:
#   Section '.ignored' is unknown. Section ignored.
### mwldeppc.exe Linker Warning:
#   Section '.ignored' is unknown. Section ignored.
### mwldeppc.exe Linker Warning:
#   Section '.ignored' is unknown. Section ignored.
### mwldeppc.exe Linker Warning:
#   Section '.ignored' is unknown. Section ignored.
### mwldeppc.exe Linker Warning:
#   Section '.ignored' is unknown. Section ignored.
### mwldeppc.exe Linker Warning:
#   Section '.ignored' is unknown. Section ignored.
### mwldeppc.exe Linker Warning:
#   Section '.ignored' is unknown. Section ignored.
### mwldeppc.exe Linker Warning:
#   Section '.ignored' is unknown. Section ignored.
### mwldeppc.exe Linker Warning:
#   Section '.ignored' is unknown. Section ignored.
### mwldeppc.exe Linker Warning:
#   Section '.ignored' is unknown. Section ignored.
### mwldeppc.exe Linker Warning:
#   Section '.ignored' is unknown. Section ignored.
### mwldeppc.exe Linker Warning:
#   Section '.ignored' is unknown. Section ignored.
### mwldeppc.exe Linker Warning:
#   Section '.ignored' is unknown. Section ignored.
### mwldeppc.exe Linker Warning:
#   Section '.ignored' is unknown. Section ignored.
### mwldeppc.exe Linker Warning:
#   Section '.ignored' is unknown. Section ignored.
### mwldeppc.exe Linker Warning:
#   Section '.ignored' is unknown. Section ignored.
### mwldeppc.exe Linker Warning:
#   Section '.ignored' is unknown. Section ignored.
### mwldeppc.exe Linker Warning:
#   Section '.ignored' is unknown. Section ignored.
### mwldeppc.exe Linker Warning:
#   Section '.ignored' is unknown. Section ignored.
### mwldeppc.exe Linker Warning:
#   Section '.ignored' is unknown. Section ignored.
### mwldeppc.exe Linker Warning:
#   Section '.ignored' is unknown. Section ignored.
### mwldeppc.exe Linker Warning:
#   Section '.ignored' is unknown. Section ignored.
### mwldeppc.exe Linker Warning:
#   Section '.ignored' is unknown. Section ignored.
### mwldeppc.exe Linker Warning:
#   Section '.ignored' is unknown. Section ignored.
### mwldeppc.exe Linker Warning:
#   Section '.ignored' is unknown. Section ignored.
### mwldeppc.exe Linker Warning:
#   Section '.ignored' is unknown. Section ignored.
### mwldeppc.exe Linker Warning:
#   Section '.ignored' is unknown. Section ignored.
### mwldeppc.exe Linker Warning:
#   Section '.ignored' is unknown. Section ignored.
### mwldeppc.exe Linker Warning:
#   Section '.ignored' is unknown. Section ignored.
### mwldeppc.exe Linker Warning:
#   Section '.ignored' is unknown. Section ignored.
### mwldeppc.exe Linker Warning:
#   Section '.ignored' is unknown. Section ignored.
### mwldeppc.exe Linker Warning:
#   Section '.ignored' is unknown. Section ignored.
### mwldeppc.exe Linker Warning:
#   Section '.ignored' is unknown. Section ignored.
### mwldeppc.exe Linker Warning:
#   Section '.ignored' is unknown. Section ignored.
### mwldeppc.exe Linker Warning:
#   Section '.ignored' is unknown. Section ignored.
### mwldeppc.exe Linker Warning:
#   Section '.ignored' is unknown. Section ignored.
### mwldeppc.exe Linker Warning:
#   Section '.ignored' is unknown. Section ignored.
### mwldeppc.exe Linker Warning:
#   Section '.ignored' is unknown. Section ignored.
### mwldeppc.exe Linker Warning:
#   Section '.ignored' is unknown. Section ignored.
### mwldeppc.exe Linker Warning:
#   Section '.ignored' is unknown. Section ignored.
### mwldeppc.exe Linker Warning:
#   Section '.ignored' is unknown. Section ignored.
### mwldeppc.exe Linker Warning:
#   Section '.ignored' is unknown. Section ignored.
### mwldeppc.exe Linker Warning:
#   Section '.ignored' is unknown. Section ignored.
### mwldeppc.exe Linker Warning:
#   Section '.ignored' is unknown. Section ignored.
### mwldeppc.exe Linker Warning:
#   Section '.ignored' is unknown. Section ignored.
### mwldeppc.exe Linker Warning:
#   Section '.ignored' is unknown. Section ignored.
### mwldeppc.exe Linker Warning:
#   Section '.ignored' is unknown. Section ignored.
### mwldeppc.exe Linker Warning:
#   Section '.ignored' is unknown. Section ignored.
### mwldeppc.exe Linker Warning:
#   Section '.ignored' is unknown. Section ignored.
### mwldeppc.exe Linker Warning:
#   Section '.ignored' is unknown. Section ignored.
### mwldeppc.exe Linker Warning:
#   Section '.ignored' is unknown. Section ignored.
### mwldeppc.exe Linker Warning:
#   Section '.ignored' is unknown. Section ignored.
### mwldeppc.exe Linker Warning:
#   Section '.ignored' is unknown. Section ignored.
### mwldeppc.exe Linker Warning:
#   Section '.ignored' is unknown. Section ignored.
### mwldeppc.exe Linker Warning:
#   Section '.ignored' is unknown. Section ignored.
### mwldeppc.exe Linker Warning:
#   Section '.ignored' is unknown. Section ignored.
### mwldeppc.exe Linker Warning:
#   Section '.ignored' is unknown. Section ignored.
### mwldeppc.exe Linker Warning:
#   Section '.ignored' is unknown. Section ignored.
### mwldeppc.exe Linker Warning:
#   Section '.ignored' is unknown. Section ignored.
### mwldeppc.exe Linker Warning:
#   Section '.ignored' is unknown. Section ignored.
### mwldeppc.exe Linker Warning:
#   Section '.ignored' is unknown. Section ignored.
### mwldeppc.exe Linker Warning:
#   Section '.ignored' is unknown. Section ignored.
### mwldeppc.exe Linker Warning:
#   Section '.ignored' is unknown. Section ignored.
### mwldeppc.exe Linker Warning:
#   Section '.ignored' is unknown. Section ignored.
### mwldeppc.exe Linker Warning:
#   Section '.ignored' is unknown. Section ignored.
### mwldeppc.exe Linker Warning:
#   Section '.ignored' is unknown. Section ignored.
### mwldeppc.exe Linker Warning:
#   Section '.ignored' is unknown. Section ignored.
### mwldeppc.exe Linker Warning:
#   Section '.ignored' is unknown. Section ignored.
### mwldeppc.exe Linker Warning:
#   Section '.ignored' is unknown. Section ignored.
### mwldeppc.exe Linker Warning:
#   Section '.ignored' is unknown. Section ignored.
### mwldeppc.exe Linker Warning:
#   Section '.ignored' is unknown. Section ignored.
### mwldeppc.exe Linker Warning:
#   Section '.ignored' is unknown. Section ignored.
### mwldeppc.exe Linker Warning:
#   Section '.ignored' is unknown. Section ignored.
### mwldeppc.exe Linker Warning:
#   Section '.ignored' is unknown. Section ignored.
### mwldeppc.exe Linker Warning:
#   Section '.ignored' is unknown. Section ignored.
### mwldeppc.exe Linker Warning:
#   Section '.ignored' is unknown. Section ignored.
### mwldeppc.exe Linker Warning:
#   Section '.ignored' is unknown. Section ignored.
### mwldeppc.exe Linker Warning:
#   Section '.ignored' is unknown. Section ignored.
### mwldeppc.exe Linker Warning:
#   Section '.ignored' is unknown. Section ignored.
### mwldeppc.exe Linker Warning:
#   Section '.ignored' is unknown. Section ignored.
### mwldeppc.exe Linker Warning:
#   Section '.ignored' is unknown. Section ignored.
### mwldeppc.exe Linker Warning:
#   Section '.ignored' is unknown. Section ignored.
### mwldeppc.exe Linker Warning:
#   Section '.ignored' is unknown. Section ignored.
### mwldeppc.exe Linker Warning:
#   Section '.ignored' is unknown. Section ignored.
### mwldeppc.exe Linker Warning:
#   Section '.ignored' is unknown. Section ignored.
### mwldeppc.exe Linker Warning:
#   Section '.ignored' is unknown. Section ignored.
### mwldeppc.exe Linker Warning:
#   Section '.ignored' is unknown. Section ignored.
### mwldeppc.exe Linker Warning:
#   Section '.ignored' is unknown. Section ignored.
### mwldeppc.exe Linker Warning:
#   Section '.ignored' is unknown. Section ignored.
### mwldeppc.exe Linker Warning:
#   Section '.ignored' is unknown. Section ignored.
### mwldeppc.exe Linker Warning:
#   Section '.ignored' is unknown. Section ignored.
### mwldeppc.exe Linker Warning:
#   Section '.ignored' is unknown. Section ignored.
### mwldeppc.exe Linker Warning:
#   Section '.ignored' is unknown. Section ignored.
### mwldeppc.exe Linker Warning:
#   Section '.ignored' is unknown. Section ignored.
### mwldeppc.exe Linker Warning:
#   Section '.ignored' is unknown. Section ignored.
### mwldeppc.exe Linker Warning:
#   Section '.ignored' is unknown. Section ignored.
### mwldeppc.exe Linker Warning:
#   Section '.ignored' is unknown. Section ignored.
### mwldeppc.exe Linker Warning:
#   Section '.ignored' is unknown. Section ignored.
### mwldeppc.exe Linker Warning:
#   Section '.ignored' is unknown. Section ignored.
### mwldeppc.exe Linker Warning:
#   Section '.ignored' is unknown. Section ignored.
### mwldeppc.exe Linker Warning:
#   Section '.ignored' is unknown. Section ignored.
### mwldeppc.exe Linker Warning:
#   Section '.ignored' is unknown. Section ignored.
### mwldeppc.exe Linker Warning:
#   Section '.ignored' is unknown. Section ignored.
### mwldeppc.exe Linker Warning:
#   Section '.ignored' is unknown. Section ignored.
### mwldeppc.exe Linker Warning:
#   Section '.ignored' is unknown. Section ignored.
### mwldeppc.exe Linker Warning:
#   Section '.ignored' is unknown. Section ignored.
### mwldeppc.exe Linker Warning:
#   Section '.ignored' is unknown. Section ignored.
### mwldeppc.exe Linker Warning:
#   Section '.ignored' is unknown. Section ignored.
### mwldeppc.exe Linker Warning:
#   Section '.ignored' is unknown. Section ignored.
### mwldeppc.exe Linker Warning:
#   Section '.ignored' is unknown. Section ignored.
[912/914] DOL build/GEDE01/main.dol
[913/914] CHECK config/GEDE01/build.sha1
build/GEDE01/main.dol: OK
[914/914] PROGRESS
Progress:
  All: 58.29% fuzzy, 49.11% matched, 49.03% linked (6305 / 7068 files)
    Code: 1129784 / 2300692 bytes (6072 / 8214 functions)
    Data: 39606 / 4305642 bytes (0.92%)
  Game Code: 93.89% fuzzy, 79.06% matched, 78.94% linked (6287 / 6633 files)
    Code: 1126756 / 1425104 bytes (6010 / 6354 functions)
    Data: 39382 / 40426 bytes (97.42%)
  SDK/Runtime: 100.00% fuzzy, 100.00% matched, 100.00% linked (18 / 18 files)
    Code: 3028 / 3028 bytes (62 / 62 functions)
    Data: 224 / 224 bytes (100.00%)
