[1/896] MWCC build/GEDE01/src/game/game_fn_80008014.o
[2/896] MWCC build/GEDE01/src/game/game_fn_800094C0.o
[3/896] MWCC build/GEDE01/src/game/game_fn_800098C0.o
[4/896] MWCC build/GEDE01/src/game/game_fn_800096E0.o
[5/896] MWCC build/GEDE01/src/game/game_fn_800099D8.o
[6/896] MWCC build/GEDE01/src/game/game_fn_80009AB4.o
[7/896] MWCC build/GEDE01/src/game/game_fn_8000AC88.o
[8/896] MWCC build/GEDE01/src/game/game_fn_8000A26C.o
[9/896] MWCC build/GEDE01/src/game/game_fn_8000AFB4.o
[10/896] MWCC build/GEDE01/src/game/game_fn_8000AEB4.o
[11/896] MWCC build/GEDE01/src/game/game_fn_8000B1B8.o
[12/896] MWCC build/GEDE01/src/game/game_fn_8000B36C.o
[13/896] MWCC build/GEDE01/src/game/game_fn_8000B630.o
[14/896] MWCC build/GEDE01/src/game/game_fn_8000B7FC.o
[15/896] MWCC build/GEDE01/src/game/game_fn_8000B900.o
[16/896] MWCC build/GEDE01/src/game/game_fn_8000BA0C.o
[17/896] MWCC build/GEDE01/src/game/game_fn_8000BC40.o
[18/896] MWCC build/GEDE01/src/game/game_fn_8000BAA0.o
[19/896] MWCC build/GEDE01/src/game/game_fn_8000C17C.o
[20/896] MWCC build/GEDE01/src/game/game_fn_8000C06C.o
[21/896] MWCC build/GEDE01/src/game/game_fn_8000C400.o
[22/896] MWCC build/GEDE01/src/game/game_fn_8000C848.o
[23/896] MWCC build/GEDE01/src/game/game_fn_8000C91C.o
[24/896] MWCC build/GEDE01/src/game/game_fn_8000D0BC.o
[25/896] MWCC build/GEDE01/src/game/game_fn_8000D3D4.o
[26/896] MWCC build/GEDE01/src/game/game_fn_8000D590.o
[27/896] MWCC build/GEDE01/src/game/game_fn_8000DA50.o
[28/896] MWCC build/GEDE01/src/game/game_fn_8000D8A4.o
[29/896] MWCC build/GEDE01/src/game/game_fn_8000DAF4.o
[30/896] MWCC build/GEDE01/src/game/game_fn_8000E054.o
[31/896] MWCC build/GEDE01/src/game/game_fn_8000E0AC.o
[32/896] MWCC build/GEDE01/src/game/game_fn_8000E138.o
[33/896] MWCC build/GEDE01/src/game/game_fn_8000E96C.o
[34/896] MWCC build/GEDE01/src/game/game_fn_8000E1C4.o
[35/896] MWCC build/GEDE01/src/game/game_fn_8000EB14.o
[36/896] MWCC build/GEDE01/src/game/game_fn_8000EBD4.o
[37/896] MWCC build/GEDE01/src/game/game_fn_8000EFC4.o
[38/896] MWCC build/GEDE01/src/game/game_fn_8000ED44.o
[39/896] MWCC build/GEDE01/src/game/game_fn_8000F4B0.o
[40/896] MWCC build/GEDE01/src/game/game_fn_8000F774.o
[41/896] MWCC build/GEDE01/src/game/game_fn_8000FDE8.o
[42/896] MWCC build/GEDE01/src/game/game_fn_8000FFD8.o
[43/896] MWCC build/GEDE01/src/game/game_fn_800119FC.o
[44/896] MWCC build/GEDE01/src/game/game_fn_80012DA8.o
[45/896] MWCC build/GEDE01/src/game/game_fn_80012F40.o
[46/896] MWCC build/GEDE01/src/game/game_fn_80012FD0.o
[47/896] MWCC build/GEDE01/src/game/game_fn_800131E8.o
[48/896] MWCC build/GEDE01/src/game/game_fn_80013340.o
[49/896] MWCC build/GEDE01/src/game/game_fn_80013870.o
[50/896] MWCC build/GEDE01/src/game/game_fn_80013CB0.o
[51/896] MWCC build/GEDE01/src/game/game_fn_80013D54.o
[52/896] MWCC build/GEDE01/src/game/game_fn_800142DC.o
[53/896] MWCC build/GEDE01/src/game/game_fn_800144CC.o
[54/896] MWCC build/GEDE01/src/game/game_fn_80014784.o
[55/896] MWCC build/GEDE01/src/game/game_fn_800149D4.o
[56/896] MWCC build/GEDE01/src/game/game_fn_80015058.o
[57/896] MWCC build/GEDE01/src/game/game_fn_80015320.o
[58/896] MWCC build/GEDE01/src/game/game_fn_80015568.o
[59/896] MWCC build/GEDE01/src/game/game_fn_800156FC.o
[60/896] MWCC build/GEDE01/src/game/game_fn_80015BE0.o
[61/896] MWCC build/GEDE01/src/game/game_fn_80015D40.o
[62/896] MWCC build/GEDE01/src/game/game_fn_80015F04.o
[63/896] MWCC build/GEDE01/src/game/game_fn_80016128.o
[64/896] MWCC build/GEDE01/src/game/game_fn_80016270.o
[65/896] MWCC build/GEDE01/src/game/game_fn_80016904.o
[66/896] MWCC build/GEDE01/src/game/game_fn_80016B24.o
[67/896] MWCC build/GEDE01/src/game/game_fn_800171C0.o
[68/896] MWCC build/GEDE01/src/game/game_fn_800173CC.o
[69/896] MWCC build/GEDE01/src/game/game_fn_800176F0.o
[70/896] MWCC build/GEDE01/src/game/game_fn_80017910.o
[71/896] MWCC build/GEDE01/src/game/game_fn_800179AC.o
[72/896] MWCC build/GEDE01/src/game/game_fn_80017A3C.o
[73/896] MWCC build/GEDE01/src/game/game_fn_80017AE4.o
[74/896] MWCC build/GEDE01/src/game/game_fn_80017C3C.o
[75/896] MWCC build/GEDE01/src/game/game_fn_80017CC8.o
[76/896] MWCC build/GEDE01/src/game/game_fn_80017DB0.o
[77/896] MWCC build/GEDE01/src/game/game_fn_80018EF4.o
[78/896] MWCC build/GEDE01/src/game/game_fn_80019054.o
[79/896] MWCC build/GEDE01/src/game/game_fn_80019244.o
[80/896] MWCC build/GEDE01/src/game/game_fn_800194D0.o
[81/896] MWCC build/GEDE01/src/game/game_fn_80019940.o
[82/896] MWCC build/GEDE01/src/game/game_fn_80019C10.o
[83/896] MWCC build/GEDE01/src/game/game_fn_80019D2C.o
[84/896] MWCC build/GEDE01/src/game/game_fn_80019F98.o
[85/896] MWCC build/GEDE01/src/game/game_fn_8001A6C4.o
[86/896] MWCC build/GEDE01/src/game/game_fn_8001AAB8.o
[87/896] MWCC build/GEDE01/src/game/game_fn_8001ADF8.o
[88/896] MWCC build/GEDE01/src/game/game_fn_8001AF68.o
[89/896] MWCC build/GEDE01/src/game/game_fn_8001B124.o
[90/896] MWCC build/GEDE01/src/game/game_fn_8001B294.o
[91/896] MWCC build/GEDE01/src/game/game_fn_8001B808.o
[92/896] MWCC build/GEDE01/src/game/game_fn_8001B874.o
[93/896] MWCC build/GEDE01/src/game/game_fn_8001C078.o
[94/896] MWCC build/GEDE01/src/game/game_fn_8001CA04.o
[95/896] MWCC build/GEDE01/src/game/game_fn_8001CD58.o
[96/896] MWCC build/GEDE01/src/game/game_fn_8001CE94.o
[97/896] MWCC build/GEDE01/src/game/game_fn_8001E644.o
[98/896] MWCC build/GEDE01/src/game/game_fn_8001FE1C.o
[99/896] MWCC build/GEDE01/src/game/game_fn_80020E94.o
[100/896] MWCC build/GEDE01/src/game/game_fn_80024F28.o
[101/896] MWCC build/GEDE01/src/game/game_fn_800272B4.o
[102/896] MWCC build/GEDE01/src/game/game_fn_8002B748.o
[103/896] MWCC build/GEDE01/src/game/game_fn_8002DAE0.o
[104/896] MWCC build/GEDE01/src/game/game_fn_8002E3F0.o
[105/896] MWCC build/GEDE01/src/game/game_fn_8002EA68.o
[106/896] MWCC build/GEDE01/src/game/game_fn_8002F428.o
[107/896] MWCC build/GEDE01/src/game/game_fn_80031544.o
[108/896] MWCC build/GEDE01/src/game/game_fn_8003232C.o
[109/896] MWCC build/GEDE01/src/game/game_fn_80032B84.o
[110/896] MWCC build/GEDE01/src/game/game_fn_80033038.o
[111/896] MWCC build/GEDE01/src/game/game_fn_80033180.o
[112/896] MWCC build/GEDE01/src/game/game_fn_800359A0.o
[113/896] MWCC build/GEDE01/src/game/game_fn_800361F8.o
[114/896] MWCC build/GEDE01/src/game/game_fn_80036C40.o
[115/896] MWCC build/GEDE01/src/game/game_fn_80038878.o
[116/896] MWCC build/GEDE01/src/game/game_fn_80048ADC.o
[117/896] MWCC build/GEDE01/src/game/game_fn_80048B24.o
[118/896] MWCC build/GEDE01/src/game/game_fn_8004998C.o
[119/896] MWCC build/GEDE01/src/game/game_fn_80052310.o
[120/896] MWCC build/GEDE01/src/game/game_fn_800542D0.o
[121/896] MWCC build/GEDE01/src/game/game_fn_8005EC6C.o
[122/896] MWCC build/GEDE01/src/game/game_fn_8005EE9C.o
[123/896] MWCC build/GEDE01/src/game/game_data_80239E10.o
[124/896] MWCC build/GEDE01/src/game/game_data_80239E18.o
[125/896] MWCC build/GEDE01/src/game/game_fn_8005FD84.o
[126/896] MWCC build/GEDE01/src/game/game_fn_80066888.o
[127/896] MWCC build/GEDE01/src/game/game_fn_80066E78.o
[128/896] MWCC build/GEDE01/src/game/game_fn_8006B0F0.o
[129/896] MWCC build/GEDE01/src/game/game_fn_8006B620.o
[130/896] MWCC build/GEDE01/src/game/game_fn_8006E53C.o
[131/896] MWCC build/GEDE01/src/game/game_fn_80071A58.o
[132/896] MWCC build/GEDE01/src/game/game_fn_80074310.o
[133/896] MWCC build/GEDE01/src/game/game_fn_80078500.o
[134/896] MWCC build/GEDE01/src/game/game_fn_80079908.o
[135/896] MWCC build/GEDE01/src/game/game_fn_80079AA4.o
[136/896] MWCC build/GEDE01/src/game/game_fn_8007B2F4.o
[137/896] MWCC build/GEDE01/src/game/game_fn_8007B540.o
[138/896] MWCC build/GEDE01/src/game/game_fn_8007B640.o
[139/896] MWCC build/GEDE01/src/game/game_fn_8007B828.o
[140/896] MWCC build/GEDE01/src/game/game_fn_8007BA3C.o
[141/896] MWCC build/GEDE01/src/game/game_fn_8007D4D8.o
[142/896] MWCC build/GEDE01/src/game/game_fn_8007F770.o
[143/896] MWCC build/GEDE01/src/game/game_fn_800886D8.o
[144/896] MWCC build/GEDE01/src/game/game_fn_80088F4C.o
[145/896] MWCC build/GEDE01/src/game/game_fn_8008A2E0.o
[146/896] MWCC build/GEDE01/src/game/game_fn_8008F224.o
[147/896] MWCC build/GEDE01/src/game/game_fn_8008F890.o
[148/896] MWCC build/GEDE01/src/game/game_fn_80090004.o
[149/896] MWCC build/GEDE01/src/game/game_fn_800934A0.o
[150/896] MWCC build/GEDE01/src/game/game_fn_80095D10.o
[151/896] MWCC build/GEDE01/src/game/game_fn_80095FDC.o
[152/896] MWCC build/GEDE01/src/game/game_fn_80096830.o
[153/896] MWCC build/GEDE01/src/game/game_fn_8009C424.o
[154/896] MWCC build/GEDE01/src/game/game_fn_8009E808.o
[155/896] MWCC build/GEDE01/src/game/game_fn_800A2130.o
[156/896] MWCC build/GEDE01/src/game/game_fn_800A2FCC.o
[157/896] MWCC build/GEDE01/src/game/game_fn_800A3180.o
[158/896] MWCC build/GEDE01/src/game/game_fn_800A3894.o
[159/896] MWCC build/GEDE01/src/game/game_fn_800A4428.o
[160/896] MWCC build/GEDE01/src/game/game_fn_800A4798.o
[161/896] MWCC build/GEDE01/src/game/game_fn_800A7E88.o
[162/896] MWCC build/GEDE01/src/game/game_fn_800AF230.o
[163/896] MWCC build/GEDE01/src/game/game_fn_800B2EC0.o
[164/896] MWCC build/GEDE01/src/game/game_fn_800BB5C4.o
[165/896] MWCC build/GEDE01/src/game/game_fn_800BB7A8.o
[166/896] MWCC build/GEDE01/src/game/game_fn_800BB9A4.o
[167/896] MWCC build/GEDE01/src/game/game_fn_800BBAF0.o
[168/896] MWCC build/GEDE01/src/game/game_fn_800C030C.o
[169/896] MWCC build/GEDE01/src/game/game_fn_800C17EC.o
[170/896] MWCC build/GEDE01/src/game/game_fn_800C59F0.o
[171/896] MWCC build/GEDE01/src/game/game_fn_800C644C.o
[172/896] MWCC build/GEDE01/src/game/game_fn_800C65FC.o
[173/896] MWCC build/GEDE01/src/game/game_fn_800C9C60.o
[174/896] MWCC build/GEDE01/src/game/game_fn_800CB760.o
[175/896] MWCC build/GEDE01/src/game/game_fn_800CB8F4.o
[176/896] MWCC build/GEDE01/src/game/game_fn_800CF598.o
[177/896] MWCC build/GEDE01/src/game/game_fn_800D9064.o
[178/896] MWCC build/GEDE01/src/game/game_fn_800D9E10.o
[179/896] MWCC build/GEDE01/src/game/game_fn_800E4980.o
[180/896] MWCC build/GEDE01/src/game/game_TRKNubWelcome.o
[181/896] MWCC build/GEDE01/src/game/game_TRK_main.o
[182/896] MWCC build/GEDE01/src/game/game_InitMetroTRKCommTable.o
[183/896] MWCC build/GEDE01/src/game/game_fn_800FD0C8.o
[184/896] MWCC build/GEDE01/src/game/game_fn_8010242C.o
[185/896] MWCC build/GEDE01/src/game/game_fn_801098C0.o
[186/896] MWCC build/GEDE01/src/game/game_fn_8010F184.o
[187/896] MWCC build/GEDE01/src/game/game_fn_801126E0.o
[188/896] MWCC build/GEDE01/src/game/game_fn_801128E4.o
[189/896] MWCC build/GEDE01/src/game/game_fn_801141B8.o
[190/896] MWCC build/GEDE01/src/game/game_fn_8011F140.o
[191/896] MWCC build/GEDE01/src/game/game_fn_801247F8.o
[192/896] MWCC build/GEDE01/src/game/game_fn_80126A00.o
[193/896] MWCC build/GEDE01/src/game/game_fn_8012976C.o
[194/896] MWCC build/GEDE01/src/game/game_fn_8012DB28.o
[195/896] MWCC build/GEDE01/src/game/game_fn_8013CBE4.o
[196/896] MWCC build/GEDE01/src/game/game_fn_8013D6A4.o
[197/896] MWCC build/GEDE01/src/game/game_fn_8013DB8C.o
[198/896] MWCC build/GEDE01/src/game/game_fn_8014549C.o
[199/896] MWCC build/GEDE01/src/game/game_fn_8014AF38.o
[200/896] MWCC build/GEDE01/src/game/game_fn_8014B494.o
[201/896] MWCC build/GEDE01/src/game/game_fn_8014CA98.o
[202/896] MWCC build/GEDE01/src/game/game_fn_801535D8.o
[203/896] MWCC build/GEDE01/src/game/game_fn_80153898.o
[204/896] MWCC build/GEDE01/src/game/game_fn_80154F74.o
[205/896] MWCC build/GEDE01/src/game/game_fn_80153A24.o
[206/896] MWCC build/GEDE01/src/game/game_fn_80157C0C.o
[207/896] MWCC build/GEDE01/src/game/game_fn_80155814.o
[208/896] MWCC build/GEDE01/src/game/game_fn_80158D38.o
[209/896] MWCC build/GEDE01/src/game/game_fn_80158B20.o
[210/896] MWCC build/GEDE01/src/game/game_fn_8015DC54.o
[211/896] MWCC build/GEDE01/src/game/game_fn_8015DB84.o
[212/896] MWCC build/GEDE01/src/game/game_fn_8015EDC0.o
[213/896] MWCC build/GEDE01/src/game/game_fn_80167454.o
[214/896] MWCC build/GEDE01/src/game/game_fn_80167B5C.o
[215/896] MWCC build/GEDE01/src/game/game_fn_80169650.o
[216/896] MWCC build/GEDE01/src/game/game_fn_8016BD0C.o
[217/896] MWCC build/GEDE01/src/game/game_fn_8016BE1C.o
[218/896] MWCC build/GEDE01/src/game/game_fn_8016BF60.o
[219/896] MWCC build/GEDE01/src/game/game_fn_8016C0BC.o
[220/896] MWCC build/GEDE01/src/game/game_fn_8016C164.o
[221/896] MWCC build/GEDE01/src/game/game_fn_8016C238.o
[222/896] MWCC build/GEDE01/src/game/game_fn_8016C4BC.o
[223/896] MWCC build/GEDE01/src/game/game_fn_8016C774.o
[224/896] MWCC build/GEDE01/src/game/game_fn_8016D040.o
[225/896] MWCC build/GEDE01/src/game/game_fn_8016D1F8.o
[226/896] MWCC build/GEDE01/src/game/game_fn_8016D9C0.o
[227/896] MWCC build/GEDE01/src/game/game_fn_8016D2B8.o
[228/896] MWCC build/GEDE01/src/game/game_fn_8016DF4C.o
[229/896] MWCC build/GEDE01/src/game/game_fn_8016E8F8.o
[230/896] MWCC build/GEDE01/src/game/game_fn_8016FEF8.o
[231/896] MWCC build/GEDE01/src/game/game_fn_8017038C.o
[232/896] MWCC build/GEDE01/src/game/game_fn_801706DC.o
[233/896] MWCC build/GEDE01/src/game/game_fn_801704F8.o
[234/896] MWCC build/GEDE01/src/game/game_fn_80170DF4.o
[235/896] MWCC build/GEDE01/src/game/game_fn_80170A40.o
[236/896] MWCC build/GEDE01/src/game/game_fn_80170E9C.o
[237/896] MWCC build/GEDE01/src/game/game_fn_8017138C.o
[238/896] MWCC build/GEDE01/src/game/game_fn_801718F4.o
[239/896] MWCC build/GEDE01/src/game/game_fn_80171664.o
[240/896] MWCC build/GEDE01/src/game/game_fn_801719B4.o
[241/896] MWCC build/GEDE01/src/game/game_fn_80171F30.o
[242/896] MWCC build/GEDE01/src/game/game_fn_8017250C.o
[243/896] MWCC build/GEDE01/src/game/game_fn_801726EC.o
[244/896] MWCC build/GEDE01/src/game/game_fn_80172BB0.o
[245/896] MWCC build/GEDE01/src/game/game_fn_80172C78.o
[246/896] MWCC build/GEDE01/src/game/game_fn_80172DB8.o
[247/896] MWCC build/GEDE01/src/game/game_fn_80173270.o
[248/896] MWCC build/GEDE01/src/game/game_fn_801734B4.o
[249/896] MWCC build/GEDE01/src/game/game_fn_80173770.o
[250/896] MWCC build/GEDE01/src/game/game_fn_80173D44.o
[251/896] MWCC build/GEDE01/src/game/game_fn_80173F04.o
[252/896] MWCC build/GEDE01/src/game/game_fn_80174184.o
[253/896] MWCC build/GEDE01/src/game/game_fn_80174358.o
[254/896] MWCC build/GEDE01/src/game/game_fn_80174F2C.o
[255/896] MWCC build/GEDE01/src/game/game_fn_801752B0.o
[256/896] MWCC build/GEDE01/src/game/game_fn_8017553C.o
[257/896] MWCC build/GEDE01/src/game/game_fn_80175A08.o
[258/896] MWCC build/GEDE01/src/game/game_fn_80175E64.o
[259/896] MWCC build/GEDE01/src/game/game_fn_80175F0C.o
[260/896] MWCC build/GEDE01/src/game/game_fn_80175FD4.o
[261/896] MWCC build/GEDE01/src/game/game_fn_80176098.o
[262/896] MWCC build/GEDE01/src/game/game_fn_80176220.o
[263/896] MWCC build/GEDE01/src/game/game_fn_80176160.o
[264/896] MWCC build/GEDE01/src/game/game_fn_801762E8.o
[265/896] MWCC build/GEDE01/src/game/game_fn_8017652C.o
[266/896] MWCC build/GEDE01/src/game/game_fn_80176DF4.o
[267/896] MWCC build/GEDE01/src/game/game_fn_80176FA0.o
[268/896] MWCC build/GEDE01/src/game/game_fn_801770F8.o
[269/896] MWCC build/GEDE01/src/game/game_fn_8017718C.o
[270/896] MWCC build/GEDE01/src/game/game_fn_80178F88.o
[271/896] MWCC build/GEDE01/src/game/game_fn_80177434.o
[272/896] MWCC build/GEDE01/src/game/game_fn_80179398.o
[273/896] MWCC build/GEDE01/src/game/game_fn_8017960C.o
[274/896] MWCC build/GEDE01/src/game/game_fn_8017974C.o
[275/896] MWCC build/GEDE01/src/game/game_fn_80179904.o
[276/896] MWCC build/GEDE01/src/game/game_fn_80179A18.o
[277/896] MWCC build/GEDE01/src/game/game_fn_80179A74.o
[278/896] MWCC build/GEDE01/src/game/game_fn_80179EB8.o
[279/896] MWCC build/GEDE01/src/game/game_fn_80179F20.o
[280/896] MWCC build/GEDE01/src/game/game_fn_8017A010.o
[281/896] MWCC build/GEDE01/src/game/game_fn_8017A12C.o
[282/896] MWCC build/GEDE01/src/game/game_fn_8017A1C0.o
[283/896] MWCC build/GEDE01/src/game/game_fn_8017A9B8.o
[284/896] MWCC build/GEDE01/src/game/game_fn_8017AC20.o
[285/896] MWCC build/GEDE01/src/game/game_fn_8017E850.o
[286/896] MWCC build/GEDE01/src/game/game_fn_8017E958.o
[287/896] MWCC build/GEDE01/src/game/game_fn_80180DDC.o
[288/896] MWCC build/GEDE01/src/game/game_fn_801810A0.o
[289/896] MWCC build/GEDE01/src/game/game_fn_801816D4.o
[290/896] MWCC build/GEDE01/src/game/game_fn_801859FC.o
[291/896] MWCC build/GEDE01/src/game/game_fn_80185AE8.o
[292/896] MWCC build/GEDE01/src/game/game_fn_80185F10.o
[293/896] MWCC build/GEDE01/src/game/game_fn_801865EC.o
[294/896] MWCC build/GEDE01/src/game/game_fn_8018680C.o
[295/896] MWCC build/GEDE01/src/game/game_fn_80186E10.o
[296/896] MWCC build/GEDE01/src/game/game_fn_80186F70.o
[297/896] MWCC build/GEDE01/src/game/game_fn_80187120.o
[298/896] MWCC build/GEDE01/src/game/game_fn_80187320.o
[299/896] MWCC build/GEDE01/src/game/game_fn_801875FC.o
[300/896] MWCC build/GEDE01/src/game/game_fn_801878E0.o
[301/896] MWCC build/GEDE01/src/game/game_fn_80187BB4.o
[302/896] MWCC build/GEDE01/src/game/game_fn_80188A7C.o
[303/896] MWCC build/GEDE01/src/game/game_fn_80188B44.o
[304/896] MWCC build/GEDE01/src/game/game_fn_80188C1C.o
[305/896] MWCC build/GEDE01/src/game/game_fn_80188E28.o
[306/896] MWCC build/GEDE01/src/game/game_fn_80189028.o
[307/896] MWCC build/GEDE01/src/game/game_fn_801891D8.o
[308/896] MWCC build/GEDE01/src/game/game_fn_80189390.o
[309/896] MWCC build/GEDE01/src/game/game_fn_801896A0.o
[310/896] MWCC build/GEDE01/src/game/game_fn_801895E8.o
[311/896] MWCC build/GEDE01/src/game/game_fn_80189760.o
[312/896] MWCC build/GEDE01/src/game/game_fn_80189968.o
[313/896] MWCC build/GEDE01/src/game/game_fn_8018C2D0.o
[314/896] MWCC build/GEDE01/src/game/game_fn_80189C14.o
[315/896] MWCC build/GEDE01/src/game/game_fn_8018D2E0.o
[316/896] MWCC build/GEDE01/src/game/game_fn_8018D1F0.o
[317/896] MWCC build/GEDE01/src/game/game_fn_8018D400.o
[318/896] MWCC build/GEDE01/src/game/game_fn_8018D688.o
[319/896] MWCC build/GEDE01/src/game/game_fn_8018E0D8.o
[320/896] MWCC build/GEDE01/src/game/game_fn_8018DC24.o
[321/896] MWCC build/GEDE01/src/game/game_fn_8018F1D0.o
[322/896] MWCC build/GEDE01/src/game/game_fn_8018F81C.o
[323/896] MWCC build/GEDE01/src/game/game_fn_8018FEDC.o
[324/896] MWCC build/GEDE01/src/game/game_fn_8019120C.o
[325/896] MWCC build/GEDE01/src/game/game_fn_80191360.o
[326/896] MWCC build/GEDE01/src/game/game_fn_801916D0.o
[327/896] MWCC build/GEDE01/src/game/game_fn_8019197C.o
[328/896] MWCC build/GEDE01/src/game/game_fn_80191F58.o
[329/896] MWCC build/GEDE01/src/game/game_fn_801926EC.o
[330/896] MWCC build/GEDE01/src/game/game_fn_801929A4.o
[331/896] MWCC build/GEDE01/src/game/game_fn_80192F54.o
[332/896] MWCC build/GEDE01/src/game/game_fn_801931C4.o
[333/896] MWCC build/GEDE01/src/game/game_fn_80193E1C.o
[334/896] MWCC build/GEDE01/src/game/game_fn_80193F3C.o
[335/896] MWCC build/GEDE01/src/game/game_fn_80194F80.o
[336/896] MWCC build/GEDE01/src/game/game_fn_801952E8.o
[337/896] MWCC build/GEDE01/src/game/game_fn_80197910.o
[338/896] MWCC build/GEDE01/src/game/game_fn_80198154.o
[339/896] MWCC build/GEDE01/src/game/game_fn_80198AAC.o
[340/896] MWCC build/GEDE01/src/game/game_fn_80198BF4.o
[341/896] MWCC build/GEDE01/src/game/game_fn_801991E0.o
[342/896] MWCC build/GEDE01/src/game/game_fn_8019B1BC.o
[343/896] MWCC build/GEDE01/src/game/game_fn_8019CC28.o
[344/896] MWCC build/GEDE01/src/game/game_fn_8019CFC4.o
[345/896] MWCC build/GEDE01/src/game/game_fn_8019E5E4.o
[346/896] MWCC build/GEDE01/src/game/game_fn_8019E8C8.o
[347/896] MWCC build/GEDE01/src/game/game_fn_801A1F18.o
[348/896] MWCC build/GEDE01/src/game/game_fn_801A2A54.o
[349/896] MWCC build/GEDE01/src/game/game_fn_801A34BC.o
[350/896] MWCC build/GEDE01/src/game/game_fn_801A3A78.o
[351/896] MWCC build/GEDE01/src/game/game_fn_801A4CE0.o
[352/896] MWCC build/GEDE01/src/game/game_fn_801A5FB0.o
[353/896] MWCC build/GEDE01/src/game/game_fn_801A6410.o
[354/896] MWCC build/GEDE01/src/game/game_fn_801A657C.o
[355/896] MWCC build/GEDE01/src/game/game_fn_801A6ADC.o
[356/896] MWCC build/GEDE01/src/game/game_fn_801A6C58.o
[357/896] MWCC build/GEDE01/src/game/game_fn_801A6CB4.o
[358/896] MWCC build/GEDE01/src/game/game_fn_801A7E04.o
[359/896] MWCC build/GEDE01/src/game/game_fn_801A7EA8.o
[360/896] MWCC build/GEDE01/src/game/game_fn_801A93E8.o
[361/896] MWCC build/GEDE01/src/game/game_fn_801AB154.o
[362/896] MWCC build/GEDE01/src/game/game_fn_801ABD3C.o
[363/896] MWCC build/GEDE01/src/game/game_fn_801AC8AC.o
[364/896] MWCC build/GEDE01/src/game/game_fn_801ACFE8.o
[365/896] MWCC build/GEDE01/src/game/game_fn_801AD08C.o
[366/896] MWCC build/GEDE01/src/game/game_fn_801AFA74.o
[367/896] MWCC build/GEDE01/src/game/game_fn_801B02F0.o
[368/896] MWCC build/GEDE01/src/game/game_fn_801B1BA0.o
[369/896] MWCC build/GEDE01/src/game/game_fn_801B35BC.o
[370/896] MWCC build/GEDE01/src/game/game_fn_801B46C8.o
[371/896] MWCC build/GEDE01/src/game/game_fn_801B4FB4.o
[372/896] MWCC build/GEDE01/src/game/game_fn_801B5228.o
[373/896] MWCC build/GEDE01/src/game/game_fn_801B58F0.o
[374/896] MWCC build/GEDE01/src/game/game_fn_801B6F1C.o
[375/896] MWCC build/GEDE01/src/game/game_fn_801B86C0.o
[376/896] MWCC build/GEDE01/src/game/game_fn_801B941C.o
[377/896] MWCC build/GEDE01/src/game/game_fn_801B9E7C.o
[378/896] MWCC build/GEDE01/src/game/game_fn_801BA15C.o
[379/896] MWCC build/GEDE01/src/game/game_fn_801BA708.o
[380/896] MWCC build/GEDE01/src/game/game_fn_801BB1A0.o
[381/896] MWCC build/GEDE01/src/game/game_fn_801BC0D4.o
[382/896] MWCC build/GEDE01/src/game/game_fn_801BC240.o
[383/896] MWCC build/GEDE01/src/game/game_fn_801BC8F4.o
[384/896] MWCC build/GEDE01/src/game/game_fn_801BCC04.o
[385/896] MWCC build/GEDE01/src/game/game_fn_801BD990.o
[386/896] MWCC build/GEDE01/src/game/game_fn_801BDE7C.o
[387/896] MWCC build/GEDE01/src/game/game_fn_801BE0D4.o
[388/896] MWCC build/GEDE01/src/game/game_fn_801BEF40.o
[389/896] MWCC build/GEDE01/src/game/game_fn_801C1CB0.o
[390/896] MWCC build/GEDE01/src/game/game_fn_801C2980.o
[391/896] MWCC build/GEDE01/src/game/game_fn_801C29BC.o
[392/896] MWCC build/GEDE01/src/game/game_fn_801C2AAC.o
[393/896] MWCC build/GEDE01/src/game/game_fn_801C2D9C.o
[394/896] MWCC build/GEDE01/src/game/game_fn_801C8160.o
[395/896] MWCC build/GEDE01/src/game/game_fn_801C8224.o
[396/896] MWCC build/GEDE01/src/game/game_fn_801C8600.o
[397/896] MWCC build/GEDE01/src/game/game_fn_801C4B5C.o
[398/896] MWCC build/GEDE01/src/game/game_fn_801C87DC.o
[399/896] MWCC build/GEDE01/src/game/game_fn_801C8CC0.o
[400/896] MWCC build/GEDE01/src/game/game_fn_801C8F50.o
[401/896] MWCC build/GEDE01/src/game/game_fn_801C90A4.o
[402/896] MWCC build/GEDE01/src/game/game_fn_801C9510.o
[403/896] MWCC build/GEDE01/src/game/game_fn_801C970C.o
[404/896] MWCC build/GEDE01/src/game/game_fn_801C9A08.o
[405/896] MWCC build/GEDE01/src/game/game_fn_801C9B1C.o
[406/896] MWCC build/GEDE01/src/game/game_fn_801CB4F8.o
[407/896] MWCC build/GEDE01/src/game/game_fn_801CD228.o
[408/896] MWCC build/GEDE01/src/game/game_fn_801CE09C.o
[409/896] MWCC build/GEDE01/src/game/game_fn_801CE594.o
[410/896] MWCC build/GEDE01/src/game/game_fn_801D1B10.o
[411/896] MWCC build/GEDE01/src/game/game_fn_801D1F78.o
[412/896] MWCC build/GEDE01/src/game/game_fn_801D3988.o
[413/896] MWCC build/GEDE01/src/game/game_fn_801D76A8.o
[414/896] MWCC build/GEDE01/src/game/game_fn_801D7C24.o
[415/896] MWCC build/GEDE01/src/game/game_fn_801D8050.o
[416/896] MWCC build/GEDE01/src/game/game_fn_801D9FE4.o
[417/896] MWCC build/GEDE01/src/game/game_fn_801E2A48.o
[418/896] MWCC build/GEDE01/src/game/game_fn_801E41AC.o
[419/896] MWCC build/GEDE01/src/game/game_fn_801E6814.o
[420/896] MWCC build/GEDE01/src/game/game_fn_801EB09C.o
[421/896] MWCC build/GEDE01/src/game/game_fn_801E995C.o
[422/896] MWCC build/GEDE01/src/game/game_fn_801ECD74.o
[423/896] MWCC build/GEDE01/src/game/game_fn_801EB11C.o
[424/896] MWCC build/GEDE01/src/game/game_fn_801ECF50.o
[425/896] MWCC build/GEDE01/src/game/game_fn_801ED5F4.o
[426/896] MWCC build/GEDE01/src/game/game_fn_801EF580.o
[427/896] MWCC build/GEDE01/src/game/game_fn_801EF910.o
[428/896] MWCC build/GEDE01/src/game/game_fn_801F0CB0.o
[429/896] MWCC build/GEDE01/src/game/game_fn_801F10BC.o
[430/896] MWCC build/GEDE01/src/game/game_fn_801F35A8.o
[431/896] MWCC build/GEDE01/src/game/game_fn_801F1A38.o
[432/896] MWCC build/GEDE01/src/game/game_fn_801F55A0.o
[433/896] MWCC build/GEDE01/src/game/game_fn_801F69F0.o
[434/896] MWCC build/GEDE01/src/game/game_fn_801F6BD8.o
[435/896] MWCC build/GEDE01/src/game/game_fn_801F7510.o
[436/896] MWCC build/GEDE01/src/game/game_fn_801F76EC.o
[437/896] MWCC build/GEDE01/src/game/game_fn_801F8264.o
[438/896] MWCC build/GEDE01/src/game/game_fn_801F89B4.o
[439/896] MWCC build/GEDE01/src/game/game_fn_801F9AF8.o
[440/896] MWCC build/GEDE01/src/game/game_fn_801F9CF4.o
[441/896] MWCC build/GEDE01/src/game/game_fn_801FA9C8.o
[442/896] MWCC build/GEDE01/src/game/game_fn_801FB6A4.o
[443/896] MWCC build/GEDE01/src/game/game_fn_801FC034.o
[444/896] MWCC build/GEDE01/src/game/game_fn_801FC204.o
[445/896] MWCC build/GEDE01/src/game/game_fn_801FFE78.o
[446/896] EXTERNALIZE build/GEDE01/src/game/game_fn_80175A08.o
[447/896] EXTERNALIZE build/GEDE01/src/game/game_fn_80066E78.o
[448/896] EXTERNALIZE build/GEDE01/src/game/game_fn_801247F8.o
[449/896] EXTERNALIZE build/GEDE01/src/game/game_fn_801EF910.o
[450/896] EXTERNALIZE build/GEDE01/src/game/game_fn_801ECF50.o
[451/896] EXTERNALIZE build/GEDE01/src/game/game_fn_801FC204.o
[452/896] EXTERNALIZE build/GEDE01/src/game/game_fn_801EB09C.o
[453/896] EXTERNALIZE build/GEDE01/src/game/game_fn_801EB11C.o
[454/896] EXTERNALIZE build/GEDE01/src/game/game_fn_801E41AC.o
[455/896] EXTERNALIZE build/GEDE01/src/game/game_fn_801D9FE4.o
[456/896] EXTERNALIZE build/GEDE01/src/game/game_fn_801D8050.o
[457/896] EXTERNALIZE build/GEDE01/src/game/game_fn_801D76A8.o
[458/896] EXTERNALIZE build/GEDE01/src/game/game_fn_801D7C24.o
[459/896] EXTERNALIZE build/GEDE01/src/game/game_fn_8019B1BC.o
[460/896] EXTERNALIZE build/GEDE01/src/game/game_fn_80178F88.o
[461/896] EXTERNALIZE build/GEDE01/src/game/game_fn_801CD228.o
[462/896] EXTERNALIZE build/GEDE01/src/game/game_fn_801C970C.o
[463/896] EXTERNALIZE build/GEDE01/src/game/game_fn_801BA15C.o
[464/896] EXTERNALIZE build/GEDE01/src/game/game_fn_801C9510.o
[465/896] EXTERNALIZE build/GEDE01/src/game/game_fn_80126A00.o
[466/896] EXTERNALIZE build/GEDE01/src/game/game_fn_8013D6A4.o
[467/896] EXTERNALIZE build/GEDE01/src/game/game_fn_800C9C60.o
[468/896] EXTERNALIZE build/GEDE01/src/game/game_fn_801B5228.o
[469/896] EXTERNALIZE build/GEDE01/src/game/game_fn_801B4FB4.o
[470/896] EXTERNALIZE build/GEDE01/src/game/game_fn_801C87DC.o
[471/896] EXTERNALIZE build/GEDE01/src/game/game_fn_801B6F1C.o
[472/896] EXTERNALIZE build/GEDE01/src/game/game_fn_801C8CC0.o
[473/896] EXTERNALIZE build/GEDE01/src/game/game_fn_800FD0C8.o
[474/896] EXTERNALIZE build/GEDE01/src/game/game_fn_801BDE7C.o
[475/896] EXTERNALIZE build/GEDE01/src/game/game_fn_801BE0D4.o
[476/896] EXTERNALIZE STATIC POOL build/GEDE01/src/game/game_fn_801C9A08.o
build/GEDE01/src/game/game_fn_801C9A08.o: lbl_80629390 now undefined; section 3 emptied
[477/896] EXTERNALIZE build/GEDE01/src/game/game_fn_801B941C.o
[478/896] EXTERNALIZE STATIC POOL build/GEDE01/src/game/game_fn_801C9B1C.o
build/GEDE01/src/game/game_fn_801C9B1C.o: lbl_80629390 now undefined; section 3 emptied
[479/896] EXTERNALIZE STATIC POOL build/GEDE01/src/game/game_fn_801BD990.o
build/GEDE01/src/game/game_fn_801BD990.o: lbl_80626D80 now undefined; section 6 emptied
[480/896] EXTERNALIZE STATIC POOL build/GEDE01/src/game/game_fn_801B58F0.o
build/GEDE01/src/game/game_fn_801B58F0.o: lbl_8060C020 now undefined; section 3 emptied
[481/896] EXTERNALIZE STATIC POOL build/GEDE01/src/game/game_fn_801B9E7C.o
build/GEDE01/src/game/game_fn_801B9E7C.o: 0 relocation(s) moved from streamInfo to ...bss.0
build/GEDE01/src/game/game_fn_801B9E7C.o: lbl_8061AE48 now undefined; section 6 emptied
[482/896] EXTERNALIZE STATIC POOL build/GEDE01/src/game/game_fn_801BB1A0.o
build/GEDE01/src/game/game_fn_801BB1A0.o: 0 relocation(s) moved from streamInfo to ...bss.0
build/GEDE01/src/game/game_fn_801BB1A0.o: lbl_8061AE48 now undefined; section 6 emptied
[483/896] EXTERNALIZE STATIC POOL build/GEDE01/src/game/game_fn_801BA708.o
build/GEDE01/src/game/game_fn_801BA708.o: 0 relocation(s) moved from streamInfo to ...bss.0
build/GEDE01/src/game/game_fn_801BA708.o: lbl_8061AE48 now undefined; section 6 emptied
[484/896] EXTERNALIZE STATIC build/GEDE01/src/game/game_fn_801B35BC.o
build/GEDE01/src/game/game_fn_801B35BC.o: lbl_8060D420 now undefined; section 6 emptied
[485/896] EXTERNALIZE STATIC POOL build/GEDE01/src/game/game_fn_801BC8F4.o
build/GEDE01/src/game/game_fn_801BC8F4.o: lbl_8061C748 now undefined; section 6 emptied
[486/896] EXTERNALIZE STATIC build/GEDE01/src/game/game_fn_801BC240.o
build/GEDE01/src/game/game_fn_801BC240.o: lbl_8061C748 now undefined; section 6 emptied
[487/896] EXTERNALIZE STATIC POOL build/GEDE01/src/game/game_fn_801BCC04.o
build/GEDE01/src/game/game_fn_801BCC04.o: lbl_8061C748 now undefined; section 6 emptied
[488/896] EXTERNALIZE STATIC POOL build/GEDE01/src/game/game_fn_801BC0D4.o
build/GEDE01/src/game/game_fn_801BC0D4.o: lbl_8061C748 now undefined; section 6 emptied
[489/896] EXTERNALIZE STATIC POOL build/GEDE01/src/game/game_fn_801CE09C.o
build/GEDE01/src/game/game_fn_801CE09C.o: lbl_80631340 now undefined; section 6 emptied
[490/896] EXTERNALIZE STATIC POOL build/GEDE01/src/game/game_fn_801C1CB0.o
build/GEDE01/src/game/game_fn_801C1CB0.o: lbl_80626DA0 now undefined; section 3 emptied
[491/896] RENAME build/GEDE01/src/game/game_InitMetroTRKCommTable.o
[492/896] RENAME RUNTIME INTRINSICS build/GEDE01/src/game/game_fn_801CB4F8.o
[493/896] EXTERNALIZE build/GEDE01/src/game/game_fn_801D3988.o
[494/896] EXTERNALIZE STATIC POOL build/GEDE01/src/game/game_fn_8010242C.o
build/GEDE01/src/game/game_fn_8010242C.o: lbl_8032CC08 now undefined; section 3 emptied
[495/896] EXTERNALIZE build/GEDE01/src/game/game_fn_801D1B10.o
[496/896] ALIGN DATA build/GEDE01/src/game/game_fn_80008014.o
[497/896] EXTERNALIZE build/GEDE01/src/game/game_fn_801CE594.o
[498/896] EXTERNALIZE build/GEDE01/src/game/game_fn_8014549C.o
[499/896] EXTERNALIZE build/GEDE01/src/game/game_fn_801C8224.o
[500/896] EXTERNALIZE build/GEDE01/src/game/game_fn_801098C0.o
[501/896] EXTERNALIZE build/GEDE01/src/game/game_fn_8000FDE8.o
[502/896] EXTERNALIZE build/GEDE01/src/game/game_fn_80185F10.o
[503/896] EXTERNALIZE build/GEDE01/src/game/game_fn_801C29BC.o
[504/896] EXTERNALIZE build/GEDE01/src/game/game_fn_801C8F50.o
[505/896] EXTERNALIZE build/GEDE01/src/game/game_fn_8007B828.o
[506/896] EXTERNALIZE build/GEDE01/src/game/game_fn_801C90A4.o
[507/896] EXTERNALIZE build/GEDE01/src/game/game_fn_801C8160.o
[508/896] EXTERNALIZE build/GEDE01/src/game/game_fn_801C2AAC.o
[509/896] EXTERNALIZE build/GEDE01/src/game/game_fn_801C2D9C.o
[510/896] EXTERNALIZE build/GEDE01/src/game/game_fn_801C2980.o
[511/896] EXTERNALIZE build/GEDE01/src/game/game_fn_801B02F0.o
[512/896] EXTERNALIZE build/GEDE01/src/game/game_fn_801AFA74.o
[513/896] EXTERNALIZE build/GEDE01/src/game/game_fn_801AC8AC.o
[514/896] EXTERNALIZE build/GEDE01/src/game/game_fn_801ABD3C.o
[515/896] EXTERNALIZE build/GEDE01/src/game/game_fn_801816D4.o
[516/896] EXTERNALIZE build/GEDE01/src/game/game_fn_8011F140.o
[517/896] EXTERNALIZE build/GEDE01/src/game/game_fn_801AD08C.o
[518/896] EXTERNALIZE build/GEDE01/src/game/game_fn_8004998C.o
[519/896] EXTERNALIZE build/GEDE01/src/game/game_fn_80079AA4.o
[520/896] EXTERNALIZE build/GEDE01/src/game/game_fn_80158D38.o
[521/896] EXTERNALIZE build/GEDE01/src/game/game_fn_801A3A78.o
[522/896] EXTERNALIZE build/GEDE01/src/game/game_fn_8008F224.o
[523/896] EXTERNALIZE build/GEDE01/src/game/game_fn_80167454.o
[524/896] EXTERNALIZE build/GEDE01/src/game/game_fn_800AF230.o
[525/896] EXTERNALIZE build/GEDE01/src/game/game_fn_801A93E8.o
[526/896] EXTERNALIZE build/GEDE01/src/game/game_fn_801AB154.o
[527/896] EXTERNALIZE build/GEDE01/src/game/game_fn_801A7E04.o
[528/896] EXTERNALIZE build/GEDE01/src/game/game_fn_801A7EA8.o
[529/896] EXTERNALIZE build/GEDE01/src/game/game_fn_801A6CB4.o
[530/896] EXTERNALIZE build/GEDE01/src/game/game_fn_801A4CE0.o
[531/896] EXTERNALIZE build/GEDE01/src/game/game_fn_801A6C58.o
[532/896] NAME JUMPTABLE build/GEDE01/src/game/game_fn_801A6ADC.o
[533/896] EXTERNALIZE build/GEDE01/src/game/game_fn_801A6410.o
[534/896] EXTERNALIZE build/GEDE01/src/game/game_fn_801A5FB0.o
[535/896] EXTERNALIZE build/GEDE01/src/game/game_fn_801A1F18.o
[536/896] EXTERNALIZE build/GEDE01/src/game/game_fn_8019E8C8.o
[537/896] EXTERNALIZE build/GEDE01/src/game/game_fn_8019E5E4.o
[538/896] EXTERNALIZE build/GEDE01/src/game/game_fn_8019CFC4.o
[539/896] EXTERNALIZE build/GEDE01/src/game/game_fn_8019CC28.o
[540/896] EXTERNALIZE build/GEDE01/src/game/game_fn_80198BF4.o
[541/896] EXTERNALIZE build/GEDE01/src/game/game_fn_801991E0.o
[542/896] EXTERNALIZE build/GEDE01/src/game/game_fn_80198154.o
[543/896] EXTERNALIZE build/GEDE01/src/game/game_fn_80198AAC.o
[544/896] EXTERNALIZE build/GEDE01/src/game/game_fn_80194F80.o
[545/896] EXTERNALIZE build/GEDE01/src/game/game_fn_80197910.o
[546/896] EXTERNALIZE build/GEDE01/src/game/game_fn_80177434.o
repointed 2 relocations to lbl_80250588
[547/896] EXTERNALIZE build/GEDE01/src/game/game_fn_80193E1C.o
[548/896] EXTERNALIZE build/GEDE01/src/game/game_fn_801931C4.o
[549/896] EXTERNALIZE build/GEDE01/src/game/game_fn_80193F3C.o
[550/896] EXTERNALIZE build/GEDE01/src/game/game_fn_80192F54.o
[551/896] EXTERNALIZE build/GEDE01/src/game/game_fn_80191F58.o
[552/896] EXTERNALIZE build/GEDE01/src/game/game_fn_8019197C.o
[553/896] EXTERNALIZE build/GEDE01/src/game/game_fn_80191360.o
[554/896] GLOBALIZE build/GEDE01/src/game/game_fn_8018F1D0.o
[555/896] EXTERNALIZE build/GEDE01/src/game/game_fn_8018D688.o
[556/896] EXTERNALIZE build/GEDE01/src/game/game_fn_8018F81C.o
[557/896] EXTERNALIZE build/GEDE01/src/game/game_fn_8018D2E0.o
[558/896] EXTERNALIZE build/GEDE01/src/game/game_fn_80189968.o
[559/896] EXTERNALIZE build/GEDE01/src/game/game_fn_8018D1F0.o
[560/896] EXTERNALIZE build/GEDE01/src/game/game_fn_80189760.o
[561/896] EXTERNALIZE build/GEDE01/src/game/game_fn_801896A0.o
[562/896] EXTERNALIZE build/GEDE01/src/game/game_fn_801895E8.o
[563/896] EXTERNALIZE build/GEDE01/src/game/game_fn_801891D8.o
[564/896] EXTERNALIZE build/GEDE01/src/game/game_fn_80189390.o
[565/896] EXTERNALIZE build/GEDE01/src/game/game_fn_80188E28.o
[566/896] EXTERNALIZE build/GEDE01/src/game/game_fn_80189028.o
[567/896] EXTERNALIZE build/GEDE01/src/game/game_fn_80188C1C.o
[568/896] EXTERNALIZE build/GEDE01/src/game/game_fn_80188B44.o
[569/896] EXTERNALIZE build/GEDE01/src/game/game_fn_80188A7C.o
[570/896] EXTERNALIZE build/GEDE01/src/game/game_fn_801878E0.o
[571/896] EXTERNALIZE build/GEDE01/src/game/game_fn_80187120.o
[572/896] EXTERNALIZE build/GEDE01/src/game/game_fn_80186E10.o
[573/896] EXTERNALIZE build/GEDE01/src/game/game_fn_8018FEDC.o
[574/896] EXTERNALIZE build/GEDE01/src/game/game_fn_801865EC.o
[575/896] EXTERNALIZE build/GEDE01/src/game/game_fn_80185AE8.o
[576/896] EXTERNALIZE build/GEDE01/src/game/game_fn_801859FC.o
[577/896] EXTERNALIZE build/GEDE01/src/game/game_fn_80180DDC.o
[578/896] EXTERNALIZE build/GEDE01/src/game/game_fn_8017E958.o
[579/896] EXTERNALIZE build/GEDE01/src/game/game_fn_8017E850.o
[580/896] EXTERNALIZE build/GEDE01/src/game/game_fn_8017718C.o
[581/896] EXTERNALIZE build/GEDE01/src/game/game_fn_801770F8.o
[582/896] EXTERNALIZE build/GEDE01/src/game/game_fn_80176DF4.o
[583/896] EXTERNALIZE build/GEDE01/src/game/game_fn_80176FA0.o
[584/896] EXTERNALIZE build/GEDE01/src/game/game_fn_80174358.o
[585/896] EXTERNALIZE build/GEDE01/src/game/game_fn_80173F04.o
[586/896] EXTERNALIZE build/GEDE01/src/game/game_fn_80174184.o
[587/896] EXTERNALIZE build/GEDE01/src/game/game_fn_8017553C.o
[588/896] EXTERNALIZE build/GEDE01/src/game/game_fn_80173D44.o
[589/896] EXTERNALIZE build/GEDE01/src/game/game_fn_80173770.o
[590/896] EXTERNALIZE build/GEDE01/src/game/game_fn_801734B4.o
[591/896] EXTERNALIZE build/GEDE01/src/game/game_fn_80173270.o
[592/896] EXTERNALIZE build/GEDE01/src/game/game_fn_80172DB8.o
[593/896] EXTERNALIZE build/GEDE01/src/game/game_fn_80172C78.o
[594/896] EXTERNALIZE build/GEDE01/src/game/game_fn_80172BB0.o
[595/896] EXTERNALIZE build/GEDE01/src/game/game_fn_801726EC.o
[596/896] EXTERNALIZE build/GEDE01/src/game/game_fn_8017250C.o
[597/896] EXTERNALIZE build/GEDE01/src/game/game_fn_80171F30.o
[598/896] EXTERNALIZE build/GEDE01/src/game/game_fn_801718F4.o
[599/896] EXTERNALIZE build/GEDE01/src/game/game_fn_801719B4.o
[600/896] EXTERNALIZE build/GEDE01/src/game/game_fn_80171664.o
[601/896] EXTERNALIZE build/GEDE01/src/game/game_fn_8017138C.o
[602/896] EXTERNALIZE build/GEDE01/src/game/game_fn_801706DC.o
[603/896] EXTERNALIZE build/GEDE01/src/game/game_fn_80170A40.o
[604/896] NORMALIZE build/GEDE01/src/game/game_TRKNubWelcome.o
[605/896] NORMALIZE build/GEDE01/src/game/game_TRK_main.o
[606/896] NORMALIZE build/GEDE01/src/game/game_data_80239E10.o
[607/896] NORMALIZE build/GEDE01/src/game/game_data_80239E18.o
[608/896] EXTERNALIZE build/GEDE01/src/game/game_fn_80170E9C.o
[609/896] EXTERNALIZE build/GEDE01/src/game/game_fn_8017652C.o
[610/896] EXTERNALIZE build/GEDE01/src/game/game_fn_80175E64.o
[611/896] EXTERNALIZE build/GEDE01/src/game/game_fn_80175F0C.o
[612/896] EXTERNALIZE build/GEDE01/src/game/game_fn_80175FD4.o
[613/896] EXTERNALIZE build/GEDE01/src/game/game_fn_80176098.o
[614/896] EXTERNALIZE build/GEDE01/src/game/game_fn_80176160.o
[615/896] EXTERNALIZE build/GEDE01/src/game/game_fn_80176220.o
[616/896] EXTERNALIZE build/GEDE01/src/game/game_fn_80170DF4.o
[617/896] EXTERNALIZE build/GEDE01/src/game/game_fn_801762E8.o
[618/896] EXTERNALIZE build/GEDE01/src/game/game_fn_8016E8F8.o
[619/896] EXTERNALIZE build/GEDE01/src/game/game_fn_8016FEF8.o
[620/896] EXTERNALIZE build/GEDE01/src/game/game_fn_801704F8.o
[621/896] NORMALIZE build/GEDE01/src/game/game_fn_8016DF4C.o
[622/896] EXTERNALIZE build/GEDE01/src/game/game_fn_8016D2B8.o
[623/896] EXTERNALIZE build/GEDE01/src/game/game_fn_8016D1F8.o
[624/896] EXTERNALIZE build/GEDE01/src/game/game_fn_8016D040.o
[625/896] EXTERNALIZE build/GEDE01/src/game/game_fn_8016C4BC.o
[626/896] EXTERNALIZE build/GEDE01/src/game/game_fn_8016C774.o
[627/896] EXTERNALIZE build/GEDE01/src/game/game_fn_8016C238.o
[628/896] EXTERNALIZE build/GEDE01/src/game/game_fn_8016C164.o
[629/896] EXTERNALIZE build/GEDE01/src/game/game_fn_8017038C.o
[630/896] EXTERNALIZE build/GEDE01/src/game/game_fn_8016C0BC.o
[631/896] EXTERNALIZE build/GEDE01/src/game/game_fn_8016BE1C.o
[632/896] EXTERNALIZE build/GEDE01/src/game/game_fn_8016BF60.o
[633/896] EXTERNALIZE build/GEDE01/src/game/game_fn_8016BD0C.o
[634/896] EXTERNALIZE build/GEDE01/src/game/game_fn_80169650.o
[635/896] EXTERNALIZE build/GEDE01/src/game/game_fn_80167B5C.o
[636/896] EXTERNALIZE build/GEDE01/src/game/game_fn_8015EDC0.o
[637/896] EXTERNALIZE build/GEDE01/src/game/game_fn_8015DB84.o
[638/896] EXTERNALIZE build/GEDE01/src/game/game_fn_8015DC54.o
[639/896] EXTERNALIZE build/GEDE01/src/game/game_fn_80179398.o
[640/896] EXTERNALIZE build/GEDE01/src/game/game_fn_80158B20.o
[641/896] EXTERNALIZE build/GEDE01/src/game/game_fn_8017974C.o
[642/896] EXTERNALIZE build/GEDE01/src/game/game_fn_8017960C.o
[643/896] EXTERNALIZE build/GEDE01/src/game/game_fn_80179904.o
[644/896] EXTERNALIZE build/GEDE01/src/game/game_fn_8017A9B8.o
[645/896] EXTERNALIZE build/GEDE01/src/game/game_fn_80179A18.o
[646/896] EXTERNALIZE build/GEDE01/src/game/game_fn_80179A74.o
[647/896] EXTERNALIZE build/GEDE01/src/game/game_fn_80179EB8.o
[648/896] EXTERNALIZE build/GEDE01/src/game/game_fn_80179F20.o
[649/896] EXTERNALIZE build/GEDE01/src/game/game_fn_8017A010.o
[650/896] EXTERNALIZE build/GEDE01/src/game/game_fn_8017A12C.o
[651/896] EXTERNALIZE build/GEDE01/src/game/game_fn_80157C0C.o
[652/896] EXTERNALIZE build/GEDE01/src/game/game_fn_8017A1C0.o
[653/896] EXTERNALIZE build/GEDE01/src/game/game_fn_80155814.o
[654/896] EXTERNALIZE build/GEDE01/src/game/game_fn_80153898.o
[655/896] EXTERNALIZE build/GEDE01/src/game/game_fn_8014B494.o
[656/896] EXTERNALIZE build/GEDE01/src/game/game_fn_8012DB28.o
[657/896] EXTERNALIZE build/GEDE01/src/game/game_fn_8014AF38.o
[658/896] EXTERNALIZE build/GEDE01/src/game/game_fn_801141B8.o
[659/896] EXTERNALIZE build/GEDE01/src/game/game_fn_801128E4.o
[660/896] EXTERNALIZE build/GEDE01/src/game/game_fn_801126E0.o
[661/896] EXTERNALIZE build/GEDE01/src/game/game_fn_8010F184.o
[662/896] EXTERNALIZE build/GEDE01/src/game/game_fn_800E4980.o
[663/896] EXTERNALIZE build/GEDE01/src/game/game_fn_800C17EC.o
[664/896] EXTERNALIZE build/GEDE01/src/game/game_fn_800C030C.o
[665/896] EXTERNALIZE build/GEDE01/src/game/game_fn_800C59F0.o
[666/896] EXTERNALIZE build/GEDE01/src/game/game_fn_800C65FC.o
[667/896] EXTERNALIZE build/GEDE01/src/game/game_fn_800C644C.o
[668/896] EXTERNALIZE build/GEDE01/src/game/game_fn_800CB760.o
[669/896] EXTERNALIZE build/GEDE01/src/game/game_fn_800CB8F4.o
[670/896] EXTERNALIZE build/GEDE01/src/game/game_fn_80079908.o
[671/896] EXTERNALIZE build/GEDE01/src/game/game_fn_80078500.o
[672/896] EXTERNALIZE build/GEDE01/src/game/game_fn_8007B2F4.o
[673/896] EXTERNALIZE build/GEDE01/src/game/game_fn_8007B540.o
[674/896] EXTERNALIZE build/GEDE01/src/game/game_fn_8007B640.o
[675/896] EXTERNALIZE build/GEDE01/src/game/game_fn_8007BA3C.o
[676/896] EXTERNALIZE build/GEDE01/src/game/game_fn_800886D8.o
[677/896] EXTERNALIZE build/GEDE01/src/game/game_fn_800934A0.o
[678/896] EXTERNALIZE build/GEDE01/src/game/game_fn_800A3894.o
[679/896] EXTERNALIZE build/GEDE01/src/game/game_fn_800A7E88.o
[680/896] EXTERNALIZE build/GEDE01/src/game/game_fn_800A4798.o
[681/896] GLOBALIZE build/GEDE01/src/game/game_fn_800A2130.o
[682/896] EXTERNALIZE build/GEDE01/src/game/game_fn_800A2FCC.o
[683/896] EXTERNALIZE build/GEDE01/src/game/game_fn_8009C424.o
[684/896] EXTERNALIZE SWITCHES build/GEDE01/src/game/game_fn_80095FDC.o
[685/896] GLOBALIZE build/GEDE01/src/game/game_fn_8008F890.o
[686/896] EXTERNALIZE build/GEDE01/src/game/game_fn_80096830.o
[687/896] EXTERNALIZE build/GEDE01/src/game/game_fn_800A4428.o
[688/896] EXTERNALIZE build/GEDE01/src/game/game_fn_80074310.o
[689/896] GLOBALIZE build/GEDE01/src/game/game_fn_8005FD84.o
[690/896] EXTERNALIZE build/GEDE01/src/game/game_fn_80066888.o
[691/896] EXTERNALIZE build/GEDE01/src/game/game_fn_8005EC6C.o
[692/896] EXTERNALIZE build/GEDE01/src/game/game_fn_80052310.o
[693/896] EXTERNALIZE build/GEDE01/src/game/game_fn_80048B24.o
[694/896] NAME SWITCH build/GEDE01/src/game/game_fn_80020E94.o
[695/896] NAME SWITCH build/GEDE01/src/game/game_fn_8005EE9C.o
[696/896] NAME SWITCH build/GEDE01/src/game/game_fn_8016D9C0.o
[697/896] NAME SWITCH build/GEDE01/src/game/game_fn_80071A58.o
[698/896] EXTERNALIZE build/GEDE01/src/game/game_fn_80048ADC.o
[699/896] NAME SWITCH build/GEDE01/src/game/game_fn_8006B620.o
[700/896] NAME SWITCH build/GEDE01/src/game/game_fn_8001FE1C.o
[701/896] NAME SWITCH build/GEDE01/src/game/game_fn_8001E644.o
[702/896] EXTERNALIZE build/GEDE01/src/game/game_fn_80038878.o
[703/896] EXTERNALIZE build/GEDE01/src/game/game_fn_801B46C8.o
build/GEDE01/src/game/game_fn_801B46C8.o: lbl_8060C020 now undefined; section 6 emptied
[704/896] EXTERNALIZE build/GEDE01/src/game/game_fn_80036C40.o
[705/896] EXTERNALIZE build/GEDE01/src/game/game_fn_800359A0.o
[706/896] EXTERNALIZE build/GEDE01/src/game/game_fn_80033180.o
[707/896] EXTERNALIZE build/GEDE01/src/game/game_fn_80033038.o
[708/896] EXTERNALIZE build/GEDE01/src/game/game_fn_80032B84.o
[709/896] EXTERNALIZE build/GEDE01/src/game/game_fn_8003232C.o
[710/896] EXTERNALIZE build/GEDE01/src/game/game_fn_8002E3F0.o
[711/896] EXTERNALIZE build/GEDE01/src/game/game_fn_8002DAE0.o
[712/896] EXTERNALIZE build/GEDE01/src/game/game_fn_8002EA68.o
[713/896] GLOBALIZE build/GEDE01/src/game/game_fn_8002B748.o
[714/896] EXTERNALIZE build/GEDE01/src/game/game_fn_8002F428.o
[715/896] NAME SWITCHES build/GEDE01/src/game/game_fn_80024F28.o
[716/896] EXTERNALIZE build/GEDE01/src/game/game_fn_800272B4.o
[717/896] EXTERNALIZE build/GEDE01/src/game/game_fn_8001CE94.o
[718/896] EXTERNALIZE build/GEDE01/src/game/game_fn_8001CD58.o
[719/896] EXTERNALIZE build/GEDE01/src/game/game_fn_8001C078.o
[720/896] EXTERNALIZE build/GEDE01/src/game/game_fn_8001B874.o
[721/896] EXTERNALIZE build/GEDE01/src/game/game_fn_8001B808.o
[722/896] EXTERNALIZE build/GEDE01/src/game/game_fn_8001B294.o
[723/896] EXTERNALIZE build/GEDE01/src/game/game_fn_8001B124.o
[724/896] EXTERNALIZE build/GEDE01/src/game/game_fn_8001ADF8.o
[725/896] EXTERNALIZE build/GEDE01/src/game/game_fn_8001AF68.o
[726/896] EXTERNALIZE build/GEDE01/src/game/game_fn_8001AAB8.o
[727/896] EXTERNALIZE build/GEDE01/src/game/game_fn_8001A6C4.o
[728/896] EXTERNALIZE build/GEDE01/src/game/game_fn_80019F98.o
[729/896] EXTERNALIZE build/GEDE01/src/game/game_fn_80019D2C.o
[730/896] EXTERNALIZE build/GEDE01/src/game/game_fn_80019C10.o
[731/896] EXTERNALIZE build/GEDE01/src/game/game_fn_80019940.o
[732/896] EXTERNALIZE build/GEDE01/src/game/game_fn_800194D0.o
[733/896] EXTERNALIZE build/GEDE01/src/game/game_fn_80019244.o
[734/896] EXTERNALIZE build/GEDE01/src/game/game_fn_80019054.o
[735/896] EXTERNALIZE build/GEDE01/src/game/game_fn_80018EF4.o
[736/896] EXTERNALIZE build/GEDE01/src/game/game_fn_80017DB0.o
[737/896] EXTERNALIZE build/GEDE01/src/game/game_fn_80017CC8.o
[738/896] EXTERNALIZE build/GEDE01/src/game/game_fn_80017C3C.o
[739/896] EXTERNALIZE build/GEDE01/src/game/game_fn_80017AE4.o
[740/896] EXTERNALIZE build/GEDE01/src/game/game_fn_80017A3C.o
[741/896] EXTERNALIZE build/GEDE01/src/game/game_fn_800179AC.o
[742/896] EXTERNALIZE build/GEDE01/src/game/game_fn_80017910.o
[743/896] EXTERNALIZE FLAGS build/GEDE01/src/game/game_fn_800119FC.o
[744/896] EXTERNALIZE build/GEDE01/src/game/game_fn_8000FFD8.o
[745/896] EXTERNALIZE build/GEDE01/src/game/game_fn_8000F4B0.o
[746/896] GLOBALIZE build/GEDE01/src/game/game_fn_800094C0.o
[747/896] EXTERNALIZE build/GEDE01/src/game/game_fn_8000EFC4.o
[748/896] EXTERNALIZE build/GEDE01/src/game/game_fn_800096E0.o
[749/896] EXTERNALIZE build/GEDE01/src/game/game_fn_800098C0.o
[750/896] EXTERNALIZE build/GEDE01/src/game/game_fn_80009AB4.o
[751/896] EXTERNALIZE build/GEDE01/src/game/game_fn_800099D8.o
[752/896] EXTERNALIZE build/GEDE01/src/game/game_fn_8000A26C.o
[753/896] EXTERNALIZE build/GEDE01/src/game/game_fn_800171C0.o
[754/896] EXTERNALIZE build/GEDE01/src/game/game_fn_800176F0.o
[755/896] EXTERNALIZE build/GEDE01/src/game/game_fn_8000AC88.o
[756/896] EXTERNALIZE build/GEDE01/src/game/game_fn_8000AFB4.o
[757/896] EXTERNALIZE build/GEDE01/src/game/game_fn_8000AEB4.o
[758/896] EXTERNALIZE build/GEDE01/src/game/game_fn_8000B1B8.o
[759/896] EXTERNALIZE build/GEDE01/src/game/game_fn_8000B36C.o
[760/896] EXTERNALIZE build/GEDE01/src/game/game_fn_8000B630.o
[761/896] EXTERNALIZE build/GEDE01/src/game/game_fn_8000B7FC.o
[762/896] EXTERNALIZE build/GEDE01/src/game/game_fn_8000BA0C.o
[763/896] EXTERNALIZE build/GEDE01/src/game/game_fn_8000B900.o
[764/896] EXTERNALIZE build/GEDE01/src/game/game_fn_8000BAA0.o
[765/896] EXTERNALIZE build/GEDE01/src/game/game_fn_8000BC40.o
[766/896] EXTERNALIZE build/GEDE01/src/game/game_fn_8000C06C.o
[767/896] EXTERNALIZE build/GEDE01/src/game/game_fn_8000C17C.o
[768/896] EXTERNALIZE build/GEDE01/src/game/game_fn_8000C848.o
[769/896] EXTERNALIZE build/GEDE01/src/game/game_fn_8000C400.o
[770/896] EXTERNALIZE build/GEDE01/src/game/game_fn_8000C91C.o
[771/896] EXTERNALIZE build/GEDE01/src/game/game_fn_8000D0BC.o
[772/896] NAME SWITCH build/GEDE01/src/game/game_fn_8000D8A4.o
[773/896] EXTERNALIZE build/GEDE01/src/game/game_fn_8000D3D4.o
[774/896] EXTERNALIZE build/GEDE01/src/game/game_fn_8000E054.o
[775/896] EXTERNALIZE build/GEDE01/src/game/game_fn_8000E0AC.o
[776/896] EXTERNALIZE build/GEDE01/src/game/game_fn_8000E96C.o
[777/896] EXTERNALIZE build/GEDE01/src/game/game_fn_8000EB14.o
[778/896] EXTERNALIZE build/GEDE01/src/game/game_fn_8000F774.o
[779/896] EXTERNALIZE build/GEDE01/src/game/game_fn_8000EBD4.o
[780/896] EXTERNALIZE build/GEDE01/src/game/game_fn_8000ED44.o
[781/896] EXTERNALIZE build/GEDE01/src/game/game_fn_8000E138.o
[782/896] EXTERNALIZE build/GEDE01/src/game/game_fn_8000E1C4.o
[783/896] EXTERNALIZE build/GEDE01/src/game/game_fn_8000DA50.o
[784/896] EXTERNALIZE build/GEDE01/src/game/game_fn_8000D590.o
[785/896] EXTERNALIZE build/GEDE01/src/game/game_fn_8000DAF4.o
[786/896] EXTERNALIZE build/GEDE01/src/game/game_fn_80012DA8.o
[787/896] EXTERNALIZE build/GEDE01/src/game/game_fn_80012F40.o
[788/896] EXTERNALIZE build/GEDE01/src/game/game_fn_80012FD0.o
[789/896] EXTERNALIZE build/GEDE01/src/game/game_fn_800131E8.o
[790/896] EXTERNALIZE build/GEDE01/src/game/game_fn_80013340.o
[791/896] EXTERNALIZE build/GEDE01/src/game/game_fn_80013870.o
[792/896] EXTERNALIZE build/GEDE01/src/game/game_fn_80013CB0.o
[793/896] EXTERNALIZE build/GEDE01/src/game/game_fn_80013D54.o
[794/896] EXTERNALIZE build/GEDE01/src/game/game_fn_800142DC.o
[795/896] EXTERNALIZE build/GEDE01/src/game/game_fn_800144CC.o
[796/896] EXTERNALIZE build/GEDE01/src/game/game_fn_80014784.o
[797/896] EXTERNALIZE build/GEDE01/src/game/game_fn_800149D4.o
[798/896] EXTERNALIZE build/GEDE01/src/game/game_fn_80015058.o
[799/896] EXTERNALIZE build/GEDE01/src/game/game_fn_80015568.o
[800/896] EXTERNALIZE build/GEDE01/src/game/game_fn_80015320.o
[801/896] EXTERNALIZE build/GEDE01/src/game/game_fn_80015BE0.o
[802/896] EXTERNALIZE build/GEDE01/src/game/game_fn_800156FC.o
[803/896] EXTERNALIZE build/GEDE01/src/game/game_fn_80015D40.o
[804/896] EXTERNALIZE build/GEDE01/src/game/game_fn_80015F04.o
[805/896] EXTERNALIZE build/GEDE01/src/game/game_fn_80016270.o
[806/896] EXTERNALIZE build/GEDE01/src/game/game_fn_80016128.o
[807/896] EXTERNALIZE build/GEDE01/src/game/game_fn_80016904.o
[808/896] EXTERNALIZE build/GEDE01/src/game/game_fn_800173CC.o
[809/896] EXTERNALIZE build/GEDE01/src/game/game_fn_80016B24.o
[810/896] EXTERNALIZE build/GEDE01/src/game/game_fn_801BEF40.o
[811/896] EXTERNALIZE build/GEDE01/src/game/game_fn_801B86C0.o
[812/896] EXTERNALIZE STATIC POOL build/GEDE01/src/game/game_fn_801C4B5C.o
build/GEDE01/src/game/game_fn_801C4B5C.o: lbl_80628CB0 now undefined; section 6 emptied
[813/896] EXTERNALIZE build/GEDE01/src/game/game_fn_801C8600.o
[814/896] EXTERNALIZE build/GEDE01/src/game/game_fn_800B2EC0.o
[815/896] EXTERNALIZE build/GEDE01/src/game/game_fn_8001CA04.o
[816/896] EXTERNALIZE build/GEDE01/src/game/game_fn_80031544.o
[817/896] EXTERNALIZE build/GEDE01/src/game/game_fn_8006B0F0.o
[818/896] EXTERNALIZE build/GEDE01/src/game/game_fn_8007D4D8.o
[819/896] EXTERNALIZE build/GEDE01/src/game/game_fn_8007F770.o
[820/896] EXTERNALIZE build/GEDE01/src/game/game_fn_80088F4C.o
[821/896] EXTERNALIZE build/GEDE01/src/game/game_fn_8008A2E0.o
[822/896] EXTERNALIZE build/GEDE01/src/game/game_fn_80090004.o
[823/896] EXTERNALIZE build/GEDE01/src/game/game_fn_80095D10.o
[824/896] EXTERNALIZE build/GEDE01/src/game/game_fn_800A3180.o
[825/896] EXTERNALIZE build/GEDE01/src/game/game_fn_800BB7A8.o
[826/896] EXTERNALIZE build/GEDE01/src/game/game_fn_800BB5C4.o
[827/896] EXTERNALIZE build/GEDE01/src/game/game_fn_800BB9A4.o
[828/896] EXTERNALIZE build/GEDE01/src/game/game_fn_800BBAF0.o
[829/896] EXTERNALIZE build/GEDE01/src/game/game_fn_800D9064.o
[830/896] EXTERNALIZE build/GEDE01/src/game/game_fn_800D9E10.o
[831/896] EXTERNALIZE build/GEDE01/src/game/game_fn_8012976C.o
[832/896] EXTERNALIZE build/GEDE01/src/game/game_fn_8013DB8C.o
[833/896] EXTERNALIZE build/GEDE01/src/game/game_fn_8013CBE4.o
[834/896] EXTERNALIZE build/GEDE01/src/game/game_fn_8014CA98.o
[835/896] EXTERNALIZE build/GEDE01/src/game/game_fn_80153A24.o
[836/896] EXTERNALIZE build/GEDE01/src/game/game_fn_801535D8.o
[837/896] EXTERNALIZE build/GEDE01/src/game/game_fn_80174F2C.o
[838/896] EXTERNALIZE build/GEDE01/src/game/game_fn_801752B0.o
[839/896] EXTERNALIZE build/GEDE01/src/game/game_fn_8017AC20.o
[840/896] EXTERNALIZE build/GEDE01/src/game/game_fn_8018680C.o
[841/896] EXTERNALIZE build/GEDE01/src/game/game_fn_80186F70.o
[842/896] EXTERNALIZE build/GEDE01/src/game/game_fn_80187320.o
[843/896] EXTERNALIZE build/GEDE01/src/game/game_fn_801810A0.o
[844/896] EXTERNALIZE build/GEDE01/src/game/game_fn_801875FC.o
[845/896] EXTERNALIZE build/GEDE01/src/game/game_fn_800542D0.o
[846/896] EXTERNALIZE build/GEDE01/src/game/game_fn_80189C14.o
[847/896] EXTERNALIZE build/GEDE01/src/game/game_fn_80187BB4.o
[848/896] EXTERNALIZE build/GEDE01/src/game/game_fn_8018C2D0.o
[849/896] EXTERNALIZE build/GEDE01/src/game/game_fn_8018D400.o
[850/896] EXTERNALIZE build/GEDE01/src/game/game_fn_8018E0D8.o
[851/896] EXTERNALIZE build/GEDE01/src/game/game_fn_8019120C.o
[852/896] EXTERNALIZE build/GEDE01/src/game/game_fn_8018DC24.o
[853/896] EXTERNALIZE build/GEDE01/src/game/game_fn_801916D0.o
[854/896] EXTERNALIZE build/GEDE01/src/game/game_fn_801926EC.o
[855/896] EXTERNALIZE build/GEDE01/src/game/game_fn_801929A4.o
[856/896] EXTERNALIZE build/GEDE01/src/game/game_fn_801A2A54.o
[857/896] EXTERNALIZE build/GEDE01/src/game/game_fn_801952E8.o
[858/896] EXTERNALIZE build/GEDE01/src/game/game_fn_801A34BC.o
[859/896] EXTERNALIZE build/GEDE01/src/game/game_fn_801A657C.o
[860/896] EXTERNALIZE build/GEDE01/src/game/game_fn_801D1F78.o
[861/896] EXTERNALIZE build/GEDE01/src/game/game_fn_801E2A48.o
[862/896] EXTERNALIZE build/GEDE01/src/game/game_fn_801E6814.o
[863/896] EXTERNALIZE build/GEDE01/src/game/game_fn_801E995C.o
[864/896] EXTERNALIZE build/GEDE01/src/game/game_fn_801F0CB0.o
[865/896] EXTERNALIZE build/GEDE01/src/game/game_fn_801EF580.o
[866/896] EXTERNALIZE build/GEDE01/src/game/game_fn_801F10BC.o
[867/896] EXTERNALIZE build/GEDE01/src/game/game_fn_801F35A8.o
[868/896] EXTERNALIZE build/GEDE01/src/game/game_fn_801ECD74.o
[869/896] EXTERNALIZE build/GEDE01/src/game/game_fn_801ED5F4.o
[870/896] EXTERNALIZE build/GEDE01/src/game/game_fn_801F69F0.o
[871/896] EXTERNALIZE build/GEDE01/src/game/game_fn_801F76EC.o
[872/896] EXTERNALIZE build/GEDE01/src/game/game_fn_801F8264.o
[873/896] EXTERNALIZE build/GEDE01/src/game/game_fn_801F89B4.o
[874/896] EXTERNALIZE build/GEDE01/src/game/game_fn_801F9AF8.o
[875/896] EXTERNALIZE build/GEDE01/src/game/game_fn_801F6BD8.o
[876/896] EXTERNALIZE JUMPTABLES build/GEDE01/src/game/game_fn_800361F8.o
[877/896] EXTERNALIZE build/GEDE01/src/game/game_fn_801FB6A4.o
[878/896] EXTERNALIZE JUMPTABLES build/GEDE01/src/game/game_fn_8006E53C.o
[879/896] EXTERNALIZE JUMPTABLES build/GEDE01/src/game/game_fn_800CF598.o
[880/896] EXTERNALIZE JUMPTABLES build/GEDE01/src/game/game_fn_801ACFE8.o
[881/896] EXTERNALIZE build/GEDE01/src/game/game_fn_80154F74.o
[882/896] EXTERNALIZE JUMPTABLES build/GEDE01/src/game/game_fn_801B1BA0.o
[883/896] EXTERNALIZE build/GEDE01/src/game/game_fn_8009E808.o
[884/896] EXTERNALIZE build/GEDE01/src/game/game_fn_801F1A38.o
[885/896] EXTERNALIZE build/GEDE01/src/game/game_fn_801F55A0.o
[886/896] EXTERNALIZE build/GEDE01/src/game/game_fn_801FFE78.o
[887/896] EXTERNALIZE build/GEDE01/src/game/game_fn_801F7510.o
[888/896] EXTERNALIZE build/GEDE01/src/game/game_fn_801F9CF4.o
[889/896] EXTERNALIZE build/GEDE01/src/game/game_fn_801FC034.o
[890/896] EXTERNALIZE build/GEDE01/src/game/game_fn_801FA9C8.o
[891/896] MWCC build/GEDE01/src/game/game_fn_80088E44.o
[892/896] REPORT
 INFO Loading project .
 INFO Generating report for 7068 units (using 8 threads)
 INFO Report generated in 0.174s
 INFO Writing to build/GEDE01/report.json
[893/896] LINK build/GEDE01/main.elf
### mwldeppc.exe Linker Warning:
#   Section '.ignored' is unknown. Section ignored.
### mwldeppc.exe Linker Warning:
#   Section '.ignored' is unknown. Section ignored.
### mwldeppc.exe Linker Warning:
#   Section '.ignored' is unknown. Section ignored.
### mwldeppc.exe Linker Warning:
#   Section '.ignored' is unknown. Section ignored.
### mwldeppc.exe Linker Warning:
#   Section '.ignored' is unknown. Section ignored.
### mwldeppc.exe Linker Warning:
#   Section '.ignored' is unknown. Section ignored.
### mwldeppc.exe Linker Warning:
#   Section '.ignored' is unknown. Section ignored.
### mwldeppc.exe Linker Warning:
#   Section '.ignored' is unknown. Section ignored.
### mwldeppc.exe Linker Warning:
#   Section '.ignored' is unknown. Section ignored.
### mwldeppc.exe Linker Warning:
#   Section '.ignored' is unknown. Section ignored.
### mwldeppc.exe Linker Warning:
#   Section '.ignored' is unknown. Section ignored.
### mwldeppc.exe Linker Warning:
#   Section '.ignored' is unknown. Section ignored.
### mwldeppc.exe Linker Warning:
#   Section '.ignored' is unknown. Section ignored.
### mwldeppc.exe Linker Warning:
#   Section '.ignored' is unknown. Section ignored.
### mwldeppc.exe Linker Warning:
#   Section '.ignored' is unknown. Section ignored.
### mwldeppc.exe Linker Warning:
#   Section '.ignored' is unknown. Section ignored.
### mwldeppc.exe Linker Warning:
#   Section '.ignored' is unknown. Section ignored.
### mwldeppc.exe Linker Warning:
#   Section '.ignored' is unknown. Section ignored.
### mwldeppc.exe Linker Warning:
#   Section '.ignored' is unknown. Section ignored.
### mwldeppc.exe Linker Warning:
#   Section '.ignored' is unknown. Section ignored.
### mwldeppc.exe Linker Warning:
#   Section '.ignored' is unknown. Section ignored.
### mwldeppc.exe Linker Warning:
#   Section '.ignored' is unknown. Section ignored.
### mwldeppc.exe Linker Warning:
#   Section '.ignored' is unknown. Section ignored.
### mwldeppc.exe Linker Warning:
#   Section '.ignored' is unknown. Section ignored.
### mwldeppc.exe Linker Warning:
#   Section '.ignored' is unknown. Section ignored.
### mwldeppc.exe Linker Warning:
#   Section '.ignored' is unknown. Section ignored.
### mwldeppc.exe Linker Warning:
#   Section '.ignored' is unknown. Section ignored.
### mwldeppc.exe Linker Warning:
#   Section '.ignored' is unknown. Section ignored.
### mwldeppc.exe Linker Warning:
#   Section '.ignored' is unknown. Section ignored.
### mwldeppc.exe Linker Warning:
#   Section '.ignored' is unknown. Section ignored.
### mwldeppc.exe Linker Warning:
#   Section '.ignored' is unknown. Section ignored.
### mwldeppc.exe Linker Warning:
#   Section '.ignored' is unknown. Section ignored.
### mwldeppc.exe Linker Warning:
#   Section '.ignored' is unknown. Section ignored.
### mwldeppc.exe Linker Warning:
#   Section '.ignored' is unknown. Section ignored.
### mwldeppc.exe Linker Warning:
#   Section '.ignored' is unknown. Section ignored.
### mwldeppc.exe Linker Warning:
#   Section '.ignored' is unknown. Section ignored.
### mwldeppc.exe Linker Warning:
#   Section '.ignored' is unknown. Section ignored.
### mwldeppc.exe Linker Warning:
#   Section '.ignored' is unknown. Section ignored.
### mwldeppc.exe Linker Warning:
#   Section '.ignored' is unknown. Section ignored.
### mwldeppc.exe Linker Warning:
#   Section '.ignored' is unknown. Section ignored.
### mwldeppc.exe Linker Warning:
#   Section '.ignored' is unknown. Section ignored.
### mwldeppc.exe Linker Warning:
#   Section '.ignored' is unknown. Section ignored.
### mwldeppc.exe Linker Warning:
#   Section '.ignored' is unknown. Section ignored.
### mwldeppc.exe Linker Warning:
#   Section '.ignored' is unknown. Section ignored.
### mwldeppc.exe Linker Warning:
#   Section '.ignored' is unknown. Section ignored.
### mwldeppc.exe Linker Warning:
#   Section '.ignored' is unknown. Section ignored.
### mwldeppc.exe Linker Warning:
#   Section '.ignored' is unknown. Section ignored.
### mwldeppc.exe Linker Warning:
#   Section '.ignored' is unknown. Section ignored.
### mwldeppc.exe Linker Warning:
#   Section '.ignored' is unknown. Section ignored.
### mwldeppc.exe Linker Warning:
#   Section '.ignored' is unknown. Section ignored.
### mwldeppc.exe Linker Warning:
#   Section '.ignored' is unknown. Section ignored.
### mwldeppc.exe Linker Warning:
#   Section '.ignored' is unknown. Section ignored.
### mwldeppc.exe Linker Warning:
#   Section '.ignored' is unknown. Section ignored.
### mwldeppc.exe Linker Warning:
#   Section '.ignored' is unknown. Section ignored.
### mwldeppc.exe Linker Warning:
#   Section '.ignored' is unknown. Section ignored.
### mwldeppc.exe Linker Warning:
#   Section '.ignored' is unknown. Section ignored.
### mwldeppc.exe Linker Warning:
#   Section '.ignored' is unknown. Section ignored.
### mwldeppc.exe Linker Warning:
#   Section '.ignored' is unknown. Section ignored.
### mwldeppc.exe Linker Warning:
#   Section '.ignored' is unknown. Section ignored.
### mwldeppc.exe Linker Warning:
#   Section '.ignored' is unknown. Section ignored.
### mwldeppc.exe Linker Warning:
#   Section '.ignored' is unknown. Section ignored.
### mwldeppc.exe Linker Warning:
#   Section '.ignored' is unknown. Section ignored.
### mwldeppc.exe Linker Warning:
#   Section '.ignored' is unknown. Section ignored.
### mwldeppc.exe Linker Warning:
#   Section '.ignored' is unknown. Section ignored.
### mwldeppc.exe Linker Warning:
#   Section '.ignored' is unknown. Section ignored.
### mwldeppc.exe Linker Warning:
#   Section '.ignored' is unknown. Section ignored.
### mwldeppc.exe Linker Warning:
#   Section '.ignored' is unknown. Section ignored.
### mwldeppc.exe Linker Warning:
#   Section '.ignored' is unknown. Section ignored.
### mwldeppc.exe Linker Warning:
#   Section '.ignored' is unknown. Section ignored.
### mwldeppc.exe Linker Warning:
#   Section '.ignored' is unknown. Section ignored.
### mwldeppc.exe Linker Warning:
#   Section '.ignored' is unknown. Section ignored.
### mwldeppc.exe Linker Warning:
#   Section '.ignored' is unknown. Section ignored.
### mwldeppc.exe Linker Warning:
#   Section '.ignored' is unknown. Section ignored.
### mwldeppc.exe Linker Warning:
#   Section '.ignored' is unknown. Section ignored.
### mwldeppc.exe Linker Warning:
#   Section '.ignored' is unknown. Section ignored.
### mwldeppc.exe Linker Warning:
#   Section '.ignored' is unknown. Section ignored.
### mwldeppc.exe Linker Warning:
#   Section '.ignored' is unknown. Section ignored.
### mwldeppc.exe Linker Warning:
#   Section '.ignored' is unknown. Section ignored.
### mwldeppc.exe Linker Warning:
#   Section '.ignored' is unknown. Section ignored.
### mwldeppc.exe Linker Warning:
#   Section '.ignored' is unknown. Section ignored.
### mwldeppc.exe Linker Warning:
#   Section '.ignored' is unknown. Section ignored.
### mwldeppc.exe Linker Warning:
#   Section '.ignored' is unknown. Section ignored.
### mwldeppc.exe Linker Warning:
#   Section '.ignored' is unknown. Section ignored.
### mwldeppc.exe Linker Warning:
#   Section '.ignored' is unknown. Section ignored.
### mwldeppc.exe Linker Warning:
#   Section '.ignored' is unknown. Section ignored.
### mwldeppc.exe Linker Warning:
#   Section '.ignored' is unknown. Section ignored.
### mwldeppc.exe Linker Warning:
#   Section '.ignored' is unknown. Section ignored.
### mwldeppc.exe Linker Warning:
#   Section '.ignored' is unknown. Section ignored.
### mwldeppc.exe Linker Warning:
#   Section '.ignored' is unknown. Section ignored.
### mwldeppc.exe Linker Warning:
#   Section '.ignored' is unknown. Section ignored.
### mwldeppc.exe Linker Warning:
#   Section '.ignored' is unknown. Section ignored.
### mwldeppc.exe Linker Warning:
#   Section '.ignored' is unknown. Section ignored.
### mwldeppc.exe Linker Warning:
#   Section '.ignored' is unknown. Section ignored.
### mwldeppc.exe Linker Warning:
#   Section '.ignored' is unknown. Section ignored.
### mwldeppc.exe Linker Warning:
#   Section '.ignored' is unknown. Section ignored.
### mwldeppc.exe Linker Warning:
#   Section '.ignored' is unknown. Section ignored.
### mwldeppc.exe Linker Warning:
#   Section '.ignored' is unknown. Section ignored.
### mwldeppc.exe Linker Warning:
#   Section '.ignored' is unknown. Section ignored.
### mwldeppc.exe Linker Warning:
#   Section '.ignored' is unknown. Section ignored.
### mwldeppc.exe Linker Warning:
#   Section '.ignored' is unknown. Section ignored.
### mwldeppc.exe Linker Warning:
#   Section '.ignored' is unknown. Section ignored.
### mwldeppc.exe Linker Warning:
#   Section '.ignored' is unknown. Section ignored.
### mwldeppc.exe Linker Warning:
#   Section '.ignored' is unknown. Section ignored.
### mwldeppc.exe Linker Warning:
#   Section '.ignored' is unknown. Section ignored.
### mwldeppc.exe Linker Warning:
#   Section '.ignored' is unknown. Section ignored.
### mwldeppc.exe Linker Warning:
#   Section '.ignored' is unknown. Section ignored.
### mwldeppc.exe Linker Warning:
#   Section '.ignored' is unknown. Section ignored.
### mwldeppc.exe Linker Warning:
#   Section '.ignored' is unknown. Section ignored.
### mwldeppc.exe Linker Warning:
#   Section '.ignored' is unknown. Section ignored.
### mwldeppc.exe Linker Warning:
#   Section '.ignored' is unknown. Section ignored.
### mwldeppc.exe Linker Warning:
#   Section '.ignored' is unknown. Section ignored.
### mwldeppc.exe Linker Warning:
#   Section '.ignored' is unknown. Section ignored.
### mwldeppc.exe Linker Warning:
#   Section '.ignored' is unknown. Section ignored.
### mwldeppc.exe Linker Warning:
#   Section '.ignored' is unknown. Section ignored.
### mwldeppc.exe Linker Warning:
#   Section '.ignored' is unknown. Section ignored.
### mwldeppc.exe Linker Warning:
#   Section '.ignored' is unknown. Section ignored.
### mwldeppc.exe Linker Warning:
#   Section '.ignored' is unknown. Section ignored.
### mwldeppc.exe Linker Warning:
#   Section '.ignored' is unknown. Section ignored.
### mwldeppc.exe Linker Warning:
#   Section '.ignored' is unknown. Section ignored.
### mwldeppc.exe Linker Warning:
#   Section '.ignored' is unknown. Section ignored.
### mwldeppc.exe Linker Warning:
#   Section '.ignored' is unknown. Section ignored.
### mwldeppc.exe Linker Warning:
#   Section '.ignored' is unknown. Section ignored.
### mwldeppc.exe Linker Warning:
#   Section '.ignored' is unknown. Section ignored.
### mwldeppc.exe Linker Warning:
#   Section '.ignored' is unknown. Section ignored.
### mwldeppc.exe Linker Warning:
#   Section '.ignored' is unknown. Section ignored.
### mwldeppc.exe Linker Warning:
#   Section '.ignored' is unknown. Section ignored.
### mwldeppc.exe Linker Warning:
#   Section '.ignored' is unknown. Section ignored.
### mwldeppc.exe Linker Warning:
#   Section '.ignored' is unknown. Section ignored.
### mwldeppc.exe Linker Warning:
#   Section '.ignored' is unknown. Section ignored.
### mwldeppc.exe Linker Warning:
#   Section '.ignored' is unknown. Section ignored.
### mwldeppc.exe Linker Warning:
#   Section '.ignored' is unknown. Section ignored.
### mwldeppc.exe Linker Warning:
#   Section '.ignored' is unknown. Section ignored.
### mwldeppc.exe Linker Warning:
#   Section '.ignored' is unknown. Section ignored.
### mwldeppc.exe Linker Warning:
#   Section '.ignored' is unknown. Section ignored.
### mwldeppc.exe Linker Warning:
#   Section '.ignored' is unknown. Section ignored.
### mwldeppc.exe Linker Warning:
#   Section '.ignored' is unknown. Section ignored.
### mwldeppc.exe Linker Warning:
#   Section '.ignored' is unknown. Section ignored.
### mwldeppc.exe Linker Warning:
#   Section '.ignored' is unknown. Section ignored.
### mwldeppc.exe Linker Warning:
#   Section '.ignored' is unknown. Section ignored.
### mwldeppc.exe Linker Warning:
#   Section '.ignored' is unknown. Section ignored.
### mwldeppc.exe Linker Warning:
#   Section '.ignored' is unknown. Section ignored.
### mwldeppc.exe Linker Warning:
#   Section '.ignored' is unknown. Section ignored.
### mwldeppc.exe Linker Warning:
#   Section '.ignored' is unknown. Section ignored.
### mwldeppc.exe Linker Warning:
#   Section '.ignored' is unknown. Section ignored.
### mwldeppc.exe Linker Warning:
#   Section '.ignored' is unknown. Section ignored.
### mwldeppc.exe Linker Warning:
#   Section '.ignored' is unknown. Section ignored.
### mwldeppc.exe Linker Warning:
#   Section '.ignored' is unknown. Section ignored.
### mwldeppc.exe Linker Warning:
#   Section '.ignored' is unknown. Section ignored.
### mwldeppc.exe Linker Warning:
#   Section '.ignored' is unknown. Section ignored.
### mwldeppc.exe Linker Warning:
#   Section '.ignored' is unknown. Section ignored.
### mwldeppc.exe Linker Warning:
#   Section '.ignored' is unknown. Section ignored.
### mwldeppc.exe Linker Warning:
#   Section '.ignored' is unknown. Section ignored.
### mwldeppc.exe Linker Warning:
#   Section '.ignored' is unknown. Section ignored.
### mwldeppc.exe Linker Warning:
#   Section '.ignored' is unknown. Section ignored.
### mwldeppc.exe Linker Warning:
#   Section '.ignored' is unknown. Section ignored.
### mwldeppc.exe Linker Warning:
#   Section '.ignored' is unknown. Section ignored.
### mwldeppc.exe Linker Warning:
#   Section '.ignored' is unknown. Section ignored.
### mwldeppc.exe Linker Warning:
#   Section '.ignored' is unknown. Section ignored.
### mwldeppc.exe Linker Warning:
#   Section '.ignored' is unknown. Section ignored.
### mwldeppc.exe Linker Warning:
#   Section '.ignored' is unknown. Section ignored.
### mwldeppc.exe Linker Warning:
#   Section '.ignored' is unknown. Section ignored.
### mwldeppc.exe Linker Warning:
#   Section '.ignored' is unknown. Section ignored.
### mwldeppc.exe Linker Warning:
#   Section '.ignored' is unknown. Section ignored.
### mwldeppc.exe Linker Warning:
#   Section '.ignored' is unknown. Section ignored.
### mwldeppc.exe Linker Warning:
#   Section '.ignored' is unknown. Section ignored.
### mwldeppc.exe Linker Warning:
#   Section '.ignored' is unknown. Section ignored.
### mwldeppc.exe Linker Warning:
#   Section '.ignored' is unknown. Section ignored.
### mwldeppc.exe Linker Warning:
#   Section '.ignored' is unknown. Section ignored.
### mwldeppc.exe Linker Warning:
#   Section '.ignored' is unknown. Section ignored.
### mwldeppc.exe Linker Warning:
#   Section '.ignored' is unknown. Section ignored.
### mwldeppc.exe Linker Warning:
#   Section '.ignored' is unknown. Section ignored.
### mwldeppc.exe Linker Warning:
#   Section '.ignored' is unknown. Section ignored.
### mwldeppc.exe Linker Warning:
#   Section '.ignored' is unknown. Section ignored.
### mwldeppc.exe Linker Warning:
#   Section '.ignored' is unknown. Section ignored.
### mwldeppc.exe Linker Warning:
#   Section '.ignored' is unknown. Section ignored.
### mwldeppc.exe Linker Warning:
#   Section '.ignored' is unknown. Section ignored.
### mwldeppc.exe Linker Warning:
#   Section '.ignored' is unknown. Section ignored.
### mwldeppc.exe Linker Warning:
#   Section '.ignored' is unknown. Section ignored.
### mwldeppc.exe Linker Warning:
#   Section '.ignored' is unknown. Section ignored.
### mwldeppc.exe Linker Warning:
#   Section '.ignored' is unknown. Section ignored.
### mwldeppc.exe Linker Warning:
#   Section '.ignored' is unknown. Section ignored.
### mwldeppc.exe Linker Warning:
#   Section '.ignored' is unknown. Section ignored.
### mwldeppc.exe Linker Warning:
#   Section '.ignored' is unknown. Section ignored.
### mwldeppc.exe Linker Warning:
#   Section '.ignored' is unknown. Section ignored.
### mwldeppc.exe Linker Warning:
#   Section '.ignored' is unknown. Section ignored.
### mwldeppc.exe Linker Warning:
#   Section '.ignored' is unknown. Section ignored.
### mwldeppc.exe Linker Warning:
#   Section '.ignored' is unknown. Section ignored.
### mwldeppc.exe Linker Warning:
#   Section '.ignored' is unknown. Section ignored.
### mwldeppc.exe Linker Warning:
#   Section '.ignored' is unknown. Section ignored.
### mwldeppc.exe Linker Warning:
#   Section '.ignored' is unknown. Section ignored.
### mwldeppc.exe Linker Warning:
#   Section '.ignored' is unknown. Section ignored.
### mwldeppc.exe Linker Warning:
#   Section '.ignored' is unknown. Section ignored.
### mwldeppc.exe Linker Warning:
#   Section '.ignored' is unknown. Section ignored.
### mwldeppc.exe Linker Warning:
#   Section '.ignored' is unknown. Section ignored.
### mwldeppc.exe Linker Warning:
#   Section '.ignored' is unknown. Section ignored.
### mwldeppc.exe Linker Warning:
#   Section '.ignored' is unknown. Section ignored.
### mwldeppc.exe Linker Warning:
#   Section '.ignored' is unknown. Section ignored.
### mwldeppc.exe Linker Warning:
#   Section '.ignored' is unknown. Section ignored.
### mwldeppc.exe Linker Warning:
#   Section '.ignored' is unknown. Section ignored.
### mwldeppc.exe Linker Warning:
#   Section '.ignored' is unknown. Section ignored.
### mwldeppc.exe Linker Warning:
#   Section '.ignored' is unknown. Section ignored.
### mwldeppc.exe Linker Warning:
#   Section '.ignored' is unknown. Section ignored.
### mwldeppc.exe Linker Warning:
#   Section '.ignored' is unknown. Section ignored.
### mwldeppc.exe Linker Warning:
#   Section '.ignored' is unknown. Section ignored.
### mwldeppc.exe Linker Warning:
#   Section '.ignored' is unknown. Section ignored.
### mwldeppc.exe Linker Warning:
#   Section '.ignored' is unknown. Section ignored.
### mwldeppc.exe Linker Warning:
#   Section '.ignored' is unknown. Section ignored.
### mwldeppc.exe Linker Warning:
#   Section '.ignored' is unknown. Section ignored.
### mwldeppc.exe Linker Warning:
#   Section '.ignored' is unknown. Section ignored.
### mwldeppc.exe Linker Warning:
#   Section '.ignored' is unknown. Section ignored.
### mwldeppc.exe Linker Warning:
#   Section '.ignored' is unknown. Section ignored.
### mwldeppc.exe Linker Warning:
#   Section '.ignored' is unknown. Section ignored.
### mwldeppc.exe Linker Warning:
#   Section '.ignored' is unknown. Section ignored.
### mwldeppc.exe Linker Warning:
#   Section '.ignored' is unknown. Section ignored.
### mwldeppc.exe Linker Warning:
#   Section '.ignored' is unknown. Section ignored.
### mwldeppc.exe Linker Warning:
#   Section '.ignored' is unknown. Section ignored.
### mwldeppc.exe Linker Warning:
#   Section '.ignored' is unknown. Section ignored.
### mwldeppc.exe Linker Warning:
#   Section '.ignored' is unknown. Section ignored.
### mwldeppc.exe Linker Warning:
#   Section '.ignored' is unknown. Section ignored.
### mwldeppc.exe Linker Warning:
#   Section '.ignored' is unknown. Section ignored.
### mwldeppc.exe Linker Warning:
#   Section '.ignored' is unknown. Section ignored.
### mwldeppc.exe Linker Warning:
#   Section '.ignored' is unknown. Section ignored.
### mwldeppc.exe Linker Warning:
#   Section '.ignored' is unknown. Section ignored.
### mwldeppc.exe Linker Warning:
#   Section '.ignored' is unknown. Section ignored.
### mwldeppc.exe Linker Warning:
#   Section '.ignored' is unknown. Section ignored.
### mwldeppc.exe Linker Warning:
#   Section '.ignored' is unknown. Section ignored.
### mwldeppc.exe Linker Warning:
#   Section '.ignored' is unknown. Section ignored.
### mwldeppc.exe Linker Warning:
#   Section '.ignored' is unknown. Section ignored.
### mwldeppc.exe Linker Warning:
#   Section '.ignored' is unknown. Section ignored.
### mwldeppc.exe Linker Warning:
#   Section '.ignored' is unknown. Section ignored.
### mwldeppc.exe Linker Warning:
#   Section '.ignored' is unknown. Section ignored.
### mwldeppc.exe Linker Warning:
#   Section '.ignored' is unknown. Section ignored.
### mwldeppc.exe Linker Warning:
#   Section '.ignored' is unknown. Section ignored.
### mwldeppc.exe Linker Warning:
#   Section '.ignored' is unknown. Section ignored.
### mwldeppc.exe Linker Warning:
#   Section '.ignored' is unknown. Section ignored.
### mwldeppc.exe Linker Warning:
#   Section '.ignored' is unknown. Section ignored.
### mwldeppc.exe Linker Warning:
#   Section '.ignored' is unknown. Section ignored.
### mwldeppc.exe Linker Warning:
#   Section '.ignored' is unknown. Section ignored.
### mwldeppc.exe Linker Warning:
#   Section '.ignored' is unknown. Section ignored.
### mwldeppc.exe Linker Warning:
#   Section '.ignored' is unknown. Section ignored.
### mwldeppc.exe Linker Warning:
#   Section '.ignored' is unknown. Section ignored.
### mwldeppc.exe Linker Warning:
#   Section '.ignored' is unknown. Section ignored.
### mwldeppc.exe Linker Warning:
#   Section '.ignored' is unknown. Section ignored.
### mwldeppc.exe Linker Warning:
#   Section '.ignored' is unknown. Section ignored.
### mwldeppc.exe Linker Warning:
#   Section '.ignored' is unknown. Section ignored.
### mwldeppc.exe Linker Warning:
#   Section '.ignored' is unknown. Section ignored.
### mwldeppc.exe Linker Warning:
#   Section '.ignored' is unknown. Section ignored.
### mwldeppc.exe Linker Warning:
#   Section '.ignored' is unknown. Section ignored.
### mwldeppc.exe Linker Warning:
#   Section '.ignored' is unknown. Section ignored.
### mwldeppc.exe Linker Warning:
#   Section '.ignored' is unknown. Section ignored.
### mwldeppc.exe Linker Warning:
#   Section '.ignored' is unknown. Section ignored.
### mwldeppc.exe Linker Warning:
#   Section '.ignored' is unknown. Section ignored.
### mwldeppc.exe Linker Warning:
#   Section '.ignored' is unknown. Section ignored.
### mwldeppc.exe Linker Warning:
#   Section '.ignored' is unknown. Section ignored.
### mwldeppc.exe Linker Warning:
#   Section '.ignored' is unknown. Section ignored.
### mwldeppc.exe Linker Warning:
#   Section '.ignored' is unknown. Section ignored.
### mwldeppc.exe Linker Warning:
#   Section '.ignored' is unknown. Section ignored.
### mwldeppc.exe Linker Warning:
#   Section '.ignored' is unknown. Section ignored.
### mwldeppc.exe Linker Warning:
#   Section '.ignored' is unknown. Section ignored.
### mwldeppc.exe Linker Warning:
#   Section '.ignored' is unknown. Section ignored.
### mwldeppc.exe Linker Warning:
#   Section '.ignored' is unknown. Section ignored.
### mwldeppc.exe Linker Warning:
#   Section '.ignored' is unknown. Section ignored.
### mwldeppc.exe Linker Warning:
#   Section '.ignored' is unknown. Section ignored.
### mwldeppc.exe Linker Warning:
#   Section '.ignored' is unknown. Section ignored.
### mwldeppc.exe Linker Warning:
#   Section '.ignored' is unknown. Section ignored.
### mwldeppc.exe Linker Warning:
#   Section '.ignored' is unknown. Section ignored.
### mwldeppc.exe Linker Warning:
#   Section '.ignored' is unknown. Section ignored.
### mwldeppc.exe Linker Warning:
#   Section '.ignored' is unknown. Section ignored.
### mwldeppc.exe Linker Warning:
#   Section '.ignored' is unknown. Section ignored.
### mwldeppc.exe Linker Warning:
#   Section '.ignored' is unknown. Section ignored.
### mwldeppc.exe Linker Warning:
#   Section '.ignored' is unknown. Section ignored.
### mwldeppc.exe Linker Warning:
#   Section '.ignored' is unknown. Section ignored.
### mwldeppc.exe Linker Warning:
#   Section '.ignored' is unknown. Section ignored.
### mwldeppc.exe Linker Warning:
#   Section '.ignored' is unknown. Section ignored.
### mwldeppc.exe Linker Warning:
#   Section '.ignored' is unknown. Section ignored.
### mwldeppc.exe Linker Warning:
#   Section '.ignored' is unknown. Section ignored.
### mwldeppc.exe Linker Warning:
#   Section '.ignored' is unknown. Section ignored.
### mwldeppc.exe Linker Warning:
#   Section '.ignored' is unknown. Section ignored.
### mwldeppc.exe Linker Warning:
#   Section '.ignored' is unknown. Section ignored.
### mwldeppc.exe Linker Warning:
#   Section '.ignored' is unknown. Section ignored.
### mwldeppc.exe Linker Warning:
#   Section '.ignored' is unknown. Section ignored.
### mwldeppc.exe Linker Warning:
#   Section '.ignored' is unknown. Section ignored.
### mwldeppc.exe Linker Warning:
#   Section '.ignored' is unknown. Section ignored.
### mwldeppc.exe Linker Warning:
#   Section '.ignored' is unknown. Section ignored.
### mwldeppc.exe Linker Warning:
#   Section '.ignored' is unknown. Section ignored.
### mwldeppc.exe Linker Warning:
#   Section '.ignored' is unknown. Section ignored.
### mwldeppc.exe Linker Warning:
#   Section '.ignored' is unknown. Section ignored.
### mwldeppc.exe Linker Warning:
#   Section '.ignored' is unknown. Section ignored.
### mwldeppc.exe Linker Warning:
#   Section '.ignored' is unknown. Section ignored.
### mwldeppc.exe Linker Warning:
#   Section '.ignored' is unknown. Section ignored.
### mwldeppc.exe Linker Warning:
#   Section '.ignored' is unknown. Section ignored.
### mwldeppc.exe Linker Warning:
#   Section '.ignored' is unknown. Section ignored.
### mwldeppc.exe Linker Warning:
#   Section '.ignored' is unknown. Section ignored.
### mwldeppc.exe Linker Warning:
#   Section '.ignored' is unknown. Section ignored.
### mwldeppc.exe Linker Warning:
#   Section '.ignored' is unknown. Section ignored.
### mwldeppc.exe Linker Warning:
#   Section '.ignored' is unknown. Section ignored.
### mwldeppc.exe Linker Warning:
#   Section '.ignored' is unknown. Section ignored.
### mwldeppc.exe Linker Warning:
#   Section '.ignored' is unknown. Section ignored.
### mwldeppc.exe Linker Warning:
#   Section '.ignored' is unknown. Section ignored.
### mwldeppc.exe Linker Warning:
#   Section '.ignored' is unknown. Section ignored.
### mwldeppc.exe Linker Warning:
#   Section '.ignored' is unknown. Section ignored.
### mwldeppc.exe Linker Warning:
#   Section '.ignored' is unknown. Section ignored.
### mwldeppc.exe Linker Warning:
#   Section '.ignored' is unknown. Section ignored.
### mwldeppc.exe Linker Warning:
#   Section '.ignored' is unknown. Section ignored.
### mwldeppc.exe Linker Warning:
#   Section '.ignored' is unknown. Section ignored.
### mwldeppc.exe Linker Warning:
#   Section '.ignored' is unknown. Section ignored.
### mwldeppc.exe Linker Warning:
#   Section '.ignored' is unknown. Section ignored.
### mwldeppc.exe Linker Warning:
#   Section '.ignored' is unknown. Section ignored.
### mwldeppc.exe Linker Warning:
#   Section '.ignored' is unknown. Section ignored.
### mwldeppc.exe Linker Warning:
#   Section '.ignored' is unknown. Section ignored.
### mwldeppc.exe Linker Warning:
#   Section '.ignored' is unknown. Section ignored.
### mwldeppc.exe Linker Warning:
#   Section '.ignored' is unknown. Section ignored.
### mwldeppc.exe Linker Warning:
#   Section '.ignored' is unknown. Section ignored.
### mwldeppc.exe Linker Warning:
#   Section '.ignored' is unknown. Section ignored.
### mwldeppc.exe Linker Warning:
#   Section '.ignored' is unknown. Section ignored.
### mwldeppc.exe Linker Warning:
#   Section '.ignored' is unknown. Section ignored.
### mwldeppc.exe Linker Warning:
#   Section '.ignored' is unknown. Section ignored.
### mwldeppc.exe Linker Warning:
#   Section '.ignored' is unknown. Section ignored.
### mwldeppc.exe Linker Warning:
#   Section '.ignored' is unknown. Section ignored.
### mwldeppc.exe Linker Warning:
#   Section '.ignored' is unknown. Section ignored.
### mwldeppc.exe Linker Warning:
#   Section '.ignored' is unknown. Section ignored.
### mwldeppc.exe Linker Warning:
#   Section '.ignored' is unknown. Section ignored.
### mwldeppc.exe Linker Warning:
#   Section '.ignored' is unknown. Section ignored.
### mwldeppc.exe Linker Warning:
#   Section '.ignored' is unknown. Section ignored.
### mwldeppc.exe Linker Warning:
#   Section '.ignored' is unknown. Section ignored.
### mwldeppc.exe Linker Warning:
#   Section '.ignored' is unknown. Section ignored.
### mwldeppc.exe Linker Warning:
#   Section '.ignored' is unknown. Section ignored.
### mwldeppc.exe Linker Warning:
#   Section '.ignored' is unknown. Section ignored.
### mwldeppc.exe Linker Warning:
#   Section '.ignored' is unknown. Section ignored.
### mwldeppc.exe Linker Warning:
#   Section '.ignored' is unknown. Section ignored.
### mwldeppc.exe Linker Warning:
#   Section '.ignored' is unknown. Section ignored.
### mwldeppc.exe Linker Warning:
#   Section '.ignored' is unknown. Section ignored.
### mwldeppc.exe Linker Warning:
#   Section '.ignored' is unknown. Section ignored.
### mwldeppc.exe Linker Warning:
#   Section '.ignored' is unknown. Section ignored.
### mwldeppc.exe Linker Warning:
#   Section '.ignored' is unknown. Section ignored.
### mwldeppc.exe Linker Warning:
#   Section '.ignored' is unknown. Section ignored.
### mwldeppc.exe Linker Warning:
#   Section '.ignored' is unknown. Section ignored.
### mwldeppc.exe Linker Warning:
#   Section '.ignored' is unknown. Section ignored.
### mwldeppc.exe Linker Warning:
#   Section '.ignored' is unknown. Section ignored.
### mwldeppc.exe Linker Warning:
#   Section '.ignored' is unknown. Section ignored.
### mwldeppc.exe Linker Warning:
#   Section '.ignored' is unknown. Section ignored.
### mwldeppc.exe Linker Warning:
#   Section '.ignored' is unknown. Section ignored.
### mwldeppc.exe Linker Warning:
#   Section '.ignored' is unknown. Section ignored.
### mwldeppc.exe Linker Warning:
#   Section '.ignored' is unknown. Section ignored.
### mwldeppc.exe Linker Warning:
#   Section '.ignored' is unknown. Section ignored.
### mwldeppc.exe Linker Warning:
#   Section '.ignored' is unknown. Section ignored.
### mwldeppc.exe Linker Warning:
#   Section '.ignored' is unknown. Section ignored.
### mwldeppc.exe Linker Warning:
#   Section '.ignored' is unknown. Section ignored.
### mwldeppc.exe Linker Warning:
#   Section '.ignored' is unknown. Section ignored.
### mwldeppc.exe Linker Warning:
#   Section '.ignored' is unknown. Section ignored.
### mwldeppc.exe Linker Warning:
#   Section '.ignored' is unknown. Section ignored.
### mwldeppc.exe Linker Warning:
#   Section '.ignored' is unknown. Section ignored.
### mwldeppc.exe Linker Warning:
#   Section '.ignored' is unknown. Section ignored.
### mwldeppc.exe Linker Warning:
#   Section '.ignored' is unknown. Section ignored.
### mwldeppc.exe Linker Warning:
#   Section '.ignored' is unknown. Section ignored.
### mwldeppc.exe Linker Warning:
#   Section '.ignored' is unknown. Section ignored.
### mwldeppc.exe Linker Warning:
#   Section '.ignored' is unknown. Section ignored.
### mwldeppc.exe Linker Warning:
#   Section '.ignored' is unknown. Section ignored.
### mwldeppc.exe Linker Warning:
#   Section '.ignored' is unknown. Section ignored.
### mwldeppc.exe Linker Warning:
#   Section '.ignored' is unknown. Section ignored.
### mwldeppc.exe Linker Warning:
#   Section '.ignored' is unknown. Section ignored.
### mwldeppc.exe Linker Warning:
#   Section '.ignored' is unknown. Section ignored.
### mwldeppc.exe Linker Warning:
#   Section '.ignored' is unknown. Section ignored.
### mwldeppc.exe Linker Warning:
#   Section '.ignored' is unknown. Section ignored.
### mwldeppc.exe Linker Warning:
#   Section '.ignored' is unknown. Section ignored.
### mwldeppc.exe Linker Warning:
#   Section '.ignored' is unknown. Section ignored.
### mwldeppc.exe Linker Warning:
#   Section '.ignored' is unknown. Section ignored.
### mwldeppc.exe Linker Warning:
#   Section '.ignored' is unknown. Section ignored.
### mwldeppc.exe Linker Warning:
#   Section '.ignored' is unknown. Section ignored.
### mwldeppc.exe Linker Warning:
#   Section '.ignored' is unknown. Section ignored.
### mwldeppc.exe Linker Warning:
#   Section '.ignored' is unknown. Section ignored.
### mwldeppc.exe Linker Warning:
#   Section '.ignored' is unknown. Section ignored.
### mwldeppc.exe Linker Warning:
#   Section '.ignored' is unknown. Section ignored.
### mwldeppc.exe Linker Warning:
#   Section '.ignored' is unknown. Section ignored.
### mwldeppc.exe Linker Warning:
#   Section '.ignored' is unknown. Section ignored.
### mwldeppc.exe Linker Warning:
#   Section '.ignored' is unknown. Section ignored.
### mwldeppc.exe Linker Warning:
#   Section '.ignored' is unknown. Section ignored.
### mwldeppc.exe Linker Warning:
#   Section '.ignored' is unknown. Section ignored.
### mwldeppc.exe Linker Warning:
#   Section '.ignored' is unknown. Section ignored.
### mwldeppc.exe Linker Warning:
#   Section '.ignored' is unknown. Section ignored.
### mwldeppc.exe Linker Warning:
#   Section '.ignored' is unknown. Section ignored.
### mwldeppc.exe Linker Warning:
#   Section '.ignored' is unknown. Section ignored.
### mwldeppc.exe Linker Warning:
#   Section '.ignored' is unknown. Section ignored.
### mwldeppc.exe Linker Warning:
#   Section '.ignored' is unknown. Section ignored.
### mwldeppc.exe Linker Warning:
#   Section '.ignored' is unknown. Section ignored.
### mwldeppc.exe Linker Warning:
#   Section '.ignored' is unknown. Section ignored.
### mwldeppc.exe Linker Warning:
#   Section '.ignored' is unknown. Section ignored.
### mwldeppc.exe Linker Warning:
#   Section '.ignored' is unknown. Section ignored.
### mwldeppc.exe Linker Warning:
#   Section '.ignored' is unknown. Section ignored.
### mwldeppc.exe Linker Warning:
#   Section '.ignored' is unknown. Section ignored.
### mwldeppc.exe Linker Warning:
#   Section '.ignored' is unknown. Section ignored.
### mwldeppc.exe Linker Warning:
#   Section '.ignored' is unknown. Section ignored.
### mwldeppc.exe Linker Warning:
#   Section '.ignored' is unknown. Section ignored.
### mwldeppc.exe Linker Warning:
#   Section '.ignored' is unknown. Section ignored.
### mwldeppc.exe Linker Warning:
#   Section '.ignored' is unknown. Section ignored.
### mwldeppc.exe Linker Warning:
#   Section '.ignored' is unknown. Section ignored.
### mwldeppc.exe Linker Warning:
#   Section '.ignored' is unknown. Section ignored.
### mwldeppc.exe Linker Warning:
#   Section '.ignored' is unknown. Section ignored.
### mwldeppc.exe Linker Warning:
#   Section '.ignored' is unknown. Section ignored.
### mwldeppc.exe Linker Warning:
#   Section '.ignored' is unknown. Section ignored.
### mwldeppc.exe Linker Warning:
#   Section '.ignored' is unknown. Section ignored.
### mwldeppc.exe Linker Warning:
#   Section '.ignored' is unknown. Section ignored.
### mwldeppc.exe Linker Warning:
#   Section '.ignored' is unknown. Section ignored.
### mwldeppc.exe Linker Warning:
#   Section '.ignored' is unknown. Section ignored.
### mwldeppc.exe Linker Warning:
#   Section '.ignored' is unknown. Section ignored.
### mwldeppc.exe Linker Warning:
#   Section '.ignored' is unknown. Section ignored.
### mwldeppc.exe Linker Warning:
#   Section '.ignored' is unknown. Section ignored.
### mwldeppc.exe Linker Warning:
#   Section '.ignored' is unknown. Section ignored.
### mwldeppc.exe Linker Warning:
#   Section '.ignored' is unknown. Section ignored.
### mwldeppc.exe Linker Warning:
#   Section '.ignored' is unknown. Section ignored.
### mwldeppc.exe Linker Warning:
#   Section '.ignored' is unknown. Section ignored.
### mwldeppc.exe Linker Warning:
#   Section '.ignored' is unknown. Section ignored.
### mwldeppc.exe Linker Warning:
#   Section '.ignored' is unknown. Section ignored.
### mwldeppc.exe Linker Warning:
#   Section '.ignored' is unknown. Section ignored.
### mwldeppc.exe Linker Warning:
#   Section '.ignored' is unknown. Section ignored.
### mwldeppc.exe Linker Warning:
#   Section '.ignored' is unknown. Section ignored.
### mwldeppc.exe Linker Warning:
#   Section '.ignored' is unknown. Section ignored.
### mwldeppc.exe Linker Warning:
#   Section '.ignored' is unknown. Section ignored.
### mwldeppc.exe Linker Warning:
#   Section '.ignored' is unknown. Section ignored.
### mwldeppc.exe Linker Warning:
#   Section '.ignored' is unknown. Section ignored.
### mwldeppc.exe Linker Warning:
#   Section '.ignored' is unknown. Section ignored.
### mwldeppc.exe Linker Warning:
#   Section '.ignored' is unknown. Section ignored.
### mwldeppc.exe Linker Warning:
#   Section '.ignored' is unknown. Section ignored.
### mwldeppc.exe Linker Warning:
#   Section '.ignored' is unknown. Section ignored.
### mwldeppc.exe Linker Warning:
#   Section '.ignored' is unknown. Section ignored.
### mwldeppc.exe Linker Warning:
#   Section '.ignored' is unknown. Section ignored.
### mwldeppc.exe Linker Warning:
#   Section '.ignored' is unknown. Section ignored.
### mwldeppc.exe Linker Warning:
#   Section '.ignored' is unknown. Section ignored.
### mwldeppc.exe Linker Warning:
#   Section '.ignored' is unknown. Section ignored.
### mwldeppc.exe Linker Warning:
#   Section '.ignored' is unknown. Section ignored.
### mwldeppc.exe Linker Warning:
#   Section '.ignored' is unknown. Section ignored.
### mwldeppc.exe Linker Warning:
#   Section '.ignored' is unknown. Section ignored.
### mwldeppc.exe Linker Warning:
#   Section '.ignored' is unknown. Section ignored.
### mwldeppc.exe Linker Warning:
#   Section '.ignored' is unknown. Section ignored.
### mwldeppc.exe Linker Warning:
#   Section '.ignored' is unknown. Section ignored.
### mwldeppc.exe Linker Warning:
#   Section '.ignored' is unknown. Section ignored.
### mwldeppc.exe Linker Warning:
#   Section '.ignored' is unknown. Section ignored.
### mwldeppc.exe Linker Warning:
#   Section '.ignored' is unknown. Section ignored.
### mwldeppc.exe Linker Warning:
#   Section '.ignored' is unknown. Section ignored.
### mwldeppc.exe Linker Warning:
#   Section '.ignored' is unknown. Section ignored.
### mwldeppc.exe Linker Warning:
#   Section '.ignored' is unknown. Section ignored.
### mwldeppc.exe Linker Warning:
#   Section '.ignored' is unknown. Section ignored.
### mwldeppc.exe Linker Warning:
#   Section '.ignored' is unknown. Section ignored.
### mwldeppc.exe Linker Warning:
#   Section '.ignored' is unknown. Section ignored.
### mwldeppc.exe Linker Warning:
#   Section '.ignored' is unknown. Section ignored.
### mwldeppc.exe Linker Warning:
#   Section '.ignored' is unknown. Section ignored.
### mwldeppc.exe Linker Warning:
#   Section '.ignored' is unknown. Section ignored.
### mwldeppc.exe Linker Warning:
#   Section '.ignored' is unknown. Section ignored.
### mwldeppc.exe Linker Warning:
#   Section '.ignored' is unknown. Section ignored.
### mwldeppc.exe Linker Warning:
#   Section '.ignored' is unknown. Section ignored.
### mwldeppc.exe Linker Warning:
#   Section '.ignored' is unknown. Section ignored.
### mwldeppc.exe Linker Warning:
#   Section '.ignored' is unknown. Section ignored.
### mwldeppc.exe Linker Warning:
#   Section '.ignored' is unknown. Section ignored.
### mwldeppc.exe Linker Warning:
#   Section '.ignored' is unknown. Section ignored.
### mwldeppc.exe Linker Warning:
#   Section '.ignored' is unknown. Section ignored.
### mwldeppc.exe Linker Warning:
#   Section '.ignored' is unknown. Section ignored.
### mwldeppc.exe Linker Warning:
#   Section '.ignored' is unknown. Section ignored.
### mwldeppc.exe Linker Warning:
#   Section '.ignored' is unknown. Section ignored.
### mwldeppc.exe Linker Warning:
#   Section '.ignored' is unknown. Section ignored.
### mwldeppc.exe Linker Warning:
#   Section '.ignored' is unknown. Section ignored.
### mwldeppc.exe Linker Warning:
#   Section '.ignored' is unknown. Section ignored.
### mwldeppc.exe Linker Warning:
#   Section '.ignored' is unknown. Section ignored.
### mwldeppc.exe Linker Warning:
#   Section '.ignored' is unknown. Section ignored.
### mwldeppc.exe Linker Warning:
#   Section '.ignored' is unknown. Section ignored.
### mwldeppc.exe Linker Warning:
#   Section '.ignored' is unknown. Section ignored.
### mwldeppc.exe Linker Warning:
#   Section '.ignored' is unknown. Section ignored.
### mwldeppc.exe Linker Warning:
#   Section '.ignored' is unknown. Section ignored.
### mwldeppc.exe Linker Warning:
#   Section '.ignored' is unknown. Section ignored.
### mwldeppc.exe Linker Warning:
#   Section '.ignored' is unknown. Section ignored.
### mwldeppc.exe Linker Warning:
#   Section '.ignored' is unknown. Section ignored.
### mwldeppc.exe Linker Warning:
#   Section '.ignored' is unknown. Section ignored.
### mwldeppc.exe Linker Warning:
#   Section '.ignored' is unknown. Section ignored.
### mwldeppc.exe Linker Warning:
#   Section '.ignored' is unknown. Section ignored.
### mwldeppc.exe Linker Warning:
#   Section '.ignored' is unknown. Section ignored.
### mwldeppc.exe Linker Warning:
#   Section '.ignored' is unknown. Section ignored.
### mwldeppc.exe Linker Warning:
#   Section '.ignored' is unknown. Section ignored.
### mwldeppc.exe Linker Warning:
#   Section '.ignored' is unknown. Section ignored.
### mwldeppc.exe Linker Warning:
#   Section '.ignored' is unknown. Section ignored.
### mwldeppc.exe Linker Warning:
#   Section '.ignored' is unknown. Section ignored.
### mwldeppc.exe Linker Warning:
#   Section '.ignored' is unknown. Section ignored.
### mwldeppc.exe Linker Warning:
#   Section '.ignored' is unknown. Section ignored.
### mwldeppc.exe Linker Warning:
#   Section '.ignored' is unknown. Section ignored.
### mwldeppc.exe Linker Warning:
#   Section '.ignored' is unknown. Section ignored.
### mwldeppc.exe Linker Warning:
#   Section '.ignored' is unknown. Section ignored.
### mwldeppc.exe Linker Warning:
#   Section '.ignored' is unknown. Section ignored.
### mwldeppc.exe Linker Warning:
#   Section '.ignored' is unknown. Section ignored.
### mwldeppc.exe Linker Warning:
#   Section '.ignored' is unknown. Section ignored.
### mwldeppc.exe Linker Warning:
#   Section '.ignored' is unknown. Section ignored.
### mwldeppc.exe Linker Warning:
#   Section '.ignored' is unknown. Section ignored.
### mwldeppc.exe Linker Warning:
#   Section '.ignored' is unknown. Section ignored.
### mwldeppc.exe Linker Warning:
#   Section '.ignored' is unknown. Section ignored.
### mwldeppc.exe Linker Warning:
#   Section '.ignored' is unknown. Section ignored.
### mwldeppc.exe Linker Warning:
#   Section '.ignored' is unknown. Section ignored.
### mwldeppc.exe Linker Warning:
#   Section '.ignored' is unknown. Section ignored.
### mwldeppc.exe Linker Warning:
#   Section '.ignored' is unknown. Section ignored.
### mwldeppc.exe Linker Warning:
#   Section '.ignored' is unknown. Section ignored.
### mwldeppc.exe Linker Warning:
#   Section '.ignored' is unknown. Section ignored.
### mwldeppc.exe Linker Warning:
#   Section '.ignored' is unknown. Section ignored.
### mwldeppc.exe Linker Warning:
#   Section '.ignored' is unknown. Section ignored.
### mwldeppc.exe Linker Warning:
#   Section '.ignored' is unknown. Section ignored.
### mwldeppc.exe Linker Warning:
#   Section '.ignored' is unknown. Section ignored.
### mwldeppc.exe Linker Warning:
#   Section '.ignored' is unknown. Section ignored.
### mwldeppc.exe Linker Warning:
#   Section '.ignored' is unknown. Section ignored.
### mwldeppc.exe Linker Warning:
#   Section '.ignored' is unknown. Section ignored.
### mwldeppc.exe Linker Warning:
#   Section '.ignored' is unknown. Section ignored.
### mwldeppc.exe Linker Warning:
#   Section '.ignored' is unknown. Section ignored.
### mwldeppc.exe Linker Warning:
#   Section '.ignored' is unknown. Section ignored.
### mwldeppc.exe Linker Warning:
#   Section '.ignored' is unknown. Section ignored.
### mwldeppc.exe Linker Warning:
#   Section '.ignored' is unknown. Section ignored.
### mwldeppc.exe Linker Warning:
#   Section '.ignored' is unknown. Section ignored.
### mwldeppc.exe Linker Warning:
#   Section '.ignored' is unknown. Section ignored.
### mwldeppc.exe Linker Warning:
#   Section '.ignored' is unknown. Section ignored.
### mwldeppc.exe Linker Warning:
#   Section '.ignored' is unknown. Section ignored.
### mwldeppc.exe Linker Warning:
#   Section '.ignored' is unknown. Section ignored.
### mwldeppc.exe Linker Warning:
#   Section '.ignored' is unknown. Section ignored.
### mwldeppc.exe Linker Warning:
#   Section '.ignored' is unknown. Section ignored.
### mwldeppc.exe Linker Warning:
#   Section '.ignored' is unknown. Section ignored.
### mwldeppc.exe Linker Warning:
#   Section '.ignored' is unknown. Section ignored.
### mwldeppc.exe Linker Warning:
#   Section '.ignored' is unknown. Section ignored.
### mwldeppc.exe Linker Warning:
#   Section '.ignored' is unknown. Section ignored.
### mwldeppc.exe Linker Warning:
#   Section '.ignored' is unknown. Section ignored.
### mwldeppc.exe Linker Warning:
#   Section '.ignored' is unknown. Section ignored.
### mwldeppc.exe Linker Warning:
#   Section '.ignored' is unknown. Section ignored.
[894/896] DOL build/GEDE01/main.dol
[895/896] CHECK config/GEDE01/build.sha1
build/GEDE01/main.dol: OK
[896/896] PROGRESS
Progress:
  All: 58.15% fuzzy, 48.12% matched, 48.09% linked (6276 / 7068 files)
    Code: 1107160 / 2300692 bytes (6042 / 8214 functions)
    Data: 39594 / 4305642 bytes (0.92%)
  Game Code: 93.67% fuzzy, 77.48% matched, 77.43% linked (6258 / 6633 files)
    Code: 1104132 / 1425104 bytes (5980 / 6354 functions)
    Data: 39370 / 40426 bytes (97.39%)
  SDK/Runtime: 100.00% fuzzy, 100.00% matched, 100.00% linked (18 / 18 files)
    Code: 3028 / 3028 bytes (62 / 62 functions)
    Data: 224 / 224 bytes (100.00%)
ea24b6af954876ce072562ff39cdb4c81d32be1f  build/GEDE01/main.dol
