[1/1] RUN configure.py
[1/899] MWCC build/GEDE01/src/game/game_fn_80008014.o
[2/899] MWCC build/GEDE01/src/game/game_fn_800094C0.o
[3/899] MWCC build/GEDE01/src/game/game_fn_800096E0.o
[4/899] MWCC build/GEDE01/src/game/game_fn_800098C0.o
[5/899] MWCC build/GEDE01/src/game/game_fn_800099D8.o
[6/899] MWCC build/GEDE01/src/game/game_fn_80009AB4.o
[7/899] MWCC build/GEDE01/src/game/game_fn_8000A26C.o
[8/899] MWCC build/GEDE01/src/game/game_fn_8000AC88.o
[9/899] MWCC build/GEDE01/src/game/game_fn_8000AEB4.o
[10/899] MWCC build/GEDE01/src/game/game_fn_8000AFB4.o
[11/899] MWCC build/GEDE01/src/game/game_fn_8000B1B8.o
[12/899] MWCC build/GEDE01/src/game/game_fn_8000B36C.o
[13/899] MWCC build/GEDE01/src/game/game_fn_8000B7FC.o
[14/899] MWCC build/GEDE01/src/game/game_fn_8000B630.o
[15/899] MWCC build/GEDE01/src/game/game_fn_8000B900.o
[16/899] MWCC build/GEDE01/src/game/game_fn_8000BA0C.o
[17/899] MWCC build/GEDE01/src/game/game_fn_8000BAA0.o
[18/899] MWCC build/GEDE01/src/game/game_fn_8000BC40.o
[19/899] MWCC build/GEDE01/src/game/game_fn_8000C17C.o
[20/899] MWCC build/GEDE01/src/game/game_fn_8000C06C.o
[21/899] MWCC build/GEDE01/src/game/game_fn_8000C400.o
[22/899] MWCC build/GEDE01/src/game/game_fn_8000C848.o
[23/899] MWCC build/GEDE01/src/game/game_fn_8000D0BC.o
[24/899] MWCC build/GEDE01/src/game/game_fn_8000C91C.o
[25/899] MWCC build/GEDE01/src/game/game_fn_8000D3D4.o
[26/899] MWCC build/GEDE01/src/game/game_fn_8000D590.o
[27/899] MWCC build/GEDE01/src/game/game_fn_8000D8A4.o
[28/899] MWCC build/GEDE01/src/game/game_fn_8000DA50.o
[29/899] MWCC build/GEDE01/src/game/game_fn_8000E054.o
[30/899] MWCC build/GEDE01/src/game/game_fn_8000DAF4.o
[31/899] MWCC build/GEDE01/src/game/game_fn_8000E0AC.o
[32/899] MWCC build/GEDE01/src/game/game_fn_8000E138.o
[33/899] MWCC build/GEDE01/src/game/game_fn_8000E1C4.o
[34/899] MWCC build/GEDE01/src/game/game_fn_8000E96C.o
[35/899] MWCC build/GEDE01/src/game/game_fn_8000EB14.o
[36/899] MWCC build/GEDE01/src/game/game_fn_8000EBD4.o
[37/899] MWCC build/GEDE01/src/game/game_fn_8000ED44.o
[38/899] MWCC build/GEDE01/src/game/game_fn_8000EFC4.o
[39/899] MWCC build/GEDE01/src/game/game_fn_8000F4B0.o
[40/899] MWCC build/GEDE01/src/game/game_fn_8000F774.o
[41/899] MWCC build/GEDE01/src/game/game_fn_8000FDE8.o
[42/899] MWCC build/GEDE01/src/game/game_fn_8000FFD8.o
[43/899] MWCC build/GEDE01/src/game/game_fn_800119FC.o
[44/899] MWCC build/GEDE01/src/game/game_fn_80012DA8.o
[45/899] MWCC build/GEDE01/src/game/game_fn_80012F40.o
[46/899] MWCC build/GEDE01/src/game/game_fn_80012FD0.o
[47/899] MWCC build/GEDE01/src/game/game_fn_800131E8.o
[48/899] MWCC build/GEDE01/src/game/game_fn_80013340.o
[49/899] MWCC build/GEDE01/src/game/game_fn_80013870.o
[50/899] MWCC build/GEDE01/src/game/game_fn_80013CB0.o
[51/899] MWCC build/GEDE01/src/game/game_fn_80013D54.o
[52/899] MWCC build/GEDE01/src/game/game_fn_800142DC.o
[53/899] MWCC build/GEDE01/src/game/game_fn_800144CC.o
[54/899] MWCC build/GEDE01/src/game/game_fn_80014784.o
[55/899] MWCC build/GEDE01/src/game/game_fn_800149D4.o
[56/899] MWCC build/GEDE01/src/game/game_fn_80015058.o
[57/899] MWCC build/GEDE01/src/game/game_fn_80015320.o
[58/899] MWCC build/GEDE01/src/game/game_fn_80015568.o
[59/899] MWCC build/GEDE01/src/game/game_fn_800156FC.o
[60/899] MWCC build/GEDE01/src/game/game_fn_80015BE0.o
[61/899] MWCC build/GEDE01/src/game/game_fn_80015D40.o
[62/899] MWCC build/GEDE01/src/game/game_fn_80015F04.o
[63/899] MWCC build/GEDE01/src/game/game_fn_80016128.o
[64/899] MWCC build/GEDE01/src/game/game_fn_80016270.o
[65/899] MWCC build/GEDE01/src/game/game_fn_80016904.o
[66/899] MWCC build/GEDE01/src/game/game_fn_80016B24.o
[67/899] MWCC build/GEDE01/src/game/game_fn_800171C0.o
[68/899] MWCC build/GEDE01/src/game/game_fn_800173CC.o
[69/899] MWCC build/GEDE01/src/game/game_fn_800176F0.o
[70/899] MWCC build/GEDE01/src/game/game_fn_80017910.o
[71/899] MWCC build/GEDE01/src/game/game_fn_800179AC.o
[72/899] MWCC build/GEDE01/src/game/game_fn_80017A3C.o
[73/899] MWCC build/GEDE01/src/game/game_fn_80017AE4.o
[74/899] MWCC build/GEDE01/src/game/game_fn_80017C3C.o
[75/899] MWCC build/GEDE01/src/game/game_fn_80017CC8.o
[76/899] MWCC build/GEDE01/src/game/game_fn_80017DB0.o
[77/899] MWCC build/GEDE01/src/game/game_fn_80018EF4.o
[78/899] MWCC build/GEDE01/src/game/game_fn_80019054.o
[79/899] MWCC build/GEDE01/src/game/game_fn_80019244.o
[80/899] MWCC build/GEDE01/src/game/game_fn_800194D0.o
[81/899] MWCC build/GEDE01/src/game/game_fn_80019940.o
[82/899] MWCC build/GEDE01/src/game/game_fn_80019C10.o
[83/899] MWCC build/GEDE01/src/game/game_fn_80019D2C.o
[84/899] MWCC build/GEDE01/src/game/game_fn_80019F98.o
[85/899] MWCC build/GEDE01/src/game/game_fn_8001A6C4.o
[86/899] MWCC build/GEDE01/src/game/game_fn_8001AAB8.o
[87/899] MWCC build/GEDE01/src/game/game_fn_8001ADF8.o
[88/899] MWCC build/GEDE01/src/game/game_fn_8001AF68.o
[89/899] MWCC build/GEDE01/src/game/game_fn_8001B124.o
[90/899] MWCC build/GEDE01/src/game/game_fn_8001B294.o
[91/899] MWCC build/GEDE01/src/game/game_fn_8001B808.o
[92/899] MWCC build/GEDE01/src/game/game_fn_8001B874.o
[93/899] MWCC build/GEDE01/src/game/game_fn_8001C078.o
[94/899] MWCC build/GEDE01/src/game/game_fn_8001CA04.o
[95/899] MWCC build/GEDE01/src/game/game_fn_8001CD58.o
[96/899] MWCC build/GEDE01/src/game/game_fn_8001CE94.o
[97/899] MWCC build/GEDE01/src/game/game_fn_8001E644.o
[98/899] MWCC build/GEDE01/src/game/game_fn_8001FE1C.o
[99/899] MWCC build/GEDE01/src/game/game_fn_80020E94.o
[100/899] MWCC build/GEDE01/src/game/game_fn_80024F28.o
[101/899] MWCC build/GEDE01/src/game/game_fn_800272B4.o
[102/899] MWCC build/GEDE01/src/game/game_fn_8002B748.o
[103/899] MWCC build/GEDE01/src/game/game_fn_8002DAE0.o
[104/899] MWCC build/GEDE01/src/game/game_fn_8002E3F0.o
[105/899] MWCC build/GEDE01/src/game/game_fn_8002EA68.o
[106/899] MWCC build/GEDE01/src/game/game_fn_8002F428.o
[107/899] MWCC build/GEDE01/src/game/game_fn_80031544.o
[108/899] MWCC build/GEDE01/src/game/game_fn_8003232C.o
[109/899] MWCC build/GEDE01/src/game/game_fn_80032B84.o
[110/899] MWCC build/GEDE01/src/game/game_fn_80033038.o
[111/899] MWCC build/GEDE01/src/game/game_fn_80033180.o
[112/899] MWCC build/GEDE01/src/game/game_fn_800359A0.o
[113/899] MWCC build/GEDE01/src/game/game_fn_800361F8.o
[114/899] MWCC build/GEDE01/src/game/game_fn_80036C40.o
[115/899] MWCC build/GEDE01/src/game/game_fn_80038878.o
[116/899] MWCC build/GEDE01/src/game/game_fn_80048ADC.o
[117/899] MWCC build/GEDE01/src/game/game_fn_80048B24.o
[118/899] MWCC build/GEDE01/src/game/game_fn_8004998C.o
[119/899] MWCC build/GEDE01/src/game/game_fn_80052310.o
[120/899] MWCC build/GEDE01/src/game/game_fn_800542D0.o
[121/899] MWCC build/GEDE01/src/game/game_fn_8005EC6C.o
[122/899] MWCC build/GEDE01/src/game/game_fn_8005EE9C.o
[123/899] MWCC build/GEDE01/src/game/game_data_80239E10.o
[124/899] MWCC build/GEDE01/src/game/game_data_80239E18.o
[125/899] MWCC build/GEDE01/src/game/game_fn_8005FD84.o
[126/899] MWCC build/GEDE01/src/game/game_fn_80066888.o
[127/899] MWCC build/GEDE01/src/game/game_fn_80066E78.o
[128/899] MWCC build/GEDE01/src/game/game_fn_8006B0F0.o
[129/899] MWCC build/GEDE01/src/game/game_fn_8006B620.o
[130/899] MWCC build/GEDE01/src/game/game_fn_8006E53C.o
[131/899] MWCC build/GEDE01/src/game/game_fn_80071A58.o
[132/899] MWCC build/GEDE01/src/game/game_fn_80074310.o
[133/899] MWCC build/GEDE01/src/game/game_fn_80078500.o
[134/899] MWCC build/GEDE01/src/game/game_fn_80079908.o
[135/899] MWCC build/GEDE01/src/game/game_fn_80079AA4.o
[136/899] MWCC build/GEDE01/src/game/game_fn_8007B2F4.o
[137/899] MWCC build/GEDE01/src/game/game_fn_8007B540.o
[138/899] MWCC build/GEDE01/src/game/game_fn_8007B640.o
[139/899] MWCC build/GEDE01/src/game/game_fn_8007B828.o
[140/899] MWCC build/GEDE01/src/game/game_fn_8007BA3C.o
[141/899] MWCC build/GEDE01/src/game/game_fn_8007D4D8.o
[142/899] MWCC build/GEDE01/src/game/game_fn_8007F770.o
[143/899] MWCC build/GEDE01/src/game/game_fn_800886D8.o
[144/899] MWCC build/GEDE01/src/game/game_fn_80088F4C.o
[145/899] MWCC build/GEDE01/src/game/game_fn_8008A2E0.o
[146/899] MWCC build/GEDE01/src/game/game_fn_8008F224.o
[147/899] MWCC build/GEDE01/src/game/game_fn_8008F890.o
[148/899] MWCC build/GEDE01/src/game/game_fn_80090004.o
[149/899] MWCC build/GEDE01/src/game/game_fn_800934A0.o
[150/899] MWCC build/GEDE01/src/game/game_fn_80095D10.o
[151/899] MWCC build/GEDE01/src/game/game_fn_80095FDC.o
[152/899] MWCC build/GEDE01/src/game/game_fn_80096830.o
[153/899] MWCC build/GEDE01/src/game/game_fn_8009C424.o
[154/899] MWCC build/GEDE01/src/game/game_fn_8009E808.o
[155/899] MWCC build/GEDE01/src/game/game_fn_800A2130.o
[156/899] MWCC build/GEDE01/src/game/game_fn_800A2FCC.o
[157/899] MWCC build/GEDE01/src/game/game_fn_800A3180.o
[158/899] MWCC build/GEDE01/src/game/game_fn_800A3894.o
[159/899] MWCC build/GEDE01/src/game/game_fn_800A4428.o
[160/899] MWCC build/GEDE01/src/game/game_fn_800A4798.o
[161/899] MWCC build/GEDE01/src/game/game_fn_800A7E88.o
[162/899] MWCC build/GEDE01/src/game/game_fn_800AF230.o
[163/899] MWCC build/GEDE01/src/game/game_fn_800B2EC0.o
[164/899] MWCC build/GEDE01/src/game/game_fn_800BB5C4.o
[165/899] MWCC build/GEDE01/src/game/game_fn_800BB7A8.o
[166/899] MWCC build/GEDE01/src/game/game_fn_800BB9A4.o
[167/899] MWCC build/GEDE01/src/game/game_fn_800BBAF0.o
[168/899] MWCC build/GEDE01/src/game/game_fn_800C030C.o
[169/899] MWCC build/GEDE01/src/game/game_fn_800C17EC.o
[170/899] MWCC build/GEDE01/src/game/game_fn_800C59F0.o
[171/899] MWCC build/GEDE01/src/game/game_fn_800C644C.o
[172/899] MWCC build/GEDE01/src/game/game_fn_800C65FC.o
[173/899] MWCC build/GEDE01/src/game/game_fn_800C9C60.o
[174/899] MWCC build/GEDE01/src/game/game_fn_800CB760.o
[175/899] MWCC build/GEDE01/src/game/game_fn_800CB8F4.o
[176/899] MWCC build/GEDE01/src/game/game_fn_800CF598.o
[177/899] MWCC build/GEDE01/src/game/game_fn_800D9064.o
[178/899] MWCC build/GEDE01/src/game/game_fn_800D9E10.o
[179/899] MWCC build/GEDE01/src/game/game_fn_800E4980.o
[180/899] MWCC build/GEDE01/src/game/game_TRKNubWelcome.o
[181/899] MWCC build/GEDE01/src/game/game_TRK_main.o
[182/899] MWCC build/GEDE01/src/game/game_InitMetroTRKCommTable.o
[183/899] MWCC build/GEDE01/src/game/game_fn_800FD0C8.o
[184/899] MWCC build/GEDE01/src/game/game_fn_8010242C.o
[185/899] MWCC build/GEDE01/src/game/game_fn_801098C0.o
[186/899] MWCC build/GEDE01/src/game/game_fn_8010F184.o
[187/899] MWCC build/GEDE01/src/game/game_fn_801126E0.o
[188/899] MWCC build/GEDE01/src/game/game_fn_801128E4.o
[189/899] MWCC build/GEDE01/src/game/game_fn_801141B8.o
[190/899] MWCC build/GEDE01/src/game/game_fn_8011F140.o
[191/899] MWCC build/GEDE01/src/game/game_fn_801247F8.o
[192/899] MWCC build/GEDE01/src/game/game_fn_80126A00.o
[193/899] MWCC build/GEDE01/src/game/game_fn_8012976C.o
[194/899] MWCC build/GEDE01/src/game/game_fn_8012DB28.o
[195/899] MWCC build/GEDE01/src/game/game_fn_8013CBE4.o
[196/899] MWCC build/GEDE01/src/game/game_fn_8013D6A4.o
[197/899] MWCC build/GEDE01/src/game/game_fn_8013DB8C.o
[198/899] MWCC build/GEDE01/src/game/game_fn_8014549C.o
[199/899] MWCC build/GEDE01/src/game/game_fn_8014AF38.o
[200/899] MWCC build/GEDE01/src/game/game_fn_8014B494.o
[201/899] MWCC build/GEDE01/src/game/game_fn_8014BA14.o
[202/899] MWCC build/GEDE01/src/game/game_fn_8014CA98.o
[203/899] MWCC build/GEDE01/src/game/game_fn_801535D8.o
[204/899] MWCC build/GEDE01/src/game/game_fn_80153898.o
[205/899] MWCC build/GEDE01/src/game/game_fn_80153A24.o
[206/899] MWCC build/GEDE01/src/game/game_fn_80154F74.o
[207/899] MWCC build/GEDE01/src/game/game_fn_80155814.o
[208/899] MWCC build/GEDE01/src/game/game_fn_80157C0C.o
[209/899] MWCC build/GEDE01/src/game/game_fn_80158B20.o
[210/899] MWCC build/GEDE01/src/game/game_fn_80158D38.o
[211/899] MWCC build/GEDE01/src/game/game_fn_8015DB84.o
[212/899] MWCC build/GEDE01/src/game/game_fn_8015DC54.o
[213/899] MWCC build/GEDE01/src/game/game_fn_8015EDC0.o
[214/899] MWCC build/GEDE01/src/game/game_fn_80167454.o
[215/899] MWCC build/GEDE01/src/game/game_fn_80167B5C.o
[216/899] MWCC build/GEDE01/src/game/game_fn_80169650.o
[217/899] MWCC build/GEDE01/src/game/game_fn_8016BD0C.o
[218/899] MWCC build/GEDE01/src/game/game_fn_8016BE1C.o
[219/899] MWCC build/GEDE01/src/game/game_fn_8016BF60.o
[220/899] MWCC build/GEDE01/src/game/game_fn_8016C0BC.o
[221/899] MWCC build/GEDE01/src/game/game_fn_8016C164.o
[222/899] MWCC build/GEDE01/src/game/game_fn_8016C238.o
[223/899] MWCC build/GEDE01/src/game/game_fn_8016C4BC.o
[224/899] MWCC build/GEDE01/src/game/game_fn_8016C774.o
[225/899] MWCC build/GEDE01/src/game/game_fn_8016D040.o
[226/899] MWCC build/GEDE01/src/game/game_fn_8016D1F8.o
[227/899] MWCC build/GEDE01/src/game/game_fn_8016D2B8.o
[228/899] MWCC build/GEDE01/src/game/game_fn_8016D9C0.o
[229/899] MWCC build/GEDE01/src/game/game_fn_8016DF4C.o
[230/899] MWCC build/GEDE01/src/game/game_fn_8016E8F8.o
[231/899] MWCC build/GEDE01/src/game/game_fn_8016FEF8.o
[232/899] MWCC build/GEDE01/src/game/game_fn_8017038C.o
[233/899] MWCC build/GEDE01/src/game/game_fn_801704F8.o
[234/899] MWCC build/GEDE01/src/game/game_fn_801706DC.o
[235/899] MWCC build/GEDE01/src/game/game_fn_80170A40.o
[236/899] MWCC build/GEDE01/src/game/game_fn_80170DF4.o
[237/899] MWCC build/GEDE01/src/game/game_fn_80170E9C.o
[238/899] MWCC build/GEDE01/src/game/game_fn_8017138C.o
[239/899] MWCC build/GEDE01/src/game/game_fn_80171664.o
[240/899] MWCC build/GEDE01/src/game/game_fn_801718F4.o
[241/899] MWCC build/GEDE01/src/game/game_fn_801719B4.o
[242/899] MWCC build/GEDE01/src/game/game_fn_80171F30.o
[243/899] MWCC build/GEDE01/src/game/game_fn_8017250C.o
[244/899] MWCC build/GEDE01/src/game/game_fn_801726EC.o
[245/899] MWCC build/GEDE01/src/game/game_fn_80172BB0.o
[246/899] MWCC build/GEDE01/src/game/game_fn_80172C78.o
[247/899] MWCC build/GEDE01/src/game/game_fn_80172DB8.o
[248/899] MWCC build/GEDE01/src/game/game_fn_80173270.o
[249/899] MWCC build/GEDE01/src/game/game_fn_801734B4.o
[250/899] MWCC build/GEDE01/src/game/game_fn_80173770.o
[251/899] MWCC build/GEDE01/src/game/game_fn_80173D44.o
[252/899] MWCC build/GEDE01/src/game/game_fn_80173F04.o
[253/899] MWCC build/GEDE01/src/game/game_fn_80174184.o
[254/899] MWCC build/GEDE01/src/game/game_fn_80174358.o
[255/899] MWCC build/GEDE01/src/game/game_fn_80174F2C.o
[256/899] MWCC build/GEDE01/src/game/game_fn_801752B0.o
[257/899] MWCC build/GEDE01/src/game/game_fn_8017553C.o
[258/899] MWCC build/GEDE01/src/game/game_fn_80175A08.o
[259/899] MWCC build/GEDE01/src/game/game_fn_80175E64.o
[260/899] MWCC build/GEDE01/src/game/game_fn_80175F0C.o
[261/899] MWCC build/GEDE01/src/game/game_fn_80175FD4.o
[262/899] MWCC build/GEDE01/src/game/game_fn_80176098.o
[263/899] MWCC build/GEDE01/src/game/game_fn_80176160.o
[264/899] MWCC build/GEDE01/src/game/game_fn_80176220.o
[265/899] MWCC build/GEDE01/src/game/game_fn_801762E8.o
[266/899] MWCC build/GEDE01/src/game/game_fn_8017652C.o
[267/899] MWCC build/GEDE01/src/game/game_fn_80176DF4.o
[268/899] MWCC build/GEDE01/src/game/game_fn_80176FA0.o
[269/899] MWCC build/GEDE01/src/game/game_fn_801770F8.o
[270/899] MWCC build/GEDE01/src/game/game_fn_8017718C.o
[271/899] MWCC build/GEDE01/src/game/game_fn_80178F88.o
[272/899] MWCC build/GEDE01/src/game/game_fn_80177434.o
[273/899] MWCC build/GEDE01/src/game/game_fn_80179398.o
[274/899] MWCC build/GEDE01/src/game/game_fn_8017960C.o
[275/899] MWCC build/GEDE01/src/game/game_fn_8017974C.o
[276/899] MWCC build/GEDE01/src/game/game_fn_80179904.o
[277/899] MWCC build/GEDE01/src/game/game_fn_80179A18.o
[278/899] MWCC build/GEDE01/src/game/game_fn_80179A74.o
[279/899] MWCC build/GEDE01/src/game/game_fn_80179EB8.o
[280/899] MWCC build/GEDE01/src/game/game_fn_80179F20.o
[281/899] MWCC build/GEDE01/src/game/game_fn_8017A010.o
[282/899] MWCC build/GEDE01/src/game/game_fn_8017A12C.o
[283/899] MWCC build/GEDE01/src/game/game_fn_8017A1C0.o
[284/899] MWCC build/GEDE01/src/game/game_fn_8017A9B8.o
[285/899] MWCC build/GEDE01/src/game/game_fn_8017AC20.o
[286/899] MWCC build/GEDE01/src/game/game_fn_8017E850.o
[287/899] MWCC build/GEDE01/src/game/game_fn_8017E958.o
[288/899] MWCC build/GEDE01/src/game/game_fn_80180DDC.o
[289/899] MWCC build/GEDE01/src/game/game_fn_801810A0.o
[290/899] MWCC build/GEDE01/src/game/game_fn_801816D4.o
[291/899] MWCC build/GEDE01/src/game/game_fn_801859FC.o
[292/899] MWCC build/GEDE01/src/game/game_fn_80185AE8.o
[293/899] MWCC build/GEDE01/src/game/game_fn_80185F10.o
[294/899] MWCC build/GEDE01/src/game/game_fn_801865EC.o
[295/899] MWCC build/GEDE01/src/game/game_fn_8018680C.o
[296/899] MWCC build/GEDE01/src/game/game_fn_80186E10.o
[297/899] MWCC build/GEDE01/src/game/game_fn_80186F70.o
[298/899] MWCC build/GEDE01/src/game/game_fn_80187120.o
[299/899] MWCC build/GEDE01/src/game/game_fn_80187320.o
[300/899] MWCC build/GEDE01/src/game/game_fn_801875FC.o
[301/899] MWCC build/GEDE01/src/game/game_fn_801878E0.o
[302/899] MWCC build/GEDE01/src/game/game_fn_80187BB4.o
[303/899] MWCC build/GEDE01/src/game/game_fn_80188A7C.o
[304/899] MWCC build/GEDE01/src/game/game_fn_80188B44.o
[305/899] MWCC build/GEDE01/src/game/game_fn_80188C1C.o
[306/899] MWCC build/GEDE01/src/game/game_fn_80188E28.o
[307/899] MWCC build/GEDE01/src/game/game_fn_80189028.o
[308/899] MWCC build/GEDE01/src/game/game_fn_801891D8.o
[309/899] MWCC build/GEDE01/src/game/game_fn_80189390.o
[310/899] MWCC build/GEDE01/src/game/game_fn_801895E8.o
[311/899] MWCC build/GEDE01/src/game/game_fn_801896A0.o
[312/899] MWCC build/GEDE01/src/game/game_fn_80189760.o
[313/899] MWCC build/GEDE01/src/game/game_fn_80189968.o
[314/899] MWCC build/GEDE01/src/game/game_fn_80189C14.o
[315/899] MWCC build/GEDE01/src/game/game_fn_8018C2D0.o
[316/899] MWCC build/GEDE01/src/game/game_fn_8018D1F0.o
[317/899] MWCC build/GEDE01/src/game/game_fn_8018D2E0.o
[318/899] MWCC build/GEDE01/src/game/game_fn_8018D400.o
[319/899] MWCC build/GEDE01/src/game/game_fn_8018D688.o
[320/899] MWCC build/GEDE01/src/game/game_fn_8018DC24.o
[321/899] MWCC build/GEDE01/src/game/game_fn_8018E0D8.o
[322/899] MWCC build/GEDE01/src/game/game_fn_8018F1D0.o
[323/899] MWCC build/GEDE01/src/game/game_fn_8018F81C.o
[324/899] MWCC build/GEDE01/src/game/game_fn_8018FEDC.o
[325/899] MWCC build/GEDE01/src/game/game_fn_8019120C.o
[326/899] MWCC build/GEDE01/src/game/game_fn_80191360.o
[327/899] MWCC build/GEDE01/src/game/game_fn_801916D0.o
[328/899] MWCC build/GEDE01/src/game/game_fn_8019197C.o
[329/899] MWCC build/GEDE01/src/game/game_fn_80191F58.o
[330/899] MWCC build/GEDE01/src/game/game_fn_801926EC.o
[331/899] MWCC build/GEDE01/src/game/game_fn_801929A4.o
[332/899] MWCC build/GEDE01/src/game/game_fn_80192F54.o
[333/899] MWCC build/GEDE01/src/game/game_fn_801931C4.o
[334/899] MWCC build/GEDE01/src/game/game_fn_80193E1C.o
[335/899] MWCC build/GEDE01/src/game/game_fn_80193F3C.o
[336/899] MWCC build/GEDE01/src/game/game_fn_80194F80.o
[337/899] MWCC build/GEDE01/src/game/game_fn_801952E8.o
[338/899] MWCC build/GEDE01/src/game/game_fn_80197910.o
[339/899] MWCC build/GEDE01/src/game/game_fn_80198154.o
[340/899] MWCC build/GEDE01/src/game/game_fn_80198AAC.o
[341/899] MWCC build/GEDE01/src/game/game_fn_80198BF4.o
[342/899] MWCC build/GEDE01/src/game/game_fn_801991E0.o
[343/899] MWCC build/GEDE01/src/game/game_fn_8019B1BC.o
[344/899] MWCC build/GEDE01/src/game/game_fn_8019CC28.o
[345/899] MWCC build/GEDE01/src/game/game_fn_8019CFC4.o
[346/899] MWCC build/GEDE01/src/game/game_fn_8019E5E4.o
[347/899] MWCC build/GEDE01/src/game/game_fn_8019E8C8.o
[348/899] MWCC build/GEDE01/src/game/game_fn_801A1F18.o
[349/899] MWCC build/GEDE01/src/game/game_fn_801A2A54.o
[350/899] MWCC build/GEDE01/src/game/game_fn_801A34BC.o
[351/899] MWCC build/GEDE01/src/game/game_fn_801A3A78.o
[352/899] MWCC build/GEDE01/src/game/game_fn_801A4CE0.o
[353/899] MWCC build/GEDE01/src/game/game_fn_801A5FB0.o
[354/899] MWCC build/GEDE01/src/game/game_fn_801A6410.o
[355/899] MWCC build/GEDE01/src/game/game_fn_801A657C.o
[356/899] MWCC build/GEDE01/src/game/game_fn_801A6ADC.o
[357/899] MWCC build/GEDE01/src/game/game_fn_801A6C58.o
[358/899] MWCC build/GEDE01/src/game/game_fn_801A6CB4.o
[359/899] MWCC build/GEDE01/src/game/game_fn_801A7E04.o
[360/899] MWCC build/GEDE01/src/game/game_fn_801A7EA8.o
[361/899] MWCC build/GEDE01/src/game/game_fn_801A93E8.o
[362/899] MWCC build/GEDE01/src/game/game_fn_801AB154.o
[363/899] MWCC build/GEDE01/src/game/game_fn_801ABD3C.o
[364/899] MWCC build/GEDE01/src/game/game_fn_801AC8AC.o
[365/899] MWCC build/GEDE01/src/game/game_fn_801ACFE8.o
[366/899] MWCC build/GEDE01/src/game/game_fn_801AD08C.o
[367/899] MWCC build/GEDE01/src/game/game_fn_801AFA74.o
[368/899] MWCC build/GEDE01/src/game/game_fn_801B02F0.o
[369/899] MWCC build/GEDE01/src/game/game_fn_801B1BA0.o
[370/899] MWCC build/GEDE01/src/game/game_fn_801B35BC.o
[371/899] MWCC build/GEDE01/src/game/game_fn_801B46C8.o
[372/899] MWCC build/GEDE01/src/game/game_fn_801B4FB4.o
[373/899] MWCC build/GEDE01/src/game/game_fn_801B5228.o
[374/899] MWCC build/GEDE01/src/game/game_fn_801B58F0.o
[375/899] MWCC build/GEDE01/src/game/game_fn_801B6F1C.o
[376/899] MWCC build/GEDE01/src/game/game_fn_801B86C0.o
[377/899] MWCC build/GEDE01/src/game/game_fn_801B941C.o
[378/899] MWCC build/GEDE01/src/game/game_fn_801B9E7C.o
[379/899] MWCC build/GEDE01/src/game/game_fn_801BA15C.o
[380/899] MWCC build/GEDE01/src/game/game_fn_801BA708.o
[381/899] MWCC build/GEDE01/src/game/game_fn_801BB1A0.o
[382/899] MWCC build/GEDE01/src/game/game_fn_801BC0D4.o
[383/899] MWCC build/GEDE01/src/game/game_fn_801BC240.o
[384/899] MWCC build/GEDE01/src/game/game_fn_801BC8F4.o
[385/899] MWCC build/GEDE01/src/game/game_fn_801BCC04.o
[386/899] MWCC build/GEDE01/src/game/game_fn_801BD990.o
[387/899] MWCC build/GEDE01/src/game/game_fn_801BDE7C.o
[388/899] MWCC build/GEDE01/src/game/game_fn_801BE0D4.o
[389/899] MWCC build/GEDE01/src/game/game_fn_801C1CB0.o
[390/899] MWCC build/GEDE01/src/game/game_fn_801BEF40.o
[391/899] MWCC build/GEDE01/src/game/game_fn_801C2980.o
[392/899] MWCC build/GEDE01/src/game/game_fn_801C29BC.o
[393/899] MWCC build/GEDE01/src/game/game_fn_801C2AAC.o
[394/899] MWCC build/GEDE01/src/game/game_fn_801C2D9C.o
[395/899] MWCC build/GEDE01/src/game/game_fn_801C8160.o
[396/899] MWCC build/GEDE01/src/game/game_fn_801C8224.o
[397/899] MWCC build/GEDE01/src/game/game_fn_801C4B5C.o
[398/899] MWCC build/GEDE01/src/game/game_fn_801C8600.o
[399/899] MWCC build/GEDE01/src/game/game_fn_801C87DC.o
[400/899] MWCC build/GEDE01/src/game/game_fn_801C8CC0.o
[401/899] MWCC build/GEDE01/src/game/game_fn_801C8F50.o
[402/899] MWCC build/GEDE01/src/game/game_fn_801C90A4.o
[403/899] MWCC build/GEDE01/src/game/game_fn_801C9510.o
[404/899] MWCC build/GEDE01/src/game/game_fn_801C970C.o
[405/899] MWCC build/GEDE01/src/game/game_fn_801C9A08.o
[406/899] MWCC build/GEDE01/src/game/game_fn_801C9B1C.o
[407/899] MWCC build/GEDE01/src/game/game_fn_801CB4F8.o
[408/899] MWCC build/GEDE01/src/game/game_fn_801CD228.o
[409/899] MWCC build/GEDE01/src/game/game_fn_801CE09C.o
[410/899] MWCC build/GEDE01/src/game/game_fn_801CE594.o
[411/899] MWCC build/GEDE01/src/game/game_fn_801D1B10.o
[412/899] MWCC build/GEDE01/src/game/game_fn_801D1F78.o
[413/899] MWCC build/GEDE01/src/game/game_fn_801D3988.o
[414/899] MWCC build/GEDE01/src/game/game_fn_801D76A8.o
[415/899] MWCC build/GEDE01/src/game/game_fn_801D7C24.o
[416/899] MWCC build/GEDE01/src/game/game_fn_801D8050.o
[417/899] MWCC build/GEDE01/src/game/game_fn_801D9FE4.o
[418/899] MWCC build/GEDE01/src/game/game_fn_801E2A48.o
[419/899] MWCC build/GEDE01/src/game/game_fn_801E41AC.o
[420/899] MWCC build/GEDE01/src/game/game_fn_801E6814.o
[421/899] MWCC build/GEDE01/src/game/game_fn_801EB09C.o
[422/899] MWCC build/GEDE01/src/game/game_fn_801E995C.o
[423/899] MWCC build/GEDE01/src/game/game_fn_801EB11C.o
[424/899] MWCC build/GEDE01/src/game/game_fn_801ECD74.o
[425/899] MWCC build/GEDE01/src/game/game_fn_801ECF50.o
[426/899] MWCC build/GEDE01/src/game/game_fn_801ED5F4.o
[427/899] MWCC build/GEDE01/src/game/game_fn_801EF580.o
[428/899] MWCC build/GEDE01/src/game/game_fn_801EF910.o
[429/899] MWCC build/GEDE01/src/game/game_fn_801F0CB0.o
[430/899] MWCC build/GEDE01/src/game/game_fn_801F10BC.o
[431/899] MWCC build/GEDE01/src/game/game_fn_801F1A38.o
[432/899] MWCC build/GEDE01/src/game/game_fn_801F35A8.o
[433/899] MWCC build/GEDE01/src/game/game_fn_801F55A0.o
[434/899] MWCC build/GEDE01/src/game/game_fn_801F69F0.o
[435/899] MWCC build/GEDE01/src/game/game_fn_801F6BD8.o
[436/899] MWCC build/GEDE01/src/game/game_fn_801F7510.o
[437/899] MWCC build/GEDE01/src/game/game_fn_801F76EC.o
[438/899] MWCC build/GEDE01/src/game/game_fn_801F8264.o
[439/899] MWCC build/GEDE01/src/game/game_fn_801F89B4.o
[440/899] MWCC build/GEDE01/src/game/game_fn_801F9AF8.o
[441/899] MWCC build/GEDE01/src/game/game_fn_801F9CF4.o
[442/899] MWCC build/GEDE01/src/game/game_fn_801FA9C8.o
[443/899] MWCC build/GEDE01/src/game/game_fn_801FB6A4.o
[444/899] MWCC build/GEDE01/src/game/game_fn_801FC034.o
[445/899] MWCC build/GEDE01/src/game/game_fn_801FC204.o
[446/899] MWCC build/GEDE01/src/game/game_fn_801FFE78.o
[447/899] EXTERNALIZE build/GEDE01/src/game/game_fn_80175A08.o
[448/899] EXTERNALIZE build/GEDE01/src/game/game_fn_80066E78.o
[449/899] EXTERNALIZE build/GEDE01/src/game/game_fn_801247F8.o
[450/899] MWCC build/GEDE01/src/game/game_fn_8012AC74.o
[451/899] EXTERNALIZE build/GEDE01/src/game/game_fn_801EF910.o
[452/899] EXTERNALIZE build/GEDE01/src/game/game_fn_801ECF50.o
[453/899] EXTERNALIZE build/GEDE01/src/game/game_fn_801EB09C.o
[454/899] EXTERNALIZE build/GEDE01/src/game/game_fn_801FC204.o
[455/899] EXTERNALIZE build/GEDE01/src/game/game_fn_801EB11C.o
[456/899] EXTERNALIZE build/GEDE01/src/game/game_fn_801D9FE4.o
[457/899] EXTERNALIZE build/GEDE01/src/game/game_fn_801E41AC.o
[458/899] EXTERNALIZE build/GEDE01/src/game/game_fn_801D76A8.o
[459/899] EXTERNALIZE build/GEDE01/src/game/game_fn_801D8050.o
[460/899] EXTERNALIZE build/GEDE01/src/game/game_fn_801D7C24.o
[461/899] EXTERNALIZE build/GEDE01/src/game/game_fn_8019B1BC.o
[462/899] EXTERNALIZE build/GEDE01/src/game/game_fn_80178F88.o
[463/899] EXTERNALIZE build/GEDE01/src/game/game_fn_801CD228.o
[464/899] EXTERNALIZE build/GEDE01/src/game/game_fn_801C970C.o
[465/899] EXTERNALIZE build/GEDE01/src/game/game_fn_801BA15C.o
[466/899] EXTERNALIZE build/GEDE01/src/game/game_fn_801C9510.o
[467/899] EXTERNALIZE build/GEDE01/src/game/game_fn_80126A00.o
[468/899] EXTERNALIZE build/GEDE01/src/game/game_fn_8013D6A4.o
[469/899] EXTERNALIZE build/GEDE01/src/game/game_fn_800C9C60.o
[470/899] EXTERNALIZE build/GEDE01/src/game/game_fn_801B5228.o
[471/899] EXTERNALIZE build/GEDE01/src/game/game_fn_801B4FB4.o
[472/899] EXTERNALIZE build/GEDE01/src/game/game_fn_801C87DC.o
[473/899] EXTERNALIZE build/GEDE01/src/game/game_fn_801B6F1C.o
[474/899] EXTERNALIZE build/GEDE01/src/game/game_fn_801C8CC0.o
[475/899] EXTERNALIZE build/GEDE01/src/game/game_fn_800FD0C8.o
[476/899] EXTERNALIZE build/GEDE01/src/game/game_fn_801BDE7C.o
[477/899] EXTERNALIZE build/GEDE01/src/game/game_fn_801BE0D4.o
[478/899] EXTERNALIZE STATIC POOL build/GEDE01/src/game/game_fn_801C9A08.o
build/GEDE01/src/game/game_fn_801C9A08.o: lbl_80629390 now undefined; section 3 emptied
[479/899] EXTERNALIZE build/GEDE01/src/game/game_fn_801B941C.o
[480/899] EXTERNALIZE STATIC POOL build/GEDE01/src/game/game_fn_801C9B1C.o
build/GEDE01/src/game/game_fn_801C9B1C.o: lbl_80629390 now undefined; section 3 emptied
[481/899] EXTERNALIZE STATIC POOL build/GEDE01/src/game/game_fn_801B58F0.o
build/GEDE01/src/game/game_fn_801B58F0.o: lbl_8060C020 now undefined; section 3 emptied
[482/899] EXTERNALIZE STATIC POOL build/GEDE01/src/game/game_fn_801BD990.o
build/GEDE01/src/game/game_fn_801BD990.o: lbl_80626D80 now undefined; section 6 emptied
[483/899] EXTERNALIZE STATIC POOL build/GEDE01/src/game/game_fn_801B9E7C.o
build/GEDE01/src/game/game_fn_801B9E7C.o: 0 relocation(s) moved from streamInfo to ...bss.0
build/GEDE01/src/game/game_fn_801B9E7C.o: lbl_8061AE48 now undefined; section 6 emptied
[484/899] EXTERNALIZE STATIC POOL build/GEDE01/src/game/game_fn_801BB1A0.o
build/GEDE01/src/game/game_fn_801BB1A0.o: 0 relocation(s) moved from streamInfo to ...bss.0
build/GEDE01/src/game/game_fn_801BB1A0.o: lbl_8061AE48 now undefined; section 6 emptied
[485/899] EXTERNALIZE STATIC build/GEDE01/src/game/game_fn_801B35BC.o
build/GEDE01/src/game/game_fn_801B35BC.o: lbl_8060D420 now undefined; section 6 emptied
[486/899] EXTERNALIZE STATIC POOL build/GEDE01/src/game/game_fn_801BA708.o
build/GEDE01/src/game/game_fn_801BA708.o: 0 relocation(s) moved from streamInfo to ...bss.0
build/GEDE01/src/game/game_fn_801BA708.o: lbl_8061AE48 now undefined; section 6 emptied
[487/899] EXTERNALIZE STATIC POOL build/GEDE01/src/game/game_fn_801BC8F4.o
build/GEDE01/src/game/game_fn_801BC8F4.o: lbl_8061C748 now undefined; section 6 emptied
[488/899] EXTERNALIZE STATIC build/GEDE01/src/game/game_fn_801BC240.o
build/GEDE01/src/game/game_fn_801BC240.o: lbl_8061C748 now undefined; section 6 emptied
[489/899] EXTERNALIZE STATIC POOL build/GEDE01/src/game/game_fn_801BCC04.o
build/GEDE01/src/game/game_fn_801BCC04.o: lbl_8061C748 now undefined; section 6 emptied
[490/899] EXTERNALIZE STATIC POOL build/GEDE01/src/game/game_fn_801BC0D4.o
build/GEDE01/src/game/game_fn_801BC0D4.o: lbl_8061C748 now undefined; section 6 emptied
[491/899] EXTERNALIZE STATIC POOL build/GEDE01/src/game/game_fn_801C1CB0.o
build/GEDE01/src/game/game_fn_801C1CB0.o: lbl_80626DA0 now undefined; section 3 emptied
[492/899] RENAME build/GEDE01/src/game/game_InitMetroTRKCommTable.o
[493/899] EXTERNALIZE STATIC POOL build/GEDE01/src/game/game_fn_801CE09C.o
build/GEDE01/src/game/game_fn_801CE09C.o: lbl_80631340 now undefined; section 6 emptied
[494/899] RENAME RUNTIME INTRINSICS build/GEDE01/src/game/game_fn_801CB4F8.o
[495/899] EXTERNALIZE STATIC POOL build/GEDE01/src/game/game_fn_8010242C.o
build/GEDE01/src/game/game_fn_8010242C.o: lbl_8032CC08 now undefined; section 3 emptied
[496/899] EXTERNALIZE build/GEDE01/src/game/game_fn_801D3988.o
[497/899] EXTERNALIZE build/GEDE01/src/game/game_fn_801D1B10.o
[498/899] ALIGN DATA build/GEDE01/src/game/game_fn_80008014.o
[499/899] EXTERNALIZE build/GEDE01/src/game/game_fn_801CE594.o
[500/899] EXTERNALIZE build/GEDE01/src/game/game_fn_8014549C.o
[501/899] EXTERNALIZE build/GEDE01/src/game/game_fn_801C8224.o
[502/899] EXTERNALIZE build/GEDE01/src/game/game_fn_801098C0.o
[503/899] EXTERNALIZE build/GEDE01/src/game/game_fn_8000FDE8.o
[504/899] EXTERNALIZE build/GEDE01/src/game/game_fn_80185F10.o
[505/899] EXTERNALIZE build/GEDE01/src/game/game_fn_801C29BC.o
[506/899] EXTERNALIZE build/GEDE01/src/game/game_fn_801C8F50.o
[507/899] EXTERNALIZE build/GEDE01/src/game/game_fn_8007B828.o
[508/899] EXTERNALIZE build/GEDE01/src/game/game_fn_801C90A4.o
[509/899] EXTERNALIZE build/GEDE01/src/game/game_fn_801C8160.o
[510/899] EXTERNALIZE build/GEDE01/src/game/game_fn_801C2AAC.o
[511/899] EXTERNALIZE build/GEDE01/src/game/game_fn_801C2D9C.o
[512/899] EXTERNALIZE build/GEDE01/src/game/game_fn_801C2980.o
[513/899] EXTERNALIZE build/GEDE01/src/game/game_fn_801B02F0.o
[514/899] EXTERNALIZE build/GEDE01/src/game/game_fn_801AFA74.o
[515/899] EXTERNALIZE build/GEDE01/src/game/game_fn_801AC8AC.o
[516/899] EXTERNALIZE build/GEDE01/src/game/game_fn_801ABD3C.o
[517/899] EXTERNALIZE build/GEDE01/src/game/game_fn_801816D4.o
[518/899] EXTERNALIZE build/GEDE01/src/game/game_fn_8011F140.o
[519/899] EXTERNALIZE build/GEDE01/src/game/game_fn_8004998C.o
[520/899] EXTERNALIZE build/GEDE01/src/game/game_fn_801AD08C.o
[521/899] EXTERNALIZE build/GEDE01/src/game/game_fn_80079AA4.o
[522/899] EXTERNALIZE build/GEDE01/src/game/game_fn_80158D38.o
[523/899] EXTERNALIZE build/GEDE01/src/game/game_fn_801A3A78.o
[524/899] EXTERNALIZE build/GEDE01/src/game/game_fn_8008F224.o
[525/899] EXTERNALIZE build/GEDE01/src/game/game_fn_80167454.o
[526/899] EXTERNALIZE build/GEDE01/src/game/game_fn_800AF230.o
[527/899] EXTERNALIZE build/GEDE01/src/game/game_fn_801AB154.o
[528/899] EXTERNALIZE build/GEDE01/src/game/game_fn_801A93E8.o
[529/899] EXTERNALIZE build/GEDE01/src/game/game_fn_801A7E04.o
[530/899] EXTERNALIZE build/GEDE01/src/game/game_fn_801A7EA8.o
[531/899] EXTERNALIZE build/GEDE01/src/game/game_fn_801A6CB4.o
[532/899] EXTERNALIZE build/GEDE01/src/game/game_fn_801A6C58.o
[533/899] EXTERNALIZE build/GEDE01/src/game/game_fn_801A4CE0.o
[534/899] NAME JUMPTABLE build/GEDE01/src/game/game_fn_801A6ADC.o
[535/899] EXTERNALIZE build/GEDE01/src/game/game_fn_801A6410.o
[536/899] EXTERNALIZE build/GEDE01/src/game/game_fn_801A5FB0.o
[537/899] EXTERNALIZE build/GEDE01/src/game/game_fn_801A1F18.o
[538/899] EXTERNALIZE build/GEDE01/src/game/game_fn_8019E8C8.o
[539/899] EXTERNALIZE build/GEDE01/src/game/game_fn_8019E5E4.o
[540/899] EXTERNALIZE build/GEDE01/src/game/game_fn_8019CFC4.o
[541/899] EXTERNALIZE build/GEDE01/src/game/game_fn_8019CC28.o
[542/899] EXTERNALIZE build/GEDE01/src/game/game_fn_801991E0.o
[543/899] EXTERNALIZE build/GEDE01/src/game/game_fn_80198BF4.o
[544/899] EXTERNALIZE build/GEDE01/src/game/game_fn_80198AAC.o
[545/899] EXTERNALIZE build/GEDE01/src/game/game_fn_80198154.o
[546/899] EXTERNALIZE build/GEDE01/src/game/game_fn_80194F80.o
[547/899] EXTERNALIZE build/GEDE01/src/game/game_fn_80197910.o
[548/899] EXTERNALIZE build/GEDE01/src/game/game_fn_80177434.o
repointed 2 relocations to lbl_80250588
[549/899] EXTERNALIZE build/GEDE01/src/game/game_fn_80193E1C.o
[550/899] EXTERNALIZE build/GEDE01/src/game/game_fn_801931C4.o
[551/899] EXTERNALIZE build/GEDE01/src/game/game_fn_80193F3C.o
[552/899] EXTERNALIZE build/GEDE01/src/game/game_fn_80192F54.o
[553/899] EXTERNALIZE build/GEDE01/src/game/game_fn_80191F58.o
[554/899] EXTERNALIZE build/GEDE01/src/game/game_fn_8019197C.o
[555/899] EXTERNALIZE build/GEDE01/src/game/game_fn_80191360.o
[556/899] GLOBALIZE build/GEDE01/src/game/game_fn_8018F1D0.o
[557/899] EXTERNALIZE build/GEDE01/src/game/game_fn_8018D688.o
[558/899] EXTERNALIZE build/GEDE01/src/game/game_fn_8018F81C.o
[559/899] EXTERNALIZE build/GEDE01/src/game/game_fn_8018D2E0.o
[560/899] EXTERNALIZE build/GEDE01/src/game/game_fn_80189968.o
[561/899] EXTERNALIZE build/GEDE01/src/game/game_fn_8018D1F0.o
[562/899] EXTERNALIZE build/GEDE01/src/game/game_fn_80189760.o
[563/899] EXTERNALIZE build/GEDE01/src/game/game_fn_801896A0.o
[564/899] EXTERNALIZE build/GEDE01/src/game/game_fn_801895E8.o
[565/899] EXTERNALIZE build/GEDE01/src/game/game_fn_80189390.o
[566/899] EXTERNALIZE build/GEDE01/src/game/game_fn_801891D8.o
[567/899] EXTERNALIZE build/GEDE01/src/game/game_fn_80188E28.o
[568/899] EXTERNALIZE build/GEDE01/src/game/game_fn_80189028.o
[569/899] EXTERNALIZE build/GEDE01/src/game/game_fn_80188B44.o
[570/899] EXTERNALIZE build/GEDE01/src/game/game_fn_80188C1C.o
[571/899] EXTERNALIZE build/GEDE01/src/game/game_fn_80188A7C.o
[572/899] EXTERNALIZE build/GEDE01/src/game/game_fn_801878E0.o
[573/899] EXTERNALIZE build/GEDE01/src/game/game_fn_80187120.o
[574/899] EXTERNALIZE build/GEDE01/src/game/game_fn_80186E10.o
[575/899] EXTERNALIZE build/GEDE01/src/game/game_fn_8018FEDC.o
[576/899] EXTERNALIZE build/GEDE01/src/game/game_fn_801865EC.o
[577/899] EXTERNALIZE build/GEDE01/src/game/game_fn_80185AE8.o
[578/899] EXTERNALIZE build/GEDE01/src/game/game_fn_801859FC.o
[579/899] EXTERNALIZE build/GEDE01/src/game/game_fn_80180DDC.o
[580/899] EXTERNALIZE build/GEDE01/src/game/game_fn_8017E958.o
[581/899] EXTERNALIZE build/GEDE01/src/game/game_fn_8017E850.o
[582/899] EXTERNALIZE build/GEDE01/src/game/game_fn_801770F8.o
[583/899] EXTERNALIZE build/GEDE01/src/game/game_fn_8017718C.o
[584/899] EXTERNALIZE build/GEDE01/src/game/game_fn_80176FA0.o
[585/899] EXTERNALIZE build/GEDE01/src/game/game_fn_80176DF4.o
[586/899] EXTERNALIZE build/GEDE01/src/game/game_fn_80173F04.o
[587/899] EXTERNALIZE build/GEDE01/src/game/game_fn_80174358.o
[588/899] EXTERNALIZE build/GEDE01/src/game/game_fn_80174184.o
[589/899] EXTERNALIZE build/GEDE01/src/game/game_fn_8017553C.o
[590/899] EXTERNALIZE build/GEDE01/src/game/game_fn_80173D44.o
[591/899] EXTERNALIZE build/GEDE01/src/game/game_fn_80173770.o
[592/899] EXTERNALIZE build/GEDE01/src/game/game_fn_801734B4.o
[593/899] EXTERNALIZE build/GEDE01/src/game/game_fn_80173270.o
[594/899] EXTERNALIZE build/GEDE01/src/game/game_fn_80172DB8.o
[595/899] EXTERNALIZE build/GEDE01/src/game/game_fn_80172C78.o
[596/899] EXTERNALIZE build/GEDE01/src/game/game_fn_801726EC.o
[597/899] EXTERNALIZE build/GEDE01/src/game/game_fn_80172BB0.o
[598/899] EXTERNALIZE build/GEDE01/src/game/game_fn_8017250C.o
[599/899] EXTERNALIZE build/GEDE01/src/game/game_fn_80171F30.o
[600/899] EXTERNALIZE build/GEDE01/src/game/game_fn_801719B4.o
[601/899] EXTERNALIZE build/GEDE01/src/game/game_fn_801718F4.o
[602/899] EXTERNALIZE build/GEDE01/src/game/game_fn_80171664.o
[603/899] EXTERNALIZE build/GEDE01/src/game/game_fn_8017138C.o
[604/899] EXTERNALIZE build/GEDE01/src/game/game_fn_801706DC.o
[605/899] EXTERNALIZE build/GEDE01/src/game/game_fn_80170A40.o
[606/899] NORMALIZE build/GEDE01/src/game/game_TRKNubWelcome.o
[607/899] NORMALIZE build/GEDE01/src/game/game_TRK_main.o
[608/899] NORMALIZE build/GEDE01/src/game/game_data_80239E10.o
[609/899] NORMALIZE build/GEDE01/src/game/game_data_80239E18.o
[610/899] EXTERNALIZE build/GEDE01/src/game/game_fn_8017652C.o
[611/899] EXTERNALIZE build/GEDE01/src/game/game_fn_80170E9C.o
[612/899] EXTERNALIZE build/GEDE01/src/game/game_fn_80175E64.o
[613/899] EXTERNALIZE build/GEDE01/src/game/game_fn_80175F0C.o
[614/899] EXTERNALIZE build/GEDE01/src/game/game_fn_80175FD4.o
[615/899] EXTERNALIZE build/GEDE01/src/game/game_fn_80176098.o
[616/899] EXTERNALIZE build/GEDE01/src/game/game_fn_80176160.o
[617/899] EXTERNALIZE build/GEDE01/src/game/game_fn_80176220.o
[618/899] EXTERNALIZE build/GEDE01/src/game/game_fn_80170DF4.o
[619/899] EXTERNALIZE build/GEDE01/src/game/game_fn_801762E8.o
[620/899] EXTERNALIZE build/GEDE01/src/game/game_fn_8016E8F8.o
[621/899] EXTERNALIZE build/GEDE01/src/game/game_fn_8016FEF8.o
[622/899] EXTERNALIZE build/GEDE01/src/game/game_fn_801704F8.o
[623/899] NORMALIZE build/GEDE01/src/game/game_fn_8016DF4C.o
[624/899] EXTERNALIZE build/GEDE01/src/game/game_fn_8016D2B8.o
[625/899] EXTERNALIZE build/GEDE01/src/game/game_fn_8016D040.o
[626/899] EXTERNALIZE build/GEDE01/src/game/game_fn_8016D1F8.o
[627/899] EXTERNALIZE build/GEDE01/src/game/game_fn_8016C4BC.o
[628/899] EXTERNALIZE build/GEDE01/src/game/game_fn_8016C774.o
[629/899] EXTERNALIZE build/GEDE01/src/game/game_fn_8016C238.o
[630/899] EXTERNALIZE build/GEDE01/src/game/game_fn_8016C164.o
[631/899] EXTERNALIZE build/GEDE01/src/game/game_fn_8016C0BC.o
[632/899] EXTERNALIZE build/GEDE01/src/game/game_fn_8017038C.o
[633/899] EXTERNALIZE build/GEDE01/src/game/game_fn_8016BF60.o
[634/899] EXTERNALIZE build/GEDE01/src/game/game_fn_8016BE1C.o
[635/899] EXTERNALIZE build/GEDE01/src/game/game_fn_80169650.o
[636/899] EXTERNALIZE build/GEDE01/src/game/game_fn_8016BD0C.o
[637/899] EXTERNALIZE build/GEDE01/src/game/game_fn_80167B5C.o
[638/899] EXTERNALIZE build/GEDE01/src/game/game_fn_8015EDC0.o
[639/899] EXTERNALIZE build/GEDE01/src/game/game_fn_8015DB84.o
[640/899] EXTERNALIZE build/GEDE01/src/game/game_fn_8015DC54.o
[641/899] EXTERNALIZE build/GEDE01/src/game/game_fn_80158B20.o
[642/899] EXTERNALIZE build/GEDE01/src/game/game_fn_80179398.o
[643/899] EXTERNALIZE build/GEDE01/src/game/game_fn_8017960C.o
[644/899] EXTERNALIZE build/GEDE01/src/game/game_fn_8017974C.o
[645/899] EXTERNALIZE build/GEDE01/src/game/game_fn_8017A9B8.o
[646/899] EXTERNALIZE build/GEDE01/src/game/game_fn_80179904.o
[647/899] EXTERNALIZE build/GEDE01/src/game/game_fn_80179A18.o
[648/899] EXTERNALIZE build/GEDE01/src/game/game_fn_80179A74.o
[649/899] EXTERNALIZE build/GEDE01/src/game/game_fn_80179EB8.o
[650/899] EXTERNALIZE build/GEDE01/src/game/game_fn_80179F20.o
[651/899] EXTERNALIZE build/GEDE01/src/game/game_fn_8017A010.o
[652/899] EXTERNALIZE build/GEDE01/src/game/game_fn_8017A12C.o
[653/899] EXTERNALIZE build/GEDE01/src/game/game_fn_80157C0C.o
[654/899] EXTERNALIZE build/GEDE01/src/game/game_fn_8017A1C0.o
[655/899] EXTERNALIZE build/GEDE01/src/game/game_fn_80155814.o
[656/899] EXTERNALIZE build/GEDE01/src/game/game_fn_80153898.o
[657/899] EXTERNALIZE build/GEDE01/src/game/game_fn_8014B494.o
[658/899] EXTERNALIZE build/GEDE01/src/game/game_fn_8014AF38.o
[659/899] EXTERNALIZE build/GEDE01/src/game/game_fn_8012DB28.o
[660/899] EXTERNALIZE build/GEDE01/src/game/game_fn_801141B8.o
[661/899] EXTERNALIZE build/GEDE01/src/game/game_fn_801128E4.o
[662/899] EXTERNALIZE build/GEDE01/src/game/game_fn_801126E0.o
[663/899] EXTERNALIZE build/GEDE01/src/game/game_fn_8010F184.o
[664/899] EXTERNALIZE build/GEDE01/src/game/game_fn_800C17EC.o
[665/899] EXTERNALIZE build/GEDE01/src/game/game_fn_800E4980.o
[666/899] EXTERNALIZE build/GEDE01/src/game/game_fn_800C030C.o
[667/899] EXTERNALIZE build/GEDE01/src/game/game_fn_800C59F0.o
[668/899] EXTERNALIZE build/GEDE01/src/game/game_fn_800C644C.o
[669/899] EXTERNALIZE build/GEDE01/src/game/game_fn_800C65FC.o
[670/899] EXTERNALIZE build/GEDE01/src/game/game_fn_800CB760.o
[671/899] EXTERNALIZE build/GEDE01/src/game/game_fn_800CB8F4.o
[672/899] EXTERNALIZE build/GEDE01/src/game/game_fn_80078500.o
[673/899] EXTERNALIZE build/GEDE01/src/game/game_fn_80079908.o
[674/899] EXTERNALIZE build/GEDE01/src/game/game_fn_8007B2F4.o
[675/899] EXTERNALIZE build/GEDE01/src/game/game_fn_8007B540.o
[676/899] EXTERNALIZE build/GEDE01/src/game/game_fn_8007B640.o
[677/899] EXTERNALIZE build/GEDE01/src/game/game_fn_8007BA3C.o
[678/899] EXTERNALIZE build/GEDE01/src/game/game_fn_800886D8.o
[679/899] EXTERNALIZE build/GEDE01/src/game/game_fn_800934A0.o
[680/899] EXTERNALIZE build/GEDE01/src/game/game_fn_800A3894.o
[681/899] EXTERNALIZE build/GEDE01/src/game/game_fn_800A7E88.o
[682/899] EXTERNALIZE build/GEDE01/src/game/game_fn_800A4798.o
[683/899] GLOBALIZE build/GEDE01/src/game/game_fn_800A2130.o
[684/899] EXTERNALIZE build/GEDE01/src/game/game_fn_800A2FCC.o
[685/899] EXTERNALIZE build/GEDE01/src/game/game_fn_8009C424.o
[686/899] EXTERNALIZE SWITCHES build/GEDE01/src/game/game_fn_80095FDC.o
[687/899] EXTERNALIZE build/GEDE01/src/game/game_fn_80096830.o
[688/899] GLOBALIZE build/GEDE01/src/game/game_fn_8008F890.o
[689/899] EXTERNALIZE build/GEDE01/src/game/game_fn_800A4428.o
[690/899] EXTERNALIZE build/GEDE01/src/game/game_fn_80074310.o
[691/899] GLOBALIZE build/GEDE01/src/game/game_fn_8005FD84.o
[692/899] EXTERNALIZE build/GEDE01/src/game/game_fn_80066888.o
[693/899] EXTERNALIZE build/GEDE01/src/game/game_fn_8005EC6C.o
[694/899] EXTERNALIZE build/GEDE01/src/game/game_fn_80048B24.o
[695/899] EXTERNALIZE build/GEDE01/src/game/game_fn_80052310.o
[696/899] NAME SWITCH build/GEDE01/src/game/game_fn_80020E94.o
[697/899] NAME SWITCH build/GEDE01/src/game/game_fn_8005EE9C.o
[698/899] NAME SWITCH build/GEDE01/src/game/game_fn_8016D9C0.o
[699/899] NAME SWITCH build/GEDE01/src/game/game_fn_80071A58.o
[700/899] EXTERNALIZE build/GEDE01/src/game/game_fn_80048ADC.o
[701/899] NAME SWITCH build/GEDE01/src/game/game_fn_8006B620.o
[702/899] NAME SWITCH build/GEDE01/src/game/game_fn_8001FE1C.o
[703/899] NAME SWITCH build/GEDE01/src/game/game_fn_8001E644.o
[704/899] EXTERNALIZE build/GEDE01/src/game/game_fn_80038878.o
[705/899] EXTERNALIZE build/GEDE01/src/game/game_fn_801B46C8.o
build/GEDE01/src/game/game_fn_801B46C8.o: lbl_8060C020 now undefined; section 6 emptied
[706/899] EXTERNALIZE build/GEDE01/src/game/game_fn_80036C40.o
[707/899] EXTERNALIZE build/GEDE01/src/game/game_fn_800359A0.o
[708/899] EXTERNALIZE build/GEDE01/src/game/game_fn_80033180.o
[709/899] EXTERNALIZE build/GEDE01/src/game/game_fn_80033038.o
[710/899] EXTERNALIZE build/GEDE01/src/game/game_fn_80032B84.o
[711/899] EXTERNALIZE build/GEDE01/src/game/game_fn_8003232C.o
[712/899] EXTERNALIZE build/GEDE01/src/game/game_fn_8002E3F0.o
[713/899] EXTERNALIZE build/GEDE01/src/game/game_fn_8002DAE0.o
[714/899] EXTERNALIZE build/GEDE01/src/game/game_fn_8002EA68.o
[715/899] EXTERNALIZE build/GEDE01/src/game/game_fn_8002F428.o
[716/899] GLOBALIZE build/GEDE01/src/game/game_fn_8002B748.o
[717/899] NAME SWITCHES build/GEDE01/src/game/game_fn_80024F28.o
[718/899] EXTERNALIZE build/GEDE01/src/game/game_fn_800272B4.o
[719/899] EXTERNALIZE build/GEDE01/src/game/game_fn_8001CE94.o
[720/899] EXTERNALIZE build/GEDE01/src/game/game_fn_8001CD58.o
[721/899] EXTERNALIZE build/GEDE01/src/game/game_fn_8001C078.o
[722/899] EXTERNALIZE build/GEDE01/src/game/game_fn_8001B874.o
[723/899] EXTERNALIZE build/GEDE01/src/game/game_fn_8001B808.o
[724/899] EXTERNALIZE build/GEDE01/src/game/game_fn_8001B294.o
[725/899] EXTERNALIZE build/GEDE01/src/game/game_fn_8001B124.o
[726/899] EXTERNALIZE build/GEDE01/src/game/game_fn_8001ADF8.o
[727/899] EXTERNALIZE build/GEDE01/src/game/game_fn_8001AF68.o
[728/899] EXTERNALIZE build/GEDE01/src/game/game_fn_8001AAB8.o
[729/899] EXTERNALIZE build/GEDE01/src/game/game_fn_8001A6C4.o
[730/899] EXTERNALIZE build/GEDE01/src/game/game_fn_80019F98.o
[731/899] EXTERNALIZE build/GEDE01/src/game/game_fn_80019D2C.o
[732/899] EXTERNALIZE build/GEDE01/src/game/game_fn_80019C10.o
[733/899] EXTERNALIZE build/GEDE01/src/game/game_fn_80019940.o
[734/899] EXTERNALIZE build/GEDE01/src/game/game_fn_800194D0.o
[735/899] EXTERNALIZE build/GEDE01/src/game/game_fn_80019244.o
[736/899] EXTERNALIZE build/GEDE01/src/game/game_fn_80019054.o
[737/899] EXTERNALIZE build/GEDE01/src/game/game_fn_80018EF4.o
[738/899] EXTERNALIZE build/GEDE01/src/game/game_fn_80017DB0.o
[739/899] EXTERNALIZE build/GEDE01/src/game/game_fn_80017C3C.o
[740/899] EXTERNALIZE build/GEDE01/src/game/game_fn_80017CC8.o
[741/899] EXTERNALIZE build/GEDE01/src/game/game_fn_80017AE4.o
[742/899] EXTERNALIZE build/GEDE01/src/game/game_fn_80017A3C.o
[743/899] EXTERNALIZE build/GEDE01/src/game/game_fn_800179AC.o
[744/899] EXTERNALIZE build/GEDE01/src/game/game_fn_80017910.o
[745/899] EXTERNALIZE FLAGS build/GEDE01/src/game/game_fn_800119FC.o
[746/899] EXTERNALIZE build/GEDE01/src/game/game_fn_8000FFD8.o
[747/899] EXTERNALIZE build/GEDE01/src/game/game_fn_8000F4B0.o
[748/899] EXTERNALIZE build/GEDE01/src/game/game_fn_8000EFC4.o
[749/899] GLOBALIZE build/GEDE01/src/game/game_fn_800094C0.o
[750/899] EXTERNALIZE build/GEDE01/src/game/game_fn_800096E0.o
[751/899] EXTERNALIZE build/GEDE01/src/game/game_fn_800098C0.o
[752/899] EXTERNALIZE build/GEDE01/src/game/game_fn_800099D8.o
[753/899] EXTERNALIZE build/GEDE01/src/game/game_fn_80009AB4.o
[754/899] EXTERNALIZE build/GEDE01/src/game/game_fn_800171C0.o
[755/899] EXTERNALIZE build/GEDE01/src/game/game_fn_8000A26C.o
[756/899] EXTERNALIZE build/GEDE01/src/game/game_fn_800176F0.o
[757/899] EXTERNALIZE build/GEDE01/src/game/game_fn_8000AC88.o
[758/899] EXTERNALIZE build/GEDE01/src/game/game_fn_8000AEB4.o
[759/899] EXTERNALIZE build/GEDE01/src/game/game_fn_8000AFB4.o
[760/899] EXTERNALIZE build/GEDE01/src/game/game_fn_8000B1B8.o
[761/899] EXTERNALIZE build/GEDE01/src/game/game_fn_8000B36C.o
[762/899] EXTERNALIZE build/GEDE01/src/game/game_fn_8000B7FC.o
[763/899] EXTERNALIZE build/GEDE01/src/game/game_fn_8000B630.o
[764/899] EXTERNALIZE build/GEDE01/src/game/game_fn_8000B900.o
[765/899] EXTERNALIZE build/GEDE01/src/game/game_fn_8000BA0C.o
[766/899] EXTERNALIZE build/GEDE01/src/game/game_fn_8000BAA0.o
[767/899] EXTERNALIZE build/GEDE01/src/game/game_fn_8000BC40.o
[768/899] EXTERNALIZE build/GEDE01/src/game/game_fn_8000C06C.o
[769/899] EXTERNALIZE build/GEDE01/src/game/game_fn_8000C17C.o
[770/899] EXTERNALIZE build/GEDE01/src/game/game_fn_8000C400.o
[771/899] EXTERNALIZE build/GEDE01/src/game/game_fn_8000C848.o
[772/899] EXTERNALIZE build/GEDE01/src/game/game_fn_8000C91C.o
[773/899] EXTERNALIZE build/GEDE01/src/game/game_fn_8000D0BC.o
[774/899] NAME SWITCH build/GEDE01/src/game/game_fn_8000D8A4.o
[775/899] EXTERNALIZE build/GEDE01/src/game/game_fn_8000D3D4.o
[776/899] EXTERNALIZE build/GEDE01/src/game/game_fn_8000E054.o
[777/899] EXTERNALIZE build/GEDE01/src/game/game_fn_8000E0AC.o
[778/899] EXTERNALIZE build/GEDE01/src/game/game_fn_8000E96C.o
[779/899] EXTERNALIZE build/GEDE01/src/game/game_fn_8000F774.o
[780/899] EXTERNALIZE build/GEDE01/src/game/game_fn_8000EB14.o
[781/899] EXTERNALIZE build/GEDE01/src/game/game_fn_8000EBD4.o
[782/899] EXTERNALIZE build/GEDE01/src/game/game_fn_8000ED44.o
[783/899] EXTERNALIZE build/GEDE01/src/game/game_fn_8000E138.o
[784/899] EXTERNALIZE build/GEDE01/src/game/game_fn_8000E1C4.o
[785/899] EXTERNALIZE build/GEDE01/src/game/game_fn_8000D590.o
[786/899] EXTERNALIZE build/GEDE01/src/game/game_fn_8000DA50.o
[787/899] EXTERNALIZE build/GEDE01/src/game/game_fn_80012DA8.o
[788/899] EXTERNALIZE build/GEDE01/src/game/game_fn_8000DAF4.o
[789/899] EXTERNALIZE build/GEDE01/src/game/game_fn_80012FD0.o
[790/899] EXTERNALIZE build/GEDE01/src/game/game_fn_80012F40.o
[791/899] EXTERNALIZE build/GEDE01/src/game/game_fn_800131E8.o
[792/899] EXTERNALIZE build/GEDE01/src/game/game_fn_80013340.o
[793/899] EXTERNALIZE build/GEDE01/src/game/game_fn_80013870.o
[794/899] EXTERNALIZE build/GEDE01/src/game/game_fn_80013CB0.o
[795/899] EXTERNALIZE build/GEDE01/src/game/game_fn_800142DC.o
[796/899] EXTERNALIZE build/GEDE01/src/game/game_fn_80013D54.o
[797/899] EXTERNALIZE build/GEDE01/src/game/game_fn_800144CC.o
[798/899] EXTERNALIZE build/GEDE01/src/game/game_fn_80014784.o
[799/899] EXTERNALIZE build/GEDE01/src/game/game_fn_80015058.o
[800/899] EXTERNALIZE build/GEDE01/src/game/game_fn_800149D4.o
[801/899] EXTERNALIZE build/GEDE01/src/game/game_fn_80015568.o
[802/899] EXTERNALIZE build/GEDE01/src/game/game_fn_80015320.o
[803/899] EXTERNALIZE build/GEDE01/src/game/game_fn_800156FC.o
[804/899] EXTERNALIZE build/GEDE01/src/game/game_fn_80015BE0.o
[805/899] EXTERNALIZE build/GEDE01/src/game/game_fn_80015D40.o
[806/899] EXTERNALIZE build/GEDE01/src/game/game_fn_80015F04.o
[807/899] EXTERNALIZE build/GEDE01/src/game/game_fn_80016128.o
[808/899] EXTERNALIZE build/GEDE01/src/game/game_fn_80016270.o
[809/899] EXTERNALIZE build/GEDE01/src/game/game_fn_80016904.o
[810/899] EXTERNALIZE build/GEDE01/src/game/game_fn_800173CC.o
[811/899] EXTERNALIZE build/GEDE01/src/game/game_fn_80016B24.o
[812/899] EXTERNALIZE build/GEDE01/src/game/game_fn_801BEF40.o
[813/899] EXTERNALIZE build/GEDE01/src/game/game_fn_801B86C0.o
[814/899] EXTERNALIZE STATIC POOL build/GEDE01/src/game/game_fn_801C4B5C.o
build/GEDE01/src/game/game_fn_801C4B5C.o: lbl_80628CB0 now undefined; section 6 emptied
[815/899] EXTERNALIZE build/GEDE01/src/game/game_fn_801C8600.o
[816/899] EXTERNALIZE build/GEDE01/src/game/game_fn_8014BA14.o
[817/899] EXTERNALIZE build/GEDE01/src/game/game_fn_800B2EC0.o
[818/899] EXTERNALIZE build/GEDE01/src/game/game_fn_8001CA04.o
[819/899] EXTERNALIZE build/GEDE01/src/game/game_fn_80031544.o
[820/899] EXTERNALIZE build/GEDE01/src/game/game_fn_8006B0F0.o
[821/899] EXTERNALIZE build/GEDE01/src/game/game_fn_8007D4D8.o
[822/899] EXTERNALIZE build/GEDE01/src/game/game_fn_8007F770.o
[823/899] EXTERNALIZE build/GEDE01/src/game/game_fn_80088F4C.o
[824/899] EXTERNALIZE build/GEDE01/src/game/game_fn_8008A2E0.o
[825/899] EXTERNALIZE build/GEDE01/src/game/game_fn_80090004.o
[826/899] EXTERNALIZE build/GEDE01/src/game/game_fn_80095D10.o
[827/899] EXTERNALIZE build/GEDE01/src/game/game_fn_800A3180.o
[828/899] EXTERNALIZE build/GEDE01/src/game/game_fn_800BB7A8.o
[829/899] EXTERNALIZE build/GEDE01/src/game/game_fn_800BB5C4.o
[830/899] EXTERNALIZE build/GEDE01/src/game/game_fn_800BBAF0.o
[831/899] EXTERNALIZE build/GEDE01/src/game/game_fn_800BB9A4.o
[832/899] EXTERNALIZE build/GEDE01/src/game/game_fn_800D9064.o
[833/899] EXTERNALIZE build/GEDE01/src/game/game_fn_800D9E10.o
[834/899] EXTERNALIZE build/GEDE01/src/game/game_fn_8012976C.o
[835/899] EXTERNALIZE build/GEDE01/src/game/game_fn_8013CBE4.o
[836/899] EXTERNALIZE build/GEDE01/src/game/game_fn_8013DB8C.o
[837/899] EXTERNALIZE build/GEDE01/src/game/game_fn_8014CA98.o
[838/899] EXTERNALIZE build/GEDE01/src/game/game_fn_80153A24.o
[839/899] EXTERNALIZE build/GEDE01/src/game/game_fn_801535D8.o
[840/899] EXTERNALIZE build/GEDE01/src/game/game_fn_80174F2C.o
[841/899] EXTERNALIZE build/GEDE01/src/game/game_fn_801752B0.o
[842/899] EXTERNALIZE build/GEDE01/src/game/game_fn_8017AC20.o
[843/899] EXTERNALIZE build/GEDE01/src/game/game_fn_80186F70.o
[844/899] EXTERNALIZE build/GEDE01/src/game/game_fn_8018680C.o
[845/899] EXTERNALIZE build/GEDE01/src/game/game_fn_80187320.o
[846/899] EXTERNALIZE build/GEDE01/src/game/game_fn_801875FC.o
[847/899] EXTERNALIZE build/GEDE01/src/game/game_fn_801810A0.o
[848/899] EXTERNALIZE build/GEDE01/src/game/game_fn_800542D0.o
[849/899] EXTERNALIZE build/GEDE01/src/game/game_fn_80187BB4.o
[850/899] EXTERNALIZE build/GEDE01/src/game/game_fn_80189C14.o
[851/899] EXTERNALIZE build/GEDE01/src/game/game_fn_8018D400.o
[852/899] EXTERNALIZE build/GEDE01/src/game/game_fn_8018C2D0.o
[853/899] EXTERNALIZE build/GEDE01/src/game/game_fn_8018E0D8.o
[854/899] EXTERNALIZE build/GEDE01/src/game/game_fn_8019120C.o
[855/899] EXTERNALIZE build/GEDE01/src/game/game_fn_8018DC24.o
[856/899] EXTERNALIZE build/GEDE01/src/game/game_fn_801916D0.o
[857/899] EXTERNALIZE build/GEDE01/src/game/game_fn_801926EC.o
[858/899] EXTERNALIZE build/GEDE01/src/game/game_fn_801929A4.o
[859/899] EXTERNALIZE build/GEDE01/src/game/game_fn_801A2A54.o
[860/899] EXTERNALIZE build/GEDE01/src/game/game_fn_801952E8.o
[861/899] EXTERNALIZE build/GEDE01/src/game/game_fn_801A34BC.o
[862/899] EXTERNALIZE build/GEDE01/src/game/game_fn_801A657C.o
[863/899] EXTERNALIZE build/GEDE01/src/game/game_fn_801D1F78.o
[864/899] EXTERNALIZE build/GEDE01/src/game/game_fn_801E2A48.o
[865/899] EXTERNALIZE build/GEDE01/src/game/game_fn_801E6814.o
[866/899] EXTERNALIZE build/GEDE01/src/game/game_fn_801E995C.o
[867/899] EXTERNALIZE build/GEDE01/src/game/game_fn_801EF580.o
[868/899] EXTERNALIZE build/GEDE01/src/game/game_fn_801F0CB0.o
[869/899] EXTERNALIZE build/GEDE01/src/game/game_fn_801F10BC.o
[870/899] EXTERNALIZE build/GEDE01/src/game/game_fn_801F35A8.o
[871/899] EXTERNALIZE build/GEDE01/src/game/game_fn_801ECD74.o
[872/899] EXTERNALIZE build/GEDE01/src/game/game_fn_801ED5F4.o
[873/899] EXTERNALIZE build/GEDE01/src/game/game_fn_801F69F0.o
[874/899] EXTERNALIZE build/GEDE01/src/game/game_fn_801F76EC.o
[875/899] EXTERNALIZE build/GEDE01/src/game/game_fn_801F8264.o
[876/899] EXTERNALIZE build/GEDE01/src/game/game_fn_801F89B4.o
[877/899] EXTERNALIZE build/GEDE01/src/game/game_fn_801F9AF8.o
[878/899] EXTERNALIZE build/GEDE01/src/game/game_fn_801F6BD8.o
[879/899] EXTERNALIZE JUMPTABLES build/GEDE01/src/game/game_fn_800361F8.o
[880/899] EXTERNALIZE JUMPTABLES build/GEDE01/src/game/game_fn_8006E53C.o
[881/899] EXTERNALIZE build/GEDE01/src/game/game_fn_801FB6A4.o
[882/899] EXTERNALIZE JUMPTABLES build/GEDE01/src/game/game_fn_800CF598.o
[883/899] EXTERNALIZE JUMPTABLES build/GEDE01/src/game/game_fn_801ACFE8.o
[884/899] EXTERNALIZE build/GEDE01/src/game/game_fn_80154F74.o
[885/899] EXTERNALIZE JUMPTABLES build/GEDE01/src/game/game_fn_801B1BA0.o
[886/899] EXTERNALIZE build/GEDE01/src/game/game_fn_8009E808.o
[887/899] EXTERNALIZE build/GEDE01/src/game/game_fn_801F1A38.o
[888/899] EXTERNALIZE build/GEDE01/src/game/game_fn_801F55A0.o
[889/899] EXTERNALIZE build/GEDE01/src/game/game_fn_801FFE78.o
[890/899] EXTERNALIZE build/GEDE01/src/game/game_fn_801F7510.o
[891/899] EXTERNALIZE build/GEDE01/src/game/game_fn_801F9CF4.o
[892/899] EXTERNALIZE build/GEDE01/src/game/game_fn_801FC034.o
[893/899] EXTERNALIZE build/GEDE01/src/game/game_fn_801FA9C8.o
[894/899] REPORT
 INFO Loading project .
 INFO Generating report for 7068 units (using 8 threads)
 INFO Report generated in 0.198s
 INFO Writing to build/GEDE01/report.json
[895/899] LINK build/GEDE01/main.elf
### mwldeppc.exe Linker Warning:
#   Section '.ignored' is unknown. Section ignored.
### mwldeppc.exe Linker Warning:
#   Section '.ignored' is unknown. Section ignored.
### mwldeppc.exe Linker Warning:
#   Section '.ignored' is unknown. Section ignored.
### mwldeppc.exe Linker Warning:
#   Section '.ignored' is unknown. Section ignored.
### mwldeppc.exe Linker Warning:
#   Section '.ignored' is unknown. Section ignored.
### mwldeppc.exe Linker Warning:
#   Section '.ignored' is unknown. Section ignored.
### mwldeppc.exe Linker Warning:
#   Section '.ignored' is unknown. Section ignored.
### mwldeppc.exe Linker Warning:
#   Section '.ignored' is unknown. Section ignored.
### mwldeppc.exe Linker Warning:
#   Section '.ignored' is unknown. Section ignored.
### mwldeppc.exe Linker Warning:
#   Section '.ignored' is unknown. Section ignored.
### mwldeppc.exe Linker Warning:
#   Section '.ignored' is unknown. Section ignored.
### mwldeppc.exe Linker Warning:
#   Section '.ignored' is unknown. Section ignored.
### mwldeppc.exe Linker Warning:
#   Section '.ignored' is unknown. Section ignored.
### mwldeppc.exe Linker Warning:
#   Section '.ignored' is unknown. Section ignored.
### mwldeppc.exe Linker Warning:
#   Section '.ignored' is unknown. Section ignored.
### mwldeppc.exe Linker Warning:
#   Section '.ignored' is unknown. Section ignored.
### mwldeppc.exe Linker Warning:
#   Section '.ignored' is unknown. Section ignored.
### mwldeppc.exe Linker Warning:
#   Section '.ignored' is unknown. Section ignored.
### mwldeppc.exe Linker Warning:
#   Section '.ignored' is unknown. Section ignored.
### mwldeppc.exe Linker Warning:
#   Section '.ignored' is unknown. Section ignored.
### mwldeppc.exe Linker Warning:
#   Section '.ignored' is unknown. Section ignored.
### mwldeppc.exe Linker Warning:
#   Section '.ignored' is unknown. Section ignored.
### mwldeppc.exe Linker Warning:
#   Section '.ignored' is unknown. Section ignored.
### mwldeppc.exe Linker Warning:
#   Section '.ignored' is unknown. Section ignored.
### mwldeppc.exe Linker Warning:
#   Section '.ignored' is unknown. Section ignored.
### mwldeppc.exe Linker Warning:
#   Section '.ignored' is unknown. Section ignored.
### mwldeppc.exe Linker Warning:
#   Section '.ignored' is unknown. Section ignored.
### mwldeppc.exe Linker Warning:
#   Section '.ignored' is unknown. Section ignored.
### mwldeppc.exe Linker Warning:
#   Section '.ignored' is unknown. Section ignored.
### mwldeppc.exe Linker Warning:
#   Section '.ignored' is unknown. Section ignored.
### mwldeppc.exe Linker Warning:
#   Section '.ignored' is unknown. Section ignored.
### mwldeppc.exe Linker Warning:
#   Section '.ignored' is unknown. Section ignored.
### mwldeppc.exe Linker Warning:
#   Section '.ignored' is unknown. Section ignored.
### mwldeppc.exe Linker Warning:
#   Section '.ignored' is unknown. Section ignored.
### mwldeppc.exe Linker Warning:
#   Section '.ignored' is unknown. Section ignored.
### mwldeppc.exe Linker Warning:
#   Section '.ignored' is unknown. Section ignored.
### mwldeppc.exe Linker Warning:
#   Section '.ignored' is unknown. Section ignored.
### mwldeppc.exe Linker Warning:
#   Section '.ignored' is unknown. Section ignored.
### mwldeppc.exe Linker Warning:
#   Section '.ignored' is unknown. Section ignored.
### mwldeppc.exe Linker Warning:
#   Section '.ignored' is unknown. Section ignored.
### mwldeppc.exe Linker Warning:
#   Section '.ignored' is unknown. Section ignored.
### mwldeppc.exe Linker Warning:
#   Section '.ignored' is unknown. Section ignored.
### mwldeppc.exe Linker Warning:
#   Section '.ignored' is unknown. Section ignored.
### mwldeppc.exe Linker Warning:
#   Section '.ignored' is unknown. Section ignored.
### mwldeppc.exe Linker Warning:
#   Section '.ignored' is unknown. Section ignored.
### mwldeppc.exe Linker Warning:
#   Section '.ignored' is unknown. Section ignored.
### mwldeppc.exe Linker Warning:
#   Section '.ignored' is unknown. Section ignored.
### mwldeppc.exe Linker Warning:
#   Section '.ignored' is unknown. Section ignored.
### mwldeppc.exe Linker Warning:
#   Section '.ignored' is unknown. Section ignored.
### mwldeppc.exe Linker Warning:
#   Section '.ignored' is unknown. Section ignored.
### mwldeppc.exe Linker Warning:
#   Section '.ignored' is unknown. Section ignored.
### mwldeppc.exe Linker Warning:
#   Section '.ignored' is unknown. Section ignored.
### mwldeppc.exe Linker Warning:
#   Section '.ignored' is unknown. Section ignored.
### mwldeppc.exe Linker Warning:
#   Section '.ignored' is unknown. Section ignored.
### mwldeppc.exe Linker Warning:
#   Section '.ignored' is unknown. Section ignored.
### mwldeppc.exe Linker Warning:
#   Section '.ignored' is unknown. Section ignored.
### mwldeppc.exe Linker Warning:
#   Section '.ignored' is unknown. Section ignored.
### mwldeppc.exe Linker Warning:
#   Section '.ignored' is unknown. Section ignored.
### mwldeppc.exe Linker Warning:
#   Section '.ignored' is unknown. Section ignored.
### mwldeppc.exe Linker Warning:
#   Section '.ignored' is unknown. Section ignored.
### mwldeppc.exe Linker Warning:
#   Section '.ignored' is unknown. Section ignored.
### mwldeppc.exe Linker Warning:
#   Section '.ignored' is unknown. Section ignored.
### mwldeppc.exe Linker Warning:
#   Section '.ignored' is unknown. Section ignored.
### mwldeppc.exe Linker Warning:
#   Section '.ignored' is unknown. Section ignored.
### mwldeppc.exe Linker Warning:
#   Section '.ignored' is unknown. Section ignored.
### mwldeppc.exe Linker Warning:
#   Section '.ignored' is unknown. Section ignored.
### mwldeppc.exe Linker Warning:
#   Section '.ignored' is unknown. Section ignored.
### mwldeppc.exe Linker Warning:
#   Section '.ignored' is unknown. Section ignored.
### mwldeppc.exe Linker Warning:
#   Section '.ignored' is unknown. Section ignored.
### mwldeppc.exe Linker Warning:
#   Section '.ignored' is unknown. Section ignored.
### mwldeppc.exe Linker Warning:
#   Section '.ignored' is unknown. Section ignored.
### mwldeppc.exe Linker Warning:
#   Section '.ignored' is unknown. Section ignored.
### mwldeppc.exe Linker Warning:
#   Section '.ignored' is unknown. Section ignored.
### mwldeppc.exe Linker Warning:
#   Section '.ignored' is unknown. Section ignored.
### mwldeppc.exe Linker Warning:
#   Section '.ignored' is unknown. Section ignored.
### mwldeppc.exe Linker Warning:
#   Section '.ignored' is unknown. Section ignored.
### mwldeppc.exe Linker Warning:
#   Section '.ignored' is unknown. Section ignored.
### mwldeppc.exe Linker Warning:
#   Section '.ignored' is unknown. Section ignored.
### mwldeppc.exe Linker Warning:
#   Section '.ignored' is unknown. Section ignored.
### mwldeppc.exe Linker Warning:
#   Section '.ignored' is unknown. Section ignored.
### mwldeppc.exe Linker Warning:
#   Section '.ignored' is unknown. Section ignored.
### mwldeppc.exe Linker Warning:
#   Section '.ignored' is unknown. Section ignored.
### mwldeppc.exe Linker Warning:
#   Section '.ignored' is unknown. Section ignored.
### mwldeppc.exe Linker Warning:
#   Section '.ignored' is unknown. Section ignored.
### mwldeppc.exe Linker Warning:
#   Section '.ignored' is unknown. Section ignored.
### mwldeppc.exe Linker Warning:
#   Section '.ignored' is unknown. Section ignored.
### mwldeppc.exe Linker Warning:
#   Section '.ignored' is unknown. Section ignored.
### mwldeppc.exe Linker Warning:
#   Section '.ignored' is unknown. Section ignored.
### mwldeppc.exe Linker Warning:
#   Section '.ignored' is unknown. Section ignored.
### mwldeppc.exe Linker Warning:
#   Section '.ignored' is unknown. Section ignored.
### mwldeppc.exe Linker Warning:
#   Section '.ignored' is unknown. Section ignored.
### mwldeppc.exe Linker Warning:
#   Section '.ignored' is unknown. Section ignored.
### mwldeppc.exe Linker Warning:
#   Section '.ignored' is unknown. Section ignored.
### mwldeppc.exe Linker Warning:
#   Section '.ignored' is unknown. Section ignored.
### mwldeppc.exe Linker Warning:
#   Section '.ignored' is unknown. Section ignored.
### mwldeppc.exe Linker Warning:
#   Section '.ignored' is unknown. Section ignored.
### mwldeppc.exe Linker Warning:
#   Section '.ignored' is unknown. Section ignored.
### mwldeppc.exe Linker Warning:
#   Section '.ignored' is unknown. Section ignored.
### mwldeppc.exe Linker Warning:
#   Section '.ignored' is unknown. Section ignored.
### mwldeppc.exe Linker Warning:
#   Section '.ignored' is unknown. Section ignored.
### mwldeppc.exe Linker Warning:
#   Section '.ignored' is unknown. Section ignored.
### mwldeppc.exe Linker Warning:
#   Section '.ignored' is unknown. Section ignored.
### mwldeppc.exe Linker Warning:
#   Section '.ignored' is unknown. Section ignored.
### mwldeppc.exe Linker Warning:
#   Section '.ignored' is unknown. Section ignored.
### mwldeppc.exe Linker Warning:
#   Section '.ignored' is unknown. Section ignored.
### mwldeppc.exe Linker Warning:
#   Section '.ignored' is unknown. Section ignored.
### mwldeppc.exe Linker Warning:
#   Section '.ignored' is unknown. Section ignored.
### mwldeppc.exe Linker Warning:
#   Section '.ignored' is unknown. Section ignored.
### mwldeppc.exe Linker Warning:
#   Section '.ignored' is unknown. Section ignored.
### mwldeppc.exe Linker Warning:
#   Section '.ignored' is unknown. Section ignored.
### mwldeppc.exe Linker Warning:
#   Section '.ignored' is unknown. Section ignored.
### mwldeppc.exe Linker Warning:
#   Section '.ignored' is unknown. Section ignored.
### mwldeppc.exe Linker Warning:
#   Section '.ignored' is unknown. Section ignored.
### mwldeppc.exe Linker Warning:
#   Section '.ignored' is unknown. Section ignored.
### mwldeppc.exe Linker Warning:
#   Section '.ignored' is unknown. Section ignored.
### mwldeppc.exe Linker Warning:
#   Section '.ignored' is unknown. Section ignored.
### mwldeppc.exe Linker Warning:
#   Section '.ignored' is unknown. Section ignored.
### mwldeppc.exe Linker Warning:
#   Section '.ignored' is unknown. Section ignored.
### mwldeppc.exe Linker Warning:
#   Section '.ignored' is unknown. Section ignored.
### mwldeppc.exe Linker Warning:
#   Section '.ignored' is unknown. Section ignored.
### mwldeppc.exe Linker Warning:
#   Section '.ignored' is unknown. Section ignored.
### mwldeppc.exe Linker Warning:
#   Section '.ignored' is unknown. Section ignored.
### mwldeppc.exe Linker Warning:
#   Section '.ignored' is unknown. Section ignored.
### mwldeppc.exe Linker Warning:
#   Section '.ignored' is unknown. Section ignored.
### mwldeppc.exe Linker Warning:
#   Section '.ignored' is unknown. Section ignored.
### mwldeppc.exe Linker Warning:
#   Section '.ignored' is unknown. Section ignored.
### mwldeppc.exe Linker Warning:
#   Section '.ignored' is unknown. Section ignored.
### mwldeppc.exe Linker Warning:
#   Section '.ignored' is unknown. Section ignored.
### mwldeppc.exe Linker Warning:
#   Section '.ignored' is unknown. Section ignored.
### mwldeppc.exe Linker Warning:
#   Section '.ignored' is unknown. Section ignored.
### mwldeppc.exe Linker Warning:
#   Section '.ignored' is unknown. Section ignored.
### mwldeppc.exe Linker Warning:
#   Section '.ignored' is unknown. Section ignored.
### mwldeppc.exe Linker Warning:
#   Section '.ignored' is unknown. Section ignored.
### mwldeppc.exe Linker Warning:
#   Section '.ignored' is unknown. Section ignored.
### mwldeppc.exe Linker Warning:
#   Section '.ignored' is unknown. Section ignored.
### mwldeppc.exe Linker Warning:
#   Section '.ignored' is unknown. Section ignored.
### mwldeppc.exe Linker Warning:
#   Section '.ignored' is unknown. Section ignored.
### mwldeppc.exe Linker Warning:
#   Section '.ignored' is unknown. Section ignored.
### mwldeppc.exe Linker Warning:
#   Section '.ignored' is unknown. Section ignored.
### mwldeppc.exe Linker Warning:
#   Section '.ignored' is unknown. Section ignored.
### mwldeppc.exe Linker Warning:
#   Section '.ignored' is unknown. Section ignored.
### mwldeppc.exe Linker Warning:
#   Section '.ignored' is unknown. Section ignored.
### mwldeppc.exe Linker Warning:
#   Section '.ignored' is unknown. Section ignored.
### mwldeppc.exe Linker Warning:
#   Section '.ignored' is unknown. Section ignored.
### mwldeppc.exe Linker Warning:
#   Section '.ignored' is unknown. Section ignored.
### mwldeppc.exe Linker Warning:
#   Section '.ignored' is unknown. Section ignored.
### mwldeppc.exe Linker Warning:
#   Section '.ignored' is unknown. Section ignored.
### mwldeppc.exe Linker Warning:
#   Section '.ignored' is unknown. Section ignored.
### mwldeppc.exe Linker Warning:
#   Section '.ignored' is unknown. Section ignored.
### mwldeppc.exe Linker Warning:
#   Section '.ignored' is unknown. Section ignored.
### mwldeppc.exe Linker Warning:
#   Section '.ignored' is unknown. Section ignored.
### mwldeppc.exe Linker Warning:
#   Section '.ignored' is unknown. Section ignored.
### mwldeppc.exe Linker Warning:
#   Section '.ignored' is unknown. Section ignored.
### mwldeppc.exe Linker Warning:
#   Section '.ignored' is unknown. Section ignored.
### mwldeppc.exe Linker Warning:
#   Section '.ignored' is unknown. Section ignored.
### mwldeppc.exe Linker Warning:
#   Section '.ignored' is unknown. Section ignored.
### mwldeppc.exe Linker Warning:
#   Section '.ignored' is unknown. Section ignored.
### mwldeppc.exe Linker Warning:
#   Section '.ignored' is unknown. Section ignored.
### mwldeppc.exe Linker Warning:
#   Section '.ignored' is unknown. Section ignored.
### mwldeppc.exe Linker Warning:
#   Section '.ignored' is unknown. Section ignored.
### mwldeppc.exe Linker Warning:
#   Section '.ignored' is unknown. Section ignored.
### mwldeppc.exe Linker Warning:
#   Section '.ignored' is unknown. Section ignored.
### mwldeppc.exe Linker Warning:
#   Section '.ignored' is unknown. Section ignored.
### mwldeppc.exe Linker Warning:
#   Section '.ignored' is unknown. Section ignored.
### mwldeppc.exe Linker Warning:
#   Section '.ignored' is unknown. Section ignored.
### mwldeppc.exe Linker Warning:
#   Section '.ignored' is unknown. Section ignored.
### mwldeppc.exe Linker Warning:
#   Section '.ignored' is unknown. Section ignored.
### mwldeppc.exe Linker Warning:
#   Section '.ignored' is unknown. Section ignored.
### mwldeppc.exe Linker Warning:
#   Section '.ignored' is unknown. Section ignored.
### mwldeppc.exe Linker Warning:
#   Section '.ignored' is unknown. Section ignored.
### mwldeppc.exe Linker Warning:
#   Section '.ignored' is unknown. Section ignored.
### mwldeppc.exe Linker Warning:
#   Section '.ignored' is unknown. Section ignored.
### mwldeppc.exe Linker Warning:
#   Section '.ignored' is unknown. Section ignored.
### mwldeppc.exe Linker Warning:
#   Section '.ignored' is unknown. Section ignored.
### mwldeppc.exe Linker Warning:
#   Section '.ignored' is unknown. Section ignored.
### mwldeppc.exe Linker Warning:
#   Section '.ignored' is unknown. Section ignored.
### mwldeppc.exe Linker Warning:
#   Section '.ignored' is unknown. Section ignored.
### mwldeppc.exe Linker Warning:
#   Section '.ignored' is unknown. Section ignored.
### mwldeppc.exe Linker Warning:
#   Section '.ignored' is unknown. Section ignored.
### mwldeppc.exe Linker Warning:
#   Section '.ignored' is unknown. Section ignored.
### mwldeppc.exe Linker Warning:
#   Section '.ignored' is unknown. Section ignored.
### mwldeppc.exe Linker Warning:
#   Section '.ignored' is unknown. Section ignored.
### mwldeppc.exe Linker Warning:
#   Section '.ignored' is unknown. Section ignored.
### mwldeppc.exe Linker Warning:
#   Section '.ignored' is unknown. Section ignored.
### mwldeppc.exe Linker Warning:
#   Section '.ignored' is unknown. Section ignored.
### mwldeppc.exe Linker Warning:
#   Section '.ignored' is unknown. Section ignored.
### mwldeppc.exe Linker Warning:
#   Section '.ignored' is unknown. Section ignored.
### mwldeppc.exe Linker Warning:
#   Section '.ignored' is unknown. Section ignored.
### mwldeppc.exe Linker Warning:
#   Section '.ignored' is unknown. Section ignored.
### mwldeppc.exe Linker Warning:
#   Section '.ignored' is unknown. Section ignored.
### mwldeppc.exe Linker Warning:
#   Section '.ignored' is unknown. Section ignored.
### mwldeppc.exe Linker Warning:
#   Section '.ignored' is unknown. Section ignored.
### mwldeppc.exe Linker Warning:
#   Section '.ignored' is unknown. Section ignored.
### mwldeppc.exe Linker Warning:
#   Section '.ignored' is unknown. Section ignored.
### mwldeppc.exe Linker Warning:
#   Section '.ignored' is unknown. Section ignored.
### mwldeppc.exe Linker Warning:
#   Section '.ignored' is unknown. Section ignored.
### mwldeppc.exe Linker Warning:
#   Section '.ignored' is unknown. Section ignored.
### mwldeppc.exe Linker Warning:
#   Section '.ignored' is unknown. Section ignored.
### mwldeppc.exe Linker Warning:
#   Section '.ignored' is unknown. Section ignored.
### mwldeppc.exe Linker Warning:
#   Section '.ignored' is unknown. Section ignored.
### mwldeppc.exe Linker Warning:
#   Section '.ignored' is unknown. Section ignored.
### mwldeppc.exe Linker Warning:
#   Section '.ignored' is unknown. Section ignored.
### mwldeppc.exe Linker Warning:
#   Section '.ignored' is unknown. Section ignored.
### mwldeppc.exe Linker Warning:
#   Section '.ignored' is unknown. Section ignored.
### mwldeppc.exe Linker Warning:
#   Section '.ignored' is unknown. Section ignored.
### mwldeppc.exe Linker Warning:
#   Section '.ignored' is unknown. Section ignored.
### mwldeppc.exe Linker Warning:
#   Section '.ignored' is unknown. Section ignored.
### mwldeppc.exe Linker Warning:
#   Section '.ignored' is unknown. Section ignored.
### mwldeppc.exe Linker Warning:
#   Section '.ignored' is unknown. Section ignored.
### mwldeppc.exe Linker Warning:
#   Section '.ignored' is unknown. Section ignored.
### mwldeppc.exe Linker Warning:
#   Section '.ignored' is unknown. Section ignored.
### mwldeppc.exe Linker Warning:
#   Section '.ignored' is unknown. Section ignored.
### mwldeppc.exe Linker Warning:
#   Section '.ignored' is unknown. Section ignored.
### mwldeppc.exe Linker Warning:
#   Section '.ignored' is unknown. Section ignored.
### mwldeppc.exe Linker Warning:
#   Section '.ignored' is unknown. Section ignored.
### mwldeppc.exe Linker Warning:
#   Section '.ignored' is unknown. Section ignored.
### mwldeppc.exe Linker Warning:
#   Section '.ignored' is unknown. Section ignored.
### mwldeppc.exe Linker Warning:
#   Section '.ignored' is unknown. Section ignored.
### mwldeppc.exe Linker Warning:
#   Section '.ignored' is unknown. Section ignored.
### mwldeppc.exe Linker Warning:
#   Section '.ignored' is unknown. Section ignored.
### mwldeppc.exe Linker Warning:
#   Section '.ignored' is unknown. Section ignored.
### mwldeppc.exe Linker Warning:
#   Section '.ignored' is unknown. Section ignored.
### mwldeppc.exe Linker Warning:
#   Section '.ignored' is unknown. Section ignored.
### mwldeppc.exe Linker Warning:
#   Section '.ignored' is unknown. Section ignored.
### mwldeppc.exe Linker Warning:
#   Section '.ignored' is unknown. Section ignored.
### mwldeppc.exe Linker Warning:
#   Section '.ignored' is unknown. Section ignored.
### mwldeppc.exe Linker Warning:
#   Section '.ignored' is unknown. Section ignored.
### mwldeppc.exe Linker Warning:
#   Section '.ignored' is unknown. Section ignored.
### mwldeppc.exe Linker Warning:
#   Section '.ignored' is unknown. Section ignored.
### mwldeppc.exe Linker Warning:
#   Section '.ignored' is unknown. Section ignored.
### mwldeppc.exe Linker Warning:
#   Section '.ignored' is unknown. Section ignored.
### mwldeppc.exe Linker Warning:
#   Section '.ignored' is unknown. Section ignored.
### mwldeppc.exe Linker Warning:
#   Section '.ignored' is unknown. Section ignored.
### mwldeppc.exe Linker Warning:
#   Section '.ignored' is unknown. Section ignored.
### mwldeppc.exe Linker Warning:
#   Section '.ignored' is unknown. Section ignored.
### mwldeppc.exe Linker Warning:
#   Section '.ignored' is unknown. Section ignored.
### mwldeppc.exe Linker Warning:
#   Section '.ignored' is unknown. Section ignored.
### mwldeppc.exe Linker Warning:
#   Section '.ignored' is unknown. Section ignored.
### mwldeppc.exe Linker Warning:
#   Section '.ignored' is unknown. Section ignored.
### mwldeppc.exe Linker Warning:
#   Section '.ignored' is unknown. Section ignored.
### mwldeppc.exe Linker Warning:
#   Section '.ignored' is unknown. Section ignored.
### mwldeppc.exe Linker Warning:
#   Section '.ignored' is unknown. Section ignored.
### mwldeppc.exe Linker Warning:
#   Section '.ignored' is unknown. Section ignored.
### mwldeppc.exe Linker Warning:
#   Section '.ignored' is unknown. Section ignored.
### mwldeppc.exe Linker Warning:
#   Section '.ignored' is unknown. Section ignored.
### mwldeppc.exe Linker Warning:
#   Section '.ignored' is unknown. Section ignored.
### mwldeppc.exe Linker Warning:
#   Section '.ignored' is unknown. Section ignored.
### mwldeppc.exe Linker Warning:
#   Section '.ignored' is unknown. Section ignored.
### mwldeppc.exe Linker Warning:
#   Section '.ignored' is unknown. Section ignored.
### mwldeppc.exe Linker Warning:
#   Section '.ignored' is unknown. Section ignored.
### mwldeppc.exe Linker Warning:
#   Section '.ignored' is unknown. Section ignored.
### mwldeppc.exe Linker Warning:
#   Section '.ignored' is unknown. Section ignored.
### mwldeppc.exe Linker Warning:
#   Section '.ignored' is unknown. Section ignored.
### mwldeppc.exe Linker Warning:
#   Section '.ignored' is unknown. Section ignored.
### mwldeppc.exe Linker Warning:
#   Section '.ignored' is unknown. Section ignored.
### mwldeppc.exe Linker Warning:
#   Section '.ignored' is unknown. Section ignored.
### mwldeppc.exe Linker Warning:
#   Section '.ignored' is unknown. Section ignored.
### mwldeppc.exe Linker Warning:
#   Section '.ignored' is unknown. Section ignored.
### mwldeppc.exe Linker Warning:
#   Section '.ignored' is unknown. Section ignored.
### mwldeppc.exe Linker Warning:
#   Section '.ignored' is unknown. Section ignored.
### mwldeppc.exe Linker Warning:
#   Section '.ignored' is unknown. Section ignored.
### mwldeppc.exe Linker Warning:
#   Section '.ignored' is unknown. Section ignored.
### mwldeppc.exe Linker Warning:
#   Section '.ignored' is unknown. Section ignored.
### mwldeppc.exe Linker Warning:
#   Section '.ignored' is unknown. Section ignored.
### mwldeppc.exe Linker Warning:
#   Section '.ignored' is unknown. Section ignored.
### mwldeppc.exe Linker Warning:
#   Section '.ignored' is unknown. Section ignored.
### mwldeppc.exe Linker Warning:
#   Section '.ignored' is unknown. Section ignored.
### mwldeppc.exe Linker Warning:
#   Section '.ignored' is unknown. Section ignored.
### mwldeppc.exe Linker Warning:
#   Section '.ignored' is unknown. Section ignored.
### mwldeppc.exe Linker Warning:
#   Section '.ignored' is unknown. Section ignored.
### mwldeppc.exe Linker Warning:
#   Section '.ignored' is unknown. Section ignored.
### mwldeppc.exe Linker Warning:
#   Section '.ignored' is unknown. Section ignored.
### mwldeppc.exe Linker Warning:
#   Section '.ignored' is unknown. Section ignored.
### mwldeppc.exe Linker Warning:
#   Section '.ignored' is unknown. Section ignored.
### mwldeppc.exe Linker Warning:
#   Section '.ignored' is unknown. Section ignored.
### mwldeppc.exe Linker Warning:
#   Section '.ignored' is unknown. Section ignored.
### mwldeppc.exe Linker Warning:
#   Section '.ignored' is unknown. Section ignored.
### mwldeppc.exe Linker Warning:
#   Section '.ignored' is unknown. Section ignored.
### mwldeppc.exe Linker Warning:
#   Section '.ignored' is unknown. Section ignored.
### mwldeppc.exe Linker Warning:
#   Section '.ignored' is unknown. Section ignored.
### mwldeppc.exe Linker Warning:
#   Section '.ignored' is unknown. Section ignored.
### mwldeppc.exe Linker Warning:
#   Section '.ignored' is unknown. Section ignored.
### mwldeppc.exe Linker Warning:
#   Section '.ignored' is unknown. Section ignored.
### mwldeppc.exe Linker Warning:
#   Section '.ignored' is unknown. Section ignored.
### mwldeppc.exe Linker Warning:
#   Section '.ignored' is unknown. Section ignored.
### mwldeppc.exe Linker Warning:
#   Section '.ignored' is unknown. Section ignored.
### mwldeppc.exe Linker Warning:
#   Section '.ignored' is unknown. Section ignored.
### mwldeppc.exe Linker Warning:
#   Section '.ignored' is unknown. Section ignored.
### mwldeppc.exe Linker Warning:
#   Section '.ignored' is unknown. Section ignored.
### mwldeppc.exe Linker Warning:
#   Section '.ignored' is unknown. Section ignored.
### mwldeppc.exe Linker Warning:
#   Section '.ignored' is unknown. Section ignored.
### mwldeppc.exe Linker Warning:
#   Section '.ignored' is unknown. Section ignored.
### mwldeppc.exe Linker Warning:
#   Section '.ignored' is unknown. Section ignored.
### mwldeppc.exe Linker Warning:
#   Section '.ignored' is unknown. Section ignored.
### mwldeppc.exe Linker Warning:
#   Section '.ignored' is unknown. Section ignored.
### mwldeppc.exe Linker Warning:
#   Section '.ignored' is unknown. Section ignored.
### mwldeppc.exe Linker Warning:
#   Section '.ignored' is unknown. Section ignored.
### mwldeppc.exe Linker Warning:
#   Section '.ignored' is unknown. Section ignored.
### mwldeppc.exe Linker Warning:
#   Section '.ignored' is unknown. Section ignored.
### mwldeppc.exe Linker Warning:
#   Section '.ignored' is unknown. Section ignored.
### mwldeppc.exe Linker Warning:
#   Section '.ignored' is unknown. Section ignored.
### mwldeppc.exe Linker Warning:
#   Section '.ignored' is unknown. Section ignored.
### mwldeppc.exe Linker Warning:
#   Section '.ignored' is unknown. Section ignored.
### mwldeppc.exe Linker Warning:
#   Section '.ignored' is unknown. Section ignored.
### mwldeppc.exe Linker Warning:
#   Section '.ignored' is unknown. Section ignored.
### mwldeppc.exe Linker Warning:
#   Section '.ignored' is unknown. Section ignored.
### mwldeppc.exe Linker Warning:
#   Section '.ignored' is unknown. Section ignored.
### mwldeppc.exe Linker Warning:
#   Section '.ignored' is unknown. Section ignored.
### mwldeppc.exe Linker Warning:
#   Section '.ignored' is unknown. Section ignored.
### mwldeppc.exe Linker Warning:
#   Section '.ignored' is unknown. Section ignored.
### mwldeppc.exe Linker Warning:
#   Section '.ignored' is unknown. Section ignored.
### mwldeppc.exe Linker Warning:
#   Section '.ignored' is unknown. Section ignored.
### mwldeppc.exe Linker Warning:
#   Section '.ignored' is unknown. Section ignored.
### mwldeppc.exe Linker Warning:
#   Section '.ignored' is unknown. Section ignored.
### mwldeppc.exe Linker Warning:
#   Section '.ignored' is unknown. Section ignored.
### mwldeppc.exe Linker Warning:
#   Section '.ignored' is unknown. Section ignored.
### mwldeppc.exe Linker Warning:
#   Section '.ignored' is unknown. Section ignored.
### mwldeppc.exe Linker Warning:
#   Section '.ignored' is unknown. Section ignored.
### mwldeppc.exe Linker Warning:
#   Section '.ignored' is unknown. Section ignored.
### mwldeppc.exe Linker Warning:
#   Section '.ignored' is unknown. Section ignored.
### mwldeppc.exe Linker Warning:
#   Section '.ignored' is unknown. Section ignored.
### mwldeppc.exe Linker Warning:
#   Section '.ignored' is unknown. Section ignored.
### mwldeppc.exe Linker Warning:
#   Section '.ignored' is unknown. Section ignored.
### mwldeppc.exe Linker Warning:
#   Section '.ignored' is unknown. Section ignored.
### mwldeppc.exe Linker Warning:
#   Section '.ignored' is unknown. Section ignored.
### mwldeppc.exe Linker Warning:
#   Section '.ignored' is unknown. Section ignored.
### mwldeppc.exe Linker Warning:
#   Section '.ignored' is unknown. Section ignored.
### mwldeppc.exe Linker Warning:
#   Section '.ignored' is unknown. Section ignored.
### mwldeppc.exe Linker Warning:
#   Section '.ignored' is unknown. Section ignored.
### mwldeppc.exe Linker Warning:
#   Section '.ignored' is unknown. Section ignored.
### mwldeppc.exe Linker Warning:
#   Section '.ignored' is unknown. Section ignored.
### mwldeppc.exe Linker Warning:
#   Section '.ignored' is unknown. Section ignored.
### mwldeppc.exe Linker Warning:
#   Section '.ignored' is unknown. Section ignored.
### mwldeppc.exe Linker Warning:
#   Section '.ignored' is unknown. Section ignored.
### mwldeppc.exe Linker Warning:
#   Section '.ignored' is unknown. Section ignored.
### mwldeppc.exe Linker Warning:
#   Section '.ignored' is unknown. Section ignored.
### mwldeppc.exe Linker Warning:
#   Section '.ignored' is unknown. Section ignored.
### mwldeppc.exe Linker Warning:
#   Section '.ignored' is unknown. Section ignored.
### mwldeppc.exe Linker Warning:
#   Section '.ignored' is unknown. Section ignored.
### mwldeppc.exe Linker Warning:
#   Section '.ignored' is unknown. Section ignored.
### mwldeppc.exe Linker Warning:
#   Section '.ignored' is unknown. Section ignored.
### mwldeppc.exe Linker Warning:
#   Section '.ignored' is unknown. Section ignored.
### mwldeppc.exe Linker Warning:
#   Section '.ignored' is unknown. Section ignored.
### mwldeppc.exe Linker Warning:
#   Section '.ignored' is unknown. Section ignored.
### mwldeppc.exe Linker Warning:
#   Section '.ignored' is unknown. Section ignored.
### mwldeppc.exe Linker Warning:
#   Section '.ignored' is unknown. Section ignored.
### mwldeppc.exe Linker Warning:
#   Section '.ignored' is unknown. Section ignored.
### mwldeppc.exe Linker Warning:
#   Section '.ignored' is unknown. Section ignored.
### mwldeppc.exe Linker Warning:
#   Section '.ignored' is unknown. Section ignored.
### mwldeppc.exe Linker Warning:
#   Section '.ignored' is unknown. Section ignored.
### mwldeppc.exe Linker Warning:
#   Section '.ignored' is unknown. Section ignored.
### mwldeppc.exe Linker Warning:
#   Section '.ignored' is unknown. Section ignored.
### mwldeppc.exe Linker Warning:
#   Section '.ignored' is unknown. Section ignored.
### mwldeppc.exe Linker Warning:
#   Section '.ignored' is unknown. Section ignored.
### mwldeppc.exe Linker Warning:
#   Section '.ignored' is unknown. Section ignored.
### mwldeppc.exe Linker Warning:
#   Section '.ignored' is unknown. Section ignored.
### mwldeppc.exe Linker Warning:
#   Section '.ignored' is unknown. Section ignored.
### mwldeppc.exe Linker Warning:
#   Section '.ignored' is unknown. Section ignored.
### mwldeppc.exe Linker Warning:
#   Section '.ignored' is unknown. Section ignored.
### mwldeppc.exe Linker Warning:
#   Section '.ignored' is unknown. Section ignored.
### mwldeppc.exe Linker Warning:
#   Section '.ignored' is unknown. Section ignored.
### mwldeppc.exe Linker Warning:
#   Section '.ignored' is unknown. Section ignored.
### mwldeppc.exe Linker Warning:
#   Section '.ignored' is unknown. Section ignored.
### mwldeppc.exe Linker Warning:
#   Section '.ignored' is unknown. Section ignored.
### mwldeppc.exe Linker Warning:
#   Section '.ignored' is unknown. Section ignored.
### mwldeppc.exe Linker Warning:
#   Section '.ignored' is unknown. Section ignored.
### mwldeppc.exe Linker Warning:
#   Section '.ignored' is unknown. Section ignored.
### mwldeppc.exe Linker Warning:
#   Section '.ignored' is unknown. Section ignored.
### mwldeppc.exe Linker Warning:
#   Section '.ignored' is unknown. Section ignored.
### mwldeppc.exe Linker Warning:
#   Section '.ignored' is unknown. Section ignored.
### mwldeppc.exe Linker Warning:
#   Section '.ignored' is unknown. Section ignored.
### mwldeppc.exe Linker Warning:
#   Section '.ignored' is unknown. Section ignored.
### mwldeppc.exe Linker Warning:
#   Section '.ignored' is unknown. Section ignored.
### mwldeppc.exe Linker Warning:
#   Section '.ignored' is unknown. Section ignored.
### mwldeppc.exe Linker Warning:
#   Section '.ignored' is unknown. Section ignored.
### mwldeppc.exe Linker Warning:
#   Section '.ignored' is unknown. Section ignored.
### mwldeppc.exe Linker Warning:
#   Section '.ignored' is unknown. Section ignored.
### mwldeppc.exe Linker Warning:
#   Section '.ignored' is unknown. Section ignored.
### mwldeppc.exe Linker Warning:
#   Section '.ignored' is unknown. Section ignored.
### mwldeppc.exe Linker Warning:
#   Section '.ignored' is unknown. Section ignored.
### mwldeppc.exe Linker Warning:
#   Section '.ignored' is unknown. Section ignored.
### mwldeppc.exe Linker Warning:
#   Section '.ignored' is unknown. Section ignored.
### mwldeppc.exe Linker Warning:
#   Section '.ignored' is unknown. Section ignored.
### mwldeppc.exe Linker Warning:
#   Section '.ignored' is unknown. Section ignored.
### mwldeppc.exe Linker Warning:
#   Section '.ignored' is unknown. Section ignored.
### mwldeppc.exe Linker Warning:
#   Section '.ignored' is unknown. Section ignored.
### mwldeppc.exe Linker Warning:
#   Section '.ignored' is unknown. Section ignored.
### mwldeppc.exe Linker Warning:
#   Section '.ignored' is unknown. Section ignored.
### mwldeppc.exe Linker Warning:
#   Section '.ignored' is unknown. Section ignored.
### mwldeppc.exe Linker Warning:
#   Section '.ignored' is unknown. Section ignored.
### mwldeppc.exe Linker Warning:
#   Section '.ignored' is unknown. Section ignored.
### mwldeppc.exe Linker Warning:
#   Section '.ignored' is unknown. Section ignored.
### mwldeppc.exe Linker Warning:
#   Section '.ignored' is unknown. Section ignored.
### mwldeppc.exe Linker Warning:
#   Section '.ignored' is unknown. Section ignored.
### mwldeppc.exe Linker Warning:
#   Section '.ignored' is unknown. Section ignored.
### mwldeppc.exe Linker Warning:
#   Section '.ignored' is unknown. Section ignored.
### mwldeppc.exe Linker Warning:
#   Section '.ignored' is unknown. Section ignored.
### mwldeppc.exe Linker Warning:
#   Section '.ignored' is unknown. Section ignored.
### mwldeppc.exe Linker Warning:
#   Section '.ignored' is unknown. Section ignored.
### mwldeppc.exe Linker Warning:
#   Section '.ignored' is unknown. Section ignored.
### mwldeppc.exe Linker Warning:
#   Section '.ignored' is unknown. Section ignored.
### mwldeppc.exe Linker Warning:
#   Section '.ignored' is unknown. Section ignored.
### mwldeppc.exe Linker Warning:
#   Section '.ignored' is unknown. Section ignored.
### mwldeppc.exe Linker Warning:
#   Section '.ignored' is unknown. Section ignored.
### mwldeppc.exe Linker Warning:
#   Section '.ignored' is unknown. Section ignored.
### mwldeppc.exe Linker Warning:
#   Section '.ignored' is unknown. Section ignored.
### mwldeppc.exe Linker Warning:
#   Section '.ignored' is unknown. Section ignored.
### mwldeppc.exe Linker Warning:
#   Section '.ignored' is unknown. Section ignored.
### mwldeppc.exe Linker Warning:
#   Section '.ignored' is unknown. Section ignored.
### mwldeppc.exe Linker Warning:
#   Section '.ignored' is unknown. Section ignored.
### mwldeppc.exe Linker Warning:
#   Section '.ignored' is unknown. Section ignored.
### mwldeppc.exe Linker Warning:
#   Section '.ignored' is unknown. Section ignored.
### mwldeppc.exe Linker Warning:
#   Section '.ignored' is unknown. Section ignored.
### mwldeppc.exe Linker Warning:
#   Section '.ignored' is unknown. Section ignored.
### mwldeppc.exe Linker Warning:
#   Section '.ignored' is unknown. Section ignored.
### mwldeppc.exe Linker Warning:
#   Section '.ignored' is unknown. Section ignored.
### mwldeppc.exe Linker Warning:
#   Section '.ignored' is unknown. Section ignored.
### mwldeppc.exe Linker Warning:
#   Section '.ignored' is unknown. Section ignored.
### mwldeppc.exe Linker Warning:
#   Section '.ignored' is unknown. Section ignored.
### mwldeppc.exe Linker Warning:
#   Section '.ignored' is unknown. Section ignored.
### mwldeppc.exe Linker Warning:
#   Section '.ignored' is unknown. Section ignored.
### mwldeppc.exe Linker Warning:
#   Section '.ignored' is unknown. Section ignored.
### mwldeppc.exe Linker Warning:
#   Section '.ignored' is unknown. Section ignored.
### mwldeppc.exe Linker Warning:
#   Section '.ignored' is unknown. Section ignored.
### mwldeppc.exe Linker Warning:
#   Section '.ignored' is unknown. Section ignored.
### mwldeppc.exe Linker Warning:
#   Section '.ignored' is unknown. Section ignored.
### mwldeppc.exe Linker Warning:
#   Section '.ignored' is unknown. Section ignored.
### mwldeppc.exe Linker Warning:
#   Section '.ignored' is unknown. Section ignored.
### mwldeppc.exe Linker Warning:
#   Section '.ignored' is unknown. Section ignored.
### mwldeppc.exe Linker Warning:
#   Section '.ignored' is unknown. Section ignored.
### mwldeppc.exe Linker Warning:
#   Section '.ignored' is unknown. Section ignored.
### mwldeppc.exe Linker Warning:
#   Section '.ignored' is unknown. Section ignored.
### mwldeppc.exe Linker Warning:
#   Section '.ignored' is unknown. Section ignored.
### mwldeppc.exe Linker Warning:
#   Section '.ignored' is unknown. Section ignored.
### mwldeppc.exe Linker Warning:
#   Section '.ignored' is unknown. Section ignored.
### mwldeppc.exe Linker Warning:
#   Section '.ignored' is unknown. Section ignored.
### mwldeppc.exe Linker Warning:
#   Section '.ignored' is unknown. Section ignored.
### mwldeppc.exe Linker Warning:
#   Section '.ignored' is unknown. Section ignored.
### mwldeppc.exe Linker Warning:
#   Section '.ignored' is unknown. Section ignored.
### mwldeppc.exe Linker Warning:
#   Section '.ignored' is unknown. Section ignored.
### mwldeppc.exe Linker Warning:
#   Section '.ignored' is unknown. Section ignored.
### mwldeppc.exe Linker Warning:
#   Section '.ignored' is unknown. Section ignored.
### mwldeppc.exe Linker Warning:
#   Section '.ignored' is unknown. Section ignored.
### mwldeppc.exe Linker Warning:
#   Section '.ignored' is unknown. Section ignored.
### mwldeppc.exe Linker Warning:
#   Section '.ignored' is unknown. Section ignored.
### mwldeppc.exe Linker Warning:
#   Section '.ignored' is unknown. Section ignored.
### mwldeppc.exe Linker Warning:
#   Section '.ignored' is unknown. Section ignored.
### mwldeppc.exe Linker Warning:
#   Section '.ignored' is unknown. Section ignored.
### mwldeppc.exe Linker Warning:
#   Section '.ignored' is unknown. Section ignored.
### mwldeppc.exe Linker Warning:
#   Section '.ignored' is unknown. Section ignored.
### mwldeppc.exe Linker Warning:
#   Section '.ignored' is unknown. Section ignored.
### mwldeppc.exe Linker Warning:
#   Section '.ignored' is unknown. Section ignored.
### mwldeppc.exe Linker Warning:
#   Section '.ignored' is unknown. Section ignored.
### mwldeppc.exe Linker Warning:
#   Section '.ignored' is unknown. Section ignored.
### mwldeppc.exe Linker Warning:
#   Section '.ignored' is unknown. Section ignored.
### mwldeppc.exe Linker Warning:
#   Section '.ignored' is unknown. Section ignored.
### mwldeppc.exe Linker Warning:
#   Section '.ignored' is unknown. Section ignored.
### mwldeppc.exe Linker Warning:
#   Section '.ignored' is unknown. Section ignored.
### mwldeppc.exe Linker Warning:
#   Section '.ignored' is unknown. Section ignored.
### mwldeppc.exe Linker Warning:
#   Section '.ignored' is unknown. Section ignored.
### mwldeppc.exe Linker Warning:
#   Section '.ignored' is unknown. Section ignored.
### mwldeppc.exe Linker Warning:
#   Section '.ignored' is unknown. Section ignored.
### mwldeppc.exe Linker Warning:
#   Section '.ignored' is unknown. Section ignored.
### mwldeppc.exe Linker Warning:
#   Section '.ignored' is unknown. Section ignored.
### mwldeppc.exe Linker Warning:
#   Section '.ignored' is unknown. Section ignored.
### mwldeppc.exe Linker Warning:
#   Section '.ignored' is unknown. Section ignored.
### mwldeppc.exe Linker Warning:
#   Section '.ignored' is unknown. Section ignored.
### mwldeppc.exe Linker Warning:
#   Section '.ignored' is unknown. Section ignored.
### mwldeppc.exe Linker Warning:
#   Section '.ignored' is unknown. Section ignored.
### mwldeppc.exe Linker Warning:
#   Section '.ignored' is unknown. Section ignored.
### mwldeppc.exe Linker Warning:
#   Section '.ignored' is unknown. Section ignored.
### mwldeppc.exe Linker Warning:
#   Section '.ignored' is unknown. Section ignored.
### mwldeppc.exe Linker Warning:
#   Section '.ignored' is unknown. Section ignored.
### mwldeppc.exe Linker Warning:
#   Section '.ignored' is unknown. Section ignored.
### mwldeppc.exe Linker Warning:
#   Section '.ignored' is unknown. Section ignored.
### mwldeppc.exe Linker Warning:
#   Section '.ignored' is unknown. Section ignored.
### mwldeppc.exe Linker Warning:
#   Section '.ignored' is unknown. Section ignored.
### mwldeppc.exe Linker Warning:
#   Section '.ignored' is unknown. Section ignored.
### mwldeppc.exe Linker Warning:
#   Section '.ignored' is unknown. Section ignored.
### mwldeppc.exe Linker Warning:
#   Section '.ignored' is unknown. Section ignored.
### mwldeppc.exe Linker Warning:
#   Section '.ignored' is unknown. Section ignored.
### mwldeppc.exe Linker Warning:
#   Section '.ignored' is unknown. Section ignored.
### mwldeppc.exe Linker Warning:
#   Section '.ignored' is unknown. Section ignored.
### mwldeppc.exe Linker Warning:
#   Section '.ignored' is unknown. Section ignored.
### mwldeppc.exe Linker Warning:
#   Section '.ignored' is unknown. Section ignored.
### mwldeppc.exe Linker Warning:
#   Section '.ignored' is unknown. Section ignored.
### mwldeppc.exe Linker Warning:
#   Section '.ignored' is unknown. Section ignored.
### mwldeppc.exe Linker Warning:
#   Section '.ignored' is unknown. Section ignored.
### mwldeppc.exe Linker Warning:
#   Section '.ignored' is unknown. Section ignored.
### mwldeppc.exe Linker Warning:
#   Section '.ignored' is unknown. Section ignored.
### mwldeppc.exe Linker Warning:
#   Section '.ignored' is unknown. Section ignored.
### mwldeppc.exe Linker Warning:
#   Section '.ignored' is unknown. Section ignored.
### mwldeppc.exe Linker Warning:
#   Section '.ignored' is unknown. Section ignored.
### mwldeppc.exe Linker Warning:
#   Section '.ignored' is unknown. Section ignored.
### mwldeppc.exe Linker Warning:
#   Section '.ignored' is unknown. Section ignored.
### mwldeppc.exe Linker Warning:
#   Section '.ignored' is unknown. Section ignored.
### mwldeppc.exe Linker Warning:
#   Section '.ignored' is unknown. Section ignored.
### mwldeppc.exe Linker Warning:
#   Section '.ignored' is unknown. Section ignored.
### mwldeppc.exe Linker Warning:
#   Section '.ignored' is unknown. Section ignored.
### mwldeppc.exe Linker Warning:
#   Section '.ignored' is unknown. Section ignored.
### mwldeppc.exe Linker Warning:
#   Section '.ignored' is unknown. Section ignored.
### mwldeppc.exe Linker Warning:
#   Section '.ignored' is unknown. Section ignored.
### mwldeppc.exe Linker Warning:
#   Section '.ignored' is unknown. Section ignored.
### mwldeppc.exe Linker Warning:
#   Section '.ignored' is unknown. Section ignored.
### mwldeppc.exe Linker Warning:
#   Section '.ignored' is unknown. Section ignored.
### mwldeppc.exe Linker Warning:
#   Section '.ignored' is unknown. Section ignored.
### mwldeppc.exe Linker Warning:
#   Section '.ignored' is unknown. Section ignored.
### mwldeppc.exe Linker Warning:
#   Section '.ignored' is unknown. Section ignored.
### mwldeppc.exe Linker Warning:
#   Section '.ignored' is unknown. Section ignored.
### mwldeppc.exe Linker Warning:
#   Section '.ignored' is unknown. Section ignored.
### mwldeppc.exe Linker Warning:
#   Section '.ignored' is unknown. Section ignored.
### mwldeppc.exe Linker Warning:
#   Section '.ignored' is unknown. Section ignored.
### mwldeppc.exe Linker Warning:
#   Section '.ignored' is unknown. Section ignored.
### mwldeppc.exe Linker Warning:
#   Section '.ignored' is unknown. Section ignored.
### mwldeppc.exe Linker Warning:
#   Section '.ignored' is unknown. Section ignored.
### mwldeppc.exe Linker Warning:
#   Section '.ignored' is unknown. Section ignored.
### mwldeppc.exe Linker Warning:
#   Section '.ignored' is unknown. Section ignored.
### mwldeppc.exe Linker Warning:
#   Section '.ignored' is unknown. Section ignored.
### mwldeppc.exe Linker Warning:
#   Section '.ignored' is unknown. Section ignored.
### mwldeppc.exe Linker Warning:
#   Section '.ignored' is unknown. Section ignored.
### mwldeppc.exe Linker Warning:
#   Section '.ignored' is unknown. Section ignored.
### mwldeppc.exe Linker Warning:
#   Section '.ignored' is unknown. Section ignored.
### mwldeppc.exe Linker Warning:
#   Section '.ignored' is unknown. Section ignored.
[896/899] DOL build/GEDE01/main.dol
[897/899] CHECK config/GEDE01/build.sha1
build/GEDE01/main.dol: OK
[898/899] PROGRESS
Progress:
  All: 58.16% fuzzy, 48.14% matched, 48.11% linked (6277 / 7068 files)
    Code: 1107464 / 2300692 bytes (6043 / 8214 functions)
    Data: 39594 / 4305642 bytes (0.92%)
  Game Code: 93.67% fuzzy, 77.50% matched, 77.45% linked (6259 / 6633 files)
    Code: 1104436 / 1425104 bytes (5981 / 6354 functions)
    Data: 39370 / 40426 bytes (97.39%)
  SDK/Runtime: 100.00% fuzzy, 100.00% matched, 100.00% linked (18 / 18 files)
    Code: 3028 / 3028 bytes (62 / 62 functions)
    Data: 224 / 224 bytes (100.00%)
