$ python3 configure.py
EXIT 0
$ .tools/bin/ninja -j2
[1/905] MWCC build/GEDE01/src/game/game_fn_80008014.o
[2/905] MWCC build/GEDE01/src/game/game_fn_800094C0.o
[3/905] MWCC build/GEDE01/src/game/game_fn_800098C0.o
[4/905] MWCC build/GEDE01/src/game/game_fn_800096E0.o
[5/905] MWCC build/GEDE01/src/game/game_fn_800099D8.o
[6/905] MWCC build/GEDE01/src/game/game_fn_80009AB4.o
[7/905] MWCC build/GEDE01/src/game/game_fn_8000A26C.o
[8/905] MWCC build/GEDE01/src/game/game_fn_8000AC88.o
[9/905] MWCC build/GEDE01/src/game/game_fn_8000AFB4.o
[10/905] MWCC build/GEDE01/src/game/game_fn_8000AEB4.o
[11/905] MWCC build/GEDE01/src/game/game_fn_8000B1B8.o
[12/905] MWCC build/GEDE01/src/game/game_fn_8000B36C.o
[13/905] MWCC build/GEDE01/src/game/game_fn_8000B630.o
[14/905] MWCC build/GEDE01/src/game/game_fn_8000B7FC.o
[15/905] MWCC build/GEDE01/src/game/game_fn_8000BA0C.o
[16/905] MWCC build/GEDE01/src/game/game_fn_8000B900.o
[17/905] MWCC build/GEDE01/src/game/game_fn_8000BAA0.o
[18/905] MWCC build/GEDE01/src/game/game_fn_8000BC40.o
[19/905] MWCC build/GEDE01/src/game/game_fn_8000C06C.o
[20/905] MWCC build/GEDE01/src/game/game_fn_8000C17C.o
[21/905] MWCC build/GEDE01/src/game/game_fn_8000C400.o
[22/905] MWCC build/GEDE01/src/game/game_fn_8000C848.o
[23/905] MWCC build/GEDE01/src/game/game_fn_8000D0BC.o
[24/905] MWCC build/GEDE01/src/game/game_fn_8000C91C.o
[25/905] MWCC build/GEDE01/src/game/game_fn_8000D3D4.o
[26/905] MWCC build/GEDE01/src/game/game_fn_8000D590.o
[27/905] MWCC build/GEDE01/src/game/game_fn_8000D8A4.o
[28/905] MWCC build/GEDE01/src/game/game_fn_8000DA50.o
[29/905] MWCC build/GEDE01/src/game/game_fn_8000E054.o
[30/905] MWCC build/GEDE01/src/game/game_fn_8000DAF4.o
[31/905] MWCC build/GEDE01/src/game/game_fn_8000E0AC.o
[32/905] MWCC build/GEDE01/src/game/game_fn_8000E138.o
[33/905] MWCC build/GEDE01/src/game/game_fn_8000E96C.o
[34/905] MWCC build/GEDE01/src/game/game_fn_8000E1C4.o
[35/905] MWCC build/GEDE01/src/game/game_fn_8000EB14.o
[36/905] MWCC build/GEDE01/src/game/game_fn_8000EBD4.o
[37/905] MWCC build/GEDE01/src/game/game_fn_8000ED44.o
[38/905] MWCC build/GEDE01/src/game/game_fn_8000EFC4.o
[39/905] MWCC build/GEDE01/src/game/game_fn_8000F4B0.o
[40/905] MWCC build/GEDE01/src/game/game_fn_8000F774.o
[41/905] MWCC build/GEDE01/src/game/game_fn_8000FDE8.o
[42/905] MWCC build/GEDE01/src/game/game_fn_8000FFD8.o
[43/905] MWCC build/GEDE01/src/game/game_fn_800119FC.o
[44/905] MWCC build/GEDE01/src/game/game_fn_80012DA8.o
[45/905] MWCC build/GEDE01/src/game/game_fn_80012F40.o
[46/905] MWCC build/GEDE01/src/game/game_fn_80012FD0.o
[47/905] MWCC build/GEDE01/src/game/game_fn_800131E8.o
[48/905] MWCC build/GEDE01/src/game/game_fn_80013340.o
[49/905] MWCC build/GEDE01/src/game/game_fn_80013870.o
[50/905] MWCC build/GEDE01/src/game/game_fn_80013CB0.o
[51/905] MWCC build/GEDE01/src/game/game_fn_80013D54.o
[52/905] MWCC build/GEDE01/src/game/game_fn_800142DC.o
[53/905] MWCC build/GEDE01/src/game/game_fn_800144CC.o
[54/905] MWCC build/GEDE01/src/game/game_fn_80014784.o
[55/905] MWCC build/GEDE01/src/game/game_fn_800149D4.o
[56/905] MWCC build/GEDE01/src/game/game_fn_80015058.o
[57/905] MWCC build/GEDE01/src/game/game_fn_80015320.o
[58/905] MWCC build/GEDE01/src/game/game_fn_80015568.o
[59/905] MWCC build/GEDE01/src/game/game_fn_800156FC.o
[60/905] MWCC build/GEDE01/src/game/game_fn_80015BE0.o
[61/905] MWCC build/GEDE01/src/game/game_fn_80015D40.o
[62/905] MWCC build/GEDE01/src/game/game_fn_80015F04.o
[63/905] MWCC build/GEDE01/src/game/game_fn_80016128.o
[64/905] MWCC build/GEDE01/src/game/game_fn_80016270.o
[65/905] MWCC build/GEDE01/src/game/game_fn_80016904.o
[66/905] MWCC build/GEDE01/src/game/game_fn_80016B24.o
[67/905] MWCC build/GEDE01/src/game/game_fn_800171C0.o
[68/905] MWCC build/GEDE01/src/game/game_fn_800173CC.o
[69/905] MWCC build/GEDE01/src/game/game_fn_800176F0.o
[70/905] MWCC build/GEDE01/src/game/game_fn_80017910.o
[71/905] MWCC build/GEDE01/src/game/game_fn_800179AC.o
[72/905] MWCC build/GEDE01/src/game/game_fn_80017A3C.o
[73/905] MWCC build/GEDE01/src/game/game_fn_80017AE4.o
[74/905] MWCC build/GEDE01/src/game/game_fn_80017C3C.o
[75/905] MWCC build/GEDE01/src/game/game_fn_80017CC8.o
[76/905] MWCC build/GEDE01/src/game/game_fn_80017DB0.o
[77/905] MWCC build/GEDE01/src/game/game_fn_80018EF4.o
[78/905] MWCC build/GEDE01/src/game/game_fn_80019054.o
[79/905] MWCC build/GEDE01/src/game/game_fn_80019244.o
[80/905] MWCC build/GEDE01/src/game/game_fn_800194D0.o
[81/905] MWCC build/GEDE01/src/game/game_fn_80019940.o
[82/905] MWCC build/GEDE01/src/game/game_fn_80019C10.o
[83/905] MWCC build/GEDE01/src/game/game_fn_80019D2C.o
[84/905] MWCC build/GEDE01/src/game/game_fn_80019F98.o
[85/905] MWCC build/GEDE01/src/game/game_fn_8001A6C4.o
[86/905] MWCC build/GEDE01/src/game/game_fn_8001AAB8.o
[87/905] MWCC build/GEDE01/src/game/game_fn_8001ADF8.o
[88/905] MWCC build/GEDE01/src/game/game_fn_8001AF68.o
[89/905] MWCC build/GEDE01/src/game/game_fn_8001B124.o
[90/905] MWCC build/GEDE01/src/game/game_fn_8001B294.o
[91/905] MWCC build/GEDE01/src/game/game_fn_8001B808.o
[92/905] MWCC build/GEDE01/src/game/game_fn_8001B874.o
[93/905] MWCC build/GEDE01/src/game/game_fn_8001C078.o
[94/905] MWCC build/GEDE01/src/game/game_fn_8001CA04.o
[95/905] MWCC build/GEDE01/src/game/game_fn_8001CD58.o
[96/905] MWCC build/GEDE01/src/game/game_fn_8001CE94.o
[97/905] MWCC build/GEDE01/src/game/game_fn_8001E644.o
[98/905] MWCC build/GEDE01/src/game/game_fn_8001FE1C.o
[99/905] MWCC build/GEDE01/src/game/game_fn_80020E94.o
[100/905] MWCC build/GEDE01/src/game/game_fn_80024F28.o
[101/905] MWCC build/GEDE01/src/game/game_fn_800272B4.o
[102/905] MWCC build/GEDE01/src/game/game_fn_8002B748.o
[103/905] MWCC build/GEDE01/src/game/game_fn_8002DAE0.o
[104/905] MWCC build/GEDE01/src/game/game_fn_8002E3F0.o
[105/905] MWCC build/GEDE01/src/game/game_fn_8002EA68.o
[106/905] MWCC build/GEDE01/src/game/game_fn_8002F428.o
[107/905] MWCC build/GEDE01/src/game/game_fn_80031544.o
[108/905] MWCC build/GEDE01/src/game/game_fn_8003232C.o
[109/905] MWCC build/GEDE01/src/game/game_fn_80032B84.o
[110/905] MWCC build/GEDE01/src/game/game_fn_80033038.o
[111/905] MWCC build/GEDE01/src/game/game_fn_80033180.o
[112/905] MWCC build/GEDE01/src/game/game_fn_800359A0.o
[113/905] MWCC build/GEDE01/src/game/game_fn_800361F8.o
[114/905] MWCC build/GEDE01/src/game/game_fn_80036C40.o
[115/905] MWCC build/GEDE01/src/game/game_fn_80038878.o
[116/905] MWCC build/GEDE01/src/game/game_fn_80048ADC.o
[117/905] MWCC build/GEDE01/src/game/game_fn_80048B24.o
[118/905] MWCC build/GEDE01/src/game/game_fn_8004998C.o
[119/905] MWCC build/GEDE01/src/game/game_fn_80052310.o
[120/905] MWCC build/GEDE01/src/game/game_fn_80050B08.o
[121/905] MWCC build/GEDE01/src/game/game_fn_800542D0.o
[122/905] MWCC build/GEDE01/src/game/game_fn_8005EC6C.o
[123/905] MWCC build/GEDE01/src/game/game_data_80239E10.o
[124/905] MWCC build/GEDE01/src/game/game_fn_8005EE9C.o
[125/905] MWCC build/GEDE01/src/game/game_data_80239E18.o
[126/905] MWCC build/GEDE01/src/game/game_fn_8005FD84.o
[127/905] MWCC build/GEDE01/src/game/game_fn_80066888.o
[128/905] MWCC build/GEDE01/src/game/game_fn_80066E78.o
[129/905] MWCC build/GEDE01/src/game/game_fn_8006B0F0.o
[130/905] MWCC build/GEDE01/src/game/game_fn_8006B620.o
[131/905] MWCC build/GEDE01/src/game/game_fn_8006E53C.o
[132/905] MWCC build/GEDE01/src/game/game_fn_80071A58.o
[133/905] MWCC build/GEDE01/src/game/game_fn_80078500.o
[134/905] MWCC build/GEDE01/src/game/game_fn_80074310.o
[135/905] MWCC build/GEDE01/src/game/game_fn_80079AA4.o
[136/905] MWCC build/GEDE01/src/game/game_fn_80079908.o
[137/905] MWCC build/GEDE01/src/game/game_fn_8007B2F4.o
[138/905] MWCC build/GEDE01/src/game/game_fn_8007B540.o
[139/905] MWCC build/GEDE01/src/game/game_fn_8007B640.o
[140/905] MWCC build/GEDE01/src/game/game_fn_8007B828.o
[141/905] MWCC build/GEDE01/src/game/game_fn_8007D4D8.o
[142/905] MWCC build/GEDE01/src/game/game_fn_8007BA3C.o
[143/905] MWCC build/GEDE01/src/game/game_fn_8007F770.o
[144/905] MWCC build/GEDE01/src/game/game_fn_800886D8.o
[145/905] MWCC build/GEDE01/src/game/game_fn_80088F4C.o
[146/905] MWCC build/GEDE01/src/game/game_fn_80089A34.o
[147/905] MWCC build/GEDE01/src/game/game_fn_8008A2E0.o
[148/905] MWCC build/GEDE01/src/game/game_fn_8008F224.o
[149/905] MWCC build/GEDE01/src/game/game_fn_8008F890.o
[150/905] MWCC build/GEDE01/src/game/game_fn_80090004.o
[151/905] MWCC build/GEDE01/src/game/game_fn_800934A0.o
[152/905] MWCC build/GEDE01/src/game/game_fn_80095D10.o
[153/905] MWCC build/GEDE01/src/game/game_fn_80095FDC.o
[154/905] MWCC build/GEDE01/src/game/game_fn_80096830.o
[155/905] MWCC build/GEDE01/src/game/game_fn_8009C424.o
[156/905] MWCC build/GEDE01/src/game/game_fn_8009E808.o
[157/905] MWCC build/GEDE01/src/game/game_fn_800A2130.o
[158/905] MWCC build/GEDE01/src/game/game_fn_800A2FCC.o
[159/905] MWCC build/GEDE01/src/game/game_fn_800A3180.o
[160/905] MWCC build/GEDE01/src/game/game_fn_800A3894.o
[161/905] MWCC build/GEDE01/src/game/game_fn_800A4428.o
[162/905] MWCC build/GEDE01/src/game/game_fn_800A4798.o
[163/905] MWCC build/GEDE01/src/game/game_fn_800A7E88.o
[164/905] MWCC build/GEDE01/src/game/game_fn_800AF230.o
[165/905] MWCC build/GEDE01/src/game/game_fn_800B2EC0.o
[166/905] MWCC build/GEDE01/src/game/game_fn_800BB5C4.o
[167/905] MWCC build/GEDE01/src/game/game_fn_800BB7A8.o
[168/905] MWCC build/GEDE01/src/game/game_fn_800BB9A4.o
[169/905] MWCC build/GEDE01/src/game/game_fn_800BBAF0.o
[170/905] MWCC build/GEDE01/src/game/game_fn_800C030C.o
[171/905] MWCC build/GEDE01/src/game/game_fn_800C17EC.o
[172/905] MWCC build/GEDE01/src/game/game_fn_800C59F0.o
[173/905] MWCC build/GEDE01/src/game/game_fn_800C644C.o
[174/905] MWCC build/GEDE01/src/game/game_fn_800C65FC.o
[175/905] MWCC build/GEDE01/src/game/game_fn_800C9C60.o
[176/905] MWCC build/GEDE01/src/game/game_fn_800CB760.o
[177/905] MWCC build/GEDE01/src/game/game_fn_800CB8F4.o
[178/905] MWCC build/GEDE01/src/game/game_fn_800CF598.o
[179/905] MWCC build/GEDE01/src/game/game_fn_800D9064.o
[180/905] MWCC build/GEDE01/src/game/game_fn_800D9E10.o
[181/905] MWCC build/GEDE01/src/game/game_fn_800E4980.o
[182/905] MWCC build/GEDE01/src/game/game_TRKNubWelcome.o
[183/905] MWCC build/GEDE01/src/game/game_TRK_main.o
[184/905] MWCC build/GEDE01/src/game/game_InitMetroTRKCommTable.o
[185/905] MWCC build/GEDE01/src/game/game_fn_800FD0C8.o
[186/905] MWCC build/GEDE01/src/game/game_fn_8010242C.o
[187/905] MWCC build/GEDE01/src/game/game_fn_801098C0.o
[188/905] MWCC build/GEDE01/src/game/game_fn_8010F184.o
[189/905] MWCC build/GEDE01/src/game/game_fn_801126E0.o
[190/905] MWCC build/GEDE01/src/game/game_fn_801128E4.o
[191/905] MWCC build/GEDE01/src/game/game_fn_801141B8.o
[192/905] MWCC build/GEDE01/src/game/game_fn_8011F140.o
[193/905] MWCC build/GEDE01/src/game/game_fn_801247F8.o
[194/905] MWCC build/GEDE01/src/game/game_fn_80126A00.o
[195/905] MWCC build/GEDE01/src/game/game_fn_8012976C.o
[196/905] MWCC build/GEDE01/src/game/game_fn_8012DB28.o
[197/905] MWCC build/GEDE01/src/game/game_fn_8013CBE4.o
[198/905] MWCC build/GEDE01/src/game/game_fn_8013D6A4.o
[199/905] MWCC build/GEDE01/src/game/game_fn_8014549C.o
[200/905] MWCC build/GEDE01/src/game/game_fn_8013DB8C.o
[201/905] MWCC build/GEDE01/src/game/game_fn_8014AF38.o
[202/905] MWCC build/GEDE01/src/game/game_fn_8014B494.o
[203/905] MWCC build/GEDE01/src/game/game_fn_8014BA14.o
[204/905] MWCC build/GEDE01/src/game/game_fn_8014CA98.o
[205/905] MWCC build/GEDE01/src/game/game_fn_801535D8.o
[206/905] MWCC build/GEDE01/src/game/game_fn_80153898.o
[207/905] MWCC build/GEDE01/src/game/game_fn_80154F74.o
[208/905] MWCC build/GEDE01/src/game/game_fn_80153A24.o
[209/905] MWCC build/GEDE01/src/game/game_fn_80157C0C.o
[210/905] MWCC build/GEDE01/src/game/game_fn_80155814.o
[211/905] MWCC build/GEDE01/src/game/game_fn_80158B20.o
[212/905] MWCC build/GEDE01/src/game/game_fn_80158D38.o
[213/905] MWCC build/GEDE01/src/game/game_fn_8015DB84.o
[214/905] MWCC build/GEDE01/src/game/game_fn_8015DC54.o
[215/905] MWCC build/GEDE01/src/game/game_fn_8015EDC0.o
[216/905] MWCC build/GEDE01/src/game/game_fn_80167454.o
[217/905] MWCC build/GEDE01/src/game/game_fn_80167B5C.o
[218/905] MWCC build/GEDE01/src/game/game_fn_80169650.o
[219/905] MWCC build/GEDE01/src/game/game_fn_8016BD0C.o
[220/905] MWCC build/GEDE01/src/game/game_fn_8016BE1C.o
[221/905] MWCC build/GEDE01/src/game/game_fn_8016C0BC.o
[222/905] MWCC build/GEDE01/src/game/game_fn_8016BF60.o
[223/905] MWCC build/GEDE01/src/game/game_fn_8016C164.o
[224/905] MWCC build/GEDE01/src/game/game_fn_8016C238.o
[225/905] MWCC build/GEDE01/src/game/game_fn_8016C774.o
[226/905] MWCC build/GEDE01/src/game/game_fn_8016C4BC.o
[227/905] MWCC build/GEDE01/src/game/game_fn_8016D040.o
[228/905] MWCC build/GEDE01/src/game/game_fn_8016D1F8.o
[229/905] MWCC build/GEDE01/src/game/game_fn_8016D9C0.o
[230/905] MWCC build/GEDE01/src/game/game_fn_8016D2B8.o
[231/905] MWCC build/GEDE01/src/game/game_fn_8016E8F8.o
[232/905] MWCC build/GEDE01/src/game/game_fn_8016DF4C.o
[233/905] MWCC build/GEDE01/src/game/game_fn_8016FEF8.o
[234/905] MWCC build/GEDE01/src/game/game_fn_8017038C.o
[235/905] MWCC build/GEDE01/src/game/game_fn_801704F8.o
[236/905] MWCC build/GEDE01/src/game/game_fn_801706DC.o
[237/905] MWCC build/GEDE01/src/game/game_fn_80170A40.o
[238/905] MWCC build/GEDE01/src/game/game_fn_80170DF4.o
[239/905] MWCC build/GEDE01/src/game/game_fn_80170E9C.o
[240/905] MWCC build/GEDE01/src/game/game_fn_8017138C.o
[241/905] MWCC build/GEDE01/src/game/game_fn_80171664.o
[242/905] MWCC build/GEDE01/src/game/game_fn_801718F4.o
[243/905] MWCC build/GEDE01/src/game/game_fn_801719B4.o
[244/905] MWCC build/GEDE01/src/game/game_fn_80171F30.o
[245/905] MWCC build/GEDE01/src/game/game_fn_801726EC.o
[246/905] MWCC build/GEDE01/src/game/game_fn_8017250C.o
[247/905] MWCC build/GEDE01/src/game/game_fn_80172BB0.o
[248/905] MWCC build/GEDE01/src/game/game_fn_80172C78.o
[249/905] MWCC build/GEDE01/src/game/game_fn_80172DB8.o
[250/905] MWCC build/GEDE01/src/game/game_fn_80173270.o
[251/905] MWCC build/GEDE01/src/game/game_fn_801734B4.o
[252/905] MWCC build/GEDE01/src/game/game_fn_80173770.o
[253/905] MWCC build/GEDE01/src/game/game_fn_80173D44.o
[254/905] MWCC build/GEDE01/src/game/game_fn_80173F04.o
[255/905] MWCC build/GEDE01/src/game/game_fn_80174184.o
[256/905] MWCC build/GEDE01/src/game/game_fn_80174358.o
[257/905] MWCC build/GEDE01/src/game/game_fn_801752B0.o
[258/905] MWCC build/GEDE01/src/game/game_fn_80174F2C.o
[259/905] MWCC build/GEDE01/src/game/game_fn_8017553C.o
[260/905] MWCC build/GEDE01/src/game/game_fn_80175A08.o
[261/905] MWCC build/GEDE01/src/game/game_fn_80175E64.o
[262/905] MWCC build/GEDE01/src/game/game_fn_80175F0C.o
[263/905] MWCC build/GEDE01/src/game/game_fn_80176098.o
[264/905] MWCC build/GEDE01/src/game/game_fn_80175FD4.o
[265/905] MWCC build/GEDE01/src/game/game_fn_80176160.o
[266/905] MWCC build/GEDE01/src/game/game_fn_80176220.o
[267/905] MWCC build/GEDE01/src/game/game_fn_8017652C.o
[268/905] MWCC build/GEDE01/src/game/game_fn_801762E8.o
[269/905] MWCC build/GEDE01/src/game/game_fn_80176FA0.o
[270/905] MWCC build/GEDE01/src/game/game_fn_80176DF4.o
[271/905] MWCC build/GEDE01/src/game/game_fn_8017718C.o
[272/905] MWCC build/GEDE01/src/game/game_fn_801770F8.o
[273/905] MWCC build/GEDE01/src/game/game_fn_80178F88.o
[274/905] MWCC build/GEDE01/src/game/game_fn_80177434.o
[275/905] MWCC build/GEDE01/src/game/game_fn_80179398.o
[276/905] MWCC build/GEDE01/src/game/game_fn_8017960C.o
[277/905] MWCC build/GEDE01/src/game/game_fn_8017974C.o
[278/905] MWCC build/GEDE01/src/game/game_fn_80179904.o
[279/905] MWCC build/GEDE01/src/game/game_fn_80179A18.o
[280/905] MWCC build/GEDE01/src/game/game_fn_80179A74.o
[281/905] MWCC build/GEDE01/src/game/game_fn_80179EB8.o
[282/905] MWCC build/GEDE01/src/game/game_fn_80179F20.o
[283/905] MWCC build/GEDE01/src/game/game_fn_8017A010.o
[284/905] MWCC build/GEDE01/src/game/game_fn_8017A12C.o
[285/905] MWCC build/GEDE01/src/game/game_fn_8017A1C0.o
[286/905] MWCC build/GEDE01/src/game/game_fn_8017A9B8.o
[287/905] MWCC build/GEDE01/src/game/game_fn_8017AC20.o
[288/905] MWCC build/GEDE01/src/game/game_fn_8017E850.o
[289/905] MWCC build/GEDE01/src/game/game_fn_8017E958.o
[290/905] MWCC build/GEDE01/src/game/game_fn_80180DDC.o
[291/905] MWCC build/GEDE01/src/game/game_fn_801810A0.o
[292/905] MWCC build/GEDE01/src/game/game_fn_801816D4.o
[293/905] MWCC build/GEDE01/src/game/game_fn_801859FC.o
[294/905] MWCC build/GEDE01/src/game/game_fn_80185AE8.o
[295/905] MWCC build/GEDE01/src/game/game_fn_80185F10.o
[296/905] MWCC build/GEDE01/src/game/game_fn_801861C4.o
[297/905] MWCC build/GEDE01/src/game/game_fn_801865EC.o
[298/905] MWCC build/GEDE01/src/game/game_fn_8018680C.o
[299/905] MWCC build/GEDE01/src/game/game_fn_80186E10.o
[300/905] MWCC build/GEDE01/src/game/game_fn_80186F70.o
[301/905] MWCC build/GEDE01/src/game/game_fn_80187120.o
[302/905] MWCC build/GEDE01/src/game/game_fn_80187320.o
[303/905] MWCC build/GEDE01/src/game/game_fn_801875FC.o
[304/905] MWCC build/GEDE01/src/game/game_fn_801878E0.o
[305/905] MWCC build/GEDE01/src/game/game_fn_80187BB4.o
[306/905] MWCC build/GEDE01/src/game/game_fn_80188A7C.o
[307/905] MWCC build/GEDE01/src/game/game_fn_80188B44.o
[308/905] MWCC build/GEDE01/src/game/game_fn_80188C1C.o
[309/905] MWCC build/GEDE01/src/game/game_fn_80188E28.o
[310/905] MWCC build/GEDE01/src/game/game_fn_80189028.o
[311/905] MWCC build/GEDE01/src/game/game_fn_801891D8.o
[312/905] MWCC build/GEDE01/src/game/game_fn_80189390.o
[313/905] MWCC build/GEDE01/src/game/game_fn_801895E8.o
[314/905] MWCC build/GEDE01/src/game/game_fn_801896A0.o
[315/905] MWCC build/GEDE01/src/game/game_fn_80189760.o
[316/905] MWCC build/GEDE01/src/game/game_fn_80189968.o
[317/905] MWCC build/GEDE01/src/game/game_fn_80189C14.o
[318/905] MWCC build/GEDE01/src/game/game_fn_8018C2D0.o
[319/905] MWCC build/GEDE01/src/game/game_fn_8018D1F0.o
[320/905] MWCC build/GEDE01/src/game/game_fn_8018D2E0.o
[321/905] MWCC build/GEDE01/src/game/game_fn_8018D400.o
[322/905] MWCC build/GEDE01/src/game/game_fn_8018D688.o
[323/905] MWCC build/GEDE01/src/game/game_fn_8018DC24.o
[324/905] MWCC build/GEDE01/src/game/game_fn_8018E0D8.o
[325/905] MWCC build/GEDE01/src/game/game_fn_8018F1D0.o
[326/905] MWCC build/GEDE01/src/game/game_fn_8018F81C.o
[327/905] MWCC build/GEDE01/src/game/game_fn_8018FEDC.o
[328/905] MWCC build/GEDE01/src/game/game_fn_8019120C.o
[329/905] MWCC build/GEDE01/src/game/game_fn_80191360.o
[330/905] MWCC build/GEDE01/src/game/game_fn_801916D0.o
[331/905] MWCC build/GEDE01/src/game/game_fn_8019197C.o
[332/905] MWCC build/GEDE01/src/game/game_fn_80191F58.o
[333/905] MWCC build/GEDE01/src/game/game_fn_801926EC.o
[334/905] MWCC build/GEDE01/src/game/game_fn_80192F54.o
[335/905] MWCC build/GEDE01/src/game/game_fn_801929A4.o
[336/905] MWCC build/GEDE01/src/game/game_fn_80193E1C.o
[337/905] MWCC build/GEDE01/src/game/game_fn_801931C4.o
[338/905] MWCC build/GEDE01/src/game/game_fn_80193F3C.o
[339/905] MWCC build/GEDE01/src/game/game_fn_80194F80.o
[340/905] MWCC build/GEDE01/src/game/game_fn_80197910.o
[341/905] MWCC build/GEDE01/src/game/game_fn_801952E8.o
[342/905] MWCC build/GEDE01/src/game/game_fn_80198154.o
[343/905] MWCC build/GEDE01/src/game/game_fn_80198AAC.o
[344/905] MWCC build/GEDE01/src/game/game_fn_80198BF4.o
[345/905] MWCC build/GEDE01/src/game/game_fn_801991E0.o
[346/905] MWCC build/GEDE01/src/game/game_fn_8019CC28.o
[347/905] MWCC build/GEDE01/src/game/game_fn_8019B1BC.o
[348/905] MWCC build/GEDE01/src/game/game_fn_8019CFC4.o
[349/905] MWCC build/GEDE01/src/game/game_fn_8019E5E4.o
[350/905] MWCC build/GEDE01/src/game/game_fn_801A1F18.o
[351/905] MWCC build/GEDE01/src/game/game_fn_8019E8C8.o
[352/905] MWCC build/GEDE01/src/game/game_fn_801A2A54.o
[353/905] MWCC build/GEDE01/src/game/game_fn_801A34BC.o
[354/905] MWCC build/GEDE01/src/game/game_fn_801A3A78.o
[355/905] MWCC build/GEDE01/src/game/game_fn_801A4CE0.o
[356/905] MWCC build/GEDE01/src/game/game_fn_801A6410.o
[357/905] MWCC build/GEDE01/src/game/game_fn_801A5FB0.o
[358/905] MWCC build/GEDE01/src/game/game_fn_801A657C.o
[359/905] MWCC build/GEDE01/src/game/game_fn_801A6ADC.o
[360/905] MWCC build/GEDE01/src/game/game_fn_801A6C58.o
[361/905] MWCC build/GEDE01/src/game/game_fn_801A6CB4.o
[362/905] MWCC build/GEDE01/src/game/game_fn_801A7E04.o
[363/905] MWCC build/GEDE01/src/game/game_fn_801A7EA8.o
[364/905] MWCC build/GEDE01/src/game/game_fn_801AB154.o
[365/905] MWCC build/GEDE01/src/game/game_fn_801A93E8.o
[366/905] MWCC build/GEDE01/src/game/game_fn_801ABD3C.o
[367/905] MWCC build/GEDE01/src/game/game_fn_801AC8AC.o
[368/905] MWCC build/GEDE01/src/game/game_fn_801ACFE8.o
[369/905] MWCC build/GEDE01/src/game/game_fn_801AD08C.o
[370/905] MWCC build/GEDE01/src/game/game_fn_801AFA74.o
[371/905] MWCC build/GEDE01/src/game/game_fn_801B02F0.o
[372/905] MWCC build/GEDE01/src/game/game_fn_801B35BC.o
[373/905] MWCC build/GEDE01/src/game/game_fn_801B1BA0.o
[374/905] MWCC build/GEDE01/src/game/game_fn_801B4FB4.o
[375/905] MWCC build/GEDE01/src/game/game_fn_801B46C8.o
[376/905] MWCC build/GEDE01/src/game/game_fn_801B58F0.o
[377/905] MWCC build/GEDE01/src/game/game_fn_801B5228.o
[378/905] MWCC build/GEDE01/src/game/game_fn_801B6F1C.o
[379/905] MWCC build/GEDE01/src/game/game_fn_801B86C0.o
[380/905] MWCC build/GEDE01/src/game/game_fn_801B941C.o
[381/905] MWCC build/GEDE01/src/game/game_fn_801B9E7C.o
[382/905] MWCC build/GEDE01/src/game/game_fn_801BA15C.o
[383/905] MWCC build/GEDE01/src/game/game_fn_801BA708.o
[384/905] MWCC build/GEDE01/src/game/game_fn_801BB1A0.o
[385/905] MWCC build/GEDE01/src/game/game_fn_801BC0D4.o
[386/905] MWCC build/GEDE01/src/game/game_fn_801BC240.o
[387/905] MWCC build/GEDE01/src/game/game_fn_801BC8F4.o
[388/905] MWCC build/GEDE01/src/game/game_fn_801BCC04.o
[389/905] MWCC build/GEDE01/src/game/game_fn_801BD990.o
[390/905] MWCC build/GEDE01/src/game/game_fn_801BDE7C.o
[391/905] MWCC build/GEDE01/src/game/game_fn_801BE0D4.o
[392/905] MWCC build/GEDE01/src/game/game_fn_801C1CB0.o
[393/905] MWCC build/GEDE01/src/game/game_fn_801BEF40.o
[394/905] MWCC build/GEDE01/src/game/game_fn_801C2980.o
[395/905] MWCC build/GEDE01/src/game/game_fn_801C29BC.o
[396/905] MWCC build/GEDE01/src/game/game_fn_801C2AAC.o
[397/905] MWCC build/GEDE01/src/game/game_fn_801C2D9C.o
[398/905] MWCC build/GEDE01/src/game/game_fn_801C8160.o
[399/905] MWCC build/GEDE01/src/game/game_fn_801C8224.o
[400/905] MWCC build/GEDE01/src/game/game_fn_801C4B5C.o
[401/905] MWCC build/GEDE01/src/game/game_fn_801C8600.o
[402/905] MWCC build/GEDE01/src/game/game_fn_801C87DC.o
[403/905] MWCC build/GEDE01/src/game/game_fn_801C8CC0.o
[404/905] MWCC build/GEDE01/src/game/game_fn_801C8F50.o
[405/905] MWCC build/GEDE01/src/game/game_fn_801C90A4.o
[406/905] MWCC build/GEDE01/src/game/game_fn_801C9510.o
[407/905] MWCC build/GEDE01/src/game/game_fn_801C970C.o
[408/905] MWCC build/GEDE01/src/game/game_fn_801C9A08.o
[409/905] MWCC build/GEDE01/src/game/game_fn_801C9B1C.o
[410/905] MWCC build/GEDE01/src/game/game_fn_801CB4F8.o
[411/905] MWCC build/GEDE01/src/game/game_fn_801CD228.o
[412/905] MWCC build/GEDE01/src/game/game_fn_801CE09C.o
[413/905] MWCC build/GEDE01/src/game/game_fn_801CE594.o
[414/905] MWCC build/GEDE01/src/game/game_fn_801D1B10.o
[415/905] MWCC build/GEDE01/src/game/game_fn_801D1F78.o
[416/905] MWCC build/GEDE01/src/game/game_fn_801D3988.o
[417/905] MWCC build/GEDE01/src/game/game_fn_801D76A8.o
[418/905] MWCC build/GEDE01/src/game/game_fn_801D7C24.o
[419/905] MWCC build/GEDE01/src/game/game_fn_801D8050.o
[420/905] MWCC build/GEDE01/src/game/game_fn_801D9FE4.o
[421/905] MWCC build/GEDE01/src/game/game_fn_801E2A48.o
[422/905] MWCC build/GEDE01/src/game/game_fn_801E41AC.o
[423/905] MWCC build/GEDE01/src/game/game_fn_801E504C.o
[424/905] MWCC build/GEDE01/src/game/game_fn_801E6814.o
[425/905] MWCC build/GEDE01/src/game/game_fn_801E995C.o
[426/905] MWCC build/GEDE01/src/game/game_fn_801EB09C.o
[427/905] MWCC build/GEDE01/src/game/game_fn_801EB11C.o
[428/905] MWCC build/GEDE01/src/game/game_fn_801ECD74.o
[429/905] MWCC build/GEDE01/src/game/game_fn_801ECF50.o
[430/905] MWCC build/GEDE01/src/game/game_fn_801EF580.o
[431/905] MWCC build/GEDE01/src/game/game_fn_801ED5F4.o
[432/905] MWCC build/GEDE01/src/game/game_fn_801EF910.o
[433/905] MWCC build/GEDE01/src/game/game_fn_801F0CB0.o
[434/905] MWCC build/GEDE01/src/game/game_fn_801F10BC.o
[435/905] MWCC build/GEDE01/src/game/game_fn_801F1A38.o
[436/905] MWCC build/GEDE01/src/game/game_fn_801F35A8.o
[437/905] MWCC build/GEDE01/src/game/game_fn_801F55A0.o
[438/905] MWCC build/GEDE01/src/game/game_fn_801F69F0.o
[439/905] MWCC build/GEDE01/src/game/game_fn_801F6BD8.o
[440/905] MWCC build/GEDE01/src/game/game_fn_801F7510.o
[441/905] MWCC build/GEDE01/src/game/game_fn_801F76EC.o
[442/905] MWCC build/GEDE01/src/game/game_fn_801F8264.o
[443/905] MWCC build/GEDE01/src/game/game_fn_801F89B4.o
[444/905] MWCC build/GEDE01/src/game/game_fn_801F9AF8.o
[445/905] MWCC build/GEDE01/src/game/game_fn_801F9CF4.o
[446/905] MWCC build/GEDE01/src/game/game_fn_801FA9C8.o
[447/905] MWCC build/GEDE01/src/game/game_fn_801FB6A4.o
[448/905] MWCC build/GEDE01/src/game/game_fn_801FC034.o
[449/905] MWCC build/GEDE01/src/game/game_fn_801FC204.o
[450/905] MWCC build/GEDE01/src/game/game_fn_801FFE78.o
[451/905] EXTERNALIZE build/GEDE01/src/game/game_fn_80175A08.o
[452/905] EXTERNALIZE build/GEDE01/src/game/game_fn_80066E78.o
[453/905] EXTERNALIZE build/GEDE01/src/game/game_fn_801247F8.o
[454/905] EXTERNALIZE build/GEDE01/src/game/game_fn_801EF910.o
[455/905] EXTERNALIZE build/GEDE01/src/game/game_fn_801ECF50.o
[456/905] EXTERNALIZE build/GEDE01/src/game/game_fn_801FC204.o
[457/905] EXTERNALIZE JUMPTABLES build/GEDE01/src/game/game_fn_80050B08.o
[458/905] EXTERNALIZE build/GEDE01/src/game/game_fn_801EB09C.o
[459/905] EXTERNALIZE build/GEDE01/src/game/game_fn_801EB11C.o
[460/905] EXTERNALIZE build/GEDE01/src/game/game_fn_801E41AC.o
[461/905] EXTERNALIZE build/GEDE01/src/game/game_fn_801D9FE4.o
[462/905] EXTERNALIZE build/GEDE01/src/game/game_fn_801D76A8.o
[463/905] EXTERNALIZE build/GEDE01/src/game/game_fn_801D8050.o
[464/905] EXTERNALIZE build/GEDE01/src/game/game_fn_801D7C24.o
[465/905] EXTERNALIZE build/GEDE01/src/game/game_fn_8019B1BC.o
[466/905] EXTERNALIZE build/GEDE01/src/game/game_fn_80178F88.o
[467/905] EXTERNALIZE build/GEDE01/src/game/game_fn_801CD228.o
[468/905] EXTERNALIZE build/GEDE01/src/game/game_fn_801C970C.o
[469/905] EXTERNALIZE build/GEDE01/src/game/game_fn_801BA15C.o
[470/905] EXTERNALIZE build/GEDE01/src/game/game_fn_801C9510.o
[471/905] EXTERNALIZE build/GEDE01/src/game/game_fn_80126A00.o
[472/905] EXTERNALIZE build/GEDE01/src/game/game_fn_8013D6A4.o
[473/905] EXTERNALIZE build/GEDE01/src/game/game_fn_800C9C60.o
[474/905] EXTERNALIZE build/GEDE01/src/game/game_fn_801B5228.o
[475/905] EXTERNALIZE build/GEDE01/src/game/game_fn_801B4FB4.o
[476/905] EXTERNALIZE build/GEDE01/src/game/game_fn_801C87DC.o
[477/905] EXTERNALIZE build/GEDE01/src/game/game_fn_801B6F1C.o
[478/905] EXTERNALIZE build/GEDE01/src/game/game_fn_801C8CC0.o
[479/905] EXTERNALIZE build/GEDE01/src/game/game_fn_800FD0C8.o
[480/905] EXTERNALIZE build/GEDE01/src/game/game_fn_801BDE7C.o
[481/905] EXTERNALIZE build/GEDE01/src/game/game_fn_801BE0D4.o
[482/905] EXTERNALIZE STATIC POOL build/GEDE01/src/game/game_fn_801C9A08.o
build/GEDE01/src/game/game_fn_801C9A08.o: lbl_80629390 now undefined; section 3 emptied
[483/905] EXTERNALIZE STATIC POOL build/GEDE01/src/game/game_fn_801C9B1C.o
build/GEDE01/src/game/game_fn_801C9B1C.o: lbl_80629390 now undefined; section 3 emptied
[484/905] EXTERNALIZE build/GEDE01/src/game/game_fn_801B941C.o
[485/905] EXTERNALIZE STATIC POOL build/GEDE01/src/game/game_fn_801BD990.o
build/GEDE01/src/game/game_fn_801BD990.o: lbl_80626D80 now undefined; section 6 emptied
[486/905] EXTERNALIZE STATIC POOL build/GEDE01/src/game/game_fn_801B58F0.o
build/GEDE01/src/game/game_fn_801B58F0.o: lbl_8060C020 now undefined; section 3 emptied
[487/905] EXTERNALIZE STATIC POOL build/GEDE01/src/game/game_fn_801B9E7C.o
build/GEDE01/src/game/game_fn_801B9E7C.o: 0 relocation(s) moved from streamInfo to ...bss.0
build/GEDE01/src/game/game_fn_801B9E7C.o: lbl_8061AE48 now undefined; section 6 emptied
[488/905] EXTERNALIZE STATIC POOL build/GEDE01/src/game/game_fn_801BB1A0.o
build/GEDE01/src/game/game_fn_801BB1A0.o: 0 relocation(s) moved from streamInfo to ...bss.0
build/GEDE01/src/game/game_fn_801BB1A0.o: lbl_8061AE48 now undefined; section 6 emptied
[489/905] EXTERNALIZE STATIC build/GEDE01/src/game/game_fn_801B35BC.o
build/GEDE01/src/game/game_fn_801B35BC.o: lbl_8060D420 now undefined; section 6 emptied
[490/905] EXTERNALIZE STATIC POOL build/GEDE01/src/game/game_fn_801BA708.o
build/GEDE01/src/game/game_fn_801BA708.o: 0 relocation(s) moved from streamInfo to ...bss.0
build/GEDE01/src/game/game_fn_801BA708.o: lbl_8061AE48 now undefined; section 6 emptied
[491/905] EXTERNALIZE STATIC POOL build/GEDE01/src/game/game_fn_801BC8F4.o
build/GEDE01/src/game/game_fn_801BC8F4.o: lbl_8061C748 now undefined; section 6 emptied
[492/905] EXTERNALIZE STATIC build/GEDE01/src/game/game_fn_801BC240.o
build/GEDE01/src/game/game_fn_801BC240.o: lbl_8061C748 now undefined; section 6 emptied
[493/905] EXTERNALIZE STATIC POOL build/GEDE01/src/game/game_fn_801BCC04.o
build/GEDE01/src/game/game_fn_801BCC04.o: lbl_8061C748 now undefined; section 6 emptied
[494/905] EXTERNALIZE STATIC POOL build/GEDE01/src/game/game_fn_801BC0D4.o
build/GEDE01/src/game/game_fn_801BC0D4.o: lbl_8061C748 now undefined; section 6 emptied
[495/905] EXTERNALIZE STATIC POOL build/GEDE01/src/game/game_fn_801C1CB0.o
build/GEDE01/src/game/game_fn_801C1CB0.o: lbl_80626DA0 now undefined; section 3 emptied
[496/905] RENAME build/GEDE01/src/game/game_InitMetroTRKCommTable.o
[497/905] EXTERNALIZE STATIC POOL build/GEDE01/src/game/game_fn_801CE09C.o
build/GEDE01/src/game/game_fn_801CE09C.o: lbl_80631340 now undefined; section 6 emptied
[498/905] RENAME RUNTIME INTRINSICS build/GEDE01/src/game/game_fn_801CB4F8.o
[499/905] EXTERNALIZE STATIC POOL build/GEDE01/src/game/game_fn_8010242C.o
build/GEDE01/src/game/game_fn_8010242C.o: lbl_8032CC08 now undefined; section 3 emptied
[500/905] EXTERNALIZE build/GEDE01/src/game/game_fn_801D3988.o
[501/905] EXTERNALIZE build/GEDE01/src/game/game_fn_801D1B10.o
[502/905] ALIGN DATA build/GEDE01/src/game/game_fn_80008014.o
[503/905] EXTERNALIZE build/GEDE01/src/game/game_fn_801CE594.o
[504/905] EXTERNALIZE build/GEDE01/src/game/game_fn_8014549C.o
[505/905] EXTERNALIZE build/GEDE01/src/game/game_fn_801C8224.o
[506/905] EXTERNALIZE build/GEDE01/src/game/game_fn_801098C0.o
[507/905] EXTERNALIZE build/GEDE01/src/game/game_fn_8000FDE8.o
[508/905] EXTERNALIZE build/GEDE01/src/game/game_fn_80185F10.o
[509/905] EXTERNALIZE build/GEDE01/src/game/game_fn_801C29BC.o
[510/905] EXTERNALIZE build/GEDE01/src/game/game_fn_801C8F50.o
[511/905] EXTERNALIZE build/GEDE01/src/game/game_fn_8007B828.o
[512/905] EXTERNALIZE build/GEDE01/src/game/game_fn_801C90A4.o
[513/905] EXTERNALIZE build/GEDE01/src/game/game_fn_801C8160.o
[514/905] EXTERNALIZE build/GEDE01/src/game/game_fn_801C2AAC.o
[515/905] EXTERNALIZE build/GEDE01/src/game/game_fn_801C2D9C.o
[516/905] EXTERNALIZE build/GEDE01/src/game/game_fn_801C2980.o
[517/905] EXTERNALIZE build/GEDE01/src/game/game_fn_801B02F0.o
[518/905] EXTERNALIZE build/GEDE01/src/game/game_fn_801AFA74.o
[519/905] EXTERNALIZE build/GEDE01/src/game/game_fn_801AC8AC.o
[520/905] EXTERNALIZE build/GEDE01/src/game/game_fn_801ABD3C.o
[521/905] EXTERNALIZE build/GEDE01/src/game/game_fn_801816D4.o
[522/905] EXTERNALIZE build/GEDE01/src/game/game_fn_8011F140.o
[523/905] EXTERNALIZE build/GEDE01/src/game/game_fn_801AD08C.o
[524/905] EXTERNALIZE build/GEDE01/src/game/game_fn_8004998C.o
[525/905] EXTERNALIZE build/GEDE01/src/game/game_fn_80079AA4.o
[526/905] EXTERNALIZE build/GEDE01/src/game/game_fn_80158D38.o
[527/905] EXTERNALIZE build/GEDE01/src/game/game_fn_801A3A78.o
[528/905] EXTERNALIZE build/GEDE01/src/game/game_fn_8008F224.o
[529/905] EXTERNALIZE build/GEDE01/src/game/game_fn_80167454.o
[530/905] EXTERNALIZE build/GEDE01/src/game/game_fn_800AF230.o
[531/905] EXTERNALIZE build/GEDE01/src/game/game_fn_801A93E8.o
[532/905] EXTERNALIZE build/GEDE01/src/game/game_fn_801AB154.o
[533/905] EXTERNALIZE build/GEDE01/src/game/game_fn_801A7EA8.o
[534/905] EXTERNALIZE build/GEDE01/src/game/game_fn_801A7E04.o
[535/905] EXTERNALIZE build/GEDE01/src/game/game_fn_801A6CB4.o
[536/905] EXTERNALIZE build/GEDE01/src/game/game_fn_801A6C58.o
[537/905] EXTERNALIZE build/GEDE01/src/game/game_fn_801A4CE0.o
[538/905] NAME JUMPTABLE build/GEDE01/src/game/game_fn_801A6ADC.o
[539/905] EXTERNALIZE build/GEDE01/src/game/game_fn_801A6410.o
[540/905] EXTERNALIZE build/GEDE01/src/game/game_fn_801A1F18.o
[541/905] EXTERNALIZE build/GEDE01/src/game/game_fn_801A5FB0.o
[542/905] EXTERNALIZE build/GEDE01/src/game/game_fn_8019E8C8.o
[543/905] EXTERNALIZE build/GEDE01/src/game/game_fn_8019E5E4.o
[544/905] EXTERNALIZE build/GEDE01/src/game/game_fn_8019CFC4.o
[545/905] EXTERNALIZE build/GEDE01/src/game/game_fn_8019CC28.o
[546/905] EXTERNALIZE build/GEDE01/src/game/game_fn_80198BF4.o
[547/905] EXTERNALIZE build/GEDE01/src/game/game_fn_801991E0.o
[548/905] EXTERNALIZE build/GEDE01/src/game/game_fn_80198154.o
[549/905] EXTERNALIZE build/GEDE01/src/game/game_fn_80198AAC.o
[550/905] EXTERNALIZE build/GEDE01/src/game/game_fn_80194F80.o
[551/905] EXTERNALIZE build/GEDE01/src/game/game_fn_80177434.o
repointed 2 relocations to lbl_80250588
[552/905] EXTERNALIZE build/GEDE01/src/game/game_fn_80197910.o
[553/905] EXTERNALIZE build/GEDE01/src/game/game_fn_80193E1C.o
[554/905] EXTERNALIZE build/GEDE01/src/game/game_fn_801931C4.o
[555/905] EXTERNALIZE build/GEDE01/src/game/game_fn_80193F3C.o
[556/905] EXTERNALIZE build/GEDE01/src/game/game_fn_80192F54.o
[557/905] EXTERNALIZE build/GEDE01/src/game/game_fn_8019197C.o
[558/905] EXTERNALIZE build/GEDE01/src/game/game_fn_80191F58.o
[559/905] EXTERNALIZE build/GEDE01/src/game/game_fn_80191360.o
[560/905] GLOBALIZE build/GEDE01/src/game/game_fn_8018F1D0.o
[561/905] EXTERNALIZE build/GEDE01/src/game/game_fn_8018D688.o
[562/905] EXTERNALIZE build/GEDE01/src/game/game_fn_8018F81C.o
[563/905] EXTERNALIZE build/GEDE01/src/game/game_fn_8018D2E0.o
[564/905] EXTERNALIZE build/GEDE01/src/game/game_fn_80189968.o
[565/905] EXTERNALIZE build/GEDE01/src/game/game_fn_8018D1F0.o
[566/905] EXTERNALIZE build/GEDE01/src/game/game_fn_80189760.o
[567/905] EXTERNALIZE build/GEDE01/src/game/game_fn_801896A0.o
[568/905] EXTERNALIZE build/GEDE01/src/game/game_fn_801895E8.o
[569/905] EXTERNALIZE build/GEDE01/src/game/game_fn_80189390.o
[570/905] EXTERNALIZE build/GEDE01/src/game/game_fn_801891D8.o
[571/905] EXTERNALIZE build/GEDE01/src/game/game_fn_80188E28.o
[572/905] EXTERNALIZE build/GEDE01/src/game/game_fn_80189028.o
[573/905] EXTERNALIZE build/GEDE01/src/game/game_fn_80188B44.o
[574/905] EXTERNALIZE build/GEDE01/src/game/game_fn_80188C1C.o
[575/905] EXTERNALIZE build/GEDE01/src/game/game_fn_80188A7C.o
[576/905] EXTERNALIZE build/GEDE01/src/game/game_fn_801878E0.o
[577/905] EXTERNALIZE build/GEDE01/src/game/game_fn_80187120.o
[578/905] EXTERNALIZE build/GEDE01/src/game/game_fn_8018FEDC.o
[579/905] EXTERNALIZE build/GEDE01/src/game/game_fn_80186E10.o
[580/905] EXTERNALIZE build/GEDE01/src/game/game_fn_801865EC.o
[581/905] EXTERNALIZE build/GEDE01/src/game/game_fn_80185AE8.o
[582/905] EXTERNALIZE build/GEDE01/src/game/game_fn_801859FC.o
[583/905] EXTERNALIZE build/GEDE01/src/game/game_fn_80180DDC.o
[584/905] EXTERNALIZE build/GEDE01/src/game/game_fn_8017E958.o
[585/905] EXTERNALIZE build/GEDE01/src/game/game_fn_8017E850.o
[586/905] EXTERNALIZE build/GEDE01/src/game/game_fn_8017718C.o
[587/905] EXTERNALIZE build/GEDE01/src/game/game_fn_801770F8.o
[588/905] EXTERNALIZE build/GEDE01/src/game/game_fn_80176FA0.o
[589/905] EXTERNALIZE build/GEDE01/src/game/game_fn_80176DF4.o
[590/905] EXTERNALIZE build/GEDE01/src/game/game_fn_80174358.o
[591/905] EXTERNALIZE build/GEDE01/src/game/game_fn_80173F04.o
[592/905] EXTERNALIZE build/GEDE01/src/game/game_fn_80174184.o
[593/905] EXTERNALIZE build/GEDE01/src/game/game_fn_8017553C.o
[594/905] EXTERNALIZE build/GEDE01/src/game/game_fn_80173770.o
[595/905] EXTERNALIZE build/GEDE01/src/game/game_fn_80173D44.o
[596/905] EXTERNALIZE build/GEDE01/src/game/game_fn_801734B4.o
[597/905] EXTERNALIZE build/GEDE01/src/game/game_fn_80173270.o
[598/905] EXTERNALIZE build/GEDE01/src/game/game_fn_80172C78.o
[599/905] EXTERNALIZE build/GEDE01/src/game/game_fn_80172DB8.o
[600/905] EXTERNALIZE build/GEDE01/src/game/game_fn_80172BB0.o
[601/905] EXTERNALIZE build/GEDE01/src/game/game_fn_801726EC.o
[602/905] EXTERNALIZE build/GEDE01/src/game/game_fn_80171F30.o
[603/905] EXTERNALIZE build/GEDE01/src/game/game_fn_8017250C.o
[604/905] EXTERNALIZE build/GEDE01/src/game/game_fn_801719B4.o
[605/905] EXTERNALIZE build/GEDE01/src/game/game_fn_801718F4.o
[606/905] EXTERNALIZE build/GEDE01/src/game/game_fn_80171664.o
[607/905] EXTERNALIZE build/GEDE01/src/game/game_fn_8017138C.o
[608/905] EXTERNALIZE build/GEDE01/src/game/game_fn_801706DC.o
[609/905] EXTERNALIZE build/GEDE01/src/game/game_fn_80170A40.o
[610/905] NORMALIZE build/GEDE01/src/game/game_TRKNubWelcome.o
[611/905] NORMALIZE build/GEDE01/src/game/game_TRK_main.o
[612/905] NORMALIZE build/GEDE01/src/game/game_data_80239E10.o
[613/905] NORMALIZE build/GEDE01/src/game/game_data_80239E18.o
[614/905] EXTERNALIZE build/GEDE01/src/game/game_fn_80170E9C.o
[615/905] EXTERNALIZE build/GEDE01/src/game/game_fn_8017652C.o
[616/905] EXTERNALIZE build/GEDE01/src/game/game_fn_80175E64.o
[617/905] EXTERNALIZE build/GEDE01/src/game/game_fn_80175F0C.o
[618/905] EXTERNALIZE build/GEDE01/src/game/game_fn_80175FD4.o
[619/905] EXTERNALIZE build/GEDE01/src/game/game_fn_80176098.o
[620/905] EXTERNALIZE build/GEDE01/src/game/game_fn_80176220.o
[621/905] EXTERNALIZE build/GEDE01/src/game/game_fn_80176160.o
[622/905] EXTERNALIZE build/GEDE01/src/game/game_fn_80170DF4.o
[623/905] EXTERNALIZE build/GEDE01/src/game/game_fn_801762E8.o
[624/905] EXTERNALIZE build/GEDE01/src/game/game_fn_8016E8F8.o
[625/905] EXTERNALIZE build/GEDE01/src/game/game_fn_8016FEF8.o
[626/905] EXTERNALIZE build/GEDE01/src/game/game_fn_801704F8.o
[627/905] NORMALIZE build/GEDE01/src/game/game_fn_8016DF4C.o
[628/905] EXTERNALIZE build/GEDE01/src/game/game_fn_8016D2B8.o
[629/905] EXTERNALIZE build/GEDE01/src/game/game_fn_8016D040.o
[630/905] EXTERNALIZE build/GEDE01/src/game/game_fn_8016D1F8.o
[631/905] EXTERNALIZE build/GEDE01/src/game/game_fn_8016C774.o
[632/905] EXTERNALIZE build/GEDE01/src/game/game_fn_8016C4BC.o
[633/905] EXTERNALIZE build/GEDE01/src/game/game_fn_8016C164.o
[634/905] EXTERNALIZE build/GEDE01/src/game/game_fn_8016C238.o
[635/905] EXTERNALIZE build/GEDE01/src/game/game_fn_8016C0BC.o
[636/905] EXTERNALIZE build/GEDE01/src/game/game_fn_8017038C.o
[637/905] EXTERNALIZE build/GEDE01/src/game/game_fn_8016BE1C.o
[638/905] EXTERNALIZE build/GEDE01/src/game/game_fn_8016BF60.o
[639/905] EXTERNALIZE build/GEDE01/src/game/game_fn_8016BD0C.o
[640/905] EXTERNALIZE build/GEDE01/src/game/game_fn_80169650.o
[641/905] EXTERNALIZE build/GEDE01/src/game/game_fn_8015EDC0.o
[642/905] EXTERNALIZE build/GEDE01/src/game/game_fn_80167B5C.o
[643/905] EXTERNALIZE build/GEDE01/src/game/game_fn_8015DB84.o
[644/905] EXTERNALIZE build/GEDE01/src/game/game_fn_8015DC54.o
[645/905] EXTERNALIZE build/GEDE01/src/game/game_fn_80179398.o
[646/905] EXTERNALIZE build/GEDE01/src/game/game_fn_80158B20.o
[647/905] EXTERNALIZE build/GEDE01/src/game/game_fn_8017974C.o
[648/905] EXTERNALIZE build/GEDE01/src/game/game_fn_8017960C.o
[649/905] EXTERNALIZE build/GEDE01/src/game/game_fn_80179904.o
[650/905] EXTERNALIZE build/GEDE01/src/game/game_fn_8017A9B8.o
[651/905] EXTERNALIZE build/GEDE01/src/game/game_fn_80179A18.o
[652/905] EXTERNALIZE build/GEDE01/src/game/game_fn_80179A74.o
[653/905] EXTERNALIZE build/GEDE01/src/game/game_fn_80179EB8.o
[654/905] EXTERNALIZE build/GEDE01/src/game/game_fn_80179F20.o
[655/905] EXTERNALIZE build/GEDE01/src/game/game_fn_8017A010.o
[656/905] EXTERNALIZE build/GEDE01/src/game/game_fn_8017A12C.o
[657/905] EXTERNALIZE build/GEDE01/src/game/game_fn_80157C0C.o
[658/905] EXTERNALIZE build/GEDE01/src/game/game_fn_8017A1C0.o
[659/905] EXTERNALIZE build/GEDE01/src/game/game_fn_80155814.o
[660/905] EXTERNALIZE build/GEDE01/src/game/game_fn_80153898.o
[661/905] EXTERNALIZE build/GEDE01/src/game/game_fn_8014B494.o
[662/905] EXTERNALIZE build/GEDE01/src/game/game_fn_8014AF38.o
[663/905] EXTERNALIZE build/GEDE01/src/game/game_fn_8012DB28.o
[664/905] EXTERNALIZE build/GEDE01/src/game/game_fn_801141B8.o
[665/905] EXTERNALIZE build/GEDE01/src/game/game_fn_801128E4.o
[666/905] EXTERNALIZE build/GEDE01/src/game/game_fn_801126E0.o
[667/905] EXTERNALIZE build/GEDE01/src/game/game_fn_8010F184.o
[668/905] EXTERNALIZE build/GEDE01/src/game/game_fn_800E4980.o
[669/905] EXTERNALIZE build/GEDE01/src/game/game_fn_800C17EC.o
[670/905] EXTERNALIZE build/GEDE01/src/game/game_fn_800C030C.o
[671/905] EXTERNALIZE build/GEDE01/src/game/game_fn_800C59F0.o
[672/905] EXTERNALIZE build/GEDE01/src/game/game_fn_800C644C.o
[673/905] EXTERNALIZE build/GEDE01/src/game/game_fn_800C65FC.o
[674/905] EXTERNALIZE build/GEDE01/src/game/game_fn_800CB760.o
[675/905] EXTERNALIZE build/GEDE01/src/game/game_fn_800CB8F4.o
[676/905] EXTERNALIZE build/GEDE01/src/game/game_fn_80078500.o
[677/905] EXTERNALIZE build/GEDE01/src/game/game_fn_80079908.o
[678/905] EXTERNALIZE build/GEDE01/src/game/game_fn_8007B2F4.o
[679/905] EXTERNALIZE build/GEDE01/src/game/game_fn_8007B540.o
[680/905] EXTERNALIZE build/GEDE01/src/game/game_fn_8007B640.o
[681/905] EXTERNALIZE build/GEDE01/src/game/game_fn_800886D8.o
[682/905] EXTERNALIZE build/GEDE01/src/game/game_fn_8007BA3C.o
[683/905] EXTERNALIZE build/GEDE01/src/game/game_fn_800934A0.o
[684/905] EXTERNALIZE build/GEDE01/src/game/game_fn_800A3894.o
[685/905] EXTERNALIZE build/GEDE01/src/game/game_fn_800A7E88.o
[686/905] EXTERNALIZE build/GEDE01/src/game/game_fn_800A4798.o
[687/905] GLOBALIZE build/GEDE01/src/game/game_fn_800A2130.o
[688/905] EXTERNALIZE build/GEDE01/src/game/game_fn_800A2FCC.o
[689/905] EXTERNALIZE build/GEDE01/src/game/game_fn_8009C424.o
[690/905] EXTERNALIZE build/GEDE01/src/game/game_fn_80096830.o
[691/905] GLOBALIZE build/GEDE01/src/game/game_fn_8008F890.o
[692/905] EXTERNALIZE SWITCHES build/GEDE01/src/game/game_fn_80095FDC.o
[693/905] EXTERNALIZE build/GEDE01/src/game/game_fn_800A4428.o
[694/905] EXTERNALIZE build/GEDE01/src/game/game_fn_80074310.o
[695/905] GLOBALIZE build/GEDE01/src/game/game_fn_8005FD84.o
[696/905] EXTERNALIZE build/GEDE01/src/game/game_fn_80066888.o
[697/905] EXTERNALIZE build/GEDE01/src/game/game_fn_80052310.o
[698/905] EXTERNALIZE build/GEDE01/src/game/game_fn_8005EC6C.o
[699/905] EXTERNALIZE build/GEDE01/src/game/game_fn_80048B24.o
[700/905] EXTERNALIZE build/GEDE01/src/game/game_fn_80048ADC.o
[701/905] NAME SWITCH build/GEDE01/src/game/game_fn_80020E94.o
[702/905] NAME SWITCH build/GEDE01/src/game/game_fn_8005EE9C.o
[703/905] NAME SWITCH build/GEDE01/src/game/game_fn_8016D9C0.o
[704/905] NAME SWITCH build/GEDE01/src/game/game_fn_80071A58.o
[705/905] NAME SWITCH build/GEDE01/src/game/game_fn_8006B620.o
[706/905] NAME SWITCH build/GEDE01/src/game/game_fn_8001FE1C.o
[707/905] NAME SWITCH build/GEDE01/src/game/game_fn_8001E644.o
[708/905] EXTERNALIZE build/GEDE01/src/game/game_fn_80038878.o
[709/905] EXTERNALIZE build/GEDE01/src/game/game_fn_801B46C8.o
build/GEDE01/src/game/game_fn_801B46C8.o: lbl_8060C020 now undefined; section 6 emptied
[710/905] EXTERNALIZE build/GEDE01/src/game/game_fn_80036C40.o
[711/905] EXTERNALIZE build/GEDE01/src/game/game_fn_800359A0.o
[712/905] EXTERNALIZE build/GEDE01/src/game/game_fn_80033180.o
[713/905] EXTERNALIZE build/GEDE01/src/game/game_fn_80033038.o
[714/905] EXTERNALIZE build/GEDE01/src/game/game_fn_80032B84.o
[715/905] EXTERNALIZE build/GEDE01/src/game/game_fn_8003232C.o
[716/905] EXTERNALIZE build/GEDE01/src/game/game_fn_8002E3F0.o
[717/905] EXTERNALIZE build/GEDE01/src/game/game_fn_8002DAE0.o
[718/905] EXTERNALIZE build/GEDE01/src/game/game_fn_8002EA68.o
[719/905] GLOBALIZE build/GEDE01/src/game/game_fn_8002B748.o
[720/905] EXTERNALIZE build/GEDE01/src/game/game_fn_8002F428.o
[721/905] NAME SWITCHES build/GEDE01/src/game/game_fn_80024F28.o
[722/905] EXTERNALIZE build/GEDE01/src/game/game_fn_800272B4.o
[723/905] EXTERNALIZE build/GEDE01/src/game/game_fn_8001CE94.o
[724/905] EXTERNALIZE build/GEDE01/src/game/game_fn_8001CD58.o
[725/905] EXTERNALIZE build/GEDE01/src/game/game_fn_8001C078.o
[726/905] EXTERNALIZE build/GEDE01/src/game/game_fn_8001B874.o
[727/905] EXTERNALIZE build/GEDE01/src/game/game_fn_8001B294.o
[728/905] EXTERNALIZE build/GEDE01/src/game/game_fn_8001B808.o
[729/905] EXTERNALIZE build/GEDE01/src/game/game_fn_8001B124.o
[730/905] EXTERNALIZE build/GEDE01/src/game/game_fn_8001ADF8.o
[731/905] EXTERNALIZE build/GEDE01/src/game/game_fn_8001AF68.o
[732/905] EXTERNALIZE build/GEDE01/src/game/game_fn_8001A6C4.o
[733/905] EXTERNALIZE build/GEDE01/src/game/game_fn_8001AAB8.o
[734/905] EXTERNALIZE build/GEDE01/src/game/game_fn_80019F98.o
[735/905] EXTERNALIZE build/GEDE01/src/game/game_fn_80019D2C.o
[736/905] EXTERNALIZE build/GEDE01/src/game/game_fn_80019C10.o
[737/905] EXTERNALIZE build/GEDE01/src/game/game_fn_80019940.o
[738/905] EXTERNALIZE build/GEDE01/src/game/game_fn_80019244.o
[739/905] EXTERNALIZE build/GEDE01/src/game/game_fn_800194D0.o
[740/905] EXTERNALIZE build/GEDE01/src/game/game_fn_80018EF4.o
[741/905] EXTERNALIZE build/GEDE01/src/game/game_fn_80019054.o
[742/905] EXTERNALIZE build/GEDE01/src/game/game_fn_80017DB0.o
[743/905] EXTERNALIZE build/GEDE01/src/game/game_fn_80017CC8.o
[744/905] EXTERNALIZE build/GEDE01/src/game/game_fn_80017AE4.o
[745/905] EXTERNALIZE build/GEDE01/src/game/game_fn_80017C3C.o
[746/905] EXTERNALIZE build/GEDE01/src/game/game_fn_80017A3C.o
[747/905] EXTERNALIZE build/GEDE01/src/game/game_fn_800179AC.o
[748/905] EXTERNALIZE build/GEDE01/src/game/game_fn_80017910.o
[749/905] EXTERNALIZE FLAGS build/GEDE01/src/game/game_fn_800119FC.o
[750/905] EXTERNALIZE build/GEDE01/src/game/game_fn_8000FFD8.o
[751/905] EXTERNALIZE build/GEDE01/src/game/game_fn_8000F4B0.o
[752/905] GLOBALIZE build/GEDE01/src/game/game_fn_800094C0.o
[753/905] EXTERNALIZE build/GEDE01/src/game/game_fn_8000EFC4.o
[754/905] EXTERNALIZE build/GEDE01/src/game/game_fn_800096E0.o
[755/905] EXTERNALIZE build/GEDE01/src/game/game_fn_800098C0.o
[756/905] EXTERNALIZE build/GEDE01/src/game/game_fn_800099D8.o
[757/905] EXTERNALIZE build/GEDE01/src/game/game_fn_80009AB4.o
[758/905] EXTERNALIZE build/GEDE01/src/game/game_fn_8000A26C.o
[759/905] EXTERNALIZE build/GEDE01/src/game/game_fn_800171C0.o
[760/905] EXTERNALIZE build/GEDE01/src/game/game_fn_800176F0.o
[761/905] EXTERNALIZE build/GEDE01/src/game/game_fn_8000AC88.o
[762/905] EXTERNALIZE build/GEDE01/src/game/game_fn_8000AEB4.o
[763/905] EXTERNALIZE build/GEDE01/src/game/game_fn_8000AFB4.o
[764/905] EXTERNALIZE build/GEDE01/src/game/game_fn_8000B1B8.o
[765/905] EXTERNALIZE build/GEDE01/src/game/game_fn_8000B630.o
[766/905] EXTERNALIZE build/GEDE01/src/game/game_fn_8000B36C.o
[767/905] EXTERNALIZE build/GEDE01/src/game/game_fn_8000B900.o
[768/905] EXTERNALIZE build/GEDE01/src/game/game_fn_8000B7FC.o
[769/905] EXTERNALIZE build/GEDE01/src/game/game_fn_8000BA0C.o
[770/905] EXTERNALIZE build/GEDE01/src/game/game_fn_8000BAA0.o
[771/905] EXTERNALIZE build/GEDE01/src/game/game_fn_8000BC40.o
[772/905] EXTERNALIZE build/GEDE01/src/game/game_fn_8000C06C.o
[773/905] EXTERNALIZE build/GEDE01/src/game/game_fn_8000C17C.o
[774/905] EXTERNALIZE build/GEDE01/src/game/game_fn_8000C400.o
[775/905] EXTERNALIZE build/GEDE01/src/game/game_fn_8000C848.o
[776/905] EXTERNALIZE build/GEDE01/src/game/game_fn_8000C91C.o
[777/905] EXTERNALIZE build/GEDE01/src/game/game_fn_8000D0BC.o
[778/905] EXTERNALIZE build/GEDE01/src/game/game_fn_8000D3D4.o
[779/905] NAME SWITCH build/GEDE01/src/game/game_fn_8000D8A4.o
[780/905] EXTERNALIZE build/GEDE01/src/game/game_fn_8000E054.o
[781/905] EXTERNALIZE build/GEDE01/src/game/game_fn_8000E0AC.o
[782/905] EXTERNALIZE build/GEDE01/src/game/game_fn_8000F774.o
[783/905] EXTERNALIZE build/GEDE01/src/game/game_fn_8000E96C.o
[784/905] EXTERNALIZE build/GEDE01/src/game/game_fn_8000EBD4.o
[785/905] EXTERNALIZE build/GEDE01/src/game/game_fn_8000EB14.o
[786/905] EXTERNALIZE build/GEDE01/src/game/game_fn_8000ED44.o
[787/905] EXTERNALIZE build/GEDE01/src/game/game_fn_8000E138.o
[788/905] EXTERNALIZE build/GEDE01/src/game/game_fn_8000D590.o
[789/905] EXTERNALIZE build/GEDE01/src/game/game_fn_8000E1C4.o
[790/905] EXTERNALIZE build/GEDE01/src/game/game_fn_8000DA50.o
[791/905] EXTERNALIZE build/GEDE01/src/game/game_fn_8000DAF4.o
[792/905] EXTERNALIZE build/GEDE01/src/game/game_fn_80012DA8.o
[793/905] EXTERNALIZE build/GEDE01/src/game/game_fn_80012F40.o
[794/905] EXTERNALIZE build/GEDE01/src/game/game_fn_800131E8.o
[795/905] EXTERNALIZE build/GEDE01/src/game/game_fn_80012FD0.o
[796/905] EXTERNALIZE build/GEDE01/src/game/game_fn_80013340.o
[797/905] EXTERNALIZE build/GEDE01/src/game/game_fn_80013870.o
[798/905] EXTERNALIZE build/GEDE01/src/game/game_fn_80013D54.o
[799/905] EXTERNALIZE build/GEDE01/src/game/game_fn_80013CB0.o
[800/905] EXTERNALIZE build/GEDE01/src/game/game_fn_800144CC.o
[801/905] EXTERNALIZE build/GEDE01/src/game/game_fn_800142DC.o
[802/905] EXTERNALIZE build/GEDE01/src/game/game_fn_80014784.o
[803/905] EXTERNALIZE build/GEDE01/src/game/game_fn_800149D4.o
[804/905] EXTERNALIZE build/GEDE01/src/game/game_fn_80015058.o
[805/905] EXTERNALIZE build/GEDE01/src/game/game_fn_80015320.o
[806/905] EXTERNALIZE build/GEDE01/src/game/game_fn_80015568.o
[807/905] EXTERNALIZE build/GEDE01/src/game/game_fn_800156FC.o
[808/905] EXTERNALIZE build/GEDE01/src/game/game_fn_80015BE0.o
[809/905] EXTERNALIZE build/GEDE01/src/game/game_fn_80015D40.o
[810/905] EXTERNALIZE build/GEDE01/src/game/game_fn_80015F04.o
[811/905] EXTERNALIZE build/GEDE01/src/game/game_fn_80016128.o
[812/905] EXTERNALIZE build/GEDE01/src/game/game_fn_80016270.o
[813/905] EXTERNALIZE build/GEDE01/src/game/game_fn_80016904.o
[814/905] EXTERNALIZE build/GEDE01/src/game/game_fn_800173CC.o
[815/905] EXTERNALIZE build/GEDE01/src/game/game_fn_80016B24.o
[816/905] EXTERNALIZE build/GEDE01/src/game/game_fn_801BEF40.o
[817/905] EXTERNALIZE build/GEDE01/src/game/game_fn_801B86C0.o
[818/905] EXTERNALIZE STATIC POOL build/GEDE01/src/game/game_fn_801C4B5C.o
build/GEDE01/src/game/game_fn_801C4B5C.o: lbl_80628CB0 now undefined; section 6 emptied
[819/905] EXTERNALIZE build/GEDE01/src/game/game_fn_8014BA14.o
[820/905] EXTERNALIZE build/GEDE01/src/game/game_fn_801C8600.o
[821/905] EXTERNALIZE build/GEDE01/src/game/game_fn_800B2EC0.o
[822/905] EXTERNALIZE build/GEDE01/src/game/game_fn_8001CA04.o
[823/905] EXTERNALIZE build/GEDE01/src/game/game_fn_80031544.o
[824/905] EXTERNALIZE build/GEDE01/src/game/game_fn_8006B0F0.o
[825/905] EXTERNALIZE build/GEDE01/src/game/game_fn_8007D4D8.o
[826/905] EXTERNALIZE build/GEDE01/src/game/game_fn_8007F770.o
[827/905] EXTERNALIZE build/GEDE01/src/game/game_fn_80088F4C.o
[828/905] EXTERNALIZE build/GEDE01/src/game/game_fn_8008A2E0.o
[829/905] EXTERNALIZE build/GEDE01/src/game/game_fn_80089A34.o
[830/905] EXTERNALIZE build/GEDE01/src/game/game_fn_80090004.o
[831/905] EXTERNALIZE build/GEDE01/src/game/game_fn_80095D10.o
[832/905] EXTERNALIZE build/GEDE01/src/game/game_fn_800A3180.o
[833/905] EXTERNALIZE build/GEDE01/src/game/game_fn_800BB7A8.o
[834/905] EXTERNALIZE build/GEDE01/src/game/game_fn_800BB5C4.o
[835/905] EXTERNALIZE build/GEDE01/src/game/game_fn_800BB9A4.o
[836/905] EXTERNALIZE build/GEDE01/src/game/game_fn_800BBAF0.o
[837/905] EXTERNALIZE build/GEDE01/src/game/game_fn_800D9064.o
[838/905] EXTERNALIZE build/GEDE01/src/game/game_fn_800D9E10.o
[839/905] EXTERNALIZE build/GEDE01/src/game/game_fn_8012976C.o
[840/905] EXTERNALIZE build/GEDE01/src/game/game_fn_8013DB8C.o
[841/905] EXTERNALIZE build/GEDE01/src/game/game_fn_8013CBE4.o
[842/905] EXTERNALIZE build/GEDE01/src/game/game_fn_8014CA98.o
[843/905] EXTERNALIZE build/GEDE01/src/game/game_fn_80153A24.o
[844/905] EXTERNALIZE build/GEDE01/src/game/game_fn_801535D8.o
[845/905] EXTERNALIZE build/GEDE01/src/game/game_fn_80174F2C.o
[846/905] EXTERNALIZE build/GEDE01/src/game/game_fn_801752B0.o
[847/905] EXTERNALIZE build/GEDE01/src/game/game_fn_8017AC20.o
[848/905] EXTERNALIZE build/GEDE01/src/game/game_fn_801861C4.o
[849/905] EXTERNALIZE build/GEDE01/src/game/game_fn_8018680C.o
[850/905] EXTERNALIZE build/GEDE01/src/game/game_fn_80186F70.o
[851/905] EXTERNALIZE build/GEDE01/src/game/game_fn_80187320.o
[852/905] EXTERNALIZE build/GEDE01/src/game/game_fn_801810A0.o
[853/905] EXTERNALIZE build/GEDE01/src/game/game_fn_801875FC.o
[854/905] EXTERNALIZE build/GEDE01/src/game/game_fn_800542D0.o
[855/905] EXTERNALIZE build/GEDE01/src/game/game_fn_80189C14.o
[856/905] EXTERNALIZE build/GEDE01/src/game/game_fn_80187BB4.o
[857/905] EXTERNALIZE build/GEDE01/src/game/game_fn_8018C2D0.o
[858/905] EXTERNALIZE build/GEDE01/src/game/game_fn_8018D400.o
[859/905] EXTERNALIZE build/GEDE01/src/game/game_fn_8018E0D8.o
[860/905] EXTERNALIZE build/GEDE01/src/game/game_fn_8019120C.o
[861/905] EXTERNALIZE build/GEDE01/src/game/game_fn_8018DC24.o
[862/905] EXTERNALIZE build/GEDE01/src/game/game_fn_801916D0.o
[863/905] EXTERNALIZE build/GEDE01/src/game/game_fn_801926EC.o
[864/905] EXTERNALIZE build/GEDE01/src/game/game_fn_801929A4.o
[865/905] EXTERNALIZE build/GEDE01/src/game/game_fn_801A2A54.o
[866/905] EXTERNALIZE build/GEDE01/src/game/game_fn_801952E8.o
[867/905] EXTERNALIZE build/GEDE01/src/game/game_fn_801A34BC.o
[868/905] EXTERNALIZE build/GEDE01/src/game/game_fn_801A657C.o
[869/905] EXTERNALIZE build/GEDE01/src/game/game_fn_801D1F78.o
[870/905] EXTERNALIZE build/GEDE01/src/game/game_fn_801E2A48.o
[871/905] EXTERNALIZE build/GEDE01/src/game/game_fn_801E6814.o
[872/905] EXTERNALIZE build/GEDE01/src/game/game_fn_801E995C.o
[873/905] EXTERNALIZE build/GEDE01/src/game/game_fn_801F0CB0.o
[874/905] EXTERNALIZE build/GEDE01/src/game/game_fn_801EF580.o
[875/905] EXTERNALIZE build/GEDE01/src/game/game_fn_801F10BC.o
[876/905] EXTERNALIZE build/GEDE01/src/game/game_fn_801F35A8.o
[877/905] EXTERNALIZE build/GEDE01/src/game/game_fn_801ECD74.o
[878/905] EXTERNALIZE build/GEDE01/src/game/game_fn_801ED5F4.o
[879/905] EXTERNALIZE build/GEDE01/src/game/game_fn_801F69F0.o
[880/905] EXTERNALIZE build/GEDE01/src/game/game_fn_801F76EC.o
[881/905] EXTERNALIZE build/GEDE01/src/game/game_fn_801F8264.o
[882/905] EXTERNALIZE build/GEDE01/src/game/game_fn_801F89B4.o
[883/905] EXTERNALIZE build/GEDE01/src/game/game_fn_801F9AF8.o
[884/905] EXTERNALIZE build/GEDE01/src/game/game_fn_801F6BD8.o
[885/905] EXTERNALIZE JUMPTABLES build/GEDE01/src/game/game_fn_800361F8.o
[886/905] EXTERNALIZE build/GEDE01/src/game/game_fn_801FB6A4.o
[887/905] EXTERNALIZE JUMPTABLES build/GEDE01/src/game/game_fn_8006E53C.o
[888/905] EXTERNALIZE JUMPTABLES build/GEDE01/src/game/game_fn_800CF598.o
[889/905] EXTERNALIZE JUMPTABLES build/GEDE01/src/game/game_fn_801ACFE8.o
[890/905] EXTERNALIZE JUMPTABLES build/GEDE01/src/game/game_fn_801B1BA0.o
[891/905] EXTERNALIZE build/GEDE01/src/game/game_fn_80154F74.o
[892/905] EXTERNALIZE build/GEDE01/src/game/game_fn_801E504C.o
[893/905] EXTERNALIZE build/GEDE01/src/game/game_fn_8009E808.o
[894/905] EXTERNALIZE build/GEDE01/src/game/game_fn_801F1A38.o
[895/905] EXTERNALIZE build/GEDE01/src/game/game_fn_801F55A0.o
[896/905] EXTERNALIZE build/GEDE01/src/game/game_fn_801FFE78.o
[897/905] EXTERNALIZE build/GEDE01/src/game/game_fn_801F7510.o
[898/905] EXTERNALIZE build/GEDE01/src/game/game_fn_801F9CF4.o
[899/905] EXTERNALIZE build/GEDE01/src/game/game_fn_801FC034.o
[900/905] EXTERNALIZE build/GEDE01/src/game/game_fn_801FA9C8.o
[901/905] REPORT
 INFO Loading project .
 INFO Generating report for 7068 units (using 8 threads)
 INFO Report generated in 0.170s
 INFO Writing to build/GEDE01/report.json
[902/905] LINK build/GEDE01/main.elf
### mwldeppc.exe Linker Warning:
#   Section '.ignored' is unknown. Section ignored.
### mwldeppc.exe Linker Warning:
#   Section '.ignored' is unknown. Section ignored.
### mwldeppc.exe Linker Warning:
#   Section '.ignored' is unknown. Section ignored.
### mwldeppc.exe Linker Warning:
#   Section '.ignored' is unknown. Section ignored.
### mwldeppc.exe Linker Warning:
#   Section '.ignored' is unknown. Section ignored.
### mwldeppc.exe Linker Warning:
#   Section '.ignored' is unknown. Section ignored.
### mwldeppc.exe Linker Warning:
#   Section '.ignored' is unknown. Section ignored.
### mwldeppc.exe Linker Warning:
#   Section '.ignored' is unknown. Section ignored.
### mwldeppc.exe Linker Warning:
#   Section '.ignored' is unknown. Section ignored.
### mwldeppc.exe Linker Warning:
#   Section '.ignored' is unknown. Section ignored.
### mwldeppc.exe Linker Warning:
#   Section '.ignored' is unknown. Section ignored.
### mwldeppc.exe Linker Warning:
#   Section '.ignored' is unknown. Section ignored.
### mwldeppc.exe Linker Warning:
#   Section '.ignored' is unknown. Section ignored.
### mwldeppc.exe Linker Warning:
#   Section '.ignored' is unknown. Section ignored.
### mwldeppc.exe Linker Warning:
#   Section '.ignored' is unknown. Section ignored.
### mwldeppc.exe Linker Warning:
#   Section '.ignored' is unknown. Section ignored.
### mwldeppc.exe Linker Warning:
#   Section '.ignored' is unknown. Section ignored.
### mwldeppc.exe Linker Warning:
#   Section '.ignored' is unknown. Section ignored.
### mwldeppc.exe Linker Warning:
#   Section '.ignored' is unknown. Section ignored.
### mwldeppc.exe Linker Warning:
#   Section '.ignored' is unknown. Section ignored.
### mwldeppc.exe Linker Warning:
#   Section '.ignored' is unknown. Section ignored.
### mwldeppc.exe Linker Warning:
#   Section '.ignored' is unknown. Section ignored.
### mwldeppc.exe Linker Warning:
#   Section '.ignored' is unknown. Section ignored.
### mwldeppc.exe Linker Warning:
#   Section '.ignored' is unknown. Section ignored.
### mwldeppc.exe Linker Warning:
#   Section '.ignored' is unknown. Section ignored.
### mwldeppc.exe Linker Warning:
#   Section '.ignored' is unknown. Section ignored.
### mwldeppc.exe Linker Warning:
#   Section '.ignored' is unknown. Section ignored.
### mwldeppc.exe Linker Warning:
#   Section '.ignored' is unknown. Section ignored.
### mwldeppc.exe Linker Warning:
#   Section '.ignored' is unknown. Section ignored.
### mwldeppc.exe Linker Warning:
#   Section '.ignored' is unknown. Section ignored.
### mwldeppc.exe Linker Warning:
#   Section '.ignored' is unknown. Section ignored.
### mwldeppc.exe Linker Warning:
#   Section '.ignored' is unknown. Section ignored.
### mwldeppc.exe Linker Warning:
#   Section '.ignored' is unknown. Section ignored.
### mwldeppc.exe Linker Warning:
#   Section '.ignored' is unknown. Section ignored.
### mwldeppc.exe Linker Warning:
#   Section '.ignored' is unknown. Section ignored.
### mwldeppc.exe Linker Warning:
#   Section '.ignored' is unknown. Section ignored.
### mwldeppc.exe Linker Warning:
#   Section '.ignored' is unknown. Section ignored.
### mwldeppc.exe Linker Warning:
#   Section '.ignored' is unknown. Section ignored.
### mwldeppc.exe Linker Warning:
#   Section '.ignored' is unknown. Section ignored.
### mwldeppc.exe Linker Warning:
#   Section '.ignored' is unknown. Section ignored.
### mwldeppc.exe Linker Warning:
#   Section '.ignored' is unknown. Section ignored.
### mwldeppc.exe Linker Warning:
#   Section '.ignored' is unknown. Section ignored.
### mwldeppc.exe Linker Warning:
#   Section '.ignored' is unknown. Section ignored.
### mwldeppc.exe Linker Warning:
#   Section '.ignored' is unknown. Section ignored.
### mwldeppc.exe Linker Warning:
#   Section '.ignored' is unknown. Section ignored.
### mwldeppc.exe Linker Warning:
#   Section '.ignored' is unknown. Section ignored.
### mwldeppc.exe Linker Warning:
#   Section '.ignored' is unknown. Section ignored.
### mwldeppc.exe Linker Warning:
#   Section '.ignored' is unknown. Section ignored.
### mwldeppc.exe Linker Warning:
#   Section '.ignored' is unknown. Section ignored.
### mwldeppc.exe Linker Warning:
#   Section '.ignored' is unknown. Section ignored.
### mwldeppc.exe Linker Warning:
#   Section '.ignored' is unknown. Section ignored.
### mwldeppc.exe Linker Warning:
#   Section '.ignored' is unknown. Section ignored.
### mwldeppc.exe Linker Warning:
#   Section '.ignored' is unknown. Section ignored.
### mwldeppc.exe Linker Warning:
#   Section '.ignored' is unknown. Section ignored.
### mwldeppc.exe Linker Warning:
#   Section '.ignored' is unknown. Section ignored.
### mwldeppc.exe Linker Warning:
#   Section '.ignored' is unknown. Section ignored.
### mwldeppc.exe Linker Warning:
#   Section '.ignored' is unknown. Section ignored.
### mwldeppc.exe Linker Warning:
#   Section '.ignored' is unknown. Section ignored.
### mwldeppc.exe Linker Warning:
#   Section '.ignored' is unknown. Section ignored.
### mwldeppc.exe Linker Warning:
#   Section '.ignored' is unknown. Section ignored.
### mwldeppc.exe Linker Warning:
#   Section '.ignored' is unknown. Section ignored.
### mwldeppc.exe Linker Warning:
#   Section '.ignored' is unknown. Section ignored.
### mwldeppc.exe Linker Warning:
#   Section '.ignored' is unknown. Section ignored.
### mwldeppc.exe Linker Warning:
#   Section '.ignored' is unknown. Section ignored.
### mwldeppc.exe Linker Warning:
#   Section '.ignored' is unknown. Section ignored.
### mwldeppc.exe Linker Warning:
#   Section '.ignored' is unknown. Section ignored.
### mwldeppc.exe Linker Warning:
#   Section '.ignored' is unknown. Section ignored.
### mwldeppc.exe Linker Warning:
#   Section '.ignored' is unknown. Section ignored.
### mwldeppc.exe Linker Warning:
#   Section '.ignored' is unknown. Section ignored.
### mwldeppc.exe Linker Warning:
#   Section '.ignored' is unknown. Section ignored.
### mwldeppc.exe Linker Warning:
#   Section '.ignored' is unknown. Section ignored.
### mwldeppc.exe Linker Warning:
#   Section '.ignored' is unknown. Section ignored.
### mwldeppc.exe Linker Warning:
#   Section '.ignored' is unknown. Section ignored.
### mwldeppc.exe Linker Warning:
#   Section '.ignored' is unknown. Section ignored.
### mwldeppc.exe Linker Warning:
#   Section '.ignored' is unknown. Section ignored.
### mwldeppc.exe Linker Warning:
#   Section '.ignored' is unknown. Section ignored.
### mwldeppc.exe Linker Warning:
#   Section '.ignored' is unknown. Section ignored.
### mwldeppc.exe Linker Warning:
#   Section '.ignored' is unknown. Section ignored.
### mwldeppc.exe Linker Warning:
#   Section '.ignored' is unknown. Section ignored.
### mwldeppc.exe Linker Warning:
#   Section '.ignored' is unknown. Section ignored.
### mwldeppc.exe Linker Warning:
#   Section '.ignored' is unknown. Section ignored.
### mwldeppc.exe Linker Warning:
#   Section '.ignored' is unknown. Section ignored.
### mwldeppc.exe Linker Warning:
#   Section '.ignored' is unknown. Section ignored.
### mwldeppc.exe Linker Warning:
#   Section '.ignored' is unknown. Section ignored.
### mwldeppc.exe Linker Warning:
#   Section '.ignored' is unknown. Section ignored.
### mwldeppc.exe Linker Warning:
#   Section '.ignored' is unknown. Section ignored.
### mwldeppc.exe Linker Warning:
#   Section '.ignored' is unknown. Section ignored.
### mwldeppc.exe Linker Warning:
#   Section '.ignored' is unknown. Section ignored.
### mwldeppc.exe Linker Warning:
#   Section '.ignored' is unknown. Section ignored.
### mwldeppc.exe Linker Warning:
#   Section '.ignored' is unknown. Section ignored.
### mwldeppc.exe Linker Warning:
#   Section '.ignored' is unknown. Section ignored.
### mwldeppc.exe Linker Warning:
#   Section '.ignored' is unknown. Section ignored.
### mwldeppc.exe Linker Warning:
#   Section '.ignored' is unknown. Section ignored.
### mwldeppc.exe Linker Warning:
#   Section '.ignored' is unknown. Section ignored.
### mwldeppc.exe Linker Warning:
#   Section '.ignored' is unknown. Section ignored.
### mwldeppc.exe Linker Warning:
#   Section '.ignored' is unknown. Section ignored.
### mwldeppc.exe Linker Warning:
#   Section '.ignored' is unknown. Section ignored.
### mwldeppc.exe Linker Warning:
#   Section '.ignored' is unknown. Section ignored.
### mwldeppc.exe Linker Warning:
#   Section '.ignored' is unknown. Section ignored.
### mwldeppc.exe Linker Warning:
#   Section '.ignored' is unknown. Section ignored.
### mwldeppc.exe Linker Warning:
#   Section '.ignored' is unknown. Section ignored.
### mwldeppc.exe Linker Warning:
#   Section '.ignored' is unknown. Section ignored.
### mwldeppc.exe Linker Warning:
#   Section '.ignored' is unknown. Section ignored.
### mwldeppc.exe Linker Warning:
#   Section '.ignored' is unknown. Section ignored.
### mwldeppc.exe Linker Warning:
#   Section '.ignored' is unknown. Section ignored.
### mwldeppc.exe Linker Warning:
#   Section '.ignored' is unknown. Section ignored.
### mwldeppc.exe Linker Warning:
#   Section '.ignored' is unknown. Section ignored.
### mwldeppc.exe Linker Warning:
#   Section '.ignored' is unknown. Section ignored.
### mwldeppc.exe Linker Warning:
#   Section '.ignored' is unknown. Section ignored.
### mwldeppc.exe Linker Warning:
#   Section '.ignored' is unknown. Section ignored.
### mwldeppc.exe Linker Warning:
#   Section '.ignored' is unknown. Section ignored.
### mwldeppc.exe Linker Warning:
#   Section '.ignored' is unknown. Section ignored.
### mwldeppc.exe Linker Warning:
#   Section '.ignored' is unknown. Section ignored.
### mwldeppc.exe Linker Warning:
#   Section '.ignored' is unknown. Section ignored.
### mwldeppc.exe Linker Warning:
#   Section '.ignored' is unknown. Section ignored.
### mwldeppc.exe Linker Warning:
#   Section '.ignored' is unknown. Section ignored.
### mwldeppc.exe Linker Warning:
#   Section '.ignored' is unknown. Section ignored.
### mwldeppc.exe Linker Warning:
#   Section '.ignored' is unknown. Section ignored.
### mwldeppc.exe Linker Warning:
#   Section '.ignored' is unknown. Section ignored.
### mwldeppc.exe Linker Warning:
#   Section '.ignored' is unknown. Section ignored.
### mwldeppc.exe Linker Warning:
#   Section '.ignored' is unknown. Section ignored.
### mwldeppc.exe Linker Warning:
#   Section '.ignored' is unknown. Section ignored.
### mwldeppc.exe Linker Warning:
#   Section '.ignored' is unknown. Section ignored.
### mwldeppc.exe Linker Warning:
#   Section '.ignored' is unknown. Section ignored.
### mwldeppc.exe Linker Warning:
#   Section '.ignored' is unknown. Section ignored.
### mwldeppc.exe Linker Warning:
#   Section '.ignored' is unknown. Section ignored.
### mwldeppc.exe Linker Warning:
#   Section '.ignored' is unknown. Section ignored.
### mwldeppc.exe Linker Warning:
#   Section '.ignored' is unknown. Section ignored.
### mwldeppc.exe Linker Warning:
#   Section '.ignored' is unknown. Section ignored.
### mwldeppc.exe Linker Warning:
#   Section '.ignored' is unknown. Section ignored.
### mwldeppc.exe Linker Warning:
#   Section '.ignored' is unknown. Section ignored.
### mwldeppc.exe Linker Warning:
#   Section '.ignored' is unknown. Section ignored.
### mwldeppc.exe Linker Warning:
#   Section '.ignored' is unknown. Section ignored.
### mwldeppc.exe Linker Warning:
#   Section '.ignored' is unknown. Section ignored.
### mwldeppc.exe Linker Warning:
#   Section '.ignored' is unknown. Section ignored.
### mwldeppc.exe Linker Warning:
#   Section '.ignored' is unknown. Section ignored.
### mwldeppc.exe Linker Warning:
#   Section '.ignored' is unknown. Section ignored.
### mwldeppc.exe Linker Warning:
#   Section '.ignored' is unknown. Section ignored.
### mwldeppc.exe Linker Warning:
#   Section '.ignored' is unknown. Section ignored.
### mwldeppc.exe Linker Warning:
#   Section '.ignored' is unknown. Section ignored.
### mwldeppc.exe Linker Warning:
#   Section '.ignored' is unknown. Section ignored.
### mwldeppc.exe Linker Warning:
#   Section '.ignored' is unknown. Section ignored.
### mwldeppc.exe Linker Warning:
#   Section '.ignored' is unknown. Section ignored.
### mwldeppc.exe Linker Warning:
#   Section '.ignored' is unknown. Section ignored.
### mwldeppc.exe Linker Warning:
#   Section '.ignored' is unknown. Section ignored.
### mwldeppc.exe Linker Warning:
#   Section '.ignored' is unknown. Section ignored.
### mwldeppc.exe Linker Warning:
#   Section '.ignored' is unknown. Section ignored.
### mwldeppc.exe Linker Warning:
#   Section '.ignored' is unknown. Section ignored.
### mwldeppc.exe Linker Warning:
#   Section '.ignored' is unknown. Section ignored.
### mwldeppc.exe Linker Warning:
#   Section '.ignored' is unknown. Section ignored.
### mwldeppc.exe Linker Warning:
#   Section '.ignored' is unknown. Section ignored.
### mwldeppc.exe Linker Warning:
#   Section '.ignored' is unknown. Section ignored.
### mwldeppc.exe Linker Warning:
#   Section '.ignored' is unknown. Section ignored.
### mwldeppc.exe Linker Warning:
#   Section '.ignored' is unknown. Section ignored.
### mwldeppc.exe Linker Warning:
#   Section '.ignored' is unknown. Section ignored.
### mwldeppc.exe Linker Warning:
#   Section '.ignored' is unknown. Section ignored.
### mwldeppc.exe Linker Warning:
#   Section '.ignored' is unknown. Section ignored.
### mwldeppc.exe Linker Warning:
#   Section '.ignored' is unknown. Section ignored.
### mwldeppc.exe Linker Warning:
#   Section '.ignored' is unknown. Section ignored.
### mwldeppc.exe Linker Warning:
#   Section '.ignored' is unknown. Section ignored.
### mwldeppc.exe Linker Warning:
#   Section '.ignored' is unknown. Section ignored.
### mwldeppc.exe Linker Warning:
#   Section '.ignored' is unknown. Section ignored.
### mwldeppc.exe Linker Warning:
#   Section '.ignored' is unknown. Section ignored.
### mwldeppc.exe Linker Warning:
#   Section '.ignored' is unknown. Section ignored.
### mwldeppc.exe Linker Warning:
#   Section '.ignored' is unknown. Section ignored.
### mwldeppc.exe Linker Warning:
#   Section '.ignored' is unknown. Section ignored.
### mwldeppc.exe Linker Warning:
#   Section '.ignored' is unknown. Section ignored.
### mwldeppc.exe Linker Warning:
#   Section '.ignored' is unknown. Section ignored.
### mwldeppc.exe Linker Warning:
#   Section '.ignored' is unknown. Section ignored.
### mwldeppc.exe Linker Warning:
#   Section '.ignored' is unknown. Section ignored.
### mwldeppc.exe Linker Warning:
#   Section '.ignored' is unknown. Section ignored.
### mwldeppc.exe Linker Warning:
#   Section '.ignored' is unknown. Section ignored.
### mwldeppc.exe Linker Warning:
#   Section '.ignored' is unknown. Section ignored.
### mwldeppc.exe Linker Warning:
#   Section '.ignored' is unknown. Section ignored.
### mwldeppc.exe Linker Warning:
#   Section '.ignored' is unknown. Section ignored.
### mwldeppc.exe Linker Warning:
#   Section '.ignored' is unknown. Section ignored.
### mwldeppc.exe Linker Warning:
#   Section '.ignored' is unknown. Section ignored.
### mwldeppc.exe Linker Warning:
#   Section '.ignored' is unknown. Section ignored.
### mwldeppc.exe Linker Warning:
#   Section '.ignored' is unknown. Section ignored.
### mwldeppc.exe Linker Warning:
#   Section '.ignored' is unknown. Section ignored.
### mwldeppc.exe Linker Warning:
#   Section '.ignored' is unknown. Section ignored.
### mwldeppc.exe Linker Warning:
#   Section '.ignored' is unknown. Section ignored.
### mwldeppc.exe Linker Warning:
#   Section '.ignored' is unknown. Section ignored.
### mwldeppc.exe Linker Warning:
#   Section '.ignored' is unknown. Section ignored.
### mwldeppc.exe Linker Warning:
#   Section '.ignored' is unknown. Section ignored.
### mwldeppc.exe Linker Warning:
#   Section '.ignored' is unknown. Section ignored.
### mwldeppc.exe Linker Warning:
#   Section '.ignored' is unknown. Section ignored.
### mwldeppc.exe Linker Warning:
#   Section '.ignored' is unknown. Section ignored.
### mwldeppc.exe Linker Warning:
#   Section '.ignored' is unknown. Section ignored.
### mwldeppc.exe Linker Warning:
#   Section '.ignored' is unknown. Section ignored.
### mwldeppc.exe Linker Warning:
#   Section '.ignored' is unknown. Section ignored.
### mwldeppc.exe Linker Warning:
#   Section '.ignored' is unknown. Section ignored.
### mwldeppc.exe Linker Warning:
#   Section '.ignored' is unknown. Section ignored.
### mwldeppc.exe Linker Warning:
#   Section '.ignored' is unknown. Section ignored.
### mwldeppc.exe Linker Warning:
#   Section '.ignored' is unknown. Section ignored.
### mwldeppc.exe Linker Warning:
#   Section '.ignored' is unknown. Section ignored.
### mwldeppc.exe Linker Warning:
#   Section '.ignored' is unknown. Section ignored.
### mwldeppc.exe Linker Warning:
#   Section '.ignored' is unknown. Section ignored.
### mwldeppc.exe Linker Warning:
#   Section '.ignored' is unknown. Section ignored.
### mwldeppc.exe Linker Warning:
#   Section '.ignored' is unknown. Section ignored.
### mwldeppc.exe Linker Warning:
#   Section '.ignored' is unknown. Section ignored.
### mwldeppc.exe Linker Warning:
#   Section '.ignored' is unknown. Section ignored.
### mwldeppc.exe Linker Warning:
#   Section '.ignored' is unknown. Section ignored.
### mwldeppc.exe Linker Warning:
#   Section '.ignored' is unknown. Section ignored.
### mwldeppc.exe Linker Warning:
#   Section '.ignored' is unknown. Section ignored.
### mwldeppc.exe Linker Warning:
#   Section '.ignored' is unknown. Section ignored.
### mwldeppc.exe Linker Warning:
#   Section '.ignored' is unknown. Section ignored.
### mwldeppc.exe Linker Warning:
#   Section '.ignored' is unknown. Section ignored.
### mwldeppc.exe Linker Warning:
#   Section '.ignored' is unknown. Section ignored.
### mwldeppc.exe Linker Warning:
#   Section '.ignored' is unknown. Section ignored.
### mwldeppc.exe Linker Warning:
#   Section '.ignored' is unknown. Section ignored.
### mwldeppc.exe Linker Warning:
#   Section '.ignored' is unknown. Section ignored.
### mwldeppc.exe Linker Warning:
#   Section '.ignored' is unknown. Section ignored.
### mwldeppc.exe Linker Warning:
#   Section '.ignored' is unknown. Section ignored.
### mwldeppc.exe Linker Warning:
#   Section '.ignored' is unknown. Section ignored.
### mwldeppc.exe Linker Warning:
#   Section '.ignored' is unknown. Section ignored.
### mwldeppc.exe Linker Warning:
#   Section '.ignored' is unknown. Section ignored.
### mwldeppc.exe Linker Warning:
#   Section '.ignored' is unknown. Section ignored.
### mwldeppc.exe Linker Warning:
#   Section '.ignored' is unknown. Section ignored.
### mwldeppc.exe Linker Warning:
#   Section '.ignored' is unknown. Section ignored.
### mwldeppc.exe Linker Warning:
#   Section '.ignored' is unknown. Section ignored.
### mwldeppc.exe Linker Warning:
#   Section '.ignored' is unknown. Section ignored.
### mwldeppc.exe Linker Warning:
#   Section '.ignored' is unknown. Section ignored.
### mwldeppc.exe Linker Warning:
#   Section '.ignored' is unknown. Section ignored.
### mwldeppc.exe Linker Warning:
#   Section '.ignored' is unknown. Section ignored.
### mwldeppc.exe Linker Warning:
#   Section '.ignored' is unknown. Section ignored.
### mwldeppc.exe Linker Warning:
#   Section '.ignored' is unknown. Section ignored.
### mwldeppc.exe Linker Warning:
#   Section '.ignored' is unknown. Section ignored.
### mwldeppc.exe Linker Warning:
#   Section '.ignored' is unknown. Section ignored.
### mwldeppc.exe Linker Warning:
#   Section '.ignored' is unknown. Section ignored.
### mwldeppc.exe Linker Warning:
#   Section '.ignored' is unknown. Section ignored.
### mwldeppc.exe Linker Warning:
#   Section '.ignored' is unknown. Section ignored.
### mwldeppc.exe Linker Warning:
#   Section '.ignored' is unknown. Section ignored.
### mwldeppc.exe Linker Warning:
#   Section '.ignored' is unknown. Section ignored.
### mwldeppc.exe Linker Warning:
#   Section '.ignored' is unknown. Section ignored.
### mwldeppc.exe Linker Warning:
#   Section '.ignored' is unknown. Section ignored.
### mwldeppc.exe Linker Warning:
#   Section '.ignored' is unknown. Section ignored.
### mwldeppc.exe Linker Warning:
#   Section '.ignored' is unknown. Section ignored.
### mwldeppc.exe Linker Warning:
#   Section '.ignored' is unknown. Section ignored.
### mwldeppc.exe Linker Warning:
#   Section '.ignored' is unknown. Section ignored.
### mwldeppc.exe Linker Warning:
#   Section '.ignored' is unknown. Section ignored.
### mwldeppc.exe Linker Warning:
#   Section '.ignored' is unknown. Section ignored.
### mwldeppc.exe Linker Warning:
#   Section '.ignored' is unknown. Section ignored.
### mwldeppc.exe Linker Warning:
#   Section '.ignored' is unknown. Section ignored.
### mwldeppc.exe Linker Warning:
#   Section '.ignored' is unknown. Section ignored.
### mwldeppc.exe Linker Warning:
#   Section '.ignored' is unknown. Section ignored.
### mwldeppc.exe Linker Warning:
#   Section '.ignored' is unknown. Section ignored.
### mwldeppc.exe Linker Warning:
#   Section '.ignored' is unknown. Section ignored.
### mwldeppc.exe Linker Warning:
#   Section '.ignored' is unknown. Section ignored.
### mwldeppc.exe Linker Warning:
#   Section '.ignored' is unknown. Section ignored.
### mwldeppc.exe Linker Warning:
#   Section '.ignored' is unknown. Section ignored.
### mwldeppc.exe Linker Warning:
#   Section '.ignored' is unknown. Section ignored.
### mwldeppc.exe Linker Warning:
#   Section '.ignored' is unknown. Section ignored.
### mwldeppc.exe Linker Warning:
#   Section '.ignored' is unknown. Section ignored.
### mwldeppc.exe Linker Warning:
#   Section '.ignored' is unknown. Section ignored.
### mwldeppc.exe Linker Warning:
#   Section '.ignored' is unknown. Section ignored.
### mwldeppc.exe Linker Warning:
#   Section '.ignored' is unknown. Section ignored.
### mwldeppc.exe Linker Warning:
#   Section '.ignored' is unknown. Section ignored.
### mwldeppc.exe Linker Warning:
#   Section '.ignored' is unknown. Section ignored.
### mwldeppc.exe Linker Warning:
#   Section '.ignored' is unknown. Section ignored.
### mwldeppc.exe Linker Warning:
#   Section '.ignored' is unknown. Section ignored.
### mwldeppc.exe Linker Warning:
#   Section '.ignored' is unknown. Section ignored.
### mwldeppc.exe Linker Warning:
#   Section '.ignored' is unknown. Section ignored.
### mwldeppc.exe Linker Warning:
#   Section '.ignored' is unknown. Section ignored.
### mwldeppc.exe Linker Warning:
#   Section '.ignored' is unknown. Section ignored.
### mwldeppc.exe Linker Warning:
#   Section '.ignored' is unknown. Section ignored.
### mwldeppc.exe Linker Warning:
#   Section '.ignored' is unknown. Section ignored.
### mwldeppc.exe Linker Warning:
#   Section '.ignored' is unknown. Section ignored.
### mwldeppc.exe Linker Warning:
#   Section '.ignored' is unknown. Section ignored.
### mwldeppc.exe Linker Warning:
#   Section '.ignored' is unknown. Section ignored.
### mwldeppc.exe Linker Warning:
#   Section '.ignored' is unknown. Section ignored.
### mwldeppc.exe Linker Warning:
#   Section '.ignored' is unknown. Section ignored.
### mwldeppc.exe Linker Warning:
#   Section '.ignored' is unknown. Section ignored.
### mwldeppc.exe Linker Warning:
#   Section '.ignored' is unknown. Section ignored.
### mwldeppc.exe Linker Warning:
#   Section '.ignored' is unknown. Section ignored.
### mwldeppc.exe Linker Warning:
#   Section '.ignored' is unknown. Section ignored.
### mwldeppc.exe Linker Warning:
#   Section '.ignored' is unknown. Section ignored.
### mwldeppc.exe Linker Warning:
#   Section '.ignored' is unknown. Section ignored.
### mwldeppc.exe Linker Warning:
#   Section '.ignored' is unknown. Section ignored.
### mwldeppc.exe Linker Warning:
#   Section '.ignored' is unknown. Section ignored.
### mwldeppc.exe Linker Warning:
#   Section '.ignored' is unknown. Section ignored.
### mwldeppc.exe Linker Warning:
#   Section '.ignored' is unknown. Section ignored.
### mwldeppc.exe Linker Warning:
#   Section '.ignored' is unknown. Section ignored.
### mwldeppc.exe Linker Warning:
#   Section '.ignored' is unknown. Section ignored.
### mwldeppc.exe Linker Warning:
#   Section '.ignored' is unknown. Section ignored.
### mwldeppc.exe Linker Warning:
#   Section '.ignored' is unknown. Section ignored.
### mwldeppc.exe Linker Warning:
#   Section '.ignored' is unknown. Section ignored.
### mwldeppc.exe Linker Warning:
#   Section '.ignored' is unknown. Section ignored.
### mwldeppc.exe Linker Warning:
#   Section '.ignored' is unknown. Section ignored.
### mwldeppc.exe Linker Warning:
#   Section '.ignored' is unknown. Section ignored.
### mwldeppc.exe Linker Warning:
#   Section '.ignored' is unknown. Section ignored.
### mwldeppc.exe Linker Warning:
#   Section '.ignored' is unknown. Section ignored.
### mwldeppc.exe Linker Warning:
#   Section '.ignored' is unknown. Section ignored.
### mwldeppc.exe Linker Warning:
#   Section '.ignored' is unknown. Section ignored.
### mwldeppc.exe Linker Warning:
#   Section '.ignored' is unknown. Section ignored.
### mwldeppc.exe Linker Warning:
#   Section '.ignored' is unknown. Section ignored.
### mwldeppc.exe Linker Warning:
#   Section '.ignored' is unknown. Section ignored.
### mwldeppc.exe Linker Warning:
#   Section '.ignored' is unknown. Section ignored.
### mwldeppc.exe Linker Warning:
#   Section '.ignored' is unknown. Section ignored.
### mwldeppc.exe Linker Warning:
#   Section '.ignored' is unknown. Section ignored.
### mwldeppc.exe Linker Warning:
#   Section '.ignored' is unknown. Section ignored.
### mwldeppc.exe Linker Warning:
#   Section '.ignored' is unknown. Section ignored.
### mwldeppc.exe Linker Warning:
#   Section '.ignored' is unknown. Section ignored.
### mwldeppc.exe Linker Warning:
#   Section '.ignored' is unknown. Section ignored.
### mwldeppc.exe Linker Warning:
#   Section '.ignored' is unknown. Section ignored.
### mwldeppc.exe Linker Warning:
#   Section '.ignored' is unknown. Section ignored.
### mwldeppc.exe Linker Warning:
#   Section '.ignored' is unknown. Section ignored.
### mwldeppc.exe Linker Warning:
#   Section '.ignored' is unknown. Section ignored.
### mwldeppc.exe Linker Warning:
#   Section '.ignored' is unknown. Section ignored.
### mwldeppc.exe Linker Warning:
#   Section '.ignored' is unknown. Section ignored.
### mwldeppc.exe Linker Warning:
#   Section '.ignored' is unknown. Section ignored.
### mwldeppc.exe Linker Warning:
#   Section '.ignored' is unknown. Section ignored.
### mwldeppc.exe Linker Warning:
#   Section '.ignored' is unknown. Section ignored.
### mwldeppc.exe Linker Warning:
#   Section '.ignored' is unknown. Section ignored.
### mwldeppc.exe Linker Warning:
#   Section '.ignored' is unknown. Section ignored.
### mwldeppc.exe Linker Warning:
#   Section '.ignored' is unknown. Section ignored.
### mwldeppc.exe Linker Warning:
#   Section '.ignored' is unknown. Section ignored.
### mwldeppc.exe Linker Warning:
#   Section '.ignored' is unknown. Section ignored.
### mwldeppc.exe Linker Warning:
#   Section '.ignored' is unknown. Section ignored.
### mwldeppc.exe Linker Warning:
#   Section '.ignored' is unknown. Section ignored.
### mwldeppc.exe Linker Warning:
#   Section '.ignored' is unknown. Section ignored.
### mwldeppc.exe Linker Warning:
#   Section '.ignored' is unknown. Section ignored.
### mwldeppc.exe Linker Warning:
#   Section '.ignored' is unknown. Section ignored.
### mwldeppc.exe Linker Warning:
#   Section '.ignored' is unknown. Section ignored.
### mwldeppc.exe Linker Warning:
#   Section '.ignored' is unknown. Section ignored.
### mwldeppc.exe Linker Warning:
#   Section '.ignored' is unknown. Section ignored.
### mwldeppc.exe Linker Warning:
#   Section '.ignored' is unknown. Section ignored.
### mwldeppc.exe Linker Warning:
#   Section '.ignored' is unknown. Section ignored.
### mwldeppc.exe Linker Warning:
#   Section '.ignored' is unknown. Section ignored.
### mwldeppc.exe Linker Warning:
#   Section '.ignored' is unknown. Section ignored.
### mwldeppc.exe Linker Warning:
#   Section '.ignored' is unknown. Section ignored.
### mwldeppc.exe Linker Warning:
#   Section '.ignored' is unknown. Section ignored.
### mwldeppc.exe Linker Warning:
#   Section '.ignored' is unknown. Section ignored.
### mwldeppc.exe Linker Warning:
#   Section '.ignored' is unknown. Section ignored.
### mwldeppc.exe Linker Warning:
#   Section '.ignored' is unknown. Section ignored.
### mwldeppc.exe Linker Warning:
#   Section '.ignored' is unknown. Section ignored.
### mwldeppc.exe Linker Warning:
#   Section '.ignored' is unknown. Section ignored.
### mwldeppc.exe Linker Warning:
#   Section '.ignored' is unknown. Section ignored.
### mwldeppc.exe Linker Warning:
#   Section '.ignored' is unknown. Section ignored.
### mwldeppc.exe Linker Warning:
#   Section '.ignored' is unknown. Section ignored.
### mwldeppc.exe Linker Warning:
#   Section '.ignored' is unknown. Section ignored.
### mwldeppc.exe Linker Warning:
#   Section '.ignored' is unknown. Section ignored.
### mwldeppc.exe Linker Warning:
#   Section '.ignored' is unknown. Section ignored.
### mwldeppc.exe Linker Warning:
#   Section '.ignored' is unknown. Section ignored.
### mwldeppc.exe Linker Warning:
#   Section '.ignored' is unknown. Section ignored.
### mwldeppc.exe Linker Warning:
#   Section '.ignored' is unknown. Section ignored.
### mwldeppc.exe Linker Warning:
#   Section '.ignored' is unknown. Section ignored.
### mwldeppc.exe Linker Warning:
#   Section '.ignored' is unknown. Section ignored.
### mwldeppc.exe Linker Warning:
#   Section '.ignored' is unknown. Section ignored.
### mwldeppc.exe Linker Warning:
#   Section '.ignored' is unknown. Section ignored.
### mwldeppc.exe Linker Warning:
#   Section '.ignored' is unknown. Section ignored.
### mwldeppc.exe Linker Warning:
#   Section '.ignored' is unknown. Section ignored.
### mwldeppc.exe Linker Warning:
#   Section '.ignored' is unknown. Section ignored.
### mwldeppc.exe Linker Warning:
#   Section '.ignored' is unknown. Section ignored.
### mwldeppc.exe Linker Warning:
#   Section '.ignored' is unknown. Section ignored.
### mwldeppc.exe Linker Warning:
#   Section '.ignored' is unknown. Section ignored.
### mwldeppc.exe Linker Warning:
#   Section '.ignored' is unknown. Section ignored.
### mwldeppc.exe Linker Warning:
#   Section '.ignored' is unknown. Section ignored.
### mwldeppc.exe Linker Warning:
#   Section '.ignored' is unknown. Section ignored.
### mwldeppc.exe Linker Warning:
#   Section '.ignored' is unknown. Section ignored.
### mwldeppc.exe Linker Warning:
#   Section '.ignored' is unknown. Section ignored.
### mwldeppc.exe Linker Warning:
#   Section '.ignored' is unknown. Section ignored.
### mwldeppc.exe Linker Warning:
#   Section '.ignored' is unknown. Section ignored.
### mwldeppc.exe Linker Warning:
#   Section '.ignored' is unknown. Section ignored.
### mwldeppc.exe Linker Warning:
#   Section '.ignored' is unknown. Section ignored.
### mwldeppc.exe Linker Warning:
#   Section '.ignored' is unknown. Section ignored.
### mwldeppc.exe Linker Warning:
#   Section '.ignored' is unknown. Section ignored.
### mwldeppc.exe Linker Warning:
#   Section '.ignored' is unknown. Section ignored.
### mwldeppc.exe Linker Warning:
#   Section '.ignored' is unknown. Section ignored.
### mwldeppc.exe Linker Warning:
#   Section '.ignored' is unknown. Section ignored.
### mwldeppc.exe Linker Warning:
#   Section '.ignored' is unknown. Section ignored.
### mwldeppc.exe Linker Warning:
#   Section '.ignored' is unknown. Section ignored.
### mwldeppc.exe Linker Warning:
#   Section '.ignored' is unknown. Section ignored.
### mwldeppc.exe Linker Warning:
#   Section '.ignored' is unknown. Section ignored.
### mwldeppc.exe Linker Warning:
#   Section '.ignored' is unknown. Section ignored.
### mwldeppc.exe Linker Warning:
#   Section '.ignored' is unknown. Section ignored.
### mwldeppc.exe Linker Warning:
#   Section '.ignored' is unknown. Section ignored.
### mwldeppc.exe Linker Warning:
#   Section '.ignored' is unknown. Section ignored.
### mwldeppc.exe Linker Warning:
#   Section '.ignored' is unknown. Section ignored.
### mwldeppc.exe Linker Warning:
#   Section '.ignored' is unknown. Section ignored.
### mwldeppc.exe Linker Warning:
#   Section '.ignored' is unknown. Section ignored.
### mwldeppc.exe Linker Warning:
#   Section '.ignored' is unknown. Section ignored.
### mwldeppc.exe Linker Warning:
#   Section '.ignored' is unknown. Section ignored.
### mwldeppc.exe Linker Warning:
#   Section '.ignored' is unknown. Section ignored.
### mwldeppc.exe Linker Warning:
#   Section '.ignored' is unknown. Section ignored.
### mwldeppc.exe Linker Warning:
#   Section '.ignored' is unknown. Section ignored.
### mwldeppc.exe Linker Warning:
#   Section '.ignored' is unknown. Section ignored.
### mwldeppc.exe Linker Warning:
#   Section '.ignored' is unknown. Section ignored.
### mwldeppc.exe Linker Warning:
#   Section '.ignored' is unknown. Section ignored.
### mwldeppc.exe Linker Warning:
#   Section '.ignored' is unknown. Section ignored.
### mwldeppc.exe Linker Warning:
#   Section '.ignored' is unknown. Section ignored.
### mwldeppc.exe Linker Warning:
#   Section '.ignored' is unknown. Section ignored.
### mwldeppc.exe Linker Warning:
#   Section '.ignored' is unknown. Section ignored.
### mwldeppc.exe Linker Warning:
#   Section '.ignored' is unknown. Section ignored.
### mwldeppc.exe Linker Warning:
#   Section '.ignored' is unknown. Section ignored.
### mwldeppc.exe Linker Warning:
#   Section '.ignored' is unknown. Section ignored.
### mwldeppc.exe Linker Warning:
#   Section '.ignored' is unknown. Section ignored.
### mwldeppc.exe Linker Warning:
#   Section '.ignored' is unknown. Section ignored.
### mwldeppc.exe Linker Warning:
#   Section '.ignored' is unknown. Section ignored.
### mwldeppc.exe Linker Warning:
#   Section '.ignored' is unknown. Section ignored.
### mwldeppc.exe Linker Warning:
#   Section '.ignored' is unknown. Section ignored.
### mwldeppc.exe Linker Warning:
#   Section '.ignored' is unknown. Section ignored.
### mwldeppc.exe Linker Warning:
#   Section '.ignored' is unknown. Section ignored.
### mwldeppc.exe Linker Warning:
#   Section '.ignored' is unknown. Section ignored.
### mwldeppc.exe Linker Warning:
#   Section '.ignored' is unknown. Section ignored.
### mwldeppc.exe Linker Warning:
#   Section '.ignored' is unknown. Section ignored.
### mwldeppc.exe Linker Warning:
#   Section '.ignored' is unknown. Section ignored.
### mwldeppc.exe Linker Warning:
#   Section '.ignored' is unknown. Section ignored.
### mwldeppc.exe Linker Warning:
#   Section '.ignored' is unknown. Section ignored.
### mwldeppc.exe Linker Warning:
#   Section '.ignored' is unknown. Section ignored.
### mwldeppc.exe Linker Warning:
#   Section '.ignored' is unknown. Section ignored.
### mwldeppc.exe Linker Warning:
#   Section '.ignored' is unknown. Section ignored.
### mwldeppc.exe Linker Warning:
#   Section '.ignored' is unknown. Section ignored.
### mwldeppc.exe Linker Warning:
#   Section '.ignored' is unknown. Section ignored.
### mwldeppc.exe Linker Warning:
#   Section '.ignored' is unknown. Section ignored.
### mwldeppc.exe Linker Warning:
#   Section '.ignored' is unknown. Section ignored.
### mwldeppc.exe Linker Warning:
#   Section '.ignored' is unknown. Section ignored.
### mwldeppc.exe Linker Warning:
#   Section '.ignored' is unknown. Section ignored.
### mwldeppc.exe Linker Warning:
#   Section '.ignored' is unknown. Section ignored.
### mwldeppc.exe Linker Warning:
#   Section '.ignored' is unknown. Section ignored.
### mwldeppc.exe Linker Warning:
#   Section '.ignored' is unknown. Section ignored.
### mwldeppc.exe Linker Warning:
#   Section '.ignored' is unknown. Section ignored.
### mwldeppc.exe Linker Warning:
#   Section '.ignored' is unknown. Section ignored.
### mwldeppc.exe Linker Warning:
#   Section '.ignored' is unknown. Section ignored.
### mwldeppc.exe Linker Warning:
#   Section '.ignored' is unknown. Section ignored.
### mwldeppc.exe Linker Warning:
#   Section '.ignored' is unknown. Section ignored.
### mwldeppc.exe Linker Warning:
#   Section '.ignored' is unknown. Section ignored.
### mwldeppc.exe Linker Warning:
#   Section '.ignored' is unknown. Section ignored.
### mwldeppc.exe Linker Warning:
#   Section '.ignored' is unknown. Section ignored.
### mwldeppc.exe Linker Warning:
#   Section '.ignored' is unknown. Section ignored.
### mwldeppc.exe Linker Warning:
#   Section '.ignored' is unknown. Section ignored.
### mwldeppc.exe Linker Warning:
#   Section '.ignored' is unknown. Section ignored.
### mwldeppc.exe Linker Warning:
#   Section '.ignored' is unknown. Section ignored.
### mwldeppc.exe Linker Warning:
#   Section '.ignored' is unknown. Section ignored.
### mwldeppc.exe Linker Warning:
#   Section '.ignored' is unknown. Section ignored.
### mwldeppc.exe Linker Warning:
#   Section '.ignored' is unknown. Section ignored.
### mwldeppc.exe Linker Warning:
#   Section '.ignored' is unknown. Section ignored.
### mwldeppc.exe Linker Warning:
#   Section '.ignored' is unknown. Section ignored.
### mwldeppc.exe Linker Warning:
#   Section '.ignored' is unknown. Section ignored.
### mwldeppc.exe Linker Warning:
#   Section '.ignored' is unknown. Section ignored.
### mwldeppc.exe Linker Warning:
#   Section '.ignored' is unknown. Section ignored.
### mwldeppc.exe Linker Warning:
#   Section '.ignored' is unknown. Section ignored.
### mwldeppc.exe Linker Warning:
#   Section '.ignored' is unknown. Section ignored.
### mwldeppc.exe Linker Warning:
#   Section '.ignored' is unknown. Section ignored.
### mwldeppc.exe Linker Warning:
#   Section '.ignored' is unknown. Section ignored.
### mwldeppc.exe Linker Warning:
#   Section '.ignored' is unknown. Section ignored.
### mwldeppc.exe Linker Warning:
#   Section '.ignored' is unknown. Section ignored.
### mwldeppc.exe Linker Warning:
#   Section '.ignored' is unknown. Section ignored.
### mwldeppc.exe Linker Warning:
#   Section '.ignored' is unknown. Section ignored.
### mwldeppc.exe Linker Warning:
#   Section '.ignored' is unknown. Section ignored.
### mwldeppc.exe Linker Warning:
#   Section '.ignored' is unknown. Section ignored.
### mwldeppc.exe Linker Warning:
#   Section '.ignored' is unknown. Section ignored.
### mwldeppc.exe Linker Warning:
#   Section '.ignored' is unknown. Section ignored.
### mwldeppc.exe Linker Warning:
#   Section '.ignored' is unknown. Section ignored.
### mwldeppc.exe Linker Warning:
#   Section '.ignored' is unknown. Section ignored.
### mwldeppc.exe Linker Warning:
#   Section '.ignored' is unknown. Section ignored.
### mwldeppc.exe Linker Warning:
#   Section '.ignored' is unknown. Section ignored.
### mwldeppc.exe Linker Warning:
#   Section '.ignored' is unknown. Section ignored.
### mwldeppc.exe Linker Warning:
#   Section '.ignored' is unknown. Section ignored.
### mwldeppc.exe Linker Warning:
#   Section '.ignored' is unknown. Section ignored.
### mwldeppc.exe Linker Warning:
#   Section '.ignored' is unknown. Section ignored.
### mwldeppc.exe Linker Warning:
#   Section '.ignored' is unknown. Section ignored.
### mwldeppc.exe Linker Warning:
#   Section '.ignored' is unknown. Section ignored.
### mwldeppc.exe Linker Warning:
#   Section '.ignored' is unknown. Section ignored.
### mwldeppc.exe Linker Warning:
#   Section '.ignored' is unknown. Section ignored.
### mwldeppc.exe Linker Warning:
#   Section '.ignored' is unknown. Section ignored.
### mwldeppc.exe Linker Warning:
#   Section '.ignored' is unknown. Section ignored.
### mwldeppc.exe Linker Warning:
#   Section '.ignored' is unknown. Section ignored.
### mwldeppc.exe Linker Warning:
#   Section '.ignored' is unknown. Section ignored.
### mwldeppc.exe Linker Warning:
#   Section '.ignored' is unknown. Section ignored.
### mwldeppc.exe Linker Warning:
#   Section '.ignored' is unknown. Section ignored.
### mwldeppc.exe Linker Warning:
#   Section '.ignored' is unknown. Section ignored.
### mwldeppc.exe Linker Warning:
#   Section '.ignored' is unknown. Section ignored.
### mwldeppc.exe Linker Warning:
#   Section '.ignored' is unknown. Section ignored.
### mwldeppc.exe Linker Warning:
#   Section '.ignored' is unknown. Section ignored.
### mwldeppc.exe Linker Warning:
#   Section '.ignored' is unknown. Section ignored.
### mwldeppc.exe Linker Warning:
#   Section '.ignored' is unknown. Section ignored.
### mwldeppc.exe Linker Warning:
#   Section '.ignored' is unknown. Section ignored.
### mwldeppc.exe Linker Warning:
#   Section '.ignored' is unknown. Section ignored.
### mwldeppc.exe Linker Warning:
#   Section '.ignored' is unknown. Section ignored.
### mwldeppc.exe Linker Warning:
#   Section '.ignored' is unknown. Section ignored.
### mwldeppc.exe Linker Warning:
#   Section '.ignored' is unknown. Section ignored.
### mwldeppc.exe Linker Warning:
#   Section '.ignored' is unknown. Section ignored.
### mwldeppc.exe Linker Warning:
#   Section '.ignored' is unknown. Section ignored.
### mwldeppc.exe Linker Warning:
#   Section '.ignored' is unknown. Section ignored.
### mwldeppc.exe Linker Warning:
#   Section '.ignored' is unknown. Section ignored.
### mwldeppc.exe Linker Warning:
#   Section '.ignored' is unknown. Section ignored.
### mwldeppc.exe Linker Warning:
#   Section '.ignored' is unknown. Section ignored.
### mwldeppc.exe Linker Warning:
#   Section '.ignored' is unknown. Section ignored.
### mwldeppc.exe Linker Warning:
#   Section '.ignored' is unknown. Section ignored.
### mwldeppc.exe Linker Warning:
#   Section '.ignored' is unknown. Section ignored.
### mwldeppc.exe Linker Warning:
#   Section '.ignored' is unknown. Section ignored.
### mwldeppc.exe Linker Warning:
#   Section '.ignored' is unknown. Section ignored.
### mwldeppc.exe Linker Warning:
#   Section '.ignored' is unknown. Section ignored.
### mwldeppc.exe Linker Warning:
#   Section '.ignored' is unknown. Section ignored.
### mwldeppc.exe Linker Warning:
#   Section '.ignored' is unknown. Section ignored.
### mwldeppc.exe Linker Warning:
#   Section '.ignored' is unknown. Section ignored.
### mwldeppc.exe Linker Warning:
#   Section '.ignored' is unknown. Section ignored.
### mwldeppc.exe Linker Warning:
#   Section '.ignored' is unknown. Section ignored.
### mwldeppc.exe Linker Warning:
#   Section '.ignored' is unknown. Section ignored.
### mwldeppc.exe Linker Warning:
#   Section '.ignored' is unknown. Section ignored.
### mwldeppc.exe Linker Warning:
#   Section '.ignored' is unknown. Section ignored.
### mwldeppc.exe Linker Warning:
#   Section '.ignored' is unknown. Section ignored.
### mwldeppc.exe Linker Warning:
#   Section '.ignored' is unknown. Section ignored.
### mwldeppc.exe Linker Warning:
#   Section '.ignored' is unknown. Section ignored.
### mwldeppc.exe Linker Warning:
#   Section '.ignored' is unknown. Section ignored.
### mwldeppc.exe Linker Warning:
#   Section '.ignored' is unknown. Section ignored.
### mwldeppc.exe Linker Warning:
#   Section '.ignored' is unknown. Section ignored.
### mwldeppc.exe Linker Warning:
#   Section '.ignored' is unknown. Section ignored.
### mwldeppc.exe Linker Warning:
#   Section '.ignored' is unknown. Section ignored.
### mwldeppc.exe Linker Warning:
#   Section '.ignored' is unknown. Section ignored.
### mwldeppc.exe Linker Warning:
#   Section '.ignored' is unknown. Section ignored.
### mwldeppc.exe Linker Warning:
#   Section '.ignored' is unknown. Section ignored.
### mwldeppc.exe Linker Warning:
#   Section '.ignored' is unknown. Section ignored.
### mwldeppc.exe Linker Warning:
#   Section '.ignored' is unknown. Section ignored.
### mwldeppc.exe Linker Warning:
#   Section '.ignored' is unknown. Section ignored.
### mwldeppc.exe Linker Warning:
#   Section '.ignored' is unknown. Section ignored.
### mwldeppc.exe Linker Warning:
#   Section '.ignored' is unknown. Section ignored.
### mwldeppc.exe Linker Warning:
#   Section '.ignored' is unknown. Section ignored.
### mwldeppc.exe Linker Warning:
#   Section '.ignored' is unknown. Section ignored.
### mwldeppc.exe Linker Warning:
#   Section '.ignored' is unknown. Section ignored.
### mwldeppc.exe Linker Warning:
#   Section '.ignored' is unknown. Section ignored.
### mwldeppc.exe Linker Warning:
#   Section '.ignored' is unknown. Section ignored.
### mwldeppc.exe Linker Warning:
#   Section '.ignored' is unknown. Section ignored.
### mwldeppc.exe Linker Warning:
#   Section '.ignored' is unknown. Section ignored.
### mwldeppc.exe Linker Warning:
#   Section '.ignored' is unknown. Section ignored.
[903/905] DOL build/GEDE01/main.dol
[904/905] CHECK config/GEDE01/build.sha1
build/GEDE01/main.dol: OK
[905/905] PROGRESS
Progress:
  All: 58.19% fuzzy, 48.59% matched, 48.56% linked (6286 / 7068 files)
    Code: 1117960 / 2300692 bytes (6052 / 8214 functions)
    Data: 39594 / 4305642 bytes (0.92%)
  Game Code: 93.74% fuzzy, 78.24% matched, 78.19% linked (6268 / 6633 files)
    Code: 1114932 / 1425104 bytes (5990 / 6354 functions)
    Data: 39370 / 40426 bytes (97.39%)
  SDK/Runtime: 100.00% fuzzy, 100.00% matched, 100.00% linked (18 / 18 files)
    Code: 3028 / 3028 bytes (62 / 62 functions)
    Data: 224 / 224 bytes (100.00%)
EXIT 0

FINAL VERIFICATION AFTER RESTORING RETAINED SOURCE
$ python3 configure.py
EXIT 0
$ .tools/bin/ninja -j2
[1/906] MWCC build/GEDE01/src/game/game_fn_80008014.o
[2/906] MWCC build/GEDE01/src/game/game_fn_800094C0.o
[3/906] MWCC build/GEDE01/src/game/game_fn_800096E0.o
[4/906] MWCC build/GEDE01/src/game/game_fn_800098C0.o
[5/906] MWCC build/GEDE01/src/game/game_fn_800099D8.o
[6/906] MWCC build/GEDE01/src/game/game_fn_80009AB4.o
[7/906] MWCC build/GEDE01/src/game/game_fn_8000A26C.o
[8/906] MWCC build/GEDE01/src/game/game_fn_8000AC88.o
[9/906] MWCC build/GEDE01/src/game/game_fn_8000AEB4.o
[10/906] MWCC build/GEDE01/src/game/game_fn_8000AFB4.o
[11/906] MWCC build/GEDE01/src/game/game_fn_8000B1B8.o
[12/906] MWCC build/GEDE01/src/game/game_fn_8000B36C.o
[13/906] MWCC build/GEDE01/src/game/game_fn_8000B7FC.o
[14/906] MWCC build/GEDE01/src/game/game_fn_8000B630.o
[15/906] MWCC build/GEDE01/src/game/game_fn_8000BA0C.o
[16/906] MWCC build/GEDE01/src/game/game_fn_8000B900.o
[17/906] MWCC build/GEDE01/src/game/game_fn_8000BC40.o
[18/906] MWCC build/GEDE01/src/game/game_fn_8000BAA0.o
[19/906] MWCC build/GEDE01/src/game/game_fn_8000C17C.o
[20/906] MWCC build/GEDE01/src/game/game_fn_8000C06C.o
[21/906] MWCC build/GEDE01/src/game/game_fn_8000C848.o
[22/906] MWCC build/GEDE01/src/game/game_fn_8000C400.o
[23/906] MWCC build/GEDE01/src/game/game_fn_8000C91C.o
[24/906] MWCC build/GEDE01/src/game/game_fn_8000D0BC.o
[25/906] MWCC build/GEDE01/src/game/game_fn_8000D3D4.o
[26/906] MWCC build/GEDE01/src/game/game_fn_8000D590.o
[27/906] MWCC build/GEDE01/src/game/game_fn_8000D8A4.o
[28/906] MWCC build/GEDE01/src/game/game_fn_8000DA50.o
[29/906] MWCC build/GEDE01/src/game/game_fn_8000E054.o
[30/906] MWCC build/GEDE01/src/game/game_fn_8000DAF4.o
[31/906] MWCC build/GEDE01/src/game/game_fn_8000E0AC.o
[32/906] MWCC build/GEDE01/src/game/game_fn_8000E138.o
[33/906] MWCC build/GEDE01/src/game/game_fn_8000E1C4.o
[34/906] MWCC build/GEDE01/src/game/game_fn_8000E96C.o
[35/906] MWCC build/GEDE01/src/game/game_fn_8000EB14.o
[36/906] MWCC build/GEDE01/src/game/game_fn_8000EBD4.o
[37/906] MWCC build/GEDE01/src/game/game_fn_8000ED44.o
[38/906] MWCC build/GEDE01/src/game/game_fn_8000EFC4.o
[39/906] MWCC build/GEDE01/src/game/game_fn_8000F4B0.o
[40/906] MWCC build/GEDE01/src/game/game_fn_8000F774.o
[41/906] MWCC build/GEDE01/src/game/game_fn_8000FDE8.o
[42/906] MWCC build/GEDE01/src/game/game_fn_8000FFD8.o
[43/906] MWCC build/GEDE01/src/game/game_fn_800119FC.o
[44/906] MWCC build/GEDE01/src/game/game_fn_80012DA8.o
[45/906] MWCC build/GEDE01/src/game/game_fn_80012F40.o
[46/906] MWCC build/GEDE01/src/game/game_fn_80012FD0.o
[47/906] MWCC build/GEDE01/src/game/game_fn_800131E8.o
[48/906] MWCC build/GEDE01/src/game/game_fn_80013340.o
[49/906] MWCC build/GEDE01/src/game/game_fn_80013870.o
[50/906] MWCC build/GEDE01/src/game/game_fn_80013CB0.o
[51/906] MWCC build/GEDE01/src/game/game_fn_80013D54.o
[52/906] MWCC build/GEDE01/src/game/game_fn_800142DC.o
[53/906] MWCC build/GEDE01/src/game/game_fn_800144CC.o
[54/906] MWCC build/GEDE01/src/game/game_fn_80014784.o
[55/906] MWCC build/GEDE01/src/game/game_fn_800149D4.o
[56/906] MWCC build/GEDE01/src/game/game_fn_80015058.o
[57/906] MWCC build/GEDE01/src/game/game_fn_80015568.o
[58/906] MWCC build/GEDE01/src/game/game_fn_80015320.o
[59/906] MWCC build/GEDE01/src/game/game_fn_800156FC.o
[60/906] MWCC build/GEDE01/src/game/game_fn_80015BE0.o
[61/906] MWCC build/GEDE01/src/game/game_fn_80015D40.o
[62/906] MWCC build/GEDE01/src/game/game_fn_80015F04.o
[63/906] MWCC build/GEDE01/src/game/game_fn_80016128.o
[64/906] MWCC build/GEDE01/src/game/game_fn_80016270.o
[65/906] MWCC build/GEDE01/src/game/game_fn_80016904.o
[66/906] MWCC build/GEDE01/src/game/game_fn_80016B24.o
[67/906] MWCC build/GEDE01/src/game/game_fn_800171C0.o
[68/906] MWCC build/GEDE01/src/game/game_fn_800173CC.o
[69/906] MWCC build/GEDE01/src/game/game_fn_800176F0.o
[70/906] MWCC build/GEDE01/src/game/game_fn_80017910.o
[71/906] MWCC build/GEDE01/src/game/game_fn_800179AC.o
[72/906] MWCC build/GEDE01/src/game/game_fn_80017A3C.o
[73/906] MWCC build/GEDE01/src/game/game_fn_80017AE4.o
[74/906] MWCC build/GEDE01/src/game/game_fn_80017C3C.o
[75/906] MWCC build/GEDE01/src/game/game_fn_80017DB0.o
[76/906] MWCC build/GEDE01/src/game/game_fn_80017CC8.o
[77/906] MWCC build/GEDE01/src/game/game_fn_80018EF4.o
[78/906] MWCC build/GEDE01/src/game/game_fn_80019054.o
[79/906] MWCC build/GEDE01/src/game/game_fn_80019244.o
[80/906] MWCC build/GEDE01/src/game/game_fn_800194D0.o
[81/906] MWCC build/GEDE01/src/game/game_fn_80019940.o
[82/906] MWCC build/GEDE01/src/game/game_fn_80019C10.o
[83/906] MWCC build/GEDE01/src/game/game_fn_80019D2C.o
[84/906] MWCC build/GEDE01/src/game/game_fn_80019F98.o
[85/906] MWCC build/GEDE01/src/game/game_fn_8001AAB8.o
[86/906] MWCC build/GEDE01/src/game/game_fn_8001A6C4.o
[87/906] MWCC build/GEDE01/src/game/game_fn_8001ADF8.o
[88/906] MWCC build/GEDE01/src/game/game_fn_8001AF68.o
[89/906] MWCC build/GEDE01/src/game/game_fn_8001B124.o
[90/906] MWCC build/GEDE01/src/game/game_fn_8001B294.o
[91/906] MWCC build/GEDE01/src/game/game_fn_8001B808.o
[92/906] MWCC build/GEDE01/src/game/game_fn_8001B874.o
[93/906] MWCC build/GEDE01/src/game/game_fn_8001CA04.o
[94/906] MWCC build/GEDE01/src/game/game_fn_8001C078.o
[95/906] MWCC build/GEDE01/src/game/game_fn_8001CD58.o
[96/906] MWCC build/GEDE01/src/game/game_fn_8001CE94.o
[97/906] MWCC build/GEDE01/src/game/game_fn_8001E644.o
[98/906] MWCC build/GEDE01/src/game/game_fn_8001FE1C.o
[99/906] MWCC build/GEDE01/src/game/game_fn_80020E94.o
[100/906] MWCC build/GEDE01/src/game/game_fn_80024F28.o
[101/906] MWCC build/GEDE01/src/game/game_fn_800272B4.o
[102/906] MWCC build/GEDE01/src/game/game_fn_8002B748.o
[103/906] MWCC build/GEDE01/src/game/game_fn_8002DAE0.o
[104/906] MWCC build/GEDE01/src/game/game_fn_8002E3F0.o
[105/906] MWCC build/GEDE01/src/game/game_fn_8002EA68.o
[106/906] MWCC build/GEDE01/src/game/game_fn_8002F428.o
[107/906] MWCC build/GEDE01/src/game/game_fn_80031544.o
[108/906] MWCC build/GEDE01/src/game/game_fn_8003232C.o
[109/906] MWCC build/GEDE01/src/game/game_fn_80032B84.o
[110/906] MWCC build/GEDE01/src/game/game_fn_80033038.o
[111/906] MWCC build/GEDE01/src/game/game_fn_80033180.o
[112/906] MWCC build/GEDE01/src/game/game_fn_800359A0.o
[113/906] MWCC build/GEDE01/src/game/game_fn_800361F8.o
[114/906] MWCC build/GEDE01/src/game/game_fn_80036C40.o
[115/906] MWCC build/GEDE01/src/game/game_fn_80038878.o
[116/906] MWCC build/GEDE01/src/game/game_fn_80048ADC.o
[117/906] MWCC build/GEDE01/src/game/game_fn_80048B24.o
[118/906] MWCC build/GEDE01/src/game/game_fn_8004998C.o
[119/906] MWCC build/GEDE01/src/game/game_fn_80052310.o
[120/906] MWCC build/GEDE01/src/game/game_fn_80050B08.o
[121/906] MWCC build/GEDE01/src/game/game_fn_800542D0.o
[122/906] MWCC build/GEDE01/src/game/game_fn_8005EC6C.o
[123/906] MWCC build/GEDE01/src/game/game_fn_8005EE9C.o
[124/906] MWCC build/GEDE01/src/game/game_data_80239E10.o
[125/906] MWCC build/GEDE01/src/game/game_data_80239E18.o
[126/906] MWCC build/GEDE01/src/game/game_fn_8005FD84.o
[127/906] MWCC build/GEDE01/src/game/game_fn_80066888.o
[128/906] MWCC build/GEDE01/src/game/game_fn_80066E78.o
[129/906] MWCC build/GEDE01/src/game/game_fn_8006B0F0.o
[130/906] MWCC build/GEDE01/src/game/game_fn_8006B620.o
[131/906] MWCC build/GEDE01/src/game/game_fn_8006E53C.o
[132/906] MWCC build/GEDE01/src/game/game_fn_80071A58.o
[133/906] MWCC build/GEDE01/src/game/game_fn_80074310.o
[134/906] MWCC build/GEDE01/src/game/game_fn_80078500.o
[135/906] MWCC build/GEDE01/src/game/game_fn_80079908.o
[136/906] MWCC build/GEDE01/src/game/game_fn_80079AA4.o
[137/906] MWCC build/GEDE01/src/game/game_fn_8007B2F4.o
[138/906] MWCC build/GEDE01/src/game/game_fn_8007B540.o
[139/906] MWCC build/GEDE01/src/game/game_fn_8007B640.o
[140/906] MWCC build/GEDE01/src/game/game_fn_8007B828.o
[141/906] MWCC build/GEDE01/src/game/game_fn_8007BA3C.o
[142/906] MWCC build/GEDE01/src/game/game_fn_8007D4D8.o
[143/906] MWCC build/GEDE01/src/game/game_fn_8007F770.o
[144/906] MWCC build/GEDE01/src/game/game_fn_800886D8.o
[145/906] MWCC build/GEDE01/src/game/game_fn_80088F4C.o
[146/906] MWCC build/GEDE01/src/game/game_fn_80089A34.o
[147/906] MWCC build/GEDE01/src/game/game_fn_8008A2E0.o
[148/906] MWCC build/GEDE01/src/game/game_fn_8008F224.o
[149/906] MWCC build/GEDE01/src/game/game_fn_8008F890.o
[150/906] MWCC build/GEDE01/src/game/game_fn_80090004.o
[151/906] MWCC build/GEDE01/src/game/game_fn_800934A0.o
[152/906] MWCC build/GEDE01/src/game/game_fn_80095D10.o
[153/906] MWCC build/GEDE01/src/game/game_fn_80095FDC.o
[154/906] MWCC build/GEDE01/src/game/game_fn_80096830.o
[155/906] MWCC build/GEDE01/src/game/game_fn_8009C424.o
[156/906] MWCC build/GEDE01/src/game/game_fn_8009E808.o
[157/906] MWCC build/GEDE01/src/game/game_fn_800A2130.o
[158/906] MWCC build/GEDE01/src/game/game_fn_800A2FCC.o
[159/906] MWCC build/GEDE01/src/game/game_fn_800A3180.o
[160/906] MWCC build/GEDE01/src/game/game_fn_800A3894.o
[161/906] MWCC build/GEDE01/src/game/game_fn_800A4428.o
[162/906] MWCC build/GEDE01/src/game/game_fn_800A4798.o
[163/906] MWCC build/GEDE01/src/game/game_fn_800A7E88.o
[164/906] MWCC build/GEDE01/src/game/game_fn_800AF230.o
[165/906] MWCC build/GEDE01/src/game/game_fn_800B2EC0.o
[166/906] MWCC build/GEDE01/src/game/game_fn_800BB5C4.o
[167/906] MWCC build/GEDE01/src/game/game_fn_800BB7A8.o
[168/906] MWCC build/GEDE01/src/game/game_fn_800BB9A4.o
[169/906] MWCC build/GEDE01/src/game/game_fn_800BBAF0.o
[170/906] MWCC build/GEDE01/src/game/game_fn_800C030C.o
[171/906] MWCC build/GEDE01/src/game/game_fn_800C17EC.o
[172/906] MWCC build/GEDE01/src/game/game_fn_800C59F0.o
[173/906] MWCC build/GEDE01/src/game/game_fn_800C644C.o
[174/906] MWCC build/GEDE01/src/game/game_fn_800C65FC.o
[175/906] MWCC build/GEDE01/src/game/game_fn_800C9C60.o
[176/906] MWCC build/GEDE01/src/game/game_fn_800CB760.o
[177/906] MWCC build/GEDE01/src/game/game_fn_800CB8F4.o
[178/906] MWCC build/GEDE01/src/game/game_fn_800CF598.o
[179/906] MWCC build/GEDE01/src/game/game_fn_800D9064.o
[180/906] MWCC build/GEDE01/src/game/game_fn_800D9E10.o
[181/906] MWCC build/GEDE01/src/game/game_fn_800E4980.o
[182/906] MWCC build/GEDE01/src/game/game_TRKNubWelcome.o
[183/906] MWCC build/GEDE01/src/game/game_TRK_main.o
[184/906] MWCC build/GEDE01/src/game/game_InitMetroTRKCommTable.o
[185/906] MWCC build/GEDE01/src/game/game_fn_800FD0C8.o
[186/906] MWCC build/GEDE01/src/game/game_fn_8010242C.o
[187/906] MWCC build/GEDE01/src/game/game_fn_801098C0.o
[188/906] MWCC build/GEDE01/src/game/game_fn_8010F184.o
[189/906] MWCC build/GEDE01/src/game/game_fn_801126E0.o
[190/906] MWCC build/GEDE01/src/game/game_fn_801128E4.o
[191/906] MWCC build/GEDE01/src/game/game_fn_801141B8.o
[192/906] MWCC build/GEDE01/src/game/game_fn_8011F140.o
[193/906] MWCC build/GEDE01/src/game/game_fn_801247F8.o
[194/906] MWCC build/GEDE01/src/game/game_fn_80126A00.o
[195/906] MWCC build/GEDE01/src/game/game_fn_8012976C.o
[196/906] MWCC build/GEDE01/src/game/game_fn_8012DB28.o
[197/906] MWCC build/GEDE01/src/game/game_fn_8013CBE4.o
[198/906] MWCC build/GEDE01/src/game/game_fn_8013D6A4.o
[199/906] MWCC build/GEDE01/src/game/game_fn_8013DB8C.o
[200/906] MWCC build/GEDE01/src/game/game_fn_8014549C.o
[201/906] MWCC build/GEDE01/src/game/game_fn_8014AF38.o
[202/906] MWCC build/GEDE01/src/game/game_fn_8014B494.o
[203/906] MWCC build/GEDE01/src/game/game_fn_8014BA14.o
[204/906] MWCC build/GEDE01/src/game/game_fn_8014CA98.o
[205/906] MWCC build/GEDE01/src/game/game_fn_801535D8.o
[206/906] MWCC build/GEDE01/src/game/game_fn_80153898.o
[207/906] MWCC build/GEDE01/src/game/game_fn_80153A24.o
[208/906] MWCC build/GEDE01/src/game/game_fn_80154F74.o
[209/906] MWCC build/GEDE01/src/game/game_fn_80155814.o
[210/906] MWCC build/GEDE01/src/game/game_fn_80157C0C.o
[211/906] MWCC build/GEDE01/src/game/game_fn_80158B20.o
[212/906] MWCC build/GEDE01/src/game/game_fn_80158D38.o
[213/906] MWCC build/GEDE01/src/game/game_fn_8015DB84.o
[214/906] MWCC build/GEDE01/src/game/game_fn_8015DC54.o
[215/906] MWCC build/GEDE01/src/game/game_fn_8015EDC0.o
[216/906] MWCC build/GEDE01/src/game/game_fn_80167454.o
[217/906] MWCC build/GEDE01/src/game/game_fn_80167B5C.o
[218/906] MWCC build/GEDE01/src/game/game_fn_80169650.o
[219/906] MWCC build/GEDE01/src/game/game_fn_8016BD0C.o
[220/906] MWCC build/GEDE01/src/game/game_fn_8016BE1C.o
[221/906] MWCC build/GEDE01/src/game/game_fn_8016BF60.o
[222/906] MWCC build/GEDE01/src/game/game_fn_8016C0BC.o
[223/906] MWCC build/GEDE01/src/game/game_fn_8016C164.o
[224/906] MWCC build/GEDE01/src/game/game_fn_8016C238.o
[225/906] MWCC build/GEDE01/src/game/game_fn_8016C4BC.o
[226/906] MWCC build/GEDE01/src/game/game_fn_8016C774.o
[227/906] MWCC build/GEDE01/src/game/game_fn_8016D040.o
[228/906] MWCC build/GEDE01/src/game/game_fn_8016D1F8.o
[229/906] MWCC build/GEDE01/src/game/game_fn_8016D2B8.o
[230/906] MWCC build/GEDE01/src/game/game_fn_8016D9C0.o
[231/906] MWCC build/GEDE01/src/game/game_fn_8016DF4C.o
[232/906] MWCC build/GEDE01/src/game/game_fn_8016E8F8.o
[233/906] MWCC build/GEDE01/src/game/game_fn_8016FEF8.o
[234/906] MWCC build/GEDE01/src/game/game_fn_8017038C.o
[235/906] MWCC build/GEDE01/src/game/game_fn_801704F8.o
[236/906] MWCC build/GEDE01/src/game/game_fn_801706DC.o
[237/906] MWCC build/GEDE01/src/game/game_fn_80170A40.o
[238/906] MWCC build/GEDE01/src/game/game_fn_80170DF4.o
[239/906] MWCC build/GEDE01/src/game/game_fn_80170E9C.o
[240/906] MWCC build/GEDE01/src/game/game_fn_8017138C.o
[241/906] MWCC build/GEDE01/src/game/game_fn_80171664.o
[242/906] MWCC build/GEDE01/src/game/game_fn_801718F4.o
[243/906] MWCC build/GEDE01/src/game/game_fn_801719B4.o
[244/906] MWCC build/GEDE01/src/game/game_fn_80171F30.o
[245/906] MWCC build/GEDE01/src/game/game_fn_8017250C.o
[246/906] MWCC build/GEDE01/src/game/game_fn_801726EC.o
[247/906] MWCC build/GEDE01/src/game/game_fn_80172BB0.o
[248/906] MWCC build/GEDE01/src/game/game_fn_80172C78.o
[249/906] MWCC build/GEDE01/src/game/game_fn_80172DB8.o
[250/906] MWCC build/GEDE01/src/game/game_fn_80173270.o
[251/906] MWCC build/GEDE01/src/game/game_fn_801734B4.o
[252/906] MWCC build/GEDE01/src/game/game_fn_80173770.o
[253/906] MWCC build/GEDE01/src/game/game_fn_80173D44.o
[254/906] MWCC build/GEDE01/src/game/game_fn_80173F04.o
[255/906] MWCC build/GEDE01/src/game/game_fn_80174184.o
[256/906] MWCC build/GEDE01/src/game/game_fn_80174358.o
[257/906] MWCC build/GEDE01/src/game/game_fn_80174F2C.o
[258/906] MWCC build/GEDE01/src/game/game_fn_801752B0.o
[259/906] MWCC build/GEDE01/src/game/game_fn_8017553C.o
[260/906] MWCC build/GEDE01/src/game/game_fn_80175A08.o
[261/906] MWCC build/GEDE01/src/game/game_fn_80175E64.o
[262/906] MWCC build/GEDE01/src/game/game_fn_80175F0C.o
[263/906] MWCC build/GEDE01/src/game/game_fn_80175FD4.o
[264/906] MWCC build/GEDE01/src/game/game_fn_80176098.o
[265/906] MWCC build/GEDE01/src/game/game_fn_80176160.o
[266/906] MWCC build/GEDE01/src/game/game_fn_80176220.o
[267/906] MWCC build/GEDE01/src/game/game_fn_8017652C.o
[268/906] MWCC build/GEDE01/src/game/game_fn_801762E8.o
[269/906] MWCC build/GEDE01/src/game/game_fn_80176DF4.o
[270/906] MWCC build/GEDE01/src/game/game_fn_80176FA0.o
[271/906] MWCC build/GEDE01/src/game/game_fn_801770F8.o
[272/906] MWCC build/GEDE01/src/game/game_fn_8017718C.o
[273/906] MWCC build/GEDE01/src/game/game_fn_80178F88.o
[274/906] MWCC build/GEDE01/src/game/game_fn_80177434.o
[275/906] MWCC build/GEDE01/src/game/game_fn_80179398.o
[276/906] MWCC build/GEDE01/src/game/game_fn_8017960C.o
[277/906] MWCC build/GEDE01/src/game/game_fn_8017974C.o
[278/906] MWCC build/GEDE01/src/game/game_fn_80179904.o
[279/906] MWCC build/GEDE01/src/game/game_fn_80179A18.o
[280/906] MWCC build/GEDE01/src/game/game_fn_80179A74.o
[281/906] MWCC build/GEDE01/src/game/game_fn_80179EB8.o
[282/906] MWCC build/GEDE01/src/game/game_fn_80179F20.o
[283/906] MWCC build/GEDE01/src/game/game_fn_8017A010.o
[284/906] MWCC build/GEDE01/src/game/game_fn_8017A12C.o
[285/906] MWCC build/GEDE01/src/game/game_fn_8017A1C0.o
[286/906] MWCC build/GEDE01/src/game/game_fn_8017A9B8.o
[287/906] MWCC build/GEDE01/src/game/game_fn_8017AC20.o
[288/906] MWCC build/GEDE01/src/game/game_fn_8017E850.o
[289/906] MWCC build/GEDE01/src/game/game_fn_8017E958.o
[290/906] MWCC build/GEDE01/src/game/game_fn_80180DDC.o
[291/906] MWCC build/GEDE01/src/game/game_fn_801810A0.o
[292/906] MWCC build/GEDE01/src/game/game_fn_801816D4.o
[293/906] MWCC build/GEDE01/src/game/game_fn_801859FC.o
[294/906] MWCC build/GEDE01/src/game/game_fn_80185AE8.o
[295/906] MWCC build/GEDE01/src/game/game_fn_80185F10.o
[296/906] MWCC build/GEDE01/src/game/game_fn_801861C4.o
[297/906] MWCC build/GEDE01/src/game/game_fn_801865EC.o
[298/906] MWCC build/GEDE01/src/game/game_fn_8018680C.o
[299/906] MWCC build/GEDE01/src/game/game_fn_80186E10.o
[300/906] MWCC build/GEDE01/src/game/game_fn_80186F70.o
[301/906] MWCC build/GEDE01/src/game/game_fn_80187120.o
[302/906] MWCC build/GEDE01/src/game/game_fn_80187320.o
[303/906] MWCC build/GEDE01/src/game/game_fn_801875FC.o
[304/906] MWCC build/GEDE01/src/game/game_fn_801878E0.o
[305/906] MWCC build/GEDE01/src/game/game_fn_80187BB4.o
[306/906] MWCC build/GEDE01/src/game/game_fn_80188A7C.o
[307/906] MWCC build/GEDE01/src/game/game_fn_80188B44.o
[308/906] MWCC build/GEDE01/src/game/game_fn_80188C1C.o
[309/906] MWCC build/GEDE01/src/game/game_fn_80188E28.o
[310/906] MWCC build/GEDE01/src/game/game_fn_80189028.o
[311/906] MWCC build/GEDE01/src/game/game_fn_801891D8.o
[312/906] MWCC build/GEDE01/src/game/game_fn_80189390.o
[313/906] MWCC build/GEDE01/src/game/game_fn_801895E8.o
[314/906] MWCC build/GEDE01/src/game/game_fn_801896A0.o
[315/906] MWCC build/GEDE01/src/game/game_fn_80189760.o
[316/906] MWCC build/GEDE01/src/game/game_fn_80189968.o
[317/906] MWCC build/GEDE01/src/game/game_fn_80189C14.o
[318/906] MWCC build/GEDE01/src/game/game_fn_8018D1F0.o
[319/906] MWCC build/GEDE01/src/game/game_fn_8018C2D0.o
[320/906] MWCC build/GEDE01/src/game/game_fn_8018D2E0.o
[321/906] MWCC build/GEDE01/src/game/game_fn_8018D400.o
[322/906] MWCC build/GEDE01/src/game/game_fn_8018D688.o
[323/906] MWCC build/GEDE01/src/game/game_fn_8018DC24.o
[324/906] MWCC build/GEDE01/src/game/game_fn_8018E0D8.o
[325/906] MWCC build/GEDE01/src/game/game_fn_8018F1D0.o
[326/906] MWCC build/GEDE01/src/game/game_fn_8018F81C.o
[327/906] MWCC build/GEDE01/src/game/game_fn_8018FEDC.o
[328/906] MWCC build/GEDE01/src/game/game_fn_8019120C.o
[329/906] MWCC build/GEDE01/src/game/game_fn_80191360.o
[330/906] MWCC build/GEDE01/src/game/game_fn_8019197C.o
[331/906] MWCC build/GEDE01/src/game/game_fn_801916D0.o
[332/906] MWCC build/GEDE01/src/game/game_fn_801926EC.o
[333/906] MWCC build/GEDE01/src/game/game_fn_80191F58.o
[334/906] MWCC build/GEDE01/src/game/game_fn_80192F54.o
[335/906] MWCC build/GEDE01/src/game/game_fn_801929A4.o
[336/906] MWCC build/GEDE01/src/game/game_fn_80193E1C.o
[337/906] MWCC build/GEDE01/src/game/game_fn_801931C4.o
[338/906] MWCC build/GEDE01/src/game/game_fn_80193F3C.o
[339/906] MWCC build/GEDE01/src/game/game_fn_80194F80.o
[340/906] MWCC build/GEDE01/src/game/game_fn_80197910.o
[341/906] MWCC build/GEDE01/src/game/game_fn_801952E8.o
[342/906] MWCC build/GEDE01/src/game/game_fn_80198AAC.o
[343/906] MWCC build/GEDE01/src/game/game_fn_80198154.o
[344/906] MWCC build/GEDE01/src/game/game_fn_80198BF4.o
[345/906] MWCC build/GEDE01/src/game/game_fn_801991E0.o
[346/906] MWCC build/GEDE01/src/game/game_fn_8019CC28.o
[347/906] MWCC build/GEDE01/src/game/game_fn_8019B1BC.o
[348/906] MWCC build/GEDE01/src/game/game_fn_8019CFC4.o
[349/906] MWCC build/GEDE01/src/game/game_fn_8019E5E4.o
[350/906] MWCC build/GEDE01/src/game/game_fn_801A1F18.o
[351/906] MWCC build/GEDE01/src/game/game_fn_8019E8C8.o
[352/906] MWCC build/GEDE01/src/game/game_fn_801A34BC.o
[353/906] MWCC build/GEDE01/src/game/game_fn_801A2A54.o
[354/906] MWCC build/GEDE01/src/game/game_fn_801A3A78.o
[355/906] MWCC build/GEDE01/src/game/game_fn_801A4CE0.o
[356/906] MWCC build/GEDE01/src/game/game_fn_801A6410.o
[357/906] MWCC build/GEDE01/src/game/game_fn_801A5FB0.o
[358/906] MWCC build/GEDE01/src/game/game_fn_801A657C.o
[359/906] MWCC build/GEDE01/src/game/game_fn_801A6ADC.o
[360/906] MWCC build/GEDE01/src/game/game_fn_801A6C58.o
[361/906] MWCC build/GEDE01/src/game/game_fn_801A6CB4.o
[362/906] MWCC build/GEDE01/src/game/game_fn_801A7E04.o
[363/906] MWCC build/GEDE01/src/game/game_fn_801A7EA8.o
[364/906] MWCC build/GEDE01/src/game/game_fn_801A93E8.o
[365/906] MWCC build/GEDE01/src/game/game_fn_801AB154.o
[366/906] MWCC build/GEDE01/src/game/game_fn_801ABD3C.o
[367/906] MWCC build/GEDE01/src/game/game_fn_801AC8AC.o
[368/906] MWCC build/GEDE01/src/game/game_fn_801ACFE8.o
[369/906] MWCC build/GEDE01/src/game/game_fn_801AD08C.o
[370/906] MWCC build/GEDE01/src/game/game_fn_801AFA74.o
[371/906] MWCC build/GEDE01/src/game/game_fn_801B02F0.o
[372/906] MWCC build/GEDE01/src/game/game_fn_801B1BA0.o
[373/906] MWCC build/GEDE01/src/game/game_fn_801B35BC.o
[374/906] MWCC build/GEDE01/src/game/game_fn_801B4FB4.o
[375/906] MWCC build/GEDE01/src/game/game_fn_801B46C8.o
[376/906] MWCC build/GEDE01/src/game/game_fn_801B58F0.o
[377/906] MWCC build/GEDE01/src/game/game_fn_801B5228.o
[378/906] MWCC build/GEDE01/src/game/game_fn_801B6F1C.o
[379/906] MWCC build/GEDE01/src/game/game_fn_801B86C0.o
[380/906] MWCC build/GEDE01/src/game/game_fn_801B9E7C.o
[381/906] MWCC build/GEDE01/src/game/game_fn_801B941C.o
[382/906] MWCC build/GEDE01/src/game/game_fn_801BA15C.o
[383/906] MWCC build/GEDE01/src/game/game_fn_801BA708.o
[384/906] MWCC build/GEDE01/src/game/game_fn_801BB1A0.o
[385/906] MWCC build/GEDE01/src/game/game_fn_801BC0D4.o
[386/906] MWCC build/GEDE01/src/game/game_fn_801BC240.o
[387/906] MWCC build/GEDE01/src/game/game_fn_801BC8F4.o
[388/906] MWCC build/GEDE01/src/game/game_fn_801BD990.o
[389/906] MWCC build/GEDE01/src/game/game_fn_801BCC04.o
[390/906] MWCC build/GEDE01/src/game/game_fn_801BE0D4.o
[391/906] MWCC build/GEDE01/src/game/game_fn_801BDE7C.o
[392/906] MWCC build/GEDE01/src/game/game_fn_801C1CB0.o
[393/906] MWCC build/GEDE01/src/game/game_fn_801BEF40.o
[394/906] MWCC build/GEDE01/src/game/game_fn_801C2980.o
[395/906] MWCC build/GEDE01/src/game/game_fn_801C29BC.o
[396/906] MWCC build/GEDE01/src/game/game_fn_801C2AAC.o
[397/906] MWCC build/GEDE01/src/game/game_fn_801C2D9C.o
[398/906] MWCC build/GEDE01/src/game/game_fn_801C8160.o
[399/906] MWCC build/GEDE01/src/game/game_fn_801C8224.o
[400/906] MWCC build/GEDE01/src/game/game_fn_801C4B5C.o
[401/906] MWCC build/GEDE01/src/game/game_fn_801C8600.o
[402/906] MWCC build/GEDE01/src/game/game_fn_801C87DC.o
[403/906] MWCC build/GEDE01/src/game/game_fn_801C8CC0.o
[404/906] MWCC build/GEDE01/src/game/game_fn_801C8F50.o
[405/906] MWCC build/GEDE01/src/game/game_fn_801C90A4.o
[406/906] MWCC build/GEDE01/src/game/game_fn_801C9510.o
[407/906] MWCC build/GEDE01/src/game/game_fn_801C970C.o
[408/906] MWCC build/GEDE01/src/game/game_fn_801C9A08.o
[409/906] MWCC build/GEDE01/src/game/game_fn_801C9B1C.o
[410/906] MWCC build/GEDE01/src/game/game_fn_801CB4F8.o
[411/906] MWCC build/GEDE01/src/game/game_fn_801CD228.o
[412/906] MWCC build/GEDE01/src/game/game_fn_801CE09C.o
[413/906] MWCC build/GEDE01/src/game/game_fn_801CE594.o
[414/906] MWCC build/GEDE01/src/game/game_fn_801D1B10.o
[415/906] MWCC build/GEDE01/src/game/game_fn_801D1F78.o
[416/906] MWCC build/GEDE01/src/game/game_fn_801D3988.o
[417/906] MWCC build/GEDE01/src/game/game_fn_801D76A8.o
[418/906] MWCC build/GEDE01/src/game/game_fn_801D7C24.o
[419/906] MWCC build/GEDE01/src/game/game_fn_801D8050.o
[420/906] MWCC build/GEDE01/src/game/game_fn_801D9FE4.o
[421/906] MWCC build/GEDE01/src/game/game_fn_801E2A48.o
[422/906] MWCC build/GEDE01/src/game/game_fn_801E41AC.o
[423/906] MWCC build/GEDE01/src/game/game_fn_801E504C.o
[424/906] MWCC build/GEDE01/src/game/game_fn_801E6814.o
[425/906] MWCC build/GEDE01/src/game/game_fn_801E995C.o
[426/906] MWCC build/GEDE01/src/game/game_fn_801EB09C.o
[427/906] MWCC build/GEDE01/src/game/game_fn_801EB11C.o
[428/906] MWCC build/GEDE01/src/game/game_fn_801ECD74.o
[429/906] MWCC build/GEDE01/src/game/game_fn_801ECF50.o
[430/906] MWCC build/GEDE01/src/game/game_fn_801ED5F4.o
[431/906] MWCC build/GEDE01/src/game/game_fn_801EF580.o
[432/906] MWCC build/GEDE01/src/game/game_fn_801EF910.o
[433/906] MWCC build/GEDE01/src/game/game_fn_801F0CB0.o
[434/906] MWCC build/GEDE01/src/game/game_fn_801F10BC.o
[435/906] MWCC build/GEDE01/src/game/game_fn_801F1A38.o
[436/906] MWCC build/GEDE01/src/game/game_fn_801F35A8.o
[437/906] MWCC build/GEDE01/src/game/game_fn_801F55A0.o
[438/906] MWCC build/GEDE01/src/game/game_fn_801F69F0.o
[439/906] MWCC build/GEDE01/src/game/game_fn_801F7510.o
[440/906] MWCC build/GEDE01/src/game/game_fn_801F6BD8.o
[441/906] MWCC build/GEDE01/src/game/game_fn_801F76EC.o
[442/906] MWCC build/GEDE01/src/game/game_fn_801F8264.o
[443/906] MWCC build/GEDE01/src/game/game_fn_801F9AF8.o
[444/906] MWCC build/GEDE01/src/game/game_fn_801F89B4.o
[445/906] MWCC build/GEDE01/src/game/game_fn_801F9CF4.o
[446/906] MWCC build/GEDE01/src/game/game_fn_801FA9C8.o
[447/906] MWCC build/GEDE01/src/game/game_fn_801FB6A4.o
[448/906] MWCC build/GEDE01/src/game/game_fn_801FC034.o
[449/906] MWCC build/GEDE01/src/game/game_fn_801FFE78.o
[450/906] MWCC build/GEDE01/src/game/game_fn_801FC204.o
[451/906] EXTERNALIZE build/GEDE01/src/game/game_fn_80175A08.o
[452/906] EXTERNALIZE build/GEDE01/src/game/game_fn_80066E78.o
[453/906] EXTERNALIZE build/GEDE01/src/game/game_fn_801247F8.o
[454/906] EXTERNALIZE build/GEDE01/src/game/game_fn_801EF910.o
[455/906] EXTERNALIZE build/GEDE01/src/game/game_fn_801ECF50.o
[456/906] EXTERNALIZE build/GEDE01/src/game/game_fn_801FC204.o
[457/906] EXTERNALIZE build/GEDE01/src/game/game_fn_801EB09C.o
[458/906] EXTERNALIZE build/GEDE01/src/game/game_fn_801EB11C.o
[459/906] EXTERNALIZE build/GEDE01/src/game/game_fn_801E41AC.o
[460/906] EXTERNALIZE JUMPTABLES build/GEDE01/src/game/game_fn_80050B08.o
[461/906] EXTERNALIZE build/GEDE01/src/game/game_fn_801D9FE4.o
[462/906] EXTERNALIZE build/GEDE01/src/game/game_fn_801D76A8.o
[463/906] EXTERNALIZE build/GEDE01/src/game/game_fn_801D8050.o
[464/906] EXTERNALIZE build/GEDE01/src/game/game_fn_801D7C24.o
[465/906] EXTERNALIZE build/GEDE01/src/game/game_fn_8019B1BC.o
[466/906] EXTERNALIZE build/GEDE01/src/game/game_fn_80178F88.o
[467/906] EXTERNALIZE build/GEDE01/src/game/game_fn_801CD228.o
[468/906] EXTERNALIZE build/GEDE01/src/game/game_fn_801C970C.o
[469/906] EXTERNALIZE build/GEDE01/src/game/game_fn_801BA15C.o
[470/906] EXTERNALIZE build/GEDE01/src/game/game_fn_801C9510.o
[471/906] EXTERNALIZE build/GEDE01/src/game/game_fn_80126A00.o
[472/906] EXTERNALIZE build/GEDE01/src/game/game_fn_8013D6A4.o
[473/906] EXTERNALIZE build/GEDE01/src/game/game_fn_800C9C60.o
[474/906] EXTERNALIZE build/GEDE01/src/game/game_fn_801B5228.o
[475/906] EXTERNALIZE build/GEDE01/src/game/game_fn_801B4FB4.o
[476/906] EXTERNALIZE build/GEDE01/src/game/game_fn_801C87DC.o
[477/906] EXTERNALIZE build/GEDE01/src/game/game_fn_801B6F1C.o
[478/906] EXTERNALIZE build/GEDE01/src/game/game_fn_801C8CC0.o
[479/906] EXTERNALIZE build/GEDE01/src/game/game_fn_800FD0C8.o
[480/906] EXTERNALIZE build/GEDE01/src/game/game_fn_801BDE7C.o
[481/906] EXTERNALIZE build/GEDE01/src/game/game_fn_801BE0D4.o
[482/906] EXTERNALIZE STATIC POOL build/GEDE01/src/game/game_fn_801C9A08.o
build/GEDE01/src/game/game_fn_801C9A08.o: lbl_80629390 now undefined; section 3 emptied
[483/906] EXTERNALIZE STATIC POOL build/GEDE01/src/game/game_fn_801C9B1C.o
build/GEDE01/src/game/game_fn_801C9B1C.o: lbl_80629390 now undefined; section 3 emptied
[484/906] EXTERNALIZE build/GEDE01/src/game/game_fn_801B941C.o
[485/906] EXTERNALIZE STATIC POOL build/GEDE01/src/game/game_fn_801BD990.o
build/GEDE01/src/game/game_fn_801BD990.o: lbl_80626D80 now undefined; section 6 emptied
[486/906] EXTERNALIZE STATIC POOL build/GEDE01/src/game/game_fn_801B58F0.o
build/GEDE01/src/game/game_fn_801B58F0.o: lbl_8060C020 now undefined; section 3 emptied
[487/906] EXTERNALIZE STATIC POOL build/GEDE01/src/game/game_fn_801B9E7C.o
build/GEDE01/src/game/game_fn_801B9E7C.o: 0 relocation(s) moved from streamInfo to ...bss.0
build/GEDE01/src/game/game_fn_801B9E7C.o: lbl_8061AE48 now undefined; section 6 emptied
[488/906] EXTERNALIZE STATIC POOL build/GEDE01/src/game/game_fn_801BB1A0.o
build/GEDE01/src/game/game_fn_801BB1A0.o: 0 relocation(s) moved from streamInfo to ...bss.0
build/GEDE01/src/game/game_fn_801BB1A0.o: lbl_8061AE48 now undefined; section 6 emptied
[489/906] EXTERNALIZE STATIC build/GEDE01/src/game/game_fn_801B35BC.o
build/GEDE01/src/game/game_fn_801B35BC.o: lbl_8060D420 now undefined; section 6 emptied
[490/906] EXTERNALIZE STATIC POOL build/GEDE01/src/game/game_fn_801BA708.o
build/GEDE01/src/game/game_fn_801BA708.o: 0 relocation(s) moved from streamInfo to ...bss.0
build/GEDE01/src/game/game_fn_801BA708.o: lbl_8061AE48 now undefined; section 6 emptied
[491/906] EXTERNALIZE STATIC POOL build/GEDE01/src/game/game_fn_801BC8F4.o
build/GEDE01/src/game/game_fn_801BC8F4.o: lbl_8061C748 now undefined; section 6 emptied
[492/906] EXTERNALIZE STATIC build/GEDE01/src/game/game_fn_801BC240.o
build/GEDE01/src/game/game_fn_801BC240.o: lbl_8061C748 now undefined; section 6 emptied
[493/906] EXTERNALIZE STATIC POOL build/GEDE01/src/game/game_fn_801BCC04.o
build/GEDE01/src/game/game_fn_801BCC04.o: lbl_8061C748 now undefined; section 6 emptied
[494/906] EXTERNALIZE STATIC POOL build/GEDE01/src/game/game_fn_801BC0D4.o
build/GEDE01/src/game/game_fn_801BC0D4.o: lbl_8061C748 now undefined; section 6 emptied
[495/906] EXTERNALIZE STATIC POOL build/GEDE01/src/game/game_fn_801C1CB0.o
build/GEDE01/src/game/game_fn_801C1CB0.o: lbl_80626DA0 now undefined; section 3 emptied
[496/906] RENAME build/GEDE01/src/game/game_InitMetroTRKCommTable.o
[497/906] EXTERNALIZE STATIC POOL build/GEDE01/src/game/game_fn_801CE09C.o
build/GEDE01/src/game/game_fn_801CE09C.o: lbl_80631340 now undefined; section 6 emptied
[498/906] RENAME RUNTIME INTRINSICS build/GEDE01/src/game/game_fn_801CB4F8.o
[499/906] EXTERNALIZE STATIC POOL build/GEDE01/src/game/game_fn_8010242C.o
build/GEDE01/src/game/game_fn_8010242C.o: lbl_8032CC08 now undefined; section 3 emptied
[500/906] EXTERNALIZE build/GEDE01/src/game/game_fn_801D3988.o
[501/906] EXTERNALIZE build/GEDE01/src/game/game_fn_801D1B10.o
[502/906] ALIGN DATA build/GEDE01/src/game/game_fn_80008014.o
[503/906] EXTERNALIZE build/GEDE01/src/game/game_fn_801CE594.o
[504/906] EXTERNALIZE build/GEDE01/src/game/game_fn_8014549C.o
[505/906] EXTERNALIZE build/GEDE01/src/game/game_fn_801C8224.o
[506/906] EXTERNALIZE build/GEDE01/src/game/game_fn_801098C0.o
[507/906] EXTERNALIZE build/GEDE01/src/game/game_fn_8000FDE8.o
[508/906] EXTERNALIZE build/GEDE01/src/game/game_fn_80185F10.o
[509/906] EXTERNALIZE build/GEDE01/src/game/game_fn_801C29BC.o
[510/906] EXTERNALIZE build/GEDE01/src/game/game_fn_801C8F50.o
[511/906] EXTERNALIZE build/GEDE01/src/game/game_fn_8007B828.o
[512/906] EXTERNALIZE build/GEDE01/src/game/game_fn_801C90A4.o
[513/906] EXTERNALIZE build/GEDE01/src/game/game_fn_801C8160.o
[514/906] EXTERNALIZE build/GEDE01/src/game/game_fn_801C2AAC.o
[515/906] EXTERNALIZE build/GEDE01/src/game/game_fn_801C2D9C.o
[516/906] EXTERNALIZE build/GEDE01/src/game/game_fn_801C2980.o
[517/906] EXTERNALIZE build/GEDE01/src/game/game_fn_801B02F0.o
[518/906] EXTERNALIZE build/GEDE01/src/game/game_fn_801AFA74.o
[519/906] EXTERNALIZE build/GEDE01/src/game/game_fn_801AC8AC.o
[520/906] EXTERNALIZE build/GEDE01/src/game/game_fn_801ABD3C.o
[521/906] EXTERNALIZE build/GEDE01/src/game/game_fn_801816D4.o
[522/906] EXTERNALIZE build/GEDE01/src/game/game_fn_8011F140.o
[523/906] EXTERNALIZE build/GEDE01/src/game/game_fn_801AD08C.o
[524/906] EXTERNALIZE build/GEDE01/src/game/game_fn_8004998C.o
[525/906] EXTERNALIZE build/GEDE01/src/game/game_fn_80079AA4.o
[526/906] EXTERNALIZE build/GEDE01/src/game/game_fn_80158D38.o
[527/906] EXTERNALIZE build/GEDE01/src/game/game_fn_801A3A78.o
[528/906] EXTERNALIZE build/GEDE01/src/game/game_fn_8008F224.o
[529/906] EXTERNALIZE build/GEDE01/src/game/game_fn_80167454.o
[530/906] EXTERNALIZE build/GEDE01/src/game/game_fn_800AF230.o
[531/906] EXTERNALIZE build/GEDE01/src/game/game_fn_801A93E8.o
[532/906] EXTERNALIZE build/GEDE01/src/game/game_fn_801AB154.o
[533/906] EXTERNALIZE build/GEDE01/src/game/game_fn_801A7E04.o
[534/906] EXTERNALIZE build/GEDE01/src/game/game_fn_801A7EA8.o
[535/906] EXTERNALIZE build/GEDE01/src/game/game_fn_801A6CB4.o
[536/906] EXTERNALIZE build/GEDE01/src/game/game_fn_801A4CE0.o
[537/906] EXTERNALIZE build/GEDE01/src/game/game_fn_801A6C58.o
[538/906] NAME JUMPTABLE build/GEDE01/src/game/game_fn_801A6ADC.o
[539/906] EXTERNALIZE build/GEDE01/src/game/game_fn_801A6410.o
[540/906] EXTERNALIZE build/GEDE01/src/game/game_fn_801A5FB0.o
[541/906] EXTERNALIZE build/GEDE01/src/game/game_fn_801A1F18.o
[542/906] EXTERNALIZE build/GEDE01/src/game/game_fn_8019E8C8.o
[543/906] EXTERNALIZE build/GEDE01/src/game/game_fn_8019E5E4.o
[544/906] EXTERNALIZE build/GEDE01/src/game/game_fn_8019CFC4.o
[545/906] EXTERNALIZE build/GEDE01/src/game/game_fn_8019CC28.o
[546/906] EXTERNALIZE build/GEDE01/src/game/game_fn_801991E0.o
[547/906] EXTERNALIZE build/GEDE01/src/game/game_fn_80198BF4.o
[548/906] EXTERNALIZE build/GEDE01/src/game/game_fn_80198AAC.o
[549/906] EXTERNALIZE build/GEDE01/src/game/game_fn_80198154.o
[550/906] EXTERNALIZE build/GEDE01/src/game/game_fn_80194F80.o
[551/906] EXTERNALIZE build/GEDE01/src/game/game_fn_80197910.o
[552/906] EXTERNALIZE build/GEDE01/src/game/game_fn_80177434.o
repointed 2 relocations to lbl_80250588
[553/906] EXTERNALIZE build/GEDE01/src/game/game_fn_80193E1C.o
[554/906] EXTERNALIZE build/GEDE01/src/game/game_fn_801931C4.o
[555/906] EXTERNALIZE build/GEDE01/src/game/game_fn_80193F3C.o
[556/906] EXTERNALIZE build/GEDE01/src/game/game_fn_80192F54.o
[557/906] EXTERNALIZE build/GEDE01/src/game/game_fn_80191F58.o
[558/906] EXTERNALIZE build/GEDE01/src/game/game_fn_8019197C.o
[559/906] EXTERNALIZE build/GEDE01/src/game/game_fn_80191360.o
[560/906] GLOBALIZE build/GEDE01/src/game/game_fn_8018F1D0.o
[561/906] EXTERNALIZE build/GEDE01/src/game/game_fn_8018D688.o
[562/906] EXTERNALIZE build/GEDE01/src/game/game_fn_8018F81C.o
[563/906] EXTERNALIZE build/GEDE01/src/game/game_fn_8018D2E0.o
[564/906] EXTERNALIZE build/GEDE01/src/game/game_fn_80189968.o
[565/906] EXTERNALIZE build/GEDE01/src/game/game_fn_80189760.o
[566/906] EXTERNALIZE build/GEDE01/src/game/game_fn_8018D1F0.o
[567/906] EXTERNALIZE build/GEDE01/src/game/game_fn_801896A0.o
[568/906] EXTERNALIZE build/GEDE01/src/game/game_fn_801895E8.o
[569/906] EXTERNALIZE build/GEDE01/src/game/game_fn_80189390.o
[570/906] EXTERNALIZE build/GEDE01/src/game/game_fn_801891D8.o
[571/906] EXTERNALIZE build/GEDE01/src/game/game_fn_80188E28.o
[572/906] EXTERNALIZE build/GEDE01/src/game/game_fn_80189028.o
[573/906] EXTERNALIZE build/GEDE01/src/game/game_fn_80188B44.o
[574/906] EXTERNALIZE build/GEDE01/src/game/game_fn_80188C1C.o
[575/906] EXTERNALIZE build/GEDE01/src/game/game_fn_80188A7C.o
[576/906] EXTERNALIZE build/GEDE01/src/game/game_fn_801878E0.o
[577/906] EXTERNALIZE build/GEDE01/src/game/game_fn_80187120.o
[578/906] EXTERNALIZE build/GEDE01/src/game/game_fn_8018FEDC.o
[579/906] EXTERNALIZE build/GEDE01/src/game/game_fn_80186E10.o
[580/906] EXTERNALIZE build/GEDE01/src/game/game_fn_801865EC.o
[581/906] EXTERNALIZE build/GEDE01/src/game/game_fn_80185AE8.o
[582/906] EXTERNALIZE build/GEDE01/src/game/game_fn_801859FC.o
[583/906] EXTERNALIZE build/GEDE01/src/game/game_fn_80180DDC.o
[584/906] EXTERNALIZE build/GEDE01/src/game/game_fn_8017E958.o
[585/906] EXTERNALIZE build/GEDE01/src/game/game_fn_8017E850.o
[586/906] EXTERNALIZE build/GEDE01/src/game/game_fn_8017718C.o
[587/906] EXTERNALIZE build/GEDE01/src/game/game_fn_801770F8.o
[588/906] EXTERNALIZE build/GEDE01/src/game/game_fn_80176FA0.o
[589/906] EXTERNALIZE build/GEDE01/src/game/game_fn_80176DF4.o
[590/906] EXTERNALIZE build/GEDE01/src/game/game_fn_80174358.o
[591/906] EXTERNALIZE build/GEDE01/src/game/game_fn_80173F04.o
[592/906] EXTERNALIZE build/GEDE01/src/game/game_fn_80174184.o
[593/906] EXTERNALIZE build/GEDE01/src/game/game_fn_8017553C.o
[594/906] EXTERNALIZE build/GEDE01/src/game/game_fn_80173D44.o
[595/906] EXTERNALIZE build/GEDE01/src/game/game_fn_80173770.o
[596/906] EXTERNALIZE build/GEDE01/src/game/game_fn_801734B4.o
[597/906] EXTERNALIZE build/GEDE01/src/game/game_fn_80173270.o
[598/906] EXTERNALIZE build/GEDE01/src/game/game_fn_80172DB8.o
[599/906] EXTERNALIZE build/GEDE01/src/game/game_fn_80172C78.o
[600/906] EXTERNALIZE build/GEDE01/src/game/game_fn_80172BB0.o
[601/906] EXTERNALIZE build/GEDE01/src/game/game_fn_801726EC.o
[602/906] EXTERNALIZE build/GEDE01/src/game/game_fn_8017250C.o
[603/906] EXTERNALIZE build/GEDE01/src/game/game_fn_80171F30.o
[604/906] EXTERNALIZE build/GEDE01/src/game/game_fn_801719B4.o
[605/906] EXTERNALIZE build/GEDE01/src/game/game_fn_801718F4.o
[606/906] EXTERNALIZE build/GEDE01/src/game/game_fn_80171664.o
[607/906] EXTERNALIZE build/GEDE01/src/game/game_fn_8017138C.o
[608/906] EXTERNALIZE build/GEDE01/src/game/game_fn_80170A40.o
[609/906] NORMALIZE build/GEDE01/src/game/game_TRKNubWelcome.o
[610/906] NORMALIZE build/GEDE01/src/game/game_TRK_main.o
[611/906] NORMALIZE build/GEDE01/src/game/game_data_80239E10.o
[612/906] NORMALIZE build/GEDE01/src/game/game_data_80239E18.o
[613/906] EXTERNALIZE build/GEDE01/src/game/game_fn_801706DC.o
[614/906] EXTERNALIZE build/GEDE01/src/game/game_fn_8017652C.o
[615/906] EXTERNALIZE build/GEDE01/src/game/game_fn_80170E9C.o
[616/906] EXTERNALIZE build/GEDE01/src/game/game_fn_80175E64.o
[617/906] EXTERNALIZE build/GEDE01/src/game/game_fn_80175F0C.o
[618/906] EXTERNALIZE build/GEDE01/src/game/game_fn_80176098.o
[619/906] EXTERNALIZE build/GEDE01/src/game/game_fn_80175FD4.o
[620/906] EXTERNALIZE build/GEDE01/src/game/game_fn_80176160.o
[621/906] EXTERNALIZE build/GEDE01/src/game/game_fn_80176220.o
[622/906] EXTERNALIZE build/GEDE01/src/game/game_fn_80170DF4.o
[623/906] EXTERNALIZE build/GEDE01/src/game/game_fn_801762E8.o
[624/906] EXTERNALIZE build/GEDE01/src/game/game_fn_8016E8F8.o
[625/906] EXTERNALIZE build/GEDE01/src/game/game_fn_8016FEF8.o
[626/906] EXTERNALIZE build/GEDE01/src/game/game_fn_801704F8.o
[627/906] EXTERNALIZE build/GEDE01/src/game/game_fn_8016D2B8.o
[628/906] NORMALIZE build/GEDE01/src/game/game_fn_8016DF4C.o
[629/906] EXTERNALIZE build/GEDE01/src/game/game_fn_8016D040.o
[630/906] EXTERNALIZE build/GEDE01/src/game/game_fn_8016D1F8.o
[631/906] EXTERNALIZE build/GEDE01/src/game/game_fn_8016C774.o
[632/906] EXTERNALIZE build/GEDE01/src/game/game_fn_8016C4BC.o
[633/906] EXTERNALIZE build/GEDE01/src/game/game_fn_8016C238.o
[634/906] EXTERNALIZE build/GEDE01/src/game/game_fn_8016C164.o
[635/906] EXTERNALIZE build/GEDE01/src/game/game_fn_8016C0BC.o
[636/906] EXTERNALIZE build/GEDE01/src/game/game_fn_8017038C.o
[637/906] EXTERNALIZE build/GEDE01/src/game/game_fn_8016BF60.o
[638/906] EXTERNALIZE build/GEDE01/src/game/game_fn_8016BE1C.o
[639/906] EXTERNALIZE build/GEDE01/src/game/game_fn_8016BD0C.o
[640/906] EXTERNALIZE build/GEDE01/src/game/game_fn_80169650.o
[641/906] EXTERNALIZE build/GEDE01/src/game/game_fn_8015EDC0.o
[642/906] EXTERNALIZE build/GEDE01/src/game/game_fn_80167B5C.o
[643/906] EXTERNALIZE build/GEDE01/src/game/game_fn_8015DB84.o
[644/906] EXTERNALIZE build/GEDE01/src/game/game_fn_8015DC54.o
[645/906] EXTERNALIZE build/GEDE01/src/game/game_fn_80158B20.o
[646/906] EXTERNALIZE build/GEDE01/src/game/game_fn_80179398.o
[647/906] EXTERNALIZE build/GEDE01/src/game/game_fn_8017974C.o
[648/906] EXTERNALIZE build/GEDE01/src/game/game_fn_8017960C.o
[649/906] EXTERNALIZE build/GEDE01/src/game/game_fn_8017A9B8.o
[650/906] EXTERNALIZE build/GEDE01/src/game/game_fn_80179904.o
[651/906] EXTERNALIZE build/GEDE01/src/game/game_fn_80179A74.o
[652/906] EXTERNALIZE build/GEDE01/src/game/game_fn_80179A18.o
[653/906] EXTERNALIZE build/GEDE01/src/game/game_fn_80179EB8.o
[654/906] EXTERNALIZE build/GEDE01/src/game/game_fn_80179F20.o
[655/906] EXTERNALIZE build/GEDE01/src/game/game_fn_8017A010.o
[656/906] EXTERNALIZE build/GEDE01/src/game/game_fn_8017A12C.o
[657/906] EXTERNALIZE build/GEDE01/src/game/game_fn_80157C0C.o
[658/906] EXTERNALIZE build/GEDE01/src/game/game_fn_8017A1C0.o
[659/906] EXTERNALIZE build/GEDE01/src/game/game_fn_80155814.o
[660/906] EXTERNALIZE build/GEDE01/src/game/game_fn_80153898.o
[661/906] EXTERNALIZE build/GEDE01/src/game/game_fn_8014B494.o
[662/906] EXTERNALIZE build/GEDE01/src/game/game_fn_8014AF38.o
[663/906] EXTERNALIZE build/GEDE01/src/game/game_fn_8012DB28.o
[664/906] EXTERNALIZE build/GEDE01/src/game/game_fn_801141B8.o
[665/906] EXTERNALIZE build/GEDE01/src/game/game_fn_801128E4.o
[666/906] EXTERNALIZE build/GEDE01/src/game/game_fn_801126E0.o
[667/906] EXTERNALIZE build/GEDE01/src/game/game_fn_8010F184.o
[668/906] EXTERNALIZE build/GEDE01/src/game/game_fn_800E4980.o
[669/906] EXTERNALIZE build/GEDE01/src/game/game_fn_800C17EC.o
[670/906] EXTERNALIZE build/GEDE01/src/game/game_fn_800C030C.o
[671/906] EXTERNALIZE build/GEDE01/src/game/game_fn_800C59F0.o
[672/906] EXTERNALIZE build/GEDE01/src/game/game_fn_800C644C.o
[673/906] EXTERNALIZE build/GEDE01/src/game/game_fn_800C65FC.o
[674/906] EXTERNALIZE build/GEDE01/src/game/game_fn_800CB760.o
[675/906] EXTERNALIZE build/GEDE01/src/game/game_fn_800CB8F4.o
[676/906] EXTERNALIZE build/GEDE01/src/game/game_fn_80078500.o
[677/906] EXTERNALIZE build/GEDE01/src/game/game_fn_80079908.o
[678/906] EXTERNALIZE build/GEDE01/src/game/game_fn_8007B2F4.o
[679/906] EXTERNALIZE build/GEDE01/src/game/game_fn_8007B540.o
[680/906] EXTERNALIZE build/GEDE01/src/game/game_fn_8007B640.o
[681/906] EXTERNALIZE build/GEDE01/src/game/game_fn_800886D8.o
[682/906] EXTERNALIZE build/GEDE01/src/game/game_fn_8007BA3C.o
[683/906] EXTERNALIZE build/GEDE01/src/game/game_fn_800934A0.o
[684/906] EXTERNALIZE build/GEDE01/src/game/game_fn_800A3894.o
[685/906] EXTERNALIZE build/GEDE01/src/game/game_fn_800A7E88.o
[686/906] EXTERNALIZE build/GEDE01/src/game/game_fn_800A4798.o
[687/906] GLOBALIZE build/GEDE01/src/game/game_fn_800A2130.o
[688/906] EXTERNALIZE build/GEDE01/src/game/game_fn_800A2FCC.o
[689/906] EXTERNALIZE build/GEDE01/src/game/game_fn_8009C424.o
[690/906] EXTERNALIZE SWITCHES build/GEDE01/src/game/game_fn_80095FDC.o
[691/906] EXTERNALIZE build/GEDE01/src/game/game_fn_80096830.o
[692/906] GLOBALIZE build/GEDE01/src/game/game_fn_8008F890.o
[693/906] EXTERNALIZE build/GEDE01/src/game/game_fn_800A4428.o
[694/906] EXTERNALIZE build/GEDE01/src/game/game_fn_80074310.o
[695/906] GLOBALIZE build/GEDE01/src/game/game_fn_8005FD84.o
[696/906] EXTERNALIZE build/GEDE01/src/game/game_fn_80066888.o
[697/906] EXTERNALIZE build/GEDE01/src/game/game_fn_8005EC6C.o
[698/906] EXTERNALIZE build/GEDE01/src/game/game_fn_80052310.o
[699/906] EXTERNALIZE build/GEDE01/src/game/game_fn_80048B24.o
[700/906] NAME SWITCH build/GEDE01/src/game/game_fn_80020E94.o
[701/906] NAME SWITCH build/GEDE01/src/game/game_fn_8005EE9C.o
[702/906] NAME SWITCH build/GEDE01/src/game/game_fn_8016D9C0.o
[703/906] NAME SWITCH build/GEDE01/src/game/game_fn_80071A58.o
[704/906] EXTERNALIZE build/GEDE01/src/game/game_fn_80048ADC.o
[705/906] NAME SWITCH build/GEDE01/src/game/game_fn_8006B620.o
[706/906] NAME SWITCH build/GEDE01/src/game/game_fn_8001FE1C.o
[707/906] NAME SWITCH build/GEDE01/src/game/game_fn_8001E644.o
[708/906] EXTERNALIZE build/GEDE01/src/game/game_fn_80038878.o
[709/906] EXTERNALIZE build/GEDE01/src/game/game_fn_801B46C8.o
build/GEDE01/src/game/game_fn_801B46C8.o: lbl_8060C020 now undefined; section 6 emptied
[710/906] EXTERNALIZE build/GEDE01/src/game/game_fn_80036C40.o
[711/906] EXTERNALIZE build/GEDE01/src/game/game_fn_800359A0.o
[712/906] EXTERNALIZE build/GEDE01/src/game/game_fn_80033180.o
[713/906] EXTERNALIZE build/GEDE01/src/game/game_fn_80033038.o
[714/906] EXTERNALIZE build/GEDE01/src/game/game_fn_80032B84.o
[715/906] EXTERNALIZE build/GEDE01/src/game/game_fn_8003232C.o
[716/906] EXTERNALIZE build/GEDE01/src/game/game_fn_8002E3F0.o
[717/906] EXTERNALIZE build/GEDE01/src/game/game_fn_8002DAE0.o
[718/906] EXTERNALIZE build/GEDE01/src/game/game_fn_8002EA68.o
[719/906] GLOBALIZE build/GEDE01/src/game/game_fn_8002B748.o
[720/906] EXTERNALIZE build/GEDE01/src/game/game_fn_8002F428.o
[721/906] NAME SWITCHES build/GEDE01/src/game/game_fn_80024F28.o
[722/906] EXTERNALIZE build/GEDE01/src/game/game_fn_800272B4.o
[723/906] EXTERNALIZE build/GEDE01/src/game/game_fn_8001CE94.o
[724/906] EXTERNALIZE build/GEDE01/src/game/game_fn_8001CD58.o
[725/906] EXTERNALIZE build/GEDE01/src/game/game_fn_8001C078.o
[726/906] EXTERNALIZE build/GEDE01/src/game/game_fn_8001B874.o
[727/906] EXTERNALIZE build/GEDE01/src/game/game_fn_8001B808.o
[728/906] EXTERNALIZE build/GEDE01/src/game/game_fn_8001B124.o
[729/906] EXTERNALIZE build/GEDE01/src/game/game_fn_8001B294.o
[730/906] EXTERNALIZE build/GEDE01/src/game/game_fn_8001ADF8.o
[731/906] EXTERNALIZE build/GEDE01/src/game/game_fn_8001AF68.o
[732/906] EXTERNALIZE build/GEDE01/src/game/game_fn_8001AAB8.o
[733/906] EXTERNALIZE build/GEDE01/src/game/game_fn_8001A6C4.o
[734/906] EXTERNALIZE build/GEDE01/src/game/game_fn_80019F98.o
[735/906] EXTERNALIZE build/GEDE01/src/game/game_fn_80019C10.o
[736/906] EXTERNALIZE build/GEDE01/src/game/game_fn_80019D2C.o
[737/906] EXTERNALIZE build/GEDE01/src/game/game_fn_800194D0.o
[738/906] EXTERNALIZE build/GEDE01/src/game/game_fn_80019940.o
[739/906] EXTERNALIZE build/GEDE01/src/game/game_fn_80019244.o
[740/906] EXTERNALIZE build/GEDE01/src/game/game_fn_80019054.o
[741/906] EXTERNALIZE build/GEDE01/src/game/game_fn_80018EF4.o
[742/906] EXTERNALIZE build/GEDE01/src/game/game_fn_80017DB0.o
[743/906] EXTERNALIZE build/GEDE01/src/game/game_fn_80017CC8.o
[744/906] EXTERNALIZE build/GEDE01/src/game/game_fn_80017C3C.o
[745/906] EXTERNALIZE build/GEDE01/src/game/game_fn_80017AE4.o
[746/906] EXTERNALIZE build/GEDE01/src/game/game_fn_80017A3C.o
[747/906] EXTERNALIZE build/GEDE01/src/game/game_fn_800179AC.o
[748/906] EXTERNALIZE build/GEDE01/src/game/game_fn_80017910.o
[749/906] EXTERNALIZE build/GEDE01/src/game/game_fn_8000FFD8.o
[750/906] EXTERNALIZE FLAGS build/GEDE01/src/game/game_fn_800119FC.o
[751/906] EXTERNALIZE build/GEDE01/src/game/game_fn_8000F4B0.o
[752/906] EXTERNALIZE build/GEDE01/src/game/game_fn_8000EFC4.o
[753/906] GLOBALIZE build/GEDE01/src/game/game_fn_800094C0.o
[754/906] EXTERNALIZE build/GEDE01/src/game/game_fn_800096E0.o
[755/906] EXTERNALIZE build/GEDE01/src/game/game_fn_800098C0.o
[756/906] EXTERNALIZE build/GEDE01/src/game/game_fn_80009AB4.o
[757/906] EXTERNALIZE build/GEDE01/src/game/game_fn_800099D8.o
[758/906] EXTERNALIZE build/GEDE01/src/game/game_fn_8000A26C.o
[759/906] EXTERNALIZE build/GEDE01/src/game/game_fn_800171C0.o
[760/906] EXTERNALIZE build/GEDE01/src/game/game_fn_8000AC88.o
[761/906] EXTERNALIZE build/GEDE01/src/game/game_fn_800176F0.o
[762/906] EXTERNALIZE build/GEDE01/src/game/game_fn_8000AFB4.o
[763/906] EXTERNALIZE build/GEDE01/src/game/game_fn_8000AEB4.o
[764/906] EXTERNALIZE build/GEDE01/src/game/game_fn_8000B1B8.o
[765/906] EXTERNALIZE build/GEDE01/src/game/game_fn_8000B36C.o
[766/906] EXTERNALIZE build/GEDE01/src/game/game_fn_8000B630.o
[767/906] EXTERNALIZE build/GEDE01/src/game/game_fn_8000B7FC.o
[768/906] EXTERNALIZE build/GEDE01/src/game/game_fn_8000B900.o
[769/906] EXTERNALIZE build/GEDE01/src/game/game_fn_8000BA0C.o
[770/906] EXTERNALIZE build/GEDE01/src/game/game_fn_8000BAA0.o
[771/906] EXTERNALIZE build/GEDE01/src/game/game_fn_8000BC40.o
[772/906] EXTERNALIZE build/GEDE01/src/game/game_fn_8000C17C.o
[773/906] EXTERNALIZE build/GEDE01/src/game/game_fn_8000C06C.o
[774/906] EXTERNALIZE build/GEDE01/src/game/game_fn_8000C848.o
[775/906] EXTERNALIZE build/GEDE01/src/game/game_fn_8000C400.o
[776/906] EXTERNALIZE build/GEDE01/src/game/game_fn_8000D0BC.o
[777/906] EXTERNALIZE build/GEDE01/src/game/game_fn_8000C91C.o
[778/906] NAME SWITCH build/GEDE01/src/game/game_fn_8000D8A4.o
[779/906] EXTERNALIZE build/GEDE01/src/game/game_fn_8000D3D4.o
[780/906] EXTERNALIZE build/GEDE01/src/game/game_fn_8000E054.o
[781/906] EXTERNALIZE build/GEDE01/src/game/game_fn_8000E96C.o
[782/906] EXTERNALIZE build/GEDE01/src/game/game_fn_8000E0AC.o
[783/906] EXTERNALIZE build/GEDE01/src/game/game_fn_8000EB14.o
[784/906] EXTERNALIZE build/GEDE01/src/game/game_fn_8000F774.o
[785/906] EXTERNALIZE build/GEDE01/src/game/game_fn_8000EBD4.o
[786/906] EXTERNALIZE build/GEDE01/src/game/game_fn_8000ED44.o
[787/906] EXTERNALIZE build/GEDE01/src/game/game_fn_8000E138.o
[788/906] EXTERNALIZE build/GEDE01/src/game/game_fn_8000E1C4.o
[789/906] EXTERNALIZE build/GEDE01/src/game/game_fn_8000DA50.o
[790/906] EXTERNALIZE build/GEDE01/src/game/game_fn_8000D590.o
[791/906] EXTERNALIZE build/GEDE01/src/game/game_fn_80012DA8.o
[792/906] EXTERNALIZE build/GEDE01/src/game/game_fn_8000DAF4.o
[793/906] EXTERNALIZE build/GEDE01/src/game/game_fn_80012FD0.o
[794/906] EXTERNALIZE build/GEDE01/src/game/game_fn_80012F40.o
[795/906] EXTERNALIZE build/GEDE01/src/game/game_fn_80013340.o
[796/906] EXTERNALIZE build/GEDE01/src/game/game_fn_800131E8.o
[797/906] EXTERNALIZE build/GEDE01/src/game/game_fn_80013870.o
[798/906] EXTERNALIZE build/GEDE01/src/game/game_fn_80013CB0.o
[799/906] EXTERNALIZE build/GEDE01/src/game/game_fn_80013D54.o
[800/906] EXTERNALIZE build/GEDE01/src/game/game_fn_800142DC.o
[801/906] EXTERNALIZE build/GEDE01/src/game/game_fn_80014784.o
[802/906] EXTERNALIZE build/GEDE01/src/game/game_fn_800144CC.o
[803/906] EXTERNALIZE build/GEDE01/src/game/game_fn_800149D4.o
[804/906] EXTERNALIZE build/GEDE01/src/game/game_fn_80015058.o
[805/906] EXTERNALIZE build/GEDE01/src/game/game_fn_80015320.o
[806/906] EXTERNALIZE build/GEDE01/src/game/game_fn_80015568.o
[807/906] EXTERNALIZE build/GEDE01/src/game/game_fn_800156FC.o
[808/906] EXTERNALIZE build/GEDE01/src/game/game_fn_80015BE0.o
[809/906] EXTERNALIZE build/GEDE01/src/game/game_fn_80015D40.o
[810/906] EXTERNALIZE build/GEDE01/src/game/game_fn_80015F04.o
[811/906] EXTERNALIZE build/GEDE01/src/game/game_fn_80016128.o
[812/906] EXTERNALIZE build/GEDE01/src/game/game_fn_80016270.o
[813/906] EXTERNALIZE build/GEDE01/src/game/game_fn_80016904.o
[814/906] EXTERNALIZE build/GEDE01/src/game/game_fn_800173CC.o
[815/906] EXTERNALIZE build/GEDE01/src/game/game_fn_80016B24.o
[816/906] EXTERNALIZE build/GEDE01/src/game/game_fn_801B86C0.o
[817/906] EXTERNALIZE build/GEDE01/src/game/game_fn_801BEF40.o
[818/906] EXTERNALIZE STATIC POOL build/GEDE01/src/game/game_fn_801C4B5C.o
build/GEDE01/src/game/game_fn_801C4B5C.o: lbl_80628CB0 now undefined; section 6 emptied
[819/906] EXTERNALIZE build/GEDE01/src/game/game_fn_801C8600.o
[820/906] EXTERNALIZE build/GEDE01/src/game/game_fn_8014BA14.o
[821/906] EXTERNALIZE build/GEDE01/src/game/game_fn_800B2EC0.o
[822/906] EXTERNALIZE build/GEDE01/src/game/game_fn_8001CA04.o
[823/906] EXTERNALIZE build/GEDE01/src/game/game_fn_80031544.o
[824/906] EXTERNALIZE build/GEDE01/src/game/game_fn_8006B0F0.o
[825/906] EXTERNALIZE build/GEDE01/src/game/game_fn_8007D4D8.o
[826/906] EXTERNALIZE build/GEDE01/src/game/game_fn_8007F770.o
[827/906] EXTERNALIZE build/GEDE01/src/game/game_fn_80088F4C.o
[828/906] EXTERNALIZE build/GEDE01/src/game/game_fn_8008A2E0.o
[829/906] EXTERNALIZE build/GEDE01/src/game/game_fn_80089A34.o
[830/906] EXTERNALIZE build/GEDE01/src/game/game_fn_80090004.o
[831/906] EXTERNALIZE build/GEDE01/src/game/game_fn_80095D10.o
[832/906] EXTERNALIZE build/GEDE01/src/game/game_fn_800A3180.o
[833/906] EXTERNALIZE build/GEDE01/src/game/game_fn_800BB5C4.o
[834/906] EXTERNALIZE build/GEDE01/src/game/game_fn_800BB7A8.o
[835/906] EXTERNALIZE build/GEDE01/src/game/game_fn_800BB9A4.o
[836/906] EXTERNALIZE build/GEDE01/src/game/game_fn_800BBAF0.o
[837/906] EXTERNALIZE build/GEDE01/src/game/game_fn_800D9064.o
[838/906] EXTERNALIZE build/GEDE01/src/game/game_fn_800D9E10.o
[839/906] EXTERNALIZE build/GEDE01/src/game/game_fn_8012976C.o
[840/906] EXTERNALIZE build/GEDE01/src/game/game_fn_8013CBE4.o
[841/906] EXTERNALIZE build/GEDE01/src/game/game_fn_8013DB8C.o
[842/906] EXTERNALIZE build/GEDE01/src/game/game_fn_8014CA98.o
[843/906] EXTERNALIZE build/GEDE01/src/game/game_fn_80153A24.o
[844/906] EXTERNALIZE build/GEDE01/src/game/game_fn_80174F2C.o
[845/906] EXTERNALIZE build/GEDE01/src/game/game_fn_801535D8.o
[846/906] EXTERNALIZE build/GEDE01/src/game/game_fn_801752B0.o
[847/906] EXTERNALIZE build/GEDE01/src/game/game_fn_8017AC20.o
[848/906] EXTERNALIZE build/GEDE01/src/game/game_fn_801861C4.o
[849/906] EXTERNALIZE build/GEDE01/src/game/game_fn_8018680C.o
[850/906] EXTERNALIZE build/GEDE01/src/game/game_fn_80186F70.o
[851/906] EXTERNALIZE build/GEDE01/src/game/game_fn_80187320.o
[852/906] EXTERNALIZE build/GEDE01/src/game/game_fn_801810A0.o
[853/906] EXTERNALIZE build/GEDE01/src/game/game_fn_801875FC.o
[854/906] EXTERNALIZE build/GEDE01/src/game/game_fn_800542D0.o
[855/906] EXTERNALIZE build/GEDE01/src/game/game_fn_80189C14.o
[856/906] EXTERNALIZE build/GEDE01/src/game/game_fn_80187BB4.o
[857/906] EXTERNALIZE build/GEDE01/src/game/game_fn_8018C2D0.o
[858/906] EXTERNALIZE build/GEDE01/src/game/game_fn_8018D400.o
[859/906] EXTERNALIZE build/GEDE01/src/game/game_fn_8018E0D8.o
[860/906] EXTERNALIZE build/GEDE01/src/game/game_fn_8019120C.o
[861/906] EXTERNALIZE build/GEDE01/src/game/game_fn_8018DC24.o
[862/906] EXTERNALIZE build/GEDE01/src/game/game_fn_801916D0.o
[863/906] EXTERNALIZE build/GEDE01/src/game/game_fn_801926EC.o
[864/906] EXTERNALIZE build/GEDE01/src/game/game_fn_801929A4.o
[865/906] EXTERNALIZE build/GEDE01/src/game/game_fn_801952E8.o
[866/906] EXTERNALIZE build/GEDE01/src/game/game_fn_801A2A54.o
[867/906] EXTERNALIZE build/GEDE01/src/game/game_fn_801A34BC.o
[868/906] EXTERNALIZE build/GEDE01/src/game/game_fn_801A657C.o
[869/906] EXTERNALIZE build/GEDE01/src/game/game_fn_801E2A48.o
[870/906] EXTERNALIZE build/GEDE01/src/game/game_fn_801D1F78.o
[871/906] EXTERNALIZE build/GEDE01/src/game/game_fn_801E995C.o
[872/906] EXTERNALIZE build/GEDE01/src/game/game_fn_801E6814.o
[873/906] EXTERNALIZE build/GEDE01/src/game/game_fn_801F0CB0.o
[874/906] EXTERNALIZE build/GEDE01/src/game/game_fn_801EF580.o
[875/906] EXTERNALIZE build/GEDE01/src/game/game_fn_801F10BC.o
[876/906] EXTERNALIZE build/GEDE01/src/game/game_fn_801F35A8.o
[877/906] EXTERNALIZE build/GEDE01/src/game/game_fn_801ECD74.o
[878/906] EXTERNALIZE build/GEDE01/src/game/game_fn_801ED5F4.o
[879/906] EXTERNALIZE build/GEDE01/src/game/game_fn_801F69F0.o
[880/906] EXTERNALIZE build/GEDE01/src/game/game_fn_801F76EC.o
[881/906] EXTERNALIZE build/GEDE01/src/game/game_fn_801F8264.o
[882/906] EXTERNALIZE build/GEDE01/src/game/game_fn_801F89B4.o
[883/906] EXTERNALIZE build/GEDE01/src/game/game_fn_801F9AF8.o
[884/906] EXTERNALIZE build/GEDE01/src/game/game_fn_801F6BD8.o
[885/906] EXTERNALIZE JUMPTABLES build/GEDE01/src/game/game_fn_800361F8.o
[886/906] EXTERNALIZE build/GEDE01/src/game/game_fn_801FB6A4.o
[887/906] EXTERNALIZE JUMPTABLES build/GEDE01/src/game/game_fn_8006E53C.o
[888/906] EXTERNALIZE JUMPTABLES build/GEDE01/src/game/game_fn_800CF598.o
[889/906] EXTERNALIZE JUMPTABLES build/GEDE01/src/game/game_fn_801ACFE8.o
[890/906] EXTERNALIZE JUMPTABLES build/GEDE01/src/game/game_fn_801B1BA0.o
[891/906] EXTERNALIZE build/GEDE01/src/game/game_fn_80154F74.o
[892/906] EXTERNALIZE build/GEDE01/src/game/game_fn_801E504C.o
[893/906] EXTERNALIZE build/GEDE01/src/game/game_fn_8009E808.o
[894/906] EXTERNALIZE build/GEDE01/src/game/game_fn_801F1A38.o
[895/906] EXTERNALIZE build/GEDE01/src/game/game_fn_801FFE78.o
[896/906] EXTERNALIZE build/GEDE01/src/game/game_fn_801F55A0.o
[897/906] EXTERNALIZE build/GEDE01/src/game/game_fn_801F7510.o
[898/906] EXTERNALIZE build/GEDE01/src/game/game_fn_801F9CF4.o
[899/906] EXTERNALIZE build/GEDE01/src/game/game_fn_801FC034.o
[900/906] EXTERNALIZE build/GEDE01/src/game/game_fn_801FA9C8.o
[901/906] MWCC build/GEDE01/src/game/game_fn_80023258.o
[902/906] REPORT
 INFO Loading project .
 INFO Generating report for 7068 units (using 8 threads)
 INFO Report generated in 0.171s
 INFO Writing to build/GEDE01/report.json
[903/906] LINK build/GEDE01/main.elf
### mwldeppc.exe Linker Warning:
#   Section '.ignored' is unknown. Section ignored.
### mwldeppc.exe Linker Warning:
#   Section '.ignored' is unknown. Section ignored.
### mwldeppc.exe Linker Warning:
#   Section '.ignored' is unknown. Section ignored.
### mwldeppc.exe Linker Warning:
#   Section '.ignored' is unknown. Section ignored.
### mwldeppc.exe Linker Warning:
#   Section '.ignored' is unknown. Section ignored.
### mwldeppc.exe Linker Warning:
#   Section '.ignored' is unknown. Section ignored.
### mwldeppc.exe Linker Warning:
#   Section '.ignored' is unknown. Section ignored.
### mwldeppc.exe Linker Warning:
#   Section '.ignored' is unknown. Section ignored.
### mwldeppc.exe Linker Warning:
#   Section '.ignored' is unknown. Section ignored.
### mwldeppc.exe Linker Warning:
#   Section '.ignored' is unknown. Section ignored.
### mwldeppc.exe Linker Warning:
#   Section '.ignored' is unknown. Section ignored.
### mwldeppc.exe Linker Warning:
#   Section '.ignored' is unknown. Section ignored.
### mwldeppc.exe Linker Warning:
#   Section '.ignored' is unknown. Section ignored.
### mwldeppc.exe Linker Warning:
#   Section '.ignored' is unknown. Section ignored.
### mwldeppc.exe Linker Warning:
#   Section '.ignored' is unknown. Section ignored.
### mwldeppc.exe Linker Warning:
#   Section '.ignored' is unknown. Section ignored.
### mwldeppc.exe Linker Warning:
#   Section '.ignored' is unknown. Section ignored.
### mwldeppc.exe Linker Warning:
#   Section '.ignored' is unknown. Section ignored.
### mwldeppc.exe Linker Warning:
#   Section '.ignored' is unknown. Section ignored.
### mwldeppc.exe Linker Warning:
#   Section '.ignored' is unknown. Section ignored.
### mwldeppc.exe Linker Warning:
#   Section '.ignored' is unknown. Section ignored.
### mwldeppc.exe Linker Warning:
#   Section '.ignored' is unknown. Section ignored.
### mwldeppc.exe Linker Warning:
#   Section '.ignored' is unknown. Section ignored.
### mwldeppc.exe Linker Warning:
#   Section '.ignored' is unknown. Section ignored.
### mwldeppc.exe Linker Warning:
#   Section '.ignored' is unknown. Section ignored.
### mwldeppc.exe Linker Warning:
#   Section '.ignored' is unknown. Section ignored.
### mwldeppc.exe Linker Warning:
#   Section '.ignored' is unknown. Section ignored.
### mwldeppc.exe Linker Warning:
#   Section '.ignored' is unknown. Section ignored.
### mwldeppc.exe Linker Warning:
#   Section '.ignored' is unknown. Section ignored.
### mwldeppc.exe Linker Warning:
#   Section '.ignored' is unknown. Section ignored.
### mwldeppc.exe Linker Warning:
#   Section '.ignored' is unknown. Section ignored.
### mwldeppc.exe Linker Warning:
#   Section '.ignored' is unknown. Section ignored.
### mwldeppc.exe Linker Warning:
#   Section '.ignored' is unknown. Section ignored.
### mwldeppc.exe Linker Warning:
#   Section '.ignored' is unknown. Section ignored.
### mwldeppc.exe Linker Warning:
#   Section '.ignored' is unknown. Section ignored.
### mwldeppc.exe Linker Warning:
#   Section '.ignored' is unknown. Section ignored.
### mwldeppc.exe Linker Warning:
#   Section '.ignored' is unknown. Section ignored.
### mwldeppc.exe Linker Warning:
#   Section '.ignored' is unknown. Section ignored.
### mwldeppc.exe Linker Warning:
#   Section '.ignored' is unknown. Section ignored.
### mwldeppc.exe Linker Warning:
#   Section '.ignored' is unknown. Section ignored.
### mwldeppc.exe Linker Warning:
#   Section '.ignored' is unknown. Section ignored.
### mwldeppc.exe Linker Warning:
#   Section '.ignored' is unknown. Section ignored.
### mwldeppc.exe Linker Warning:
#   Section '.ignored' is unknown. Section ignored.
### mwldeppc.exe Linker Warning:
#   Section '.ignored' is unknown. Section ignored.
### mwldeppc.exe Linker Warning:
#   Section '.ignored' is unknown. Section ignored.
### mwldeppc.exe Linker Warning:
#   Section '.ignored' is unknown. Section ignored.
### mwldeppc.exe Linker Warning:
#   Section '.ignored' is unknown. Section ignored.
### mwldeppc.exe Linker Warning:
#   Section '.ignored' is unknown. Section ignored.
### mwldeppc.exe Linker Warning:
#   Section '.ignored' is unknown. Section ignored.
### mwldeppc.exe Linker Warning:
#   Section '.ignored' is unknown. Section ignored.
### mwldeppc.exe Linker Warning:
#   Section '.ignored' is unknown. Section ignored.
### mwldeppc.exe Linker Warning:
#   Section '.ignored' is unknown. Section ignored.
### mwldeppc.exe Linker Warning:
#   Section '.ignored' is unknown. Section ignored.
### mwldeppc.exe Linker Warning:
#   Section '.ignored' is unknown. Section ignored.
### mwldeppc.exe Linker Warning:
#   Section '.ignored' is unknown. Section ignored.
### mwldeppc.exe Linker Warning:
#   Section '.ignored' is unknown. Section ignored.
### mwldeppc.exe Linker Warning:
#   Section '.ignored' is unknown. Section ignored.
### mwldeppc.exe Linker Warning:
#   Section '.ignored' is unknown. Section ignored.
### mwldeppc.exe Linker Warning:
#   Section '.ignored' is unknown. Section ignored.
### mwldeppc.exe Linker Warning:
#   Section '.ignored' is unknown. Section ignored.
### mwldeppc.exe Linker Warning:
#   Section '.ignored' is unknown. Section ignored.
### mwldeppc.exe Linker Warning:
#   Section '.ignored' is unknown. Section ignored.
### mwldeppc.exe Linker Warning:
#   Section '.ignored' is unknown. Section ignored.
### mwldeppc.exe Linker Warning:
#   Section '.ignored' is unknown. Section ignored.
### mwldeppc.exe Linker Warning:
#   Section '.ignored' is unknown. Section ignored.
### mwldeppc.exe Linker Warning:
#   Section '.ignored' is unknown. Section ignored.
### mwldeppc.exe Linker Warning:
#   Section '.ignored' is unknown. Section ignored.
### mwldeppc.exe Linker Warning:
#   Section '.ignored' is unknown. Section ignored.
### mwldeppc.exe Linker Warning:
#   Section '.ignored' is unknown. Section ignored.
### mwldeppc.exe Linker Warning:
#   Section '.ignored' is unknown. Section ignored.
### mwldeppc.exe Linker Warning:
#   Section '.ignored' is unknown. Section ignored.
### mwldeppc.exe Linker Warning:
#   Section '.ignored' is unknown. Section ignored.
### mwldeppc.exe Linker Warning:
#   Section '.ignored' is unknown. Section ignored.
### mwldeppc.exe Linker Warning:
#   Section '.ignored' is unknown. Section ignored.
### mwldeppc.exe Linker Warning:
#   Section '.ignored' is unknown. Section ignored.
### mwldeppc.exe Linker Warning:
#   Section '.ignored' is unknown. Section ignored.
### mwldeppc.exe Linker Warning:
#   Section '.ignored' is unknown. Section ignored.
### mwldeppc.exe Linker Warning:
#   Section '.ignored' is unknown. Section ignored.
### mwldeppc.exe Linker Warning:
#   Section '.ignored' is unknown. Section ignored.
### mwldeppc.exe Linker Warning:
#   Section '.ignored' is unknown. Section ignored.
### mwldeppc.exe Linker Warning:
#   Section '.ignored' is unknown. Section ignored.
### mwldeppc.exe Linker Warning:
#   Section '.ignored' is unknown. Section ignored.
### mwldeppc.exe Linker Warning:
#   Section '.ignored' is unknown. Section ignored.
### mwldeppc.exe Linker Warning:
#   Section '.ignored' is unknown. Section ignored.
### mwldeppc.exe Linker Warning:
#   Section '.ignored' is unknown. Section ignored.
### mwldeppc.exe Linker Warning:
#   Section '.ignored' is unknown. Section ignored.
### mwldeppc.exe Linker Warning:
#   Section '.ignored' is unknown. Section ignored.
### mwldeppc.exe Linker Warning:
#   Section '.ignored' is unknown. Section ignored.
### mwldeppc.exe Linker Warning:
#   Section '.ignored' is unknown. Section ignored.
### mwldeppc.exe Linker Warning:
#   Section '.ignored' is unknown. Section ignored.
### mwldeppc.exe Linker Warning:
#   Section '.ignored' is unknown. Section ignored.
### mwldeppc.exe Linker Warning:
#   Section '.ignored' is unknown. Section ignored.
### mwldeppc.exe Linker Warning:
#   Section '.ignored' is unknown. Section ignored.
### mwldeppc.exe Linker Warning:
#   Section '.ignored' is unknown. Section ignored.
### mwldeppc.exe Linker Warning:
#   Section '.ignored' is unknown. Section ignored.
### mwldeppc.exe Linker Warning:
#   Section '.ignored' is unknown. Section ignored.
### mwldeppc.exe Linker Warning:
#   Section '.ignored' is unknown. Section ignored.
### mwldeppc.exe Linker Warning:
#   Section '.ignored' is unknown. Section ignored.
### mwldeppc.exe Linker Warning:
#   Section '.ignored' is unknown. Section ignored.
### mwldeppc.exe Linker Warning:
#   Section '.ignored' is unknown. Section ignored.
### mwldeppc.exe Linker Warning:
#   Section '.ignored' is unknown. Section ignored.
### mwldeppc.exe Linker Warning:
#   Section '.ignored' is unknown. Section ignored.
### mwldeppc.exe Linker Warning:
#   Section '.ignored' is unknown. Section ignored.
### mwldeppc.exe Linker Warning:
#   Section '.ignored' is unknown. Section ignored.
### mwldeppc.exe Linker Warning:
#   Section '.ignored' is unknown. Section ignored.
### mwldeppc.exe Linker Warning:
#   Section '.ignored' is unknown. Section ignored.
### mwldeppc.exe Linker Warning:
#   Section '.ignored' is unknown. Section ignored.
### mwldeppc.exe Linker Warning:
#   Section '.ignored' is unknown. Section ignored.
### mwldeppc.exe Linker Warning:
#   Section '.ignored' is unknown. Section ignored.
### mwldeppc.exe Linker Warning:
#   Section '.ignored' is unknown. Section ignored.
### mwldeppc.exe Linker Warning:
#   Section '.ignored' is unknown. Section ignored.
### mwldeppc.exe Linker Warning:
#   Section '.ignored' is unknown. Section ignored.
### mwldeppc.exe Linker Warning:
#   Section '.ignored' is unknown. Section ignored.
### mwldeppc.exe Linker Warning:
#   Section '.ignored' is unknown. Section ignored.
### mwldeppc.exe Linker Warning:
#   Section '.ignored' is unknown. Section ignored.
### mwldeppc.exe Linker Warning:
#   Section '.ignored' is unknown. Section ignored.
### mwldeppc.exe Linker Warning:
#   Section '.ignored' is unknown. Section ignored.
### mwldeppc.exe Linker Warning:
#   Section '.ignored' is unknown. Section ignored.
### mwldeppc.exe Linker Warning:
#   Section '.ignored' is unknown. Section ignored.
### mwldeppc.exe Linker Warning:
#   Section '.ignored' is unknown. Section ignored.
### mwldeppc.exe Linker Warning:
#   Section '.ignored' is unknown. Section ignored.
### mwldeppc.exe Linker Warning:
#   Section '.ignored' is unknown. Section ignored.
### mwldeppc.exe Linker Warning:
#   Section '.ignored' is unknown. Section ignored.
### mwldeppc.exe Linker Warning:
#   Section '.ignored' is unknown. Section ignored.
### mwldeppc.exe Linker Warning:
#   Section '.ignored' is unknown. Section ignored.
### mwldeppc.exe Linker Warning:
#   Section '.ignored' is unknown. Section ignored.
### mwldeppc.exe Linker Warning:
#   Section '.ignored' is unknown. Section ignored.
### mwldeppc.exe Linker Warning:
#   Section '.ignored' is unknown. Section ignored.
### mwldeppc.exe Linker Warning:
#   Section '.ignored' is unknown. Section ignored.
### mwldeppc.exe Linker Warning:
#   Section '.ignored' is unknown. Section ignored.
### mwldeppc.exe Linker Warning:
#   Section '.ignored' is unknown. Section ignored.
### mwldeppc.exe Linker Warning:
#   Section '.ignored' is unknown. Section ignored.
### mwldeppc.exe Linker Warning:
#   Section '.ignored' is unknown. Section ignored.
### mwldeppc.exe Linker Warning:
#   Section '.ignored' is unknown. Section ignored.
### mwldeppc.exe Linker Warning:
#   Section '.ignored' is unknown. Section ignored.
### mwldeppc.exe Linker Warning:
#   Section '.ignored' is unknown. Section ignored.
### mwldeppc.exe Linker Warning:
#   Section '.ignored' is unknown. Section ignored.
### mwldeppc.exe Linker Warning:
#   Section '.ignored' is unknown. Section ignored.
### mwldeppc.exe Linker Warning:
#   Section '.ignored' is unknown. Section ignored.
### mwldeppc.exe Linker Warning:
#   Section '.ignored' is unknown. Section ignored.
### mwldeppc.exe Linker Warning:
#   Section '.ignored' is unknown. Section ignored.
### mwldeppc.exe Linker Warning:
#   Section '.ignored' is unknown. Section ignored.
### mwldeppc.exe Linker Warning:
#   Section '.ignored' is unknown. Section ignored.
### mwldeppc.exe Linker Warning:
#   Section '.ignored' is unknown. Section ignored.
### mwldeppc.exe Linker Warning:
#   Section '.ignored' is unknown. Section ignored.
### mwldeppc.exe Linker Warning:
#   Section '.ignored' is unknown. Section ignored.
### mwldeppc.exe Linker Warning:
#   Section '.ignored' is unknown. Section ignored.
### mwldeppc.exe Linker Warning:
#   Section '.ignored' is unknown. Section ignored.
### mwldeppc.exe Linker Warning:
#   Section '.ignored' is unknown. Section ignored.
### mwldeppc.exe Linker Warning:
#   Section '.ignored' is unknown. Section ignored.
### mwldeppc.exe Linker Warning:
#   Section '.ignored' is unknown. Section ignored.
### mwldeppc.exe Linker Warning:
#   Section '.ignored' is unknown. Section ignored.
### mwldeppc.exe Linker Warning:
#   Section '.ignored' is unknown. Section ignored.
### mwldeppc.exe Linker Warning:
#   Section '.ignored' is unknown. Section ignored.
### mwldeppc.exe Linker Warning:
#   Section '.ignored' is unknown. Section ignored.
### mwldeppc.exe Linker Warning:
#   Section '.ignored' is unknown. Section ignored.
### mwldeppc.exe Linker Warning:
#   Section '.ignored' is unknown. Section ignored.
### mwldeppc.exe Linker Warning:
#   Section '.ignored' is unknown. Section ignored.
### mwldeppc.exe Linker Warning:
#   Section '.ignored' is unknown. Section ignored.
### mwldeppc.exe Linker Warning:
#   Section '.ignored' is unknown. Section ignored.
### mwldeppc.exe Linker Warning:
#   Section '.ignored' is unknown. Section ignored.
### mwldeppc.exe Linker Warning:
#   Section '.ignored' is unknown. Section ignored.
### mwldeppc.exe Linker Warning:
#   Section '.ignored' is unknown. Section ignored.
### mwldeppc.exe Linker Warning:
#   Section '.ignored' is unknown. Section ignored.
### mwldeppc.exe Linker Warning:
#   Section '.ignored' is unknown. Section ignored.
### mwldeppc.exe Linker Warning:
#   Section '.ignored' is unknown. Section ignored.
### mwldeppc.exe Linker Warning:
#   Section '.ignored' is unknown. Section ignored.
### mwldeppc.exe Linker Warning:
#   Section '.ignored' is unknown. Section ignored.
### mwldeppc.exe Linker Warning:
#   Section '.ignored' is unknown. Section ignored.
### mwldeppc.exe Linker Warning:
#   Section '.ignored' is unknown. Section ignored.
### mwldeppc.exe Linker Warning:
#   Section '.ignored' is unknown. Section ignored.
### mwldeppc.exe Linker Warning:
#   Section '.ignored' is unknown. Section ignored.
### mwldeppc.exe Linker Warning:
#   Section '.ignored' is unknown. Section ignored.
### mwldeppc.exe Linker Warning:
#   Section '.ignored' is unknown. Section ignored.
### mwldeppc.exe Linker Warning:
#   Section '.ignored' is unknown. Section ignored.
### mwldeppc.exe Linker Warning:
#   Section '.ignored' is unknown. Section ignored.
### mwldeppc.exe Linker Warning:
#   Section '.ignored' is unknown. Section ignored.
### mwldeppc.exe Linker Warning:
#   Section '.ignored' is unknown. Section ignored.
### mwldeppc.exe Linker Warning:
#   Section '.ignored' is unknown. Section ignored.
### mwldeppc.exe Linker Warning:
#   Section '.ignored' is unknown. Section ignored.
### mwldeppc.exe Linker Warning:
#   Section '.ignored' is unknown. Section ignored.
### mwldeppc.exe Linker Warning:
#   Section '.ignored' is unknown. Section ignored.
### mwldeppc.exe Linker Warning:
#   Section '.ignored' is unknown. Section ignored.
### mwldeppc.exe Linker Warning:
#   Section '.ignored' is unknown. Section ignored.
### mwldeppc.exe Linker Warning:
#   Section '.ignored' is unknown. Section ignored.
### mwldeppc.exe Linker Warning:
#   Section '.ignored' is unknown. Section ignored.
### mwldeppc.exe Linker Warning:
#   Section '.ignored' is unknown. Section ignored.
### mwldeppc.exe Linker Warning:
#   Section '.ignored' is unknown. Section ignored.
### mwldeppc.exe Linker Warning:
#   Section '.ignored' is unknown. Section ignored.
### mwldeppc.exe Linker Warning:
#   Section '.ignored' is unknown. Section ignored.
### mwldeppc.exe Linker Warning:
#   Section '.ignored' is unknown. Section ignored.
### mwldeppc.exe Linker Warning:
#   Section '.ignored' is unknown. Section ignored.
### mwldeppc.exe Linker Warning:
#   Section '.ignored' is unknown. Section ignored.
### mwldeppc.exe Linker Warning:
#   Section '.ignored' is unknown. Section ignored.
### mwldeppc.exe Linker Warning:
#   Section '.ignored' is unknown. Section ignored.
### mwldeppc.exe Linker Warning:
#   Section '.ignored' is unknown. Section ignored.
### mwldeppc.exe Linker Warning:
#   Section '.ignored' is unknown. Section ignored.
### mwldeppc.exe Linker Warning:
#   Section '.ignored' is unknown. Section ignored.
### mwldeppc.exe Linker Warning:
#   Section '.ignored' is unknown. Section ignored.
### mwldeppc.exe Linker Warning:
#   Section '.ignored' is unknown. Section ignored.
### mwldeppc.exe Linker Warning:
#   Section '.ignored' is unknown. Section ignored.
### mwldeppc.exe Linker Warning:
#   Section '.ignored' is unknown. Section ignored.
### mwldeppc.exe Linker Warning:
#   Section '.ignored' is unknown. Section ignored.
### mwldeppc.exe Linker Warning:
#   Section '.ignored' is unknown. Section ignored.
### mwldeppc.exe Linker Warning:
#   Section '.ignored' is unknown. Section ignored.
### mwldeppc.exe Linker Warning:
#   Section '.ignored' is unknown. Section ignored.
### mwldeppc.exe Linker Warning:
#   Section '.ignored' is unknown. Section ignored.
### mwldeppc.exe Linker Warning:
#   Section '.ignored' is unknown. Section ignored.
### mwldeppc.exe Linker Warning:
#   Section '.ignored' is unknown. Section ignored.
### mwldeppc.exe Linker Warning:
#   Section '.ignored' is unknown. Section ignored.
### mwldeppc.exe Linker Warning:
#   Section '.ignored' is unknown. Section ignored.
### mwldeppc.exe Linker Warning:
#   Section '.ignored' is unknown. Section ignored.
### mwldeppc.exe Linker Warning:
#   Section '.ignored' is unknown. Section ignored.
### mwldeppc.exe Linker Warning:
#   Section '.ignored' is unknown. Section ignored.
### mwldeppc.exe Linker Warning:
#   Section '.ignored' is unknown. Section ignored.
### mwldeppc.exe Linker Warning:
#   Section '.ignored' is unknown. Section ignored.
### mwldeppc.exe Linker Warning:
#   Section '.ignored' is unknown. Section ignored.
### mwldeppc.exe Linker Warning:
#   Section '.ignored' is unknown. Section ignored.
### mwldeppc.exe Linker Warning:
#   Section '.ignored' is unknown. Section ignored.
### mwldeppc.exe Linker Warning:
#   Section '.ignored' is unknown. Section ignored.
### mwldeppc.exe Linker Warning:
#   Section '.ignored' is unknown. Section ignored.
### mwldeppc.exe Linker Warning:
#   Section '.ignored' is unknown. Section ignored.
### mwldeppc.exe Linker Warning:
#   Section '.ignored' is unknown. Section ignored.
### mwldeppc.exe Linker Warning:
#   Section '.ignored' is unknown. Section ignored.
### mwldeppc.exe Linker Warning:
#   Section '.ignored' is unknown. Section ignored.
### mwldeppc.exe Linker Warning:
#   Section '.ignored' is unknown. Section ignored.
### mwldeppc.exe Linker Warning:
#   Section '.ignored' is unknown. Section ignored.
### mwldeppc.exe Linker Warning:
#   Section '.ignored' is unknown. Section ignored.
### mwldeppc.exe Linker Warning:
#   Section '.ignored' is unknown. Section ignored.
### mwldeppc.exe Linker Warning:
#   Section '.ignored' is unknown. Section ignored.
### mwldeppc.exe Linker Warning:
#   Section '.ignored' is unknown. Section ignored.
### mwldeppc.exe Linker Warning:
#   Section '.ignored' is unknown. Section ignored.
### mwldeppc.exe Linker Warning:
#   Section '.ignored' is unknown. Section ignored.
### mwldeppc.exe Linker Warning:
#   Section '.ignored' is unknown. Section ignored.
### mwldeppc.exe Linker Warning:
#   Section '.ignored' is unknown. Section ignored.
### mwldeppc.exe Linker Warning:
#   Section '.ignored' is unknown. Section ignored.
### mwldeppc.exe Linker Warning:
#   Section '.ignored' is unknown. Section ignored.
### mwldeppc.exe Linker Warning:
#   Section '.ignored' is unknown. Section ignored.
### mwldeppc.exe Linker Warning:
#   Section '.ignored' is unknown. Section ignored.
### mwldeppc.exe Linker Warning:
#   Section '.ignored' is unknown. Section ignored.
### mwldeppc.exe Linker Warning:
#   Section '.ignored' is unknown. Section ignored.
### mwldeppc.exe Linker Warning:
#   Section '.ignored' is unknown. Section ignored.
### mwldeppc.exe Linker Warning:
#   Section '.ignored' is unknown. Section ignored.
### mwldeppc.exe Linker Warning:
#   Section '.ignored' is unknown. Section ignored.
### mwldeppc.exe Linker Warning:
#   Section '.ignored' is unknown. Section ignored.
### mwldeppc.exe Linker Warning:
#   Section '.ignored' is unknown. Section ignored.
### mwldeppc.exe Linker Warning:
#   Section '.ignored' is unknown. Section ignored.
### mwldeppc.exe Linker Warning:
#   Section '.ignored' is unknown. Section ignored.
### mwldeppc.exe Linker Warning:
#   Section '.ignored' is unknown. Section ignored.
### mwldeppc.exe Linker Warning:
#   Section '.ignored' is unknown. Section ignored.
### mwldeppc.exe Linker Warning:
#   Section '.ignored' is unknown. Section ignored.
### mwldeppc.exe Linker Warning:
#   Section '.ignored' is unknown. Section ignored.
### mwldeppc.exe Linker Warning:
#   Section '.ignored' is unknown. Section ignored.
### mwldeppc.exe Linker Warning:
#   Section '.ignored' is unknown. Section ignored.
### mwldeppc.exe Linker Warning:
#   Section '.ignored' is unknown. Section ignored.
### mwldeppc.exe Linker Warning:
#   Section '.ignored' is unknown. Section ignored.
### mwldeppc.exe Linker Warning:
#   Section '.ignored' is unknown. Section ignored.
### mwldeppc.exe Linker Warning:
#   Section '.ignored' is unknown. Section ignored.
### mwldeppc.exe Linker Warning:
#   Section '.ignored' is unknown. Section ignored.
### mwldeppc.exe Linker Warning:
#   Section '.ignored' is unknown. Section ignored.
### mwldeppc.exe Linker Warning:
#   Section '.ignored' is unknown. Section ignored.
### mwldeppc.exe Linker Warning:
#   Section '.ignored' is unknown. Section ignored.
### mwldeppc.exe Linker Warning:
#   Section '.ignored' is unknown. Section ignored.
### mwldeppc.exe Linker Warning:
#   Section '.ignored' is unknown. Section ignored.
### mwldeppc.exe Linker Warning:
#   Section '.ignored' is unknown. Section ignored.
### mwldeppc.exe Linker Warning:
#   Section '.ignored' is unknown. Section ignored.
### mwldeppc.exe Linker Warning:
#   Section '.ignored' is unknown. Section ignored.
### mwldeppc.exe Linker Warning:
#   Section '.ignored' is unknown. Section ignored.
### mwldeppc.exe Linker Warning:
#   Section '.ignored' is unknown. Section ignored.
### mwldeppc.exe Linker Warning:
#   Section '.ignored' is unknown. Section ignored.
### mwldeppc.exe Linker Warning:
#   Section '.ignored' is unknown. Section ignored.
### mwldeppc.exe Linker Warning:
#   Section '.ignored' is unknown. Section ignored.
### mwldeppc.exe Linker Warning:
#   Section '.ignored' is unknown. Section ignored.
### mwldeppc.exe Linker Warning:
#   Section '.ignored' is unknown. Section ignored.
### mwldeppc.exe Linker Warning:
#   Section '.ignored' is unknown. Section ignored.
### mwldeppc.exe Linker Warning:
#   Section '.ignored' is unknown. Section ignored.
### mwldeppc.exe Linker Warning:
#   Section '.ignored' is unknown. Section ignored.
### mwldeppc.exe Linker Warning:
#   Section '.ignored' is unknown. Section ignored.
### mwldeppc.exe Linker Warning:
#   Section '.ignored' is unknown. Section ignored.
### mwldeppc.exe Linker Warning:
#   Section '.ignored' is unknown. Section ignored.
### mwldeppc.exe Linker Warning:
#   Section '.ignored' is unknown. Section ignored.
### mwldeppc.exe Linker Warning:
#   Section '.ignored' is unknown. Section ignored.
### mwldeppc.exe Linker Warning:
#   Section '.ignored' is unknown. Section ignored.
### mwldeppc.exe Linker Warning:
#   Section '.ignored' is unknown. Section ignored.
### mwldeppc.exe Linker Warning:
#   Section '.ignored' is unknown. Section ignored.
### mwldeppc.exe Linker Warning:
#   Section '.ignored' is unknown. Section ignored.
### mwldeppc.exe Linker Warning:
#   Section '.ignored' is unknown. Section ignored.
### mwldeppc.exe Linker Warning:
#   Section '.ignored' is unknown. Section ignored.
### mwldeppc.exe Linker Warning:
#   Section '.ignored' is unknown. Section ignored.
### mwldeppc.exe Linker Warning:
#   Section '.ignored' is unknown. Section ignored.
### mwldeppc.exe Linker Warning:
#   Section '.ignored' is unknown. Section ignored.
### mwldeppc.exe Linker Warning:
#   Section '.ignored' is unknown. Section ignored.
### mwldeppc.exe Linker Warning:
#   Section '.ignored' is unknown. Section ignored.
### mwldeppc.exe Linker Warning:
#   Section '.ignored' is unknown. Section ignored.
### mwldeppc.exe Linker Warning:
#   Section '.ignored' is unknown. Section ignored.
### mwldeppc.exe Linker Warning:
#   Section '.ignored' is unknown. Section ignored.
### mwldeppc.exe Linker Warning:
#   Section '.ignored' is unknown. Section ignored.
### mwldeppc.exe Linker Warning:
#   Section '.ignored' is unknown. Section ignored.
### mwldeppc.exe Linker Warning:
#   Section '.ignored' is unknown. Section ignored.
### mwldeppc.exe Linker Warning:
#   Section '.ignored' is unknown. Section ignored.
### mwldeppc.exe Linker Warning:
#   Section '.ignored' is unknown. Section ignored.
### mwldeppc.exe Linker Warning:
#   Section '.ignored' is unknown. Section ignored.
### mwldeppc.exe Linker Warning:
#   Section '.ignored' is unknown. Section ignored.
### mwldeppc.exe Linker Warning:
#   Section '.ignored' is unknown. Section ignored.
### mwldeppc.exe Linker Warning:
#   Section '.ignored' is unknown. Section ignored.
### mwldeppc.exe Linker Warning:
#   Section '.ignored' is unknown. Section ignored.
### mwldeppc.exe Linker Warning:
#   Section '.ignored' is unknown. Section ignored.
### mwldeppc.exe Linker Warning:
#   Section '.ignored' is unknown. Section ignored.
### mwldeppc.exe Linker Warning:
#   Section '.ignored' is unknown. Section ignored.
### mwldeppc.exe Linker Warning:
#   Section '.ignored' is unknown. Section ignored.
### mwldeppc.exe Linker Warning:
#   Section '.ignored' is unknown. Section ignored.
### mwldeppc.exe Linker Warning:
#   Section '.ignored' is unknown. Section ignored.
### mwldeppc.exe Linker Warning:
#   Section '.ignored' is unknown. Section ignored.
### mwldeppc.exe Linker Warning:
#   Section '.ignored' is unknown. Section ignored.
### mwldeppc.exe Linker Warning:
#   Section '.ignored' is unknown. Section ignored.
### mwldeppc.exe Linker Warning:
#   Section '.ignored' is unknown. Section ignored.
### mwldeppc.exe Linker Warning:
#   Section '.ignored' is unknown. Section ignored.
### mwldeppc.exe Linker Warning:
#   Section '.ignored' is unknown. Section ignored.
### mwldeppc.exe Linker Warning:
#   Section '.ignored' is unknown. Section ignored.
### mwldeppc.exe Linker Warning:
#   Section '.ignored' is unknown. Section ignored.
### mwldeppc.exe Linker Warning:
#   Section '.ignored' is unknown. Section ignored.
### mwldeppc.exe Linker Warning:
#   Section '.ignored' is unknown. Section ignored.
### mwldeppc.exe Linker Warning:
#   Section '.ignored' is unknown. Section ignored.
### mwldeppc.exe Linker Warning:
#   Section '.ignored' is unknown. Section ignored.
### mwldeppc.exe Linker Warning:
#   Section '.ignored' is unknown. Section ignored.
### mwldeppc.exe Linker Warning:
#   Section '.ignored' is unknown. Section ignored.
### mwldeppc.exe Linker Warning:
#   Section '.ignored' is unknown. Section ignored.
### mwldeppc.exe Linker Warning:
#   Section '.ignored' is unknown. Section ignored.
### mwldeppc.exe Linker Warning:
#   Section '.ignored' is unknown. Section ignored.
### mwldeppc.exe Linker Warning:
#   Section '.ignored' is unknown. Section ignored.
### mwldeppc.exe Linker Warning:
#   Section '.ignored' is unknown. Section ignored.
### mwldeppc.exe Linker Warning:
#   Section '.ignored' is unknown. Section ignored.
### mwldeppc.exe Linker Warning:
#   Section '.ignored' is unknown. Section ignored.
### mwldeppc.exe Linker Warning:
#   Section '.ignored' is unknown. Section ignored.
### mwldeppc.exe Linker Warning:
#   Section '.ignored' is unknown. Section ignored.
### mwldeppc.exe Linker Warning:
#   Section '.ignored' is unknown. Section ignored.
### mwldeppc.exe Linker Warning:
#   Section '.ignored' is unknown. Section ignored.
### mwldeppc.exe Linker Warning:
#   Section '.ignored' is unknown. Section ignored.
### mwldeppc.exe Linker Warning:
#   Section '.ignored' is unknown. Section ignored.
### mwldeppc.exe Linker Warning:
#   Section '.ignored' is unknown. Section ignored.
### mwldeppc.exe Linker Warning:
#   Section '.ignored' is unknown. Section ignored.
### mwldeppc.exe Linker Warning:
#   Section '.ignored' is unknown. Section ignored.
### mwldeppc.exe Linker Warning:
#   Section '.ignored' is unknown. Section ignored.
### mwldeppc.exe Linker Warning:
#   Section '.ignored' is unknown. Section ignored.
### mwldeppc.exe Linker Warning:
#   Section '.ignored' is unknown. Section ignored.
### mwldeppc.exe Linker Warning:
#   Section '.ignored' is unknown. Section ignored.
### mwldeppc.exe Linker Warning:
#   Section '.ignored' is unknown. Section ignored.
### mwldeppc.exe Linker Warning:
#   Section '.ignored' is unknown. Section ignored.
### mwldeppc.exe Linker Warning:
#   Section '.ignored' is unknown. Section ignored.
### mwldeppc.exe Linker Warning:
#   Section '.ignored' is unknown. Section ignored.
### mwldeppc.exe Linker Warning:
#   Section '.ignored' is unknown. Section ignored.
### mwldeppc.exe Linker Warning:
#   Section '.ignored' is unknown. Section ignored.
### mwldeppc.exe Linker Warning:
#   Section '.ignored' is unknown. Section ignored.
### mwldeppc.exe Linker Warning:
#   Section '.ignored' is unknown. Section ignored.
### mwldeppc.exe Linker Warning:
#   Section '.ignored' is unknown. Section ignored.
### mwldeppc.exe Linker Warning:
#   Section '.ignored' is unknown. Section ignored.
### mwldeppc.exe Linker Warning:
#   Section '.ignored' is unknown. Section ignored.
### mwldeppc.exe Linker Warning:
#   Section '.ignored' is unknown. Section ignored.
### mwldeppc.exe Linker Warning:
#   Section '.ignored' is unknown. Section ignored.
### mwldeppc.exe Linker Warning:
#   Section '.ignored' is unknown. Section ignored.
### mwldeppc.exe Linker Warning:
#   Section '.ignored' is unknown. Section ignored.
### mwldeppc.exe Linker Warning:
#   Section '.ignored' is unknown. Section ignored.
### mwldeppc.exe Linker Warning:
#   Section '.ignored' is unknown. Section ignored.
### mwldeppc.exe Linker Warning:
#   Section '.ignored' is unknown. Section ignored.
### mwldeppc.exe Linker Warning:
#   Section '.ignored' is unknown. Section ignored.
### mwldeppc.exe Linker Warning:
#   Section '.ignored' is unknown. Section ignored.
### mwldeppc.exe Linker Warning:
#   Section '.ignored' is unknown. Section ignored.
### mwldeppc.exe Linker Warning:
#   Section '.ignored' is unknown. Section ignored.
### mwldeppc.exe Linker Warning:
#   Section '.ignored' is unknown. Section ignored.
### mwldeppc.exe Linker Warning:
#   Section '.ignored' is unknown. Section ignored.
### mwldeppc.exe Linker Warning:
#   Section '.ignored' is unknown. Section ignored.
### mwldeppc.exe Linker Warning:
#   Section '.ignored' is unknown. Section ignored.
### mwldeppc.exe Linker Warning:
#   Section '.ignored' is unknown. Section ignored.
### mwldeppc.exe Linker Warning:
#   Section '.ignored' is unknown. Section ignored.
### mwldeppc.exe Linker Warning:
#   Section '.ignored' is unknown. Section ignored.
### mwldeppc.exe Linker Warning:
#   Section '.ignored' is unknown. Section ignored.
### mwldeppc.exe Linker Warning:
#   Section '.ignored' is unknown. Section ignored.
### mwldeppc.exe Linker Warning:
#   Section '.ignored' is unknown. Section ignored.
### mwldeppc.exe Linker Warning:
#   Section '.ignored' is unknown. Section ignored.
### mwldeppc.exe Linker Warning:
#   Section '.ignored' is unknown. Section ignored.
### mwldeppc.exe Linker Warning:
#   Section '.ignored' is unknown. Section ignored.
### mwldeppc.exe Linker Warning:
#   Section '.ignored' is unknown. Section ignored.
### mwldeppc.exe Linker Warning:
#   Section '.ignored' is unknown. Section ignored.
### mwldeppc.exe Linker Warning:
#   Section '.ignored' is unknown. Section ignored.
### mwldeppc.exe Linker Warning:
#   Section '.ignored' is unknown. Section ignored.
### mwldeppc.exe Linker Warning:
#   Section '.ignored' is unknown. Section ignored.
### mwldeppc.exe Linker Warning:
#   Section '.ignored' is unknown. Section ignored.
### mwldeppc.exe Linker Warning:
#   Section '.ignored' is unknown. Section ignored.
### mwldeppc.exe Linker Warning:
#   Section '.ignored' is unknown. Section ignored.
### mwldeppc.exe Linker Warning:
#   Section '.ignored' is unknown. Section ignored.
### mwldeppc.exe Linker Warning:
#   Section '.ignored' is unknown. Section ignored.
### mwldeppc.exe Linker Warning:
#   Section '.ignored' is unknown. Section ignored.
### mwldeppc.exe Linker Warning:
#   Section '.ignored' is unknown. Section ignored.
### mwldeppc.exe Linker Warning:
#   Section '.ignored' is unknown. Section ignored.
### mwldeppc.exe Linker Warning:
#   Section '.ignored' is unknown. Section ignored.
### mwldeppc.exe Linker Warning:
#   Section '.ignored' is unknown. Section ignored.
### mwldeppc.exe Linker Warning:
#   Section '.ignored' is unknown. Section ignored.
### mwldeppc.exe Linker Warning:
#   Section '.ignored' is unknown. Section ignored.
### mwldeppc.exe Linker Warning:
#   Section '.ignored' is unknown. Section ignored.
### mwldeppc.exe Linker Warning:
#   Section '.ignored' is unknown. Section ignored.
### mwldeppc.exe Linker Warning:
#   Section '.ignored' is unknown. Section ignored.
### mwldeppc.exe Linker Warning:
#   Section '.ignored' is unknown. Section ignored.
### mwldeppc.exe Linker Warning:
#   Section '.ignored' is unknown. Section ignored.
### mwldeppc.exe Linker Warning:
#   Section '.ignored' is unknown. Section ignored.
### mwldeppc.exe Linker Warning:
#   Section '.ignored' is unknown. Section ignored.
### mwldeppc.exe Linker Warning:
#   Section '.ignored' is unknown. Section ignored.
### mwldeppc.exe Linker Warning:
#   Section '.ignored' is unknown. Section ignored.
### mwldeppc.exe Linker Warning:
#   Section '.ignored' is unknown. Section ignored.
### mwldeppc.exe Linker Warning:
#   Section '.ignored' is unknown. Section ignored.
### mwldeppc.exe Linker Warning:
#   Section '.ignored' is unknown. Section ignored.
### mwldeppc.exe Linker Warning:
#   Section '.ignored' is unknown. Section ignored.
### mwldeppc.exe Linker Warning:
#   Section '.ignored' is unknown. Section ignored.
### mwldeppc.exe Linker Warning:
#   Section '.ignored' is unknown. Section ignored.
### mwldeppc.exe Linker Warning:
#   Section '.ignored' is unknown. Section ignored.
### mwldeppc.exe Linker Warning:
#   Section '.ignored' is unknown. Section ignored.
### mwldeppc.exe Linker Warning:
#   Section '.ignored' is unknown. Section ignored.
### mwldeppc.exe Linker Warning:
#   Section '.ignored' is unknown. Section ignored.
### mwldeppc.exe Linker Warning:
#   Section '.ignored' is unknown. Section ignored.
### mwldeppc.exe Linker Warning:
#   Section '.ignored' is unknown. Section ignored.
### mwldeppc.exe Linker Warning:
#   Section '.ignored' is unknown. Section ignored.
### mwldeppc.exe Linker Warning:
#   Section '.ignored' is unknown. Section ignored.
### mwldeppc.exe Linker Warning:
#   Section '.ignored' is unknown. Section ignored.
### mwldeppc.exe Linker Warning:
#   Section '.ignored' is unknown. Section ignored.
### mwldeppc.exe Linker Warning:
#   Section '.ignored' is unknown. Section ignored.
### mwldeppc.exe Linker Warning:
#   Section '.ignored' is unknown. Section ignored.
### mwldeppc.exe Linker Warning:
#   Section '.ignored' is unknown. Section ignored.
### mwldeppc.exe Linker Warning:
#   Section '.ignored' is unknown. Section ignored.
### mwldeppc.exe Linker Warning:
#   Section '.ignored' is unknown. Section ignored.
### mwldeppc.exe Linker Warning:
#   Section '.ignored' is unknown. Section ignored.
### mwldeppc.exe Linker Warning:
#   Section '.ignored' is unknown. Section ignored.
### mwldeppc.exe Linker Warning:
#   Section '.ignored' is unknown. Section ignored.
### mwldeppc.exe Linker Warning:
#   Section '.ignored' is unknown. Section ignored.
### mwldeppc.exe Linker Warning:
#   Section '.ignored' is unknown. Section ignored.
### mwldeppc.exe Linker Warning:
#   Section '.ignored' is unknown. Section ignored.
### mwldeppc.exe Linker Warning:
#   Section '.ignored' is unknown. Section ignored.
### mwldeppc.exe Linker Warning:
#   Section '.ignored' is unknown. Section ignored.
### mwldeppc.exe Linker Warning:
#   Section '.ignored' is unknown. Section ignored.
### mwldeppc.exe Linker Warning:
#   Section '.ignored' is unknown. Section ignored.
### mwldeppc.exe Linker Warning:
#   Section '.ignored' is unknown. Section ignored.
### mwldeppc.exe Linker Warning:
#   Section '.ignored' is unknown. Section ignored.
### mwldeppc.exe Linker Warning:
#   Section '.ignored' is unknown. Section ignored.
### mwldeppc.exe Linker Warning:
#   Section '.ignored' is unknown. Section ignored.
### mwldeppc.exe Linker Warning:
#   Section '.ignored' is unknown. Section ignored.
### mwldeppc.exe Linker Warning:
#   Section '.ignored' is unknown. Section ignored.
### mwldeppc.exe Linker Warning:
#   Section '.ignored' is unknown. Section ignored.
### mwldeppc.exe Linker Warning:
#   Section '.ignored' is unknown. Section ignored.
### mwldeppc.exe Linker Warning:
#   Section '.ignored' is unknown. Section ignored.
### mwldeppc.exe Linker Warning:
#   Section '.ignored' is unknown. Section ignored.
### mwldeppc.exe Linker Warning:
#   Section '.ignored' is unknown. Section ignored.
### mwldeppc.exe Linker Warning:
#   Section '.ignored' is unknown. Section ignored.
### mwldeppc.exe Linker Warning:
#   Section '.ignored' is unknown. Section ignored.
### mwldeppc.exe Linker Warning:
#   Section '.ignored' is unknown. Section ignored.
### mwldeppc.exe Linker Warning:
#   Section '.ignored' is unknown. Section ignored.
### mwldeppc.exe Linker Warning:
#   Section '.ignored' is unknown. Section ignored.
### mwldeppc.exe Linker Warning:
#   Section '.ignored' is unknown. Section ignored.
### mwldeppc.exe Linker Warning:
#   Section '.ignored' is unknown. Section ignored.
### mwldeppc.exe Linker Warning:
#   Section '.ignored' is unknown. Section ignored.
### mwldeppc.exe Linker Warning:
#   Section '.ignored' is unknown. Section ignored.
### mwldeppc.exe Linker Warning:
#   Section '.ignored' is unknown. Section ignored.
### mwldeppc.exe Linker Warning:
#   Section '.ignored' is unknown. Section ignored.
### mwldeppc.exe Linker Warning:
#   Section '.ignored' is unknown. Section ignored.
### mwldeppc.exe Linker Warning:
#   Section '.ignored' is unknown. Section ignored.
### mwldeppc.exe Linker Warning:
#   Section '.ignored' is unknown. Section ignored.
### mwldeppc.exe Linker Warning:
#   Section '.ignored' is unknown. Section ignored.
### mwldeppc.exe Linker Warning:
#   Section '.ignored' is unknown. Section ignored.
### mwldeppc.exe Linker Warning:
#   Section '.ignored' is unknown. Section ignored.
### mwldeppc.exe Linker Warning:
#   Section '.ignored' is unknown. Section ignored.
### mwldeppc.exe Linker Warning:
#   Section '.ignored' is unknown. Section ignored.
### mwldeppc.exe Linker Warning:
#   Section '.ignored' is unknown. Section ignored.
### mwldeppc.exe Linker Warning:
#   Section '.ignored' is unknown. Section ignored.
### mwldeppc.exe Linker Warning:
#   Section '.ignored' is unknown. Section ignored.
### mwldeppc.exe Linker Warning:
#   Section '.ignored' is unknown. Section ignored.
### mwldeppc.exe Linker Warning:
#   Section '.ignored' is unknown. Section ignored.
### mwldeppc.exe Linker Warning:
#   Section '.ignored' is unknown. Section ignored.
### mwldeppc.exe Linker Warning:
#   Section '.ignored' is unknown. Section ignored.
### mwldeppc.exe Linker Warning:
#   Section '.ignored' is unknown. Section ignored.
### mwldeppc.exe Linker Warning:
#   Section '.ignored' is unknown. Section ignored.
### mwldeppc.exe Linker Warning:
#   Section '.ignored' is unknown. Section ignored.
### mwldeppc.exe Linker Warning:
#   Section '.ignored' is unknown. Section ignored.
### mwldeppc.exe Linker Warning:
#   Section '.ignored' is unknown. Section ignored.
### mwldeppc.exe Linker Warning:
#   Section '.ignored' is unknown. Section ignored.
### mwldeppc.exe Linker Warning:
#   Section '.ignored' is unknown. Section ignored.
### mwldeppc.exe Linker Warning:
#   Section '.ignored' is unknown. Section ignored.
### mwldeppc.exe Linker Warning:
#   Section '.ignored' is unknown. Section ignored.
### mwldeppc.exe Linker Warning:
#   Section '.ignored' is unknown. Section ignored.
### mwldeppc.exe Linker Warning:
#   Section '.ignored' is unknown. Section ignored.
### mwldeppc.exe Linker Warning:
#   Section '.ignored' is unknown. Section ignored.
### mwldeppc.exe Linker Warning:
#   Section '.ignored' is unknown. Section ignored.
### mwldeppc.exe Linker Warning:
#   Section '.ignored' is unknown. Section ignored.
### mwldeppc.exe Linker Warning:
#   Section '.ignored' is unknown. Section ignored.
### mwldeppc.exe Linker Warning:
#   Section '.ignored' is unknown. Section ignored.
### mwldeppc.exe Linker Warning:
#   Section '.ignored' is unknown. Section ignored.
### mwldeppc.exe Linker Warning:
#   Section '.ignored' is unknown. Section ignored.
### mwldeppc.exe Linker Warning:
#   Section '.ignored' is unknown. Section ignored.
### mwldeppc.exe Linker Warning:
#   Section '.ignored' is unknown. Section ignored.
### mwldeppc.exe Linker Warning:
#   Section '.ignored' is unknown. Section ignored.
### mwldeppc.exe Linker Warning:
#   Section '.ignored' is unknown. Section ignored.
### mwldeppc.exe Linker Warning:
#   Section '.ignored' is unknown. Section ignored.
### mwldeppc.exe Linker Warning:
#   Section '.ignored' is unknown. Section ignored.
### mwldeppc.exe Linker Warning:
#   Section '.ignored' is unknown. Section ignored.
### mwldeppc.exe Linker Warning:
#   Section '.ignored' is unknown. Section ignored.
### mwldeppc.exe Linker Warning:
#   Section '.ignored' is unknown. Section ignored.
### mwldeppc.exe Linker Warning:
#   Section '.ignored' is unknown. Section ignored.
### mwldeppc.exe Linker Warning:
#   Section '.ignored' is unknown. Section ignored.
### mwldeppc.exe Linker Warning:
#   Section '.ignored' is unknown. Section ignored.
### mwldeppc.exe Linker Warning:
#   Section '.ignored' is unknown. Section ignored.
### mwldeppc.exe Linker Warning:
#   Section '.ignored' is unknown. Section ignored.
### mwldeppc.exe Linker Warning:
#   Section '.ignored' is unknown. Section ignored.
### mwldeppc.exe Linker Warning:
#   Section '.ignored' is unknown. Section ignored.
### mwldeppc.exe Linker Warning:
#   Section '.ignored' is unknown. Section ignored.
### mwldeppc.exe Linker Warning:
#   Section '.ignored' is unknown. Section ignored.
### mwldeppc.exe Linker Warning:
#   Section '.ignored' is unknown. Section ignored.
### mwldeppc.exe Linker Warning:
#   Section '.ignored' is unknown. Section ignored.
### mwldeppc.exe Linker Warning:
#   Section '.ignored' is unknown. Section ignored.
### mwldeppc.exe Linker Warning:
#   Section '.ignored' is unknown. Section ignored.
### mwldeppc.exe Linker Warning:
#   Section '.ignored' is unknown. Section ignored.
### mwldeppc.exe Linker Warning:
#   Section '.ignored' is unknown. Section ignored.
### mwldeppc.exe Linker Warning:
#   Section '.ignored' is unknown. Section ignored.
### mwldeppc.exe Linker Warning:
#   Section '.ignored' is unknown. Section ignored.
### mwldeppc.exe Linker Warning:
#   Section '.ignored' is unknown. Section ignored.
### mwldeppc.exe Linker Warning:
#   Section '.ignored' is unknown. Section ignored.
### mwldeppc.exe Linker Warning:
#   Section '.ignored' is unknown. Section ignored.
### mwldeppc.exe Linker Warning:
#   Section '.ignored' is unknown. Section ignored.
### mwldeppc.exe Linker Warning:
#   Section '.ignored' is unknown. Section ignored.
### mwldeppc.exe Linker Warning:
#   Section '.ignored' is unknown. Section ignored.
### mwldeppc.exe Linker Warning:
#   Section '.ignored' is unknown. Section ignored.
[904/906] DOL build/GEDE01/main.dol
[905/906] CHECK config/GEDE01/build.sha1
build/GEDE01/main.dol: OK
[906/906] PROGRESS
Progress:
  All: 58.19% fuzzy, 48.59% matched, 48.56% linked (6286 / 7068 files)
    Code: 1117960 / 2300692 bytes (6052 / 8214 functions)
    Data: 39594 / 4305642 bytes (0.92%)
  Game Code: 93.74% fuzzy, 78.24% matched, 78.19% linked (6268 / 6633 files)
    Code: 1114932 / 1425104 bytes (5990 / 6354 functions)
    Data: 39370 / 40426 bytes (97.39%)
  SDK/Runtime: 100.00% fuzzy, 100.00% matched, 100.00% linked (18 / 18 files)
    Code: 3028 / 3028 bytes (62 / 62 functions)
    Data: 224 / 224 bytes (100.00%)
EXIT 0
$ .tools/bin/ninja -j2 -v build/GEDE01/src/game/game_fn_80023258.o
ninja: no work to do.
EXIT 0
$ build/tools/objdiff-cli --version
objdiff-cli 3.6.1
EXIT 0
$ build/tools/objdiff-cli diff -p . -u main/game/game_fn_80023258 fn_80023258 -o reports/GEDE01/objdiff-ef30b27e-9b3b-4771-8e14-63b66feed6c5.json --format json
 INFO Writing to reports/GEDE01/objdiff-ef30b27e-9b3b-4771-8e14-63b66feed6c5.json
EXIT 0
$ build/tools/objdiff-cli diff -p . -u main/game/game_fn_80023258 fn_80023258 -c functionRelocDiffs=all -o reports/GEDE01/objdiff-strict-ef30b27e-9b3b-4771-8e14-63b66feed6c5.json --format json
 INFO Writing to reports/GEDE01/objdiff-strict-ef30b27e-9b3b-4771-8e14-63b66feed6c5.json
EXIT 0
