[1/917] MWCC build/GEDE01/src/game/game_fn_800094C0.o
[2/917] MWCC build/GEDE01/src/game/game_fn_80008014.o
[3/917] MWCC build/GEDE01/src/game/game_fn_800096E0.o
[4/917] MWCC build/GEDE01/src/game/game_fn_800098C0.o
[5/917] MWCC build/GEDE01/src/game/game_fn_800099D8.o
[6/917] MWCC build/GEDE01/src/game/game_fn_80009AB4.o
[7/917] MWCC build/GEDE01/src/game/game_fn_8000A26C.o
[8/917] MWCC build/GEDE01/src/game/game_fn_8000AC88.o
[9/917] MWCC build/GEDE01/src/game/game_fn_8000AFB4.o
[10/917] MWCC build/GEDE01/src/game/game_fn_8000AEB4.o
[11/917] MWCC build/GEDE01/src/game/game_fn_8000B36C.o
[12/917] MWCC build/GEDE01/src/game/game_fn_8000B1B8.o
[13/917] MWCC build/GEDE01/src/game/game_fn_8000B7FC.o
[14/917] MWCC build/GEDE01/src/game/game_fn_8000B630.o
[15/917] MWCC build/GEDE01/src/game/game_fn_8000B900.o
[16/917] MWCC build/GEDE01/src/game/game_fn_8000BA0C.o
[17/917] MWCC build/GEDE01/src/game/game_fn_8000BAA0.o
[18/917] MWCC build/GEDE01/src/game/game_fn_8000BC40.o
[19/917] MWCC build/GEDE01/src/game/game_fn_8000C06C.o
[20/917] MWCC build/GEDE01/src/game/game_fn_8000C17C.o
[21/917] MWCC build/GEDE01/src/game/game_fn_8000C400.o
[22/917] MWCC build/GEDE01/src/game/game_fn_8000C848.o
[23/917] MWCC build/GEDE01/src/game/game_fn_8000C91C.o
[24/917] MWCC build/GEDE01/src/game/game_fn_8000D0BC.o
[25/917] MWCC build/GEDE01/src/game/game_fn_8000D3D4.o
[26/917] MWCC build/GEDE01/src/game/game_fn_8000D590.o
[27/917] MWCC build/GEDE01/src/game/game_fn_8000D8A4.o
[28/917] MWCC build/GEDE01/src/game/game_fn_8000DA50.o
[29/917] MWCC build/GEDE01/src/game/game_fn_8000DAF4.o
[30/917] MWCC build/GEDE01/src/game/game_fn_8000E054.o
[31/917] MWCC build/GEDE01/src/game/game_fn_8000E0AC.o
[32/917] MWCC build/GEDE01/src/game/game_fn_8000E138.o
[33/917] MWCC build/GEDE01/src/game/game_fn_8000E1C4.o
[34/917] MWCC build/GEDE01/src/game/game_fn_8000E96C.o
[35/917] MWCC build/GEDE01/src/game/game_fn_8000EB14.o
[36/917] MWCC build/GEDE01/src/game/game_fn_8000EBD4.o
[37/917] MWCC build/GEDE01/src/game/game_fn_8000ED44.o
[38/917] MWCC build/GEDE01/src/game/game_fn_8000EFC4.o
[39/917] MWCC build/GEDE01/src/game/game_fn_8000F4B0.o
[40/917] MWCC build/GEDE01/src/game/game_fn_8000F774.o
[41/917] MWCC build/GEDE01/src/game/game_fn_8000FDE8.o
[42/917] MWCC build/GEDE01/src/game/game_fn_8000FFD8.o
[43/917] MWCC build/GEDE01/src/game/game_fn_800119FC.o
[44/917] MWCC build/GEDE01/src/game/game_fn_80012DA8.o
[45/917] MWCC build/GEDE01/src/game/game_fn_80012F40.o
[46/917] MWCC build/GEDE01/src/game/game_fn_80012FD0.o
[47/917] MWCC build/GEDE01/src/game/game_fn_800131E8.o
[48/917] MWCC build/GEDE01/src/game/game_fn_80013340.o
[49/917] MWCC build/GEDE01/src/game/game_fn_80013870.o
[50/917] MWCC build/GEDE01/src/game/game_fn_80013CB0.o
[51/917] MWCC build/GEDE01/src/game/game_fn_80013D54.o
[52/917] MWCC build/GEDE01/src/game/game_fn_800142DC.o
[53/917] MWCC build/GEDE01/src/game/game_fn_800144CC.o
[54/917] MWCC build/GEDE01/src/game/game_fn_80014784.o
[55/917] MWCC build/GEDE01/src/game/game_fn_800149D4.o
[56/917] MWCC build/GEDE01/src/game/game_fn_80015058.o
[57/917] MWCC build/GEDE01/src/game/game_fn_80015320.o
[58/917] MWCC build/GEDE01/src/game/game_fn_80015568.o
[59/917] MWCC build/GEDE01/src/game/game_fn_800156FC.o
[60/917] MWCC build/GEDE01/src/game/game_fn_80015BE0.o
[61/917] MWCC build/GEDE01/src/game/game_fn_80015D40.o
[62/917] MWCC build/GEDE01/src/game/game_fn_80015F04.o
[63/917] MWCC build/GEDE01/src/game/game_fn_80016128.o
[64/917] MWCC build/GEDE01/src/game/game_fn_80016270.o
[65/917] MWCC build/GEDE01/src/game/game_fn_80016904.o
[66/917] MWCC build/GEDE01/src/game/game_fn_80016B24.o
[67/917] MWCC build/GEDE01/src/game/game_fn_800171C0.o
[68/917] MWCC build/GEDE01/src/game/game_fn_800173CC.o
[69/917] MWCC build/GEDE01/src/game/game_fn_80017910.o
[70/917] MWCC build/GEDE01/src/game/game_fn_800176F0.o
[71/917] MWCC build/GEDE01/src/game/game_fn_800179AC.o
[72/917] MWCC build/GEDE01/src/game/game_fn_80017A3C.o
[73/917] MWCC build/GEDE01/src/game/game_fn_80017C3C.o
[74/917] MWCC build/GEDE01/src/game/game_fn_80017AE4.o
[75/917] MWCC build/GEDE01/src/game/game_fn_80017CC8.o
[76/917] MWCC build/GEDE01/src/game/game_fn_80017DB0.o
[77/917] MWCC build/GEDE01/src/game/game_fn_80018EF4.o
[78/917] MWCC build/GEDE01/src/game/game_fn_80019054.o
[79/917] MWCC build/GEDE01/src/game/game_fn_80019244.o
[80/917] MWCC build/GEDE01/src/game/game_fn_800194D0.o
[81/917] MWCC build/GEDE01/src/game/game_fn_80019940.o
[82/917] MWCC build/GEDE01/src/game/game_fn_80019C10.o
[83/917] MWCC build/GEDE01/src/game/game_fn_80019D2C.o
[84/917] MWCC build/GEDE01/src/game/game_fn_80019F98.o
[85/917] MWCC build/GEDE01/src/game/game_fn_8001A6C4.o
[86/917] MWCC build/GEDE01/src/game/game_fn_8001AAB8.o
[87/917] MWCC build/GEDE01/src/game/game_fn_8001ADF8.o
[88/917] MWCC build/GEDE01/src/game/game_fn_8001AF68.o
[89/917] MWCC build/GEDE01/src/game/game_fn_8001B124.o
[90/917] MWCC build/GEDE01/src/game/game_fn_8001B294.o
[91/917] MWCC build/GEDE01/src/game/game_fn_8001B808.o
[92/917] MWCC build/GEDE01/src/game/game_fn_8001B874.o
[93/917] MWCC build/GEDE01/src/game/game_fn_8001C078.o
[94/917] MWCC build/GEDE01/src/game/game_fn_8001CA04.o
[95/917] MWCC build/GEDE01/src/game/game_fn_8001CD58.o
[96/917] MWCC build/GEDE01/src/game/game_fn_8001CE94.o
[97/917] MWCC build/GEDE01/src/game/game_fn_8001E644.o
[98/917] MWCC build/GEDE01/src/game/game_fn_8001FE1C.o
[99/917] MWCC build/GEDE01/src/game/game_fn_80020E94.o
[100/917] MWCC build/GEDE01/src/game/game_fn_80024F28.o
[101/917] MWCC build/GEDE01/src/game/game_fn_800272B4.o
[102/917] MWCC build/GEDE01/src/game/game_fn_8002B748.o
[103/917] MWCC build/GEDE01/src/game/game_fn_8002DAE0.o
[104/917] MWCC build/GEDE01/src/game/game_fn_8002E3F0.o
[105/917] MWCC build/GEDE01/src/game/game_fn_8002EA68.o
[106/917] MWCC build/GEDE01/src/game/game_fn_8002F428.o
[107/917] MWCC build/GEDE01/src/game/game_fn_80031544.o
[108/917] MWCC build/GEDE01/src/game/game_fn_8003232C.o
[109/917] MWCC build/GEDE01/src/game/game_fn_80032B84.o
[110/917] MWCC build/GEDE01/src/game/game_fn_80033038.o
[111/917] MWCC build/GEDE01/src/game/game_fn_80033180.o
[112/917] MWCC build/GEDE01/src/game/game_fn_800359A0.o
[113/917] MWCC build/GEDE01/src/game/game_fn_800361F8.o
[114/917] MWCC build/GEDE01/src/game/game_fn_80036C40.o
[115/917] MWCC build/GEDE01/src/game/game_fn_80038878.o
[116/917] MWCC build/GEDE01/src/game/game_fn_80048ADC.o
[117/917] MWCC build/GEDE01/src/game/game_fn_80048B24.o
[118/917] MWCC build/GEDE01/src/game/game_fn_8004998C.o
[119/917] MWCC build/GEDE01/src/game/game_fn_80050B08.o
[120/917] MWCC build/GEDE01/src/game/game_fn_80052310.o
[121/917] MWCC build/GEDE01/src/game/game_fn_8005EC6C.o
[122/917] MWCC build/GEDE01/src/game/game_fn_800542D0.o
[123/917] MWCC build/GEDE01/src/game/game_fn_8005EE9C.o
[124/917] MWCC build/GEDE01/src/game/game_data_80239E10.o
[125/917] MWCC build/GEDE01/src/game/game_data_80239E18.o
[126/917] MWCC build/GEDE01/src/game/game_fn_8005FD84.o
[127/917] MWCC build/GEDE01/src/game/game_fn_80066888.o
[128/917] MWCC build/GEDE01/src/game/game_fn_80066E78.o
[129/917] MWCC build/GEDE01/src/game/game_fn_8006B0F0.o
[130/917] MWCC build/GEDE01/src/game/game_fn_8006B620.o
[131/917] MWCC build/GEDE01/src/game/game_fn_8006E53C.o
[132/917] MWCC build/GEDE01/src/game/game_fn_80071A58.o
[133/917] MWCC build/GEDE01/src/game/game_fn_80078500.o
[134/917] MWCC build/GEDE01/src/game/game_fn_80074310.o
[135/917] MWCC build/GEDE01/src/game/game_fn_80079908.o
[136/917] MWCC build/GEDE01/src/game/game_fn_80079AA4.o
[137/917] MWCC build/GEDE01/src/game/game_fn_8007B2F4.o
[138/917] MWCC build/GEDE01/src/game/game_fn_8007B540.o
[139/917] MWCC build/GEDE01/src/game/game_fn_8007B640.o
[140/917] MWCC build/GEDE01/src/game/game_fn_8007B828.o
[141/917] MWCC build/GEDE01/src/game/game_fn_8007BA3C.o
[142/917] MWCC build/GEDE01/src/game/game_fn_8007D4D8.o
[143/917] MWCC build/GEDE01/src/game/game_fn_800886D8.o
[144/917] MWCC build/GEDE01/src/game/game_fn_8007F770.o
[145/917] MWCC build/GEDE01/src/game/game_fn_80088F4C.o
[146/917] MWCC build/GEDE01/src/game/game_fn_80089A34.o
[147/917] MWCC build/GEDE01/src/game/game_fn_8008A2E0.o
[148/917] MWCC build/GEDE01/src/game/game_fn_8008F224.o
[149/917] MWCC build/GEDE01/src/game/game_fn_8008F890.o
[150/917] MWCC build/GEDE01/src/game/game_fn_80090004.o
[151/917] MWCC build/GEDE01/src/game/game_fn_800934A0.o
[152/917] MWCC build/GEDE01/src/game/game_fn_80095D10.o
[153/917] MWCC build/GEDE01/src/game/game_fn_80095FDC.o
[154/917] MWCC build/GEDE01/src/game/game_fn_80096830.o
[155/917] MWCC build/GEDE01/src/game/game_fn_8009C424.o
[156/917] MWCC build/GEDE01/src/game/game_fn_8009E808.o
[157/917] MWCC build/GEDE01/src/game/game_fn_800A2130.o
[158/917] MWCC build/GEDE01/src/game/game_fn_800A2FCC.o
[159/917] MWCC build/GEDE01/src/game/game_fn_800A3180.o
[160/917] MWCC build/GEDE01/src/game/game_fn_800A3894.o
[161/917] MWCC build/GEDE01/src/game/game_fn_800A4428.o
[162/917] MWCC build/GEDE01/src/game/game_fn_800A4798.o
[163/917] MWCC build/GEDE01/src/game/game_fn_800A7E88.o
[164/917] MWCC build/GEDE01/src/game/game_fn_800AF230.o
[165/917] MWCC build/GEDE01/src/game/game_fn_800B2EC0.o
[166/917] MWCC build/GEDE01/src/game/game_fn_800BB5C4.o
[167/917] MWCC build/GEDE01/src/game/game_fn_800BB7A8.o
[168/917] MWCC build/GEDE01/src/game/game_fn_800BB9A4.o
[169/917] MWCC build/GEDE01/src/game/game_fn_800BBAF0.o
[170/917] MWCC build/GEDE01/src/game/game_fn_800C030C.o
[171/917] MWCC build/GEDE01/src/game/game_fn_800C17EC.o
[172/917] MWCC build/GEDE01/src/game/game_fn_800C59F0.o
[173/917] MWCC build/GEDE01/src/game/game_fn_800C644C.o
[174/917] MWCC build/GEDE01/src/game/game_fn_800C65FC.o
[175/917] MWCC build/GEDE01/src/game/game_fn_800C9C60.o
[176/917] MWCC build/GEDE01/src/game/game_fn_800CB760.o
[177/917] MWCC build/GEDE01/src/game/game_fn_800CB8F4.o
[178/917] MWCC build/GEDE01/src/game/game_fn_800CF598.o
[179/917] MWCC build/GEDE01/src/game/game_fn_800D9064.o
[180/917] MWCC build/GEDE01/src/game/game_fn_800D9E10.o
[181/917] MWCC build/GEDE01/src/game/game_fn_800E4980.o
[182/917] MWCC build/GEDE01/src/game/game_fn_800DC4D4.o
[183/917] MWCC build/GEDE01/src/game/game_TRKNubWelcome.o
[184/917] MWCC build/GEDE01/src/game/game_TRK_main.o
[185/917] MWCC build/GEDE01/src/game/game_InitMetroTRKCommTable.o
[186/917] MWCC build/GEDE01/src/game/game_fn_800FD0C8.o
[187/917] MWCC build/GEDE01/src/game/game_fn_8010242C.o
[188/917] MWCC build/GEDE01/src/game/game_fn_801098C0.o
[189/917] MWCC build/GEDE01/src/game/game_fn_8010F184.o
[190/917] MWCC build/GEDE01/src/game/game_fn_801126E0.o
[191/917] MWCC build/GEDE01/src/game/game_fn_801128E4.o
[192/917] MWCC build/GEDE01/src/game/game_fn_801141B8.o
[193/917] MWCC build/GEDE01/src/game/game_fn_8011F140.o
[194/917] MWCC build/GEDE01/src/game/game_fn_801247F8.o
[195/917] MWCC build/GEDE01/src/game/game_fn_80126A00.o
[196/917] MWCC build/GEDE01/src/game/game_fn_8012976C.o
[197/917] MWCC build/GEDE01/src/game/game_fn_8012DB28.o
[198/917] MWCC build/GEDE01/src/game/game_fn_8013CBE4.o
[199/917] MWCC build/GEDE01/src/game/game_fn_8013D6A4.o
[200/917] MWCC build/GEDE01/src/game/game_fn_8013DB8C.o
[201/917] MWCC build/GEDE01/src/game/game_fn_8014549C.o
[202/917] MWCC build/GEDE01/src/game/game_fn_8014AF38.o
[203/917] MWCC build/GEDE01/src/game/game_fn_8014B494.o
[204/917] MWCC build/GEDE01/src/game/game_fn_8014BA14.o
[205/917] MWCC build/GEDE01/src/game/game_fn_8014CA98.o
[206/917] MWCC build/GEDE01/src/game/game_fn_801535D8.o
[207/917] MWCC build/GEDE01/src/game/game_fn_80153898.o
[208/917] MWCC build/GEDE01/src/game/game_fn_80153A24.o
[209/917] MWCC build/GEDE01/src/game/game_fn_80154F74.o
[210/917] MWCC build/GEDE01/src/game/game_fn_80155814.o
[211/917] MWCC build/GEDE01/src/game/game_fn_80157C0C.o
[212/917] MWCC build/GEDE01/src/game/game_fn_80158B20.o
[213/917] MWCC build/GEDE01/src/game/game_fn_80158D38.o
[214/917] MWCC build/GEDE01/src/game/game_fn_8015DB84.o
[215/917] MWCC build/GEDE01/src/game/game_fn_8015DC54.o
[216/917] MWCC build/GEDE01/src/game/game_fn_8015EDC0.o
[217/917] MWCC build/GEDE01/src/game/game_fn_80167454.o
[218/917] MWCC build/GEDE01/src/game/game_fn_80167B5C.o
[219/917] MWCC build/GEDE01/src/game/game_fn_80169650.o
[220/917] MWCC build/GEDE01/src/game/game_fn_8016BD0C.o
[221/917] MWCC build/GEDE01/src/game/game_fn_8016BE1C.o
[222/917] MWCC build/GEDE01/src/game/game_fn_8016BF60.o
[223/917] MWCC build/GEDE01/src/game/game_fn_8016C0BC.o
[224/917] MWCC build/GEDE01/src/game/game_fn_8016C164.o
[225/917] MWCC build/GEDE01/src/game/game_fn_8016C238.o
[226/917] MWCC build/GEDE01/src/game/game_fn_8016C4BC.o
[227/917] MWCC build/GEDE01/src/game/game_fn_8016C774.o
[228/917] MWCC build/GEDE01/src/game/game_fn_8016D040.o
[229/917] MWCC build/GEDE01/src/game/game_fn_8016D1F8.o
[230/917] MWCC build/GEDE01/src/game/game_fn_8016D2B8.o
[231/917] MWCC build/GEDE01/src/game/game_fn_8016D9C0.o
[232/917] MWCC build/GEDE01/src/game/game_fn_8016DF4C.o
[233/917] MWCC build/GEDE01/src/game/game_fn_8016E8F8.o
[234/917] MWCC build/GEDE01/src/game/game_fn_8016FEF8.o
[235/917] MWCC build/GEDE01/src/game/game_fn_8017038C.o
[236/917] MWCC build/GEDE01/src/game/game_fn_801704F8.o
[237/917] MWCC build/GEDE01/src/game/game_fn_801706DC.o
[238/917] MWCC build/GEDE01/src/game/game_fn_80170A40.o
[239/917] MWCC build/GEDE01/src/game/game_fn_80170DF4.o
[240/917] MWCC build/GEDE01/src/game/game_fn_80170E9C.o
[241/917] MWCC build/GEDE01/src/game/game_fn_8017138C.o
[242/917] MWCC build/GEDE01/src/game/game_fn_80171664.o
[243/917] MWCC build/GEDE01/src/game/game_fn_801718F4.o
[244/917] MWCC build/GEDE01/src/game/game_fn_801719B4.o
[245/917] MWCC build/GEDE01/src/game/game_fn_80171F30.o
[246/917] MWCC build/GEDE01/src/game/game_fn_8017250C.o
[247/917] MWCC build/GEDE01/src/game/game_fn_801726EC.o
[248/917] MWCC build/GEDE01/src/game/game_fn_80172BB0.o
[249/917] MWCC build/GEDE01/src/game/game_fn_80172C78.o
[250/917] MWCC build/GEDE01/src/game/game_fn_80172DB8.o
[251/917] MWCC build/GEDE01/src/game/game_fn_80173270.o
[252/917] MWCC build/GEDE01/src/game/game_fn_801734B4.o
[253/917] MWCC build/GEDE01/src/game/game_fn_80173770.o
[254/917] MWCC build/GEDE01/src/game/game_fn_80173BDC.o
[255/917] MWCC build/GEDE01/src/game/game_fn_80173D44.o
[256/917] MWCC build/GEDE01/src/game/game_fn_80173F04.o
[257/917] MWCC build/GEDE01/src/game/game_fn_80174184.o
[258/917] MWCC build/GEDE01/src/game/game_fn_80174358.o
[259/917] MWCC build/GEDE01/src/game/game_fn_80174F2C.o
[260/917] MWCC build/GEDE01/src/game/game_fn_801752B0.o
[261/917] MWCC build/GEDE01/src/game/game_fn_8017553C.o
[262/917] MWCC build/GEDE01/src/game/game_fn_80175A08.o
[263/917] MWCC build/GEDE01/src/game/game_fn_80175E64.o
[264/917] MWCC build/GEDE01/src/game/game_fn_80175F0C.o
[265/917] MWCC build/GEDE01/src/game/game_fn_80175FD4.o
[266/917] MWCC build/GEDE01/src/game/game_fn_80176098.o
[267/917] MWCC build/GEDE01/src/game/game_fn_80176160.o
[268/917] MWCC build/GEDE01/src/game/game_fn_80176220.o
[269/917] MWCC build/GEDE01/src/game/game_fn_801762E8.o
[270/917] MWCC build/GEDE01/src/game/game_fn_8017652C.o
[271/917] MWCC build/GEDE01/src/game/game_fn_80176DF4.o
[272/917] MWCC build/GEDE01/src/game/game_fn_80176FA0.o
[273/917] MWCC build/GEDE01/src/game/game_fn_801770F8.o
[274/917] MWCC build/GEDE01/src/game/game_fn_8017718C.o
[275/917] MWCC build/GEDE01/src/game/game_fn_80178F88.o
[276/917] MWCC build/GEDE01/src/game/game_fn_80177434.o
[277/917] MWCC build/GEDE01/src/game/game_fn_80179398.o
[278/917] MWCC build/GEDE01/src/game/game_fn_8017960C.o
[279/917] MWCC build/GEDE01/src/game/game_fn_8017974C.o
[280/917] MWCC build/GEDE01/src/game/game_fn_80179904.o
[281/917] MWCC build/GEDE01/src/game/game_fn_80179A18.o
[282/917] MWCC build/GEDE01/src/game/game_fn_80179A74.o
[283/917] MWCC build/GEDE01/src/game/game_fn_80179EB8.o
[284/917] MWCC build/GEDE01/src/game/game_fn_80179F20.o
[285/917] MWCC build/GEDE01/src/game/game_fn_8017A010.o
[286/917] MWCC build/GEDE01/src/game/game_fn_8017A12C.o
[287/917] MWCC build/GEDE01/src/game/game_fn_8017A1C0.o
[288/917] MWCC build/GEDE01/src/game/game_fn_8017A9B8.o
[289/917] MWCC build/GEDE01/src/game/game_fn_8017AC20.o
[290/917] MWCC build/GEDE01/src/game/game_fn_8017E850.o
[291/917] MWCC build/GEDE01/src/game/game_fn_8017E958.o
[292/917] MWCC build/GEDE01/src/game/game_fn_80180DDC.o
[293/917] MWCC build/GEDE01/src/game/game_fn_801810A0.o
[294/917] MWCC build/GEDE01/src/game/game_fn_801816D4.o
[295/917] MWCC build/GEDE01/src/game/game_fn_801859FC.o
[296/917] MWCC build/GEDE01/src/game/game_fn_80185AE8.o
[297/917] MWCC build/GEDE01/src/game/game_fn_80185F10.o
[298/917] MWCC build/GEDE01/src/game/game_fn_801861C4.o
[299/917] MWCC build/GEDE01/src/game/game_fn_801865EC.o
[300/917] MWCC build/GEDE01/src/game/game_fn_8018680C.o
[301/917] MWCC build/GEDE01/src/game/game_fn_80186E10.o
[302/917] MWCC build/GEDE01/src/game/game_fn_80186F70.o
[303/917] MWCC build/GEDE01/src/game/game_fn_80187120.o
[304/917] MWCC build/GEDE01/src/game/game_fn_80187320.o
[305/917] MWCC build/GEDE01/src/game/game_fn_801875FC.o
[306/917] MWCC build/GEDE01/src/game/game_fn_801878E0.o
[307/917] MWCC build/GEDE01/src/game/game_fn_80187BB4.o
[308/917] MWCC build/GEDE01/src/game/game_fn_80187E40.o
[309/917] MWCC build/GEDE01/src/game/game_fn_80188A7C.o
[310/917] MWCC build/GEDE01/src/game/game_fn_80188B44.o
[311/917] MWCC build/GEDE01/src/game/game_fn_80188C1C.o
[312/917] MWCC build/GEDE01/src/game/game_fn_80188E28.o
[313/917] MWCC build/GEDE01/src/game/game_fn_80189028.o
[314/917] MWCC build/GEDE01/src/game/game_fn_801891D8.o
[315/917] MWCC build/GEDE01/src/game/game_fn_80189390.o
[316/917] MWCC build/GEDE01/src/game/game_fn_801895E8.o
[317/917] MWCC build/GEDE01/src/game/game_fn_801896A0.o
[318/917] MWCC build/GEDE01/src/game/game_fn_80189760.o
[319/917] MWCC build/GEDE01/src/game/game_fn_80189968.o
[320/917] MWCC build/GEDE01/src/game/game_fn_80189C14.o
[321/917] MWCC build/GEDE01/src/game/game_fn_8018C2D0.o
[322/917] MWCC build/GEDE01/src/game/game_fn_8018D1F0.o
[323/917] MWCC build/GEDE01/src/game/game_fn_8018D2E0.o
[324/917] MWCC build/GEDE01/src/game/game_fn_8018D400.o
[325/917] MWCC build/GEDE01/src/game/game_fn_8018D688.o
[326/917] MWCC build/GEDE01/src/game/game_fn_8018DC24.o
[327/917] MWCC build/GEDE01/src/game/game_fn_8018E0D8.o
[328/917] MWCC build/GEDE01/src/game/game_fn_8018F1D0.o
[329/917] MWCC build/GEDE01/src/game/game_fn_8018F81C.o
[330/917] MWCC build/GEDE01/src/game/game_fn_8018FEDC.o
[331/917] MWCC build/GEDE01/src/game/game_fn_8019120C.o
[332/917] MWCC build/GEDE01/src/game/game_fn_80191360.o
[333/917] MWCC build/GEDE01/src/game/game_fn_801916D0.o
[334/917] MWCC build/GEDE01/src/game/game_fn_8019197C.o
[335/917] MWCC build/GEDE01/src/game/game_fn_80191F58.o
[336/917] MWCC build/GEDE01/src/game/game_fn_801926EC.o
[337/917] MWCC build/GEDE01/src/game/game_fn_801929A4.o
[338/917] MWCC build/GEDE01/src/game/game_fn_80192F54.o
[339/917] MWCC build/GEDE01/src/game/game_fn_801931C4.o
[340/917] MWCC build/GEDE01/src/game/game_fn_80193E1C.o
[341/917] MWCC build/GEDE01/src/game/game_fn_80193F3C.o
[342/917] MWCC build/GEDE01/src/game/game_fn_80194F80.o
[343/917] MWCC build/GEDE01/src/game/game_fn_801952E8.o
[344/917] MWCC build/GEDE01/src/game/game_fn_80197910.o
[345/917] MWCC build/GEDE01/src/game/game_fn_80198154.o
[346/917] MWCC build/GEDE01/src/game/game_fn_80198AAC.o
[347/917] MWCC build/GEDE01/src/game/game_fn_80198BF4.o
[348/917] MWCC build/GEDE01/src/game/game_fn_801991E0.o
[349/917] MWCC build/GEDE01/src/game/game_fn_8019B1BC.o
[350/917] MWCC build/GEDE01/src/game/game_fn_8019CC28.o
[351/917] MWCC build/GEDE01/src/game/game_fn_8019CFC4.o
[352/917] MWCC build/GEDE01/src/game/game_fn_8019E5E4.o
[353/917] MWCC build/GEDE01/src/game/game_fn_8019E8C8.o
[354/917] MWCC build/GEDE01/src/game/game_fn_801A1F18.o
[355/917] MWCC build/GEDE01/src/game/game_fn_801A2A54.o
[356/917] MWCC build/GEDE01/src/game/game_fn_801A34BC.o
[357/917] MWCC build/GEDE01/src/game/game_fn_801A3A78.o
[358/917] MWCC build/GEDE01/src/game/game_fn_801A4430.o
[359/917] MWCC build/GEDE01/src/game/game_fn_801A4CE0.o
[360/917] MWCC build/GEDE01/src/game/game_fn_801A5FB0.o
[361/917] MWCC build/GEDE01/src/game/game_fn_801A6410.o
[362/917] MWCC build/GEDE01/src/game/game_fn_801A657C.o
[363/917] MWCC build/GEDE01/src/game/game_fn_801A6ADC.o
[364/917] MWCC build/GEDE01/src/game/game_fn_801A6C58.o
[365/917] MWCC build/GEDE01/src/game/game_fn_801A6CB4.o
[366/917] MWCC build/GEDE01/src/game/game_fn_801A7E04.o
[367/917] MWCC build/GEDE01/src/game/game_fn_801A7EA8.o
[368/917] MWCC build/GEDE01/src/game/game_fn_801A93E8.o
[369/917] MWCC build/GEDE01/src/game/game_fn_801AB154.o
[370/917] MWCC build/GEDE01/src/game/game_fn_801ABD3C.o
[371/917] MWCC build/GEDE01/src/game/game_fn_801AC8AC.o
[372/917] MWCC build/GEDE01/src/game/game_fn_801ACFE8.o
[373/917] MWCC build/GEDE01/src/game/game_fn_801AD08C.o
[374/917] MWCC build/GEDE01/src/game/game_fn_801AFA74.o
[375/917] MWCC build/GEDE01/src/game/game_fn_801B02F0.o
[376/917] MWCC build/GEDE01/src/game/game_fn_801B1BA0.o
[377/917] MWCC build/GEDE01/src/game/game_fn_801B35BC.o
[378/917] MWCC build/GEDE01/src/game/game_fn_801B46C8.o
[379/917] MWCC build/GEDE01/src/game/game_fn_801B4FB4.o
[380/917] MWCC build/GEDE01/src/game/game_fn_801B5228.o
[381/917] MWCC build/GEDE01/src/game/game_fn_801B58F0.o
[382/917] MWCC build/GEDE01/src/game/game_fn_801B6F1C.o
[383/917] MWCC build/GEDE01/src/game/game_fn_801B86C0.o
[384/917] MWCC build/GEDE01/src/game/game_fn_801B941C.o
[385/917] MWCC build/GEDE01/src/game/game_fn_801B9E7C.o
[386/917] MWCC build/GEDE01/src/game/game_fn_801BA15C.o
[387/917] MWCC build/GEDE01/src/game/game_fn_801BA708.o
[388/917] MWCC build/GEDE01/src/game/game_fn_801BA94C.o
[389/917] MWCC build/GEDE01/src/game/game_fn_801BB1A0.o
[390/917] MWCC build/GEDE01/src/game/game_fn_801BC0D4.o
[391/917] MWCC build/GEDE01/src/game/game_fn_801BC240.o
[392/917] MWCC build/GEDE01/src/game/game_fn_801BC8F4.o
[393/917] MWCC build/GEDE01/src/game/game_fn_801BCC04.o
[394/917] MWCC build/GEDE01/src/game/game_fn_801BD990.o
[395/917] MWCC build/GEDE01/src/game/game_fn_801BDE7C.o
[396/917] MWCC build/GEDE01/src/game/game_fn_801BE0D4.o
[397/917] MWCC build/GEDE01/src/game/game_fn_801C1CB0.o
[398/917] MWCC build/GEDE01/src/game/game_fn_801BEF40.o
[399/917] MWCC build/GEDE01/src/game/game_fn_801C2980.o
[400/917] MWCC build/GEDE01/src/game/game_fn_801C29BC.o
[401/917] MWCC build/GEDE01/src/game/game_fn_801C2AAC.o
[402/917] MWCC build/GEDE01/src/game/game_fn_801C2D9C.o
[403/917] MWCC build/GEDE01/src/game/game_fn_801C8160.o
[404/917] MWCC build/GEDE01/src/game/game_fn_801C8224.o
[405/917] MWCC build/GEDE01/src/game/game_fn_801C4B5C.o
[406/917] MWCC build/GEDE01/src/game/game_fn_801C8600.o
[407/917] MWCC build/GEDE01/src/game/game_fn_801C8CC0.o
[408/917] MWCC build/GEDE01/src/game/game_fn_801C87DC.o
[409/917] MWCC build/GEDE01/src/game/game_fn_801C8F50.o
[410/917] MWCC build/GEDE01/src/game/game_fn_801C90A4.o
[411/917] MWCC build/GEDE01/src/game/game_fn_801C9510.o
[412/917] MWCC build/GEDE01/src/game/game_fn_801C970C.o
[413/917] MWCC build/GEDE01/src/game/game_fn_801C9A08.o
[414/917] MWCC build/GEDE01/src/game/game_fn_801C9B1C.o
[415/917] MWCC build/GEDE01/src/game/game_fn_801CB4F8.o
[416/917] MWCC build/GEDE01/src/game/game_fn_801CD228.o
[417/917] MWCC build/GEDE01/src/game/game_fn_801CE09C.o
[418/917] MWCC build/GEDE01/src/game/game_fn_801CE594.o
[419/917] MWCC build/GEDE01/src/game/game_fn_801D1B10.o
[420/917] MWCC build/GEDE01/src/game/game_fn_801D1F78.o
[421/917] MWCC build/GEDE01/src/game/game_fn_801D3988.o
[422/917] MWCC build/GEDE01/src/game/game_fn_801D76A8.o
[423/917] MWCC build/GEDE01/src/game/game_fn_801D7C24.o
[424/917] MWCC build/GEDE01/src/game/game_fn_801D8050.o
[425/917] MWCC build/GEDE01/src/game/game_fn_801D9FE4.o
[426/917] MWCC build/GEDE01/src/game/game_fn_801E2A48.o
[427/917] MWCC build/GEDE01/src/game/game_fn_801E41AC.o
[428/917] MWCC build/GEDE01/src/game/game_fn_801E504C.o
[429/917] MWCC build/GEDE01/src/game/game_fn_801E6814.o
[430/917] MWCC build/GEDE01/src/game/game_fn_801E7014.o
[431/917] MWCC build/GEDE01/src/game/game_fn_801EB09C.o
[432/917] MWCC build/GEDE01/src/game/game_fn_801E995C.o
[433/917] MWCC build/GEDE01/src/game/game_fn_801EB11C.o
[434/917] MWCC build/GEDE01/src/game/game_fn_801ECD74.o
[435/917] MWCC build/GEDE01/src/game/game_fn_801ECF50.o
[436/917] MWCC build/GEDE01/src/game/game_fn_801ED5F4.o
[437/917] MWCC build/GEDE01/src/game/game_fn_801EF580.o
[438/917] MWCC build/GEDE01/src/game/game_fn_801EF910.o
[439/917] MWCC build/GEDE01/src/game/game_fn_801F0CB0.o
[440/917] MWCC build/GEDE01/src/game/game_fn_801F10BC.o
[441/917] MWCC build/GEDE01/src/game/game_fn_801F1A38.o
[442/917] MWCC build/GEDE01/src/game/game_fn_801F35A8.o
[443/917] MWCC build/GEDE01/src/game/game_fn_801F55A0.o
[444/917] MWCC build/GEDE01/src/game/game_fn_801F69F0.o
[445/917] MWCC build/GEDE01/src/game/game_fn_801F6BD8.o
[446/917] MWCC build/GEDE01/src/game/game_fn_801F7510.o
[447/917] MWCC build/GEDE01/src/game/game_fn_801F76EC.o
[448/917] MWCC build/GEDE01/src/game/game_fn_801F8264.o
[449/917] MWCC build/GEDE01/src/game/game_fn_801F89B4.o
[450/917] MWCC build/GEDE01/src/game/game_fn_801F9AF8.o
[451/917] MWCC build/GEDE01/src/game/game_fn_801F9CF4.o
[452/917] MWCC build/GEDE01/src/game/game_fn_801FA9C8.o
[453/917] MWCC build/GEDE01/src/game/game_fn_801FB6A4.o
[454/917] MWCC build/GEDE01/src/game/game_fn_801FC034.o
[455/917] MWCC build/GEDE01/src/game/game_fn_801FC204.o
[456/917] MWCC build/GEDE01/src/game/game_fn_801FFE78.o
[457/917] EXTERNALIZE build/GEDE01/src/game/game_fn_800DC4D4.o
[458/917] EXTERNALIZE build/GEDE01/src/game/game_fn_80175A08.o
[459/917] EXTERNALIZE build/GEDE01/src/game/game_fn_80066E78.o
[460/917] EXTERNALIZE build/GEDE01/src/game/game_fn_801247F8.o
[461/917] EXTERNALIZE build/GEDE01/src/game/game_fn_801EF910.o
[462/917] EXTERNALIZE build/GEDE01/src/game/game_fn_801ECF50.o
[463/917] EXTERNALIZE build/GEDE01/src/game/game_fn_801FC204.o
[464/917] EXTERNALIZE build/GEDE01/src/game/game_fn_801EB09C.o
[465/917] EXTERNALIZE build/GEDE01/src/game/game_fn_801EB11C.o
[466/917] EXTERNALIZE build/GEDE01/src/game/game_fn_801E41AC.o
[467/917] EXTERNALIZE JUMPTABLES build/GEDE01/src/game/game_fn_80050B08.o
[468/917] EXTERNALIZE build/GEDE01/src/game/game_fn_801D9FE4.o
[469/917] EXTERNALIZE build/GEDE01/src/game/game_fn_801D76A8.o
[470/917] EXTERNALIZE build/GEDE01/src/game/game_fn_801D8050.o
[471/917] EXTERNALIZE build/GEDE01/src/game/game_fn_801D7C24.o
[472/917] EXTERNALIZE build/GEDE01/src/game/game_fn_8019B1BC.o
[473/917] EXTERNALIZE build/GEDE01/src/game/game_fn_801CD228.o
[474/917] EXTERNALIZE build/GEDE01/src/game/game_fn_80178F88.o
[475/917] EXTERNALIZE build/GEDE01/src/game/game_fn_801C970C.o
[476/917] EXTERNALIZE build/GEDE01/src/game/game_fn_801BA15C.o
[477/917] EXTERNALIZE build/GEDE01/src/game/game_fn_801C9510.o
[478/917] EXTERNALIZE build/GEDE01/src/game/game_fn_8013D6A4.o
[479/917] EXTERNALIZE build/GEDE01/src/game/game_fn_80126A00.o
[480/917] EXTERNALIZE build/GEDE01/src/game/game_fn_800C9C60.o
[481/917] EXTERNALIZE build/GEDE01/src/game/game_fn_801B5228.o
[482/917] EXTERNALIZE build/GEDE01/src/game/game_fn_801B4FB4.o
[483/917] EXTERNALIZE build/GEDE01/src/game/game_fn_801C87DC.o
[484/917] EXTERNALIZE build/GEDE01/src/game/game_fn_801B6F1C.o
[485/917] EXTERNALIZE build/GEDE01/src/game/game_fn_801C8CC0.o
[486/917] EXTERNALIZE build/GEDE01/src/game/game_fn_800FD0C8.o
[487/917] EXTERNALIZE build/GEDE01/src/game/game_fn_801BDE7C.o
[488/917] EXTERNALIZE build/GEDE01/src/game/game_fn_801BE0D4.o
[489/917] EXTERNALIZE STATIC POOL build/GEDE01/src/game/game_fn_801C9A08.o
build/GEDE01/src/game/game_fn_801C9A08.o: lbl_80629390 now undefined; section 3 emptied
[490/917] EXTERNALIZE build/GEDE01/src/game/game_fn_801B941C.o
[491/917] EXTERNALIZE STATIC POOL build/GEDE01/src/game/game_fn_801C9B1C.o
build/GEDE01/src/game/game_fn_801C9B1C.o: lbl_80629390 now undefined; section 3 emptied
[492/917] EXTERNALIZE STATIC POOL build/GEDE01/src/game/game_fn_801BD990.o
build/GEDE01/src/game/game_fn_801BD990.o: lbl_80626D80 now undefined; section 6 emptied
[493/917] EXTERNALIZE STATIC POOL build/GEDE01/src/game/game_fn_801B58F0.o
build/GEDE01/src/game/game_fn_801B58F0.o: lbl_8060C020 now undefined; section 3 emptied
[494/917] EXTERNALIZE STATIC POOL build/GEDE01/src/game/game_fn_801B9E7C.o
build/GEDE01/src/game/game_fn_801B9E7C.o: 0 relocation(s) moved from streamInfo to ...bss.0
build/GEDE01/src/game/game_fn_801B9E7C.o: lbl_8061AE48 now undefined; section 6 emptied
[495/917] EXTERNALIZE STATIC POOL build/GEDE01/src/game/game_fn_801BB1A0.o
build/GEDE01/src/game/game_fn_801BB1A0.o: 0 relocation(s) moved from streamInfo to ...bss.0
build/GEDE01/src/game/game_fn_801BB1A0.o: lbl_8061AE48 now undefined; section 6 emptied
[496/917] EXTERNALIZE STATIC POOL build/GEDE01/src/game/game_fn_801BA708.o
build/GEDE01/src/game/game_fn_801BA708.o: 0 relocation(s) moved from streamInfo to ...bss.0
build/GEDE01/src/game/game_fn_801BA708.o: lbl_8061AE48 now undefined; section 6 emptied
[497/917] EXTERNALIZE build/GEDE01/src/game/game_fn_801BA94C.o
build/GEDE01/src/game/game_fn_801BA94C.o: 0 relocation(s) moved from streamInfo to ...bss.0
build/GEDE01/src/game/game_fn_801BA94C.o: lbl_8061AE48 now undefined; section 6 emptied
[498/917] EXTERNALIZE STATIC build/GEDE01/src/game/game_fn_801B35BC.o
build/GEDE01/src/game/game_fn_801B35BC.o: lbl_8060D420 now undefined; section 6 emptied
[499/917] EXTERNALIZE STATIC build/GEDE01/src/game/game_fn_801BC240.o
build/GEDE01/src/game/game_fn_801BC240.o: lbl_8061C748 now undefined; section 6 emptied
[500/917] EXTERNALIZE STATIC POOL build/GEDE01/src/game/game_fn_801BC8F4.o
build/GEDE01/src/game/game_fn_801BC8F4.o: lbl_8061C748 now undefined; section 6 emptied
[501/917] EXTERNALIZE STATIC POOL build/GEDE01/src/game/game_fn_801BCC04.o
build/GEDE01/src/game/game_fn_801BCC04.o: lbl_8061C748 now undefined; section 6 emptied
[502/917] EXTERNALIZE STATIC POOL build/GEDE01/src/game/game_fn_801BC0D4.o
build/GEDE01/src/game/game_fn_801BC0D4.o: lbl_8061C748 now undefined; section 6 emptied
[503/917] EXTERNALIZE STATIC POOL build/GEDE01/src/game/game_fn_801CE09C.o
build/GEDE01/src/game/game_fn_801CE09C.o: lbl_80631340 now undefined; section 6 emptied
[504/917] RENAME build/GEDE01/src/game/game_InitMetroTRKCommTable.o
[505/917] EXTERNALIZE STATIC POOL build/GEDE01/src/game/game_fn_801C1CB0.o
build/GEDE01/src/game/game_fn_801C1CB0.o: lbl_80626DA0 now undefined; section 3 emptied
[506/917] RENAME RUNTIME INTRINSICS build/GEDE01/src/game/game_fn_801CB4F8.o
[507/917] EXTERNALIZE build/GEDE01/src/game/game_fn_801D3988.o
[508/917] EXTERNALIZE STATIC POOL build/GEDE01/src/game/game_fn_8010242C.o
build/GEDE01/src/game/game_fn_8010242C.o: lbl_8032CC08 now undefined; section 3 emptied
[509/917] EXTERNALIZE build/GEDE01/src/game/game_fn_801D1B10.o
[510/917] ALIGN DATA build/GEDE01/src/game/game_fn_80008014.o
[511/917] EXTERNALIZE build/GEDE01/src/game/game_fn_801CE594.o
[512/917] EXTERNALIZE build/GEDE01/src/game/game_fn_8014549C.o
[513/917] EXTERNALIZE build/GEDE01/src/game/game_fn_801098C0.o
[514/917] EXTERNALIZE build/GEDE01/src/game/game_fn_801C8224.o
[515/917] EXTERNALIZE build/GEDE01/src/game/game_fn_8000FDE8.o
[516/917] EXTERNALIZE build/GEDE01/src/game/game_fn_80185F10.o
[517/917] EXTERNALIZE build/GEDE01/src/game/game_fn_801C29BC.o
[518/917] EXTERNALIZE build/GEDE01/src/game/game_fn_8007B828.o
[519/917] EXTERNALIZE build/GEDE01/src/game/game_fn_801C8F50.o
[520/917] EXTERNALIZE build/GEDE01/src/game/game_fn_801C90A4.o
[521/917] EXTERNALIZE build/GEDE01/src/game/game_fn_801C8160.o
[522/917] EXTERNALIZE build/GEDE01/src/game/game_fn_801C2AAC.o
[523/917] EXTERNALIZE build/GEDE01/src/game/game_fn_801C2D9C.o
[524/917] EXTERNALIZE build/GEDE01/src/game/game_fn_801C2980.o
[525/917] EXTERNALIZE build/GEDE01/src/game/game_fn_801B02F0.o
[526/917] EXTERNALIZE build/GEDE01/src/game/game_fn_801AFA74.o
[527/917] EXTERNALIZE build/GEDE01/src/game/game_fn_801AC8AC.o
[528/917] EXTERNALIZE build/GEDE01/src/game/game_fn_801ABD3C.o
[529/917] EXTERNALIZE build/GEDE01/src/game/game_fn_801816D4.o
[530/917] EXTERNALIZE build/GEDE01/src/game/game_fn_8011F140.o
[531/917] EXTERNALIZE build/GEDE01/src/game/game_fn_8004998C.o
[532/917] EXTERNALIZE build/GEDE01/src/game/game_fn_801AD08C.o
[533/917] EXTERNALIZE build/GEDE01/src/game/game_fn_80079AA4.o
[534/917] EXTERNALIZE build/GEDE01/src/game/game_fn_801A3A78.o
[535/917] EXTERNALIZE build/GEDE01/src/game/game_fn_80158D38.o
[536/917] EXTERNALIZE build/GEDE01/src/game/game_fn_8008F224.o
[537/917] EXTERNALIZE build/GEDE01/src/game/game_fn_80167454.o
[538/917] EXTERNALIZE build/GEDE01/src/game/game_fn_800AF230.o
[539/917] EXTERNALIZE build/GEDE01/src/game/game_fn_801AB154.o
[540/917] EXTERNALIZE build/GEDE01/src/game/game_fn_801A93E8.o
[541/917] EXTERNALIZE build/GEDE01/src/game/game_fn_801A7E04.o
[542/917] EXTERNALIZE build/GEDE01/src/game/game_fn_801A7EA8.o
[543/917] EXTERNALIZE build/GEDE01/src/game/game_fn_801A6CB4.o
[544/917] EXTERNALIZE build/GEDE01/src/game/game_fn_801A4CE0.o
[545/917] EXTERNALIZE build/GEDE01/src/game/game_fn_801A6C58.o
[546/917] NAME JUMPTABLE build/GEDE01/src/game/game_fn_801A6ADC.o
[547/917] EXTERNALIZE build/GEDE01/src/game/game_fn_801A6410.o
[548/917] EXTERNALIZE build/GEDE01/src/game/game_fn_801A5FB0.o
[549/917] EXTERNALIZE build/GEDE01/src/game/game_fn_801A1F18.o
[550/917] EXTERNALIZE build/GEDE01/src/game/game_fn_8019E8C8.o
[551/917] EXTERNALIZE build/GEDE01/src/game/game_fn_8019E5E4.o
[552/917] EXTERNALIZE build/GEDE01/src/game/game_fn_8019CFC4.o
[553/917] EXTERNALIZE build/GEDE01/src/game/game_fn_8019CC28.o
[554/917] EXTERNALIZE build/GEDE01/src/game/game_fn_80198BF4.o
[555/917] EXTERNALIZE build/GEDE01/src/game/game_fn_801991E0.o
[556/917] EXTERNALIZE build/GEDE01/src/game/game_fn_80198AAC.o
[557/917] EXTERNALIZE build/GEDE01/src/game/game_fn_80198154.o
[558/917] EXTERNALIZE build/GEDE01/src/game/game_fn_80194F80.o
[559/917] EXTERNALIZE build/GEDE01/src/game/game_fn_80197910.o
[560/917] EXTERNALIZE build/GEDE01/src/game/game_fn_80177434.o
repointed 2 relocations to lbl_80250588
[561/917] EXTERNALIZE build/GEDE01/src/game/game_fn_80193E1C.o
[562/917] EXTERNALIZE build/GEDE01/src/game/game_fn_801931C4.o
[563/917] EXTERNALIZE build/GEDE01/src/game/game_fn_80193F3C.o
[564/917] EXTERNALIZE build/GEDE01/src/game/game_fn_80192F54.o
[565/917] EXTERNALIZE build/GEDE01/src/game/game_fn_80191F58.o
[566/917] EXTERNALIZE build/GEDE01/src/game/game_fn_8019197C.o
[567/917] EXTERNALIZE build/GEDE01/src/game/game_fn_80191360.o
[568/917] GLOBALIZE build/GEDE01/src/game/game_fn_8018F1D0.o
[569/917] EXTERNALIZE build/GEDE01/src/game/game_fn_8018D688.o
[570/917] EXTERNALIZE build/GEDE01/src/game/game_fn_8018F81C.o
[571/917] EXTERNALIZE build/GEDE01/src/game/game_fn_8018D2E0.o
[572/917] EXTERNALIZE build/GEDE01/src/game/game_fn_80189968.o
[573/917] EXTERNALIZE build/GEDE01/src/game/game_fn_8018D1F0.o
[574/917] EXTERNALIZE build/GEDE01/src/game/game_fn_80189760.o
[575/917] EXTERNALIZE build/GEDE01/src/game/game_fn_801895E8.o
[576/917] EXTERNALIZE build/GEDE01/src/game/game_fn_801896A0.o
[577/917] EXTERNALIZE build/GEDE01/src/game/game_fn_80189390.o
[578/917] EXTERNALIZE build/GEDE01/src/game/game_fn_801891D8.o
[579/917] EXTERNALIZE build/GEDE01/src/game/game_fn_80188E28.o
[580/917] EXTERNALIZE build/GEDE01/src/game/game_fn_80189028.o
[581/917] EXTERNALIZE build/GEDE01/src/game/game_fn_80188C1C.o
[582/917] EXTERNALIZE build/GEDE01/src/game/game_fn_80188B44.o
[583/917] EXTERNALIZE build/GEDE01/src/game/game_fn_80188A7C.o
[584/917] EXTERNALIZE build/GEDE01/src/game/game_fn_801878E0.o
[585/917] EXTERNALIZE build/GEDE01/src/game/game_fn_80187120.o
[586/917] EXTERNALIZE build/GEDE01/src/game/game_fn_80186E10.o
[587/917] EXTERNALIZE build/GEDE01/src/game/game_fn_8018FEDC.o
[588/917] EXTERNALIZE build/GEDE01/src/game/game_fn_801865EC.o
[589/917] EXTERNALIZE build/GEDE01/src/game/game_fn_80185AE8.o
[590/917] EXTERNALIZE build/GEDE01/src/game/game_fn_801859FC.o
[591/917] EXTERNALIZE build/GEDE01/src/game/game_fn_80180DDC.o
[592/917] EXTERNALIZE build/GEDE01/src/game/game_fn_8017E850.o
[593/917] EXTERNALIZE build/GEDE01/src/game/game_fn_8017E958.o
[594/917] EXTERNALIZE build/GEDE01/src/game/game_fn_8017718C.o
[595/917] EXTERNALIZE build/GEDE01/src/game/game_fn_801770F8.o
[596/917] EXTERNALIZE build/GEDE01/src/game/game_fn_80176FA0.o
[597/917] EXTERNALIZE build/GEDE01/src/game/game_fn_80176DF4.o
[598/917] EXTERNALIZE build/GEDE01/src/game/game_fn_80174358.o
[599/917] EXTERNALIZE build/GEDE01/src/game/game_fn_80173F04.o
[600/917] EXTERNALIZE build/GEDE01/src/game/game_fn_80174184.o
[601/917] EXTERNALIZE build/GEDE01/src/game/game_fn_8017553C.o
[602/917] EXTERNALIZE build/GEDE01/src/game/game_fn_80173770.o
[603/917] EXTERNALIZE build/GEDE01/src/game/game_fn_80173D44.o
[604/917] EXTERNALIZE build/GEDE01/src/game/game_fn_801734B4.o
[605/917] EXTERNALIZE build/GEDE01/src/game/game_fn_80173270.o
[606/917] EXTERNALIZE build/GEDE01/src/game/game_fn_80172C78.o
[607/917] EXTERNALIZE build/GEDE01/src/game/game_fn_80172DB8.o
[608/917] EXTERNALIZE build/GEDE01/src/game/game_fn_80172BB0.o
[609/917] EXTERNALIZE build/GEDE01/src/game/game_fn_801726EC.o
[610/917] EXTERNALIZE build/GEDE01/src/game/game_fn_80171F30.o
[611/917] EXTERNALIZE build/GEDE01/src/game/game_fn_8017250C.o
[612/917] EXTERNALIZE build/GEDE01/src/game/game_fn_801718F4.o
[613/917] EXTERNALIZE build/GEDE01/src/game/game_fn_801719B4.o
[614/917] EXTERNALIZE build/GEDE01/src/game/game_fn_80171664.o
[615/917] EXTERNALIZE build/GEDE01/src/game/game_fn_8017138C.o
[616/917] EXTERNALIZE build/GEDE01/src/game/game_fn_80170A40.o
[617/917] EXTERNALIZE build/GEDE01/src/game/game_fn_801706DC.o
[618/917] NORMALIZE build/GEDE01/src/game/game_TRKNubWelcome.o
[619/917] NORMALIZE build/GEDE01/src/game/game_TRK_main.o
[620/917] NORMALIZE build/GEDE01/src/game/game_data_80239E10.o
[621/917] NORMALIZE build/GEDE01/src/game/game_data_80239E18.o
[622/917] EXTERNALIZE build/GEDE01/src/game/game_fn_8017652C.o
[623/917] EXTERNALIZE build/GEDE01/src/game/game_fn_80170E9C.o
[624/917] EXTERNALIZE build/GEDE01/src/game/game_fn_80175E64.o
[625/917] EXTERNALIZE build/GEDE01/src/game/game_fn_80175F0C.o
[626/917] EXTERNALIZE build/GEDE01/src/game/game_fn_80176098.o
[627/917] EXTERNALIZE build/GEDE01/src/game/game_fn_80175FD4.o
[628/917] EXTERNALIZE build/GEDE01/src/game/game_fn_80176220.o
[629/917] EXTERNALIZE build/GEDE01/src/game/game_fn_80176160.o
[630/917] EXTERNALIZE build/GEDE01/src/game/game_fn_80170DF4.o
[631/917] EXTERNALIZE build/GEDE01/src/game/game_fn_801762E8.o
[632/917] EXTERNALIZE build/GEDE01/src/game/game_fn_8016E8F8.o
[633/917] EXTERNALIZE build/GEDE01/src/game/game_fn_8016FEF8.o
[634/917] EXTERNALIZE build/GEDE01/src/game/game_fn_801704F8.o
[635/917] NORMALIZE build/GEDE01/src/game/game_fn_8016DF4C.o
[636/917] EXTERNALIZE build/GEDE01/src/game/game_fn_8016D2B8.o
[637/917] EXTERNALIZE build/GEDE01/src/game/game_fn_8016D040.o
[638/917] EXTERNALIZE build/GEDE01/src/game/game_fn_8016D1F8.o
[639/917] EXTERNALIZE build/GEDE01/src/game/game_fn_8016C774.o
[640/917] EXTERNALIZE build/GEDE01/src/game/game_fn_8016C4BC.o
[641/917] EXTERNALIZE build/GEDE01/src/game/game_fn_8016C238.o
[642/917] EXTERNALIZE build/GEDE01/src/game/game_fn_8016C164.o
[643/917] EXTERNALIZE build/GEDE01/src/game/game_fn_8016C0BC.o
[644/917] EXTERNALIZE build/GEDE01/src/game/game_fn_8017038C.o
[645/917] EXTERNALIZE build/GEDE01/src/game/game_fn_8016BF60.o
[646/917] EXTERNALIZE build/GEDE01/src/game/game_fn_8016BE1C.o
[647/917] EXTERNALIZE build/GEDE01/src/game/game_fn_8016BD0C.o
[648/917] EXTERNALIZE build/GEDE01/src/game/game_fn_80169650.o
[649/917] EXTERNALIZE build/GEDE01/src/game/game_fn_8015EDC0.o
[650/917] EXTERNALIZE build/GEDE01/src/game/game_fn_80167B5C.o
[651/917] EXTERNALIZE build/GEDE01/src/game/game_fn_8015DC54.o
[652/917] EXTERNALIZE build/GEDE01/src/game/game_fn_8015DB84.o
[653/917] EXTERNALIZE build/GEDE01/src/game/game_fn_80179398.o
[654/917] EXTERNALIZE build/GEDE01/src/game/game_fn_80158B20.o
[655/917] EXTERNALIZE build/GEDE01/src/game/game_fn_8017960C.o
[656/917] EXTERNALIZE build/GEDE01/src/game/game_fn_8017974C.o
[657/917] EXTERNALIZE build/GEDE01/src/game/game_fn_8017A9B8.o
[658/917] EXTERNALIZE build/GEDE01/src/game/game_fn_80179904.o
[659/917] EXTERNALIZE build/GEDE01/src/game/game_fn_80179A74.o
[660/917] EXTERNALIZE build/GEDE01/src/game/game_fn_80179A18.o
[661/917] EXTERNALIZE build/GEDE01/src/game/game_fn_80179EB8.o
[662/917] EXTERNALIZE build/GEDE01/src/game/game_fn_80179F20.o
[663/917] EXTERNALIZE build/GEDE01/src/game/game_fn_8017A010.o
[664/917] EXTERNALIZE build/GEDE01/src/game/game_fn_8017A12C.o
[665/917] EXTERNALIZE build/GEDE01/src/game/game_fn_80157C0C.o
[666/917] EXTERNALIZE build/GEDE01/src/game/game_fn_8017A1C0.o
[667/917] EXTERNALIZE build/GEDE01/src/game/game_fn_80155814.o
[668/917] EXTERNALIZE build/GEDE01/src/game/game_fn_80153898.o
[669/917] EXTERNALIZE build/GEDE01/src/game/game_fn_8014B494.o
[670/917] EXTERNALIZE build/GEDE01/src/game/game_fn_8012DB28.o
[671/917] EXTERNALIZE build/GEDE01/src/game/game_fn_8014AF38.o
[672/917] EXTERNALIZE build/GEDE01/src/game/game_fn_801141B8.o
[673/917] EXTERNALIZE build/GEDE01/src/game/game_fn_801128E4.o
[674/917] EXTERNALIZE build/GEDE01/src/game/game_fn_8010F184.o
[675/917] EXTERNALIZE build/GEDE01/src/game/game_fn_801126E0.o
[676/917] EXTERNALIZE build/GEDE01/src/game/game_fn_800C17EC.o
[677/917] EXTERNALIZE build/GEDE01/src/game/game_fn_800E4980.o
[678/917] EXTERNALIZE build/GEDE01/src/game/game_fn_800C59F0.o
[679/917] EXTERNALIZE build/GEDE01/src/game/game_fn_800C030C.o
[680/917] EXTERNALIZE build/GEDE01/src/game/game_fn_800C65FC.o
[681/917] EXTERNALIZE build/GEDE01/src/game/game_fn_800C644C.o
[682/917] EXTERNALIZE build/GEDE01/src/game/game_fn_800CB760.o
[683/917] EXTERNALIZE build/GEDE01/src/game/game_fn_800CB8F4.o
[684/917] EXTERNALIZE build/GEDE01/src/game/game_fn_80078500.o
[685/917] EXTERNALIZE build/GEDE01/src/game/game_fn_80079908.o
[686/917] EXTERNALIZE build/GEDE01/src/game/game_fn_8007B540.o
[687/917] EXTERNALIZE build/GEDE01/src/game/game_fn_8007B2F4.o
[688/917] EXTERNALIZE build/GEDE01/src/game/game_fn_8007B640.o
[689/917] EXTERNALIZE build/GEDE01/src/game/game_fn_8007BA3C.o
[690/917] EXTERNALIZE build/GEDE01/src/game/game_fn_800886D8.o
[691/917] EXTERNALIZE build/GEDE01/src/game/game_fn_800934A0.o
[692/917] EXTERNALIZE build/GEDE01/src/game/game_fn_800A3894.o
[693/917] EXTERNALIZE build/GEDE01/src/game/game_fn_800A7E88.o
[694/917] EXTERNALIZE build/GEDE01/src/game/game_fn_800A4798.o
[695/917] GLOBALIZE build/GEDE01/src/game/game_fn_800A2130.o
[696/917] EXTERNALIZE build/GEDE01/src/game/game_fn_800A2FCC.o
[697/917] EXTERNALIZE build/GEDE01/src/game/game_fn_8009C424.o
[698/917] EXTERNALIZE SWITCHES build/GEDE01/src/game/game_fn_80095FDC.o
[699/917] EXTERNALIZE build/GEDE01/src/game/game_fn_80096830.o
[700/917] GLOBALIZE build/GEDE01/src/game/game_fn_8008F890.o
[701/917] EXTERNALIZE build/GEDE01/src/game/game_fn_80074310.o
[702/917] EXTERNALIZE build/GEDE01/src/game/game_fn_800A4428.o
[703/917] GLOBALIZE build/GEDE01/src/game/game_fn_8005FD84.o
[704/917] EXTERNALIZE build/GEDE01/src/game/game_fn_80066888.o
[705/917] EXTERNALIZE build/GEDE01/src/game/game_fn_8005EC6C.o
[706/917] EXTERNALIZE build/GEDE01/src/game/game_fn_80052310.o
[707/917] EXTERNALIZE build/GEDE01/src/game/game_fn_80048B24.o
[708/917] NAME SWITCH build/GEDE01/src/game/game_fn_80020E94.o
[709/917] NAME SWITCH build/GEDE01/src/game/game_fn_8005EE9C.o
[710/917] NAME SWITCH build/GEDE01/src/game/game_fn_8016D9C0.o
[711/917] NAME SWITCH build/GEDE01/src/game/game_fn_80071A58.o
[712/917] EXTERNALIZE build/GEDE01/src/game/game_fn_80048ADC.o
[713/917] NAME SWITCH build/GEDE01/src/game/game_fn_8006B620.o
[714/917] NAME SWITCH build/GEDE01/src/game/game_fn_8001FE1C.o
[715/917] NAME SWITCH build/GEDE01/src/game/game_fn_8001E644.o
[716/917] EXTERNALIZE build/GEDE01/src/game/game_fn_80038878.o
[717/917] EXTERNALIZE build/GEDE01/src/game/game_fn_801B46C8.o
build/GEDE01/src/game/game_fn_801B46C8.o: lbl_8060C020 now undefined; section 6 emptied
[718/917] EXTERNALIZE build/GEDE01/src/game/game_fn_80036C40.o
[719/917] EXTERNALIZE build/GEDE01/src/game/game_fn_800359A0.o
[720/917] EXTERNALIZE build/GEDE01/src/game/game_fn_80033180.o
[721/917] EXTERNALIZE build/GEDE01/src/game/game_fn_80033038.o
[722/917] EXTERNALIZE build/GEDE01/src/game/game_fn_80032B84.o
[723/917] EXTERNALIZE build/GEDE01/src/game/game_fn_8003232C.o
[724/917] EXTERNALIZE build/GEDE01/src/game/game_fn_8002E3F0.o
[725/917] EXTERNALIZE build/GEDE01/src/game/game_fn_8002DAE0.o
[726/917] EXTERNALIZE build/GEDE01/src/game/game_fn_8002EA68.o
[727/917] GLOBALIZE build/GEDE01/src/game/game_fn_8002B748.o
[728/917] EXTERNALIZE build/GEDE01/src/game/game_fn_8002F428.o
[729/917] NAME SWITCHES build/GEDE01/src/game/game_fn_80024F28.o
[730/917] EXTERNALIZE build/GEDE01/src/game/game_fn_800272B4.o
[731/917] EXTERNALIZE build/GEDE01/src/game/game_fn_8001CE94.o
[732/917] EXTERNALIZE build/GEDE01/src/game/game_fn_8001CD58.o
[733/917] EXTERNALIZE build/GEDE01/src/game/game_fn_8001C078.o
[734/917] EXTERNALIZE build/GEDE01/src/game/game_fn_8001B874.o
[735/917] EXTERNALIZE build/GEDE01/src/game/game_fn_8001B808.o
[736/917] EXTERNALIZE build/GEDE01/src/game/game_fn_8001B294.o
[737/917] EXTERNALIZE build/GEDE01/src/game/game_fn_8001B124.o
[738/917] EXTERNALIZE build/GEDE01/src/game/game_fn_8001ADF8.o
[739/917] EXTERNALIZE build/GEDE01/src/game/game_fn_8001AF68.o
[740/917] EXTERNALIZE build/GEDE01/src/game/game_fn_8001A6C4.o
[741/917] EXTERNALIZE build/GEDE01/src/game/game_fn_8001AAB8.o
[742/917] EXTERNALIZE build/GEDE01/src/game/game_fn_80019D2C.o
[743/917] EXTERNALIZE build/GEDE01/src/game/game_fn_80019F98.o
[744/917] EXTERNALIZE build/GEDE01/src/game/game_fn_80019C10.o
[745/917] EXTERNALIZE build/GEDE01/src/game/game_fn_80019940.o
[746/917] EXTERNALIZE build/GEDE01/src/game/game_fn_800194D0.o
[747/917] EXTERNALIZE build/GEDE01/src/game/game_fn_80019244.o
[748/917] EXTERNALIZE build/GEDE01/src/game/game_fn_80019054.o
[749/917] EXTERNALIZE build/GEDE01/src/game/game_fn_80018EF4.o
[750/917] EXTERNALIZE build/GEDE01/src/game/game_fn_80017DB0.o
[751/917] EXTERNALIZE build/GEDE01/src/game/game_fn_80017CC8.o
[752/917] EXTERNALIZE build/GEDE01/src/game/game_fn_80017C3C.o
[753/917] EXTERNALIZE build/GEDE01/src/game/game_fn_80017AE4.o
[754/917] EXTERNALIZE build/GEDE01/src/game/game_fn_80017A3C.o
[755/917] EXTERNALIZE build/GEDE01/src/game/game_fn_800179AC.o
[756/917] EXTERNALIZE build/GEDE01/src/game/game_fn_80017910.o
[757/917] EXTERNALIZE FLAGS build/GEDE01/src/game/game_fn_800119FC.o
[758/917] EXTERNALIZE build/GEDE01/src/game/game_fn_8000FFD8.o
[759/917] EXTERNALIZE build/GEDE01/src/game/game_fn_8000F4B0.o
[760/917] GLOBALIZE build/GEDE01/src/game/game_fn_800094C0.o
[761/917] EXTERNALIZE build/GEDE01/src/game/game_fn_8000EFC4.o
[762/917] EXTERNALIZE build/GEDE01/src/game/game_fn_800096E0.o
[763/917] EXTERNALIZE build/GEDE01/src/game/game_fn_800098C0.o
[764/917] EXTERNALIZE build/GEDE01/src/game/game_fn_800099D8.o
[765/917] EXTERNALIZE build/GEDE01/src/game/game_fn_80009AB4.o
[766/917] EXTERNALIZE build/GEDE01/src/game/game_fn_8000A26C.o
[767/917] EXTERNALIZE build/GEDE01/src/game/game_fn_800171C0.o
[768/917] EXTERNALIZE build/GEDE01/src/game/game_fn_800176F0.o
[769/917] EXTERNALIZE build/GEDE01/src/game/game_fn_8000AC88.o
[770/917] EXTERNALIZE build/GEDE01/src/game/game_fn_8000AEB4.o
[771/917] EXTERNALIZE build/GEDE01/src/game/game_fn_8000AFB4.o
[772/917] EXTERNALIZE build/GEDE01/src/game/game_fn_8000B1B8.o
[773/917] EXTERNALIZE build/GEDE01/src/game/game_fn_8000B36C.o
[774/917] EXTERNALIZE build/GEDE01/src/game/game_fn_8000B630.o
[775/917] EXTERNALIZE build/GEDE01/src/game/game_fn_8000B7FC.o
[776/917] EXTERNALIZE build/GEDE01/src/game/game_fn_8000B900.o
[777/917] EXTERNALIZE build/GEDE01/src/game/game_fn_8000BA0C.o
[778/917] EXTERNALIZE build/GEDE01/src/game/game_fn_8000BAA0.o
[779/917] EXTERNALIZE build/GEDE01/src/game/game_fn_8000BC40.o
[780/917] EXTERNALIZE build/GEDE01/src/game/game_fn_8000C06C.o
[781/917] EXTERNALIZE build/GEDE01/src/game/game_fn_8000C17C.o
[782/917] EXTERNALIZE build/GEDE01/src/game/game_fn_8000C400.o
[783/917] EXTERNALIZE build/GEDE01/src/game/game_fn_8000C848.o
[784/917] EXTERNALIZE build/GEDE01/src/game/game_fn_8000C91C.o
[785/917] EXTERNALIZE build/GEDE01/src/game/game_fn_8000D0BC.o
[786/917] NAME SWITCH build/GEDE01/src/game/game_fn_8000D8A4.o
[787/917] EXTERNALIZE build/GEDE01/src/game/game_fn_8000D3D4.o
[788/917] EXTERNALIZE build/GEDE01/src/game/game_fn_8000E054.o
[789/917] EXTERNALIZE build/GEDE01/src/game/game_fn_8000E0AC.o
[790/917] EXTERNALIZE build/GEDE01/src/game/game_fn_8000E96C.o
[791/917] EXTERNALIZE build/GEDE01/src/game/game_fn_8000F774.o
[792/917] EXTERNALIZE build/GEDE01/src/game/game_fn_8000EB14.o
[793/917] EXTERNALIZE build/GEDE01/src/game/game_fn_8000EBD4.o
[794/917] EXTERNALIZE build/GEDE01/src/game/game_fn_8000ED44.o
[795/917] EXTERNALIZE build/GEDE01/src/game/game_fn_8000E138.o
[796/917] EXTERNALIZE build/GEDE01/src/game/game_fn_8000E1C4.o
[797/917] EXTERNALIZE build/GEDE01/src/game/game_fn_8000D590.o
[798/917] EXTERNALIZE build/GEDE01/src/game/game_fn_8000DA50.o
[799/917] EXTERNALIZE build/GEDE01/src/game/game_fn_8000DAF4.o
[800/917] EXTERNALIZE build/GEDE01/src/game/game_fn_80012DA8.o
[801/917] EXTERNALIZE build/GEDE01/src/game/game_fn_80012F40.o
[802/917] EXTERNALIZE build/GEDE01/src/game/game_fn_80012FD0.o
[803/917] EXTERNALIZE build/GEDE01/src/game/game_fn_800131E8.o
[804/917] EXTERNALIZE build/GEDE01/src/game/game_fn_80013340.o
[805/917] EXTERNALIZE build/GEDE01/src/game/game_fn_80013870.o
[806/917] EXTERNALIZE build/GEDE01/src/game/game_fn_80013CB0.o
[807/917] EXTERNALIZE build/GEDE01/src/game/game_fn_80013D54.o
[808/917] EXTERNALIZE build/GEDE01/src/game/game_fn_800142DC.o
[809/917] EXTERNALIZE build/GEDE01/src/game/game_fn_800144CC.o
[810/917] EXTERNALIZE build/GEDE01/src/game/game_fn_80014784.o
[811/917] EXTERNALIZE build/GEDE01/src/game/game_fn_800149D4.o
[812/917] EXTERNALIZE build/GEDE01/src/game/game_fn_80015058.o
[813/917] EXTERNALIZE build/GEDE01/src/game/game_fn_80015320.o
[814/917] EXTERNALIZE build/GEDE01/src/game/game_fn_80015568.o
[815/917] EXTERNALIZE build/GEDE01/src/game/game_fn_800156FC.o
[816/917] EXTERNALIZE build/GEDE01/src/game/game_fn_80015BE0.o
[817/917] EXTERNALIZE build/GEDE01/src/game/game_fn_80015D40.o
[818/917] EXTERNALIZE build/GEDE01/src/game/game_fn_80015F04.o
[819/917] EXTERNALIZE build/GEDE01/src/game/game_fn_80016270.o
[820/917] EXTERNALIZE build/GEDE01/src/game/game_fn_80016128.o
[821/917] EXTERNALIZE build/GEDE01/src/game/game_fn_80016904.o
[822/917] EXTERNALIZE build/GEDE01/src/game/game_fn_800173CC.o
[823/917] EXTERNALIZE build/GEDE01/src/game/game_fn_80016B24.o
[824/917] EXTERNALIZE build/GEDE01/src/game/game_fn_801BEF40.o
[825/917] EXTERNALIZE build/GEDE01/src/game/game_fn_801B86C0.o
[826/917] EXTERNALIZE STATIC POOL build/GEDE01/src/game/game_fn_801C4B5C.o
build/GEDE01/src/game/game_fn_801C4B5C.o: lbl_80628CB0 now undefined; section 6 emptied
[827/917] EXTERNALIZE build/GEDE01/src/game/game_fn_801C8600.o
[828/917] EXTERNALIZE build/GEDE01/src/game/game_fn_80173BDC.o
[829/917] EXTERNALIZE build/GEDE01/src/game/game_fn_801E7014.o
[830/917] EXTERNALIZE build/GEDE01/src/game/game_fn_8014BA14.o
[831/917] EXTERNALIZE build/GEDE01/src/game/game_fn_801A4430.o
[832/917] EXTERNALIZE build/GEDE01/src/game/game_fn_800B2EC0.o
[833/917] EXTERNALIZE build/GEDE01/src/game/game_fn_8001CA04.o
[834/917] EXTERNALIZE build/GEDE01/src/game/game_fn_80031544.o
[835/917] EXTERNALIZE build/GEDE01/src/game/game_fn_8006B0F0.o
[836/917] EXTERNALIZE build/GEDE01/src/game/game_fn_8007D4D8.o
[837/917] EXTERNALIZE build/GEDE01/src/game/game_fn_8007F770.o
[838/917] EXTERNALIZE build/GEDE01/src/game/game_fn_80088F4C.o
[839/917] EXTERNALIZE build/GEDE01/src/game/game_fn_8008A2E0.o
[840/917] EXTERNALIZE build/GEDE01/src/game/game_fn_80089A34.o
[841/917] EXTERNALIZE build/GEDE01/src/game/game_fn_80095D10.o
[842/917] EXTERNALIZE build/GEDE01/src/game/game_fn_80090004.o
[843/917] EXTERNALIZE build/GEDE01/src/game/game_fn_800A3180.o
[844/917] EXTERNALIZE build/GEDE01/src/game/game_fn_800BB5C4.o
[845/917] EXTERNALIZE build/GEDE01/src/game/game_fn_800BB7A8.o
[846/917] EXTERNALIZE build/GEDE01/src/game/game_fn_800BB9A4.o
[847/917] EXTERNALIZE build/GEDE01/src/game/game_fn_800BBAF0.o
[848/917] EXTERNALIZE build/GEDE01/src/game/game_fn_800D9064.o
[849/917] EXTERNALIZE build/GEDE01/src/game/game_fn_800D9E10.o
[850/917] EXTERNALIZE build/GEDE01/src/game/game_fn_8012976C.o
[851/917] EXTERNALIZE build/GEDE01/src/game/game_fn_8013DB8C.o
[852/917] EXTERNALIZE build/GEDE01/src/game/game_fn_8013CBE4.o
[853/917] EXTERNALIZE build/GEDE01/src/game/game_fn_8014CA98.o
[854/917] EXTERNALIZE build/GEDE01/src/game/game_fn_80153A24.o
[855/917] EXTERNALIZE build/GEDE01/src/game/game_fn_801535D8.o
[856/917] EXTERNALIZE build/GEDE01/src/game/game_fn_80174F2C.o
[857/917] EXTERNALIZE build/GEDE01/src/game/game_fn_801752B0.o
[858/917] EXTERNALIZE build/GEDE01/src/game/game_fn_8017AC20.o
[859/917] EXTERNALIZE build/GEDE01/src/game/game_fn_801861C4.o
[860/917] EXTERNALIZE build/GEDE01/src/game/game_fn_8018680C.o
[861/917] EXTERNALIZE build/GEDE01/src/game/game_fn_80186F70.o
[862/917] EXTERNALIZE build/GEDE01/src/game/game_fn_80187320.o
[863/917] EXTERNALIZE build/GEDE01/src/game/game_fn_801810A0.o
[864/917] EXTERNALIZE build/GEDE01/src/game/game_fn_801875FC.o
[865/917] EXTERNALIZE build/GEDE01/src/game/game_fn_800542D0.o
[866/917] EXTERNALIZE build/GEDE01/src/game/game_fn_80187E40.o
[867/917] EXTERNALIZE build/GEDE01/src/game/game_fn_80187BB4.o
[868/917] EXTERNALIZE build/GEDE01/src/game/game_fn_80189C14.o
[869/917] EXTERNALIZE build/GEDE01/src/game/game_fn_8018D400.o
[870/917] EXTERNALIZE build/GEDE01/src/game/game_fn_8018C2D0.o
[871/917] EXTERNALIZE build/GEDE01/src/game/game_fn_8018E0D8.o
[872/917] EXTERNALIZE build/GEDE01/src/game/game_fn_8019120C.o
[873/917] EXTERNALIZE build/GEDE01/src/game/game_fn_8018DC24.o
[874/917] EXTERNALIZE build/GEDE01/src/game/game_fn_801916D0.o
[875/917] EXTERNALIZE build/GEDE01/src/game/game_fn_801926EC.o
[876/917] EXTERNALIZE build/GEDE01/src/game/game_fn_801929A4.o
[877/917] EXTERNALIZE build/GEDE01/src/game/game_fn_801A2A54.o
[878/917] EXTERNALIZE build/GEDE01/src/game/game_fn_801952E8.o
[879/917] EXTERNALIZE build/GEDE01/src/game/game_fn_801A34BC.o
[880/917] EXTERNALIZE build/GEDE01/src/game/game_fn_801A657C.o
[881/917] EXTERNALIZE build/GEDE01/src/game/game_fn_801D1F78.o
[882/917] EXTERNALIZE build/GEDE01/src/game/game_fn_801E2A48.o
[883/917] EXTERNALIZE build/GEDE01/src/game/game_fn_801E6814.o
[884/917] EXTERNALIZE build/GEDE01/src/game/game_fn_801E995C.o
[885/917] EXTERNALIZE build/GEDE01/src/game/game_fn_801F0CB0.o
[886/917] EXTERNALIZE build/GEDE01/src/game/game_fn_801EF580.o
[887/917] EXTERNALIZE build/GEDE01/src/game/game_fn_801F10BC.o
[888/917] EXTERNALIZE build/GEDE01/src/game/game_fn_801F35A8.o
[889/917] EXTERNALIZE build/GEDE01/src/game/game_fn_801ECD74.o
[890/917] EXTERNALIZE build/GEDE01/src/game/game_fn_801ED5F4.o
[891/917] EXTERNALIZE build/GEDE01/src/game/game_fn_801F69F0.o
[892/917] EXTERNALIZE build/GEDE01/src/game/game_fn_801F76EC.o
[893/917] EXTERNALIZE build/GEDE01/src/game/game_fn_801F8264.o
[894/917] EXTERNALIZE build/GEDE01/src/game/game_fn_801F89B4.o
[895/917] EXTERNALIZE build/GEDE01/src/game/game_fn_801F9AF8.o
[896/917] EXTERNALIZE build/GEDE01/src/game/game_fn_801F6BD8.o
[897/917] EXTERNALIZE JUMPTABLES build/GEDE01/src/game/game_fn_800361F8.o
[898/917] EXTERNALIZE JUMPTABLES build/GEDE01/src/game/game_fn_8006E53C.o
[899/917] EXTERNALIZE build/GEDE01/src/game/game_fn_801FB6A4.o
[900/917] EXTERNALIZE JUMPTABLES build/GEDE01/src/game/game_fn_800CF598.o
[901/917] EXTERNALIZE JUMPTABLES build/GEDE01/src/game/game_fn_801ACFE8.o
[902/917] EXTERNALIZE JUMPTABLES build/GEDE01/src/game/game_fn_801B1BA0.o
[903/917] EXTERNALIZE build/GEDE01/src/game/game_fn_80154F74.o
[904/917] EXTERNALIZE build/GEDE01/src/game/game_fn_801E504C.o
[905/917] EXTERNALIZE build/GEDE01/src/game/game_fn_8009E808.o
[906/917] EXTERNALIZE build/GEDE01/src/game/game_fn_801F1A38.o
[907/917] EXTERNALIZE build/GEDE01/src/game/game_fn_801F55A0.o
[908/917] EXTERNALIZE build/GEDE01/src/game/game_fn_801FFE78.o
[909/917] EXTERNALIZE build/GEDE01/src/game/game_fn_801F7510.o
[910/917] EXTERNALIZE build/GEDE01/src/game/game_fn_801F9CF4.o
[911/917] EXTERNALIZE build/GEDE01/src/game/game_fn_801FC034.o
[912/917] EXTERNALIZE build/GEDE01/src/game/game_fn_801FA9C8.o
[913/917] REPORT
 INFO Loading project .
 INFO Generating report for 7068 units (using 8 threads)
 INFO Report generated in 0.191s
 INFO Writing to build/GEDE01/report.json
[914/917] LINK build/GEDE01/main.elf
### mwldeppc.exe Linker Warning:
#   Section '.ignored' is unknown. Section ignored.
### mwldeppc.exe Linker Warning:
#   Section '.ignored' is unknown. Section ignored.
### mwldeppc.exe Linker Warning:
#   Section '.ignored' is unknown. Section ignored.
### mwldeppc.exe Linker Warning:
#   Section '.ignored' is unknown. Section ignored.
### mwldeppc.exe Linker Warning:
#   Section '.ignored' is unknown. Section ignored.
### mwldeppc.exe Linker Warning:
#   Section '.ignored' is unknown. Section ignored.
### mwldeppc.exe Linker Warning:
#   Section '.ignored' is unknown. Section ignored.
### mwldeppc.exe Linker Warning:
#   Section '.ignored' is unknown. Section ignored.
### mwldeppc.exe Linker Warning:
#   Section '.ignored' is unknown. Section ignored.
### mwldeppc.exe Linker Warning:
#   Section '.ignored' is unknown. Section ignored.
### mwldeppc.exe Linker Warning:
#   Section '.ignored' is unknown. Section ignored.
### mwldeppc.exe Linker Warning:
#   Section '.ignored' is unknown. Section ignored.
### mwldeppc.exe Linker Warning:
#   Section '.ignored' is unknown. Section ignored.
### mwldeppc.exe Linker Warning:
#   Section '.ignored' is unknown. Section ignored.
### mwldeppc.exe Linker Warning:
#   Section '.ignored' is unknown. Section ignored.
### mwldeppc.exe Linker Warning:
#   Section '.ignored' is unknown. Section ignored.
### mwldeppc.exe Linker Warning:
#   Section '.ignored' is unknown. Section ignored.
### mwldeppc.exe Linker Warning:
#   Section '.ignored' is unknown. Section ignored.
### mwldeppc.exe Linker Warning:
#   Section '.ignored' is unknown. Section ignored.
### mwldeppc.exe Linker Warning:
#   Section '.ignored' is unknown. Section ignored.
### mwldeppc.exe Linker Warning:
#   Section '.ignored' is unknown. Section ignored.
### mwldeppc.exe Linker Warning:
#   Section '.ignored' is unknown. Section ignored.
### mwldeppc.exe Linker Warning:
#   Section '.ignored' is unknown. Section ignored.
### mwldeppc.exe Linker Warning:
#   Section '.ignored' is unknown. Section ignored.
### mwldeppc.exe Linker Warning:
#   Section '.ignored' is unknown. Section ignored.
### mwldeppc.exe Linker Warning:
#   Section '.ignored' is unknown. Section ignored.
### mwldeppc.exe Linker Warning:
#   Section '.ignored' is unknown. Section ignored.
### mwldeppc.exe Linker Warning:
#   Section '.ignored' is unknown. Section ignored.
### mwldeppc.exe Linker Warning:
#   Section '.ignored' is unknown. Section ignored.
### mwldeppc.exe Linker Warning:
#   Section '.ignored' is unknown. Section ignored.
### mwldeppc.exe Linker Warning:
#   Section '.ignored' is unknown. Section ignored.
### mwldeppc.exe Linker Warning:
#   Section '.ignored' is unknown. Section ignored.
### mwldeppc.exe Linker Warning:
#   Section '.ignored' is unknown. Section ignored.
### mwldeppc.exe Linker Warning:
#   Section '.ignored' is unknown. Section ignored.
### mwldeppc.exe Linker Warning:
#   Section '.ignored' is unknown. Section ignored.
### mwldeppc.exe Linker Warning:
#   Section '.ignored' is unknown. Section ignored.
### mwldeppc.exe Linker Warning:
#   Section '.ignored' is unknown. Section ignored.
### mwldeppc.exe Linker Warning:
#   Section '.ignored' is unknown. Section ignored.
### mwldeppc.exe Linker Warning:
#   Section '.ignored' is unknown. Section ignored.
### mwldeppc.exe Linker Warning:
#   Section '.ignored' is unknown. Section ignored.
### mwldeppc.exe Linker Warning:
#   Section '.ignored' is unknown. Section ignored.
### mwldeppc.exe Linker Warning:
#   Section '.ignored' is unknown. Section ignored.
### mwldeppc.exe Linker Warning:
#   Section '.ignored' is unknown. Section ignored.
### mwldeppc.exe Linker Warning:
#   Section '.ignored' is unknown. Section ignored.
### mwldeppc.exe Linker Warning:
#   Section '.ignored' is unknown. Section ignored.
### mwldeppc.exe Linker Warning:
#   Section '.ignored' is unknown. Section ignored.
### mwldeppc.exe Linker Warning:
#   Section '.ignored' is unknown. Section ignored.
### mwldeppc.exe Linker Warning:
#   Section '.ignored' is unknown. Section ignored.
### mwldeppc.exe Linker Warning:
#   Section '.ignored' is unknown. Section ignored.
### mwldeppc.exe Linker Warning:
#   Section '.ignored' is unknown. Section ignored.
### mwldeppc.exe Linker Warning:
#   Section '.ignored' is unknown. Section ignored.
### mwldeppc.exe Linker Warning:
#   Section '.ignored' is unknown. Section ignored.
### mwldeppc.exe Linker Warning:
#   Section '.ignored' is unknown. Section ignored.
### mwldeppc.exe Linker Warning:
#   Section '.ignored' is unknown. Section ignored.
### mwldeppc.exe Linker Warning:
#   Section '.ignored' is unknown. Section ignored.
### mwldeppc.exe Linker Warning:
#   Section '.ignored' is unknown. Section ignored.
### mwldeppc.exe Linker Warning:
#   Section '.ignored' is unknown. Section ignored.
### mwldeppc.exe Linker Warning:
#   Section '.ignored' is unknown. Section ignored.
### mwldeppc.exe Linker Warning:
#   Section '.ignored' is unknown. Section ignored.
### mwldeppc.exe Linker Warning:
#   Section '.ignored' is unknown. Section ignored.
### mwldeppc.exe Linker Warning:
#   Section '.ignored' is unknown. Section ignored.
### mwldeppc.exe Linker Warning:
#   Section '.ignored' is unknown. Section ignored.
### mwldeppc.exe Linker Warning:
#   Section '.ignored' is unknown. Section ignored.
### mwldeppc.exe Linker Warning:
#   Section '.ignored' is unknown. Section ignored.
### mwldeppc.exe Linker Warning:
#   Section '.ignored' is unknown. Section ignored.
### mwldeppc.exe Linker Warning:
#   Section '.ignored' is unknown. Section ignored.
### mwldeppc.exe Linker Warning:
#   Section '.ignored' is unknown. Section ignored.
### mwldeppc.exe Linker Warning:
#   Section '.ignored' is unknown. Section ignored.
### mwldeppc.exe Linker Warning:
#   Section '.ignored' is unknown. Section ignored.
### mwldeppc.exe Linker Warning:
#   Section '.ignored' is unknown. Section ignored.
### mwldeppc.exe Linker Warning:
#   Section '.ignored' is unknown. Section ignored.
### mwldeppc.exe Linker Warning:
#   Section '.ignored' is unknown. Section ignored.
### mwldeppc.exe Linker Warning:
#   Section '.ignored' is unknown. Section ignored.
### mwldeppc.exe Linker Warning:
#   Section '.ignored' is unknown. Section ignored.
### mwldeppc.exe Linker Warning:
#   Section '.ignored' is unknown. Section ignored.
### mwldeppc.exe Linker Warning:
#   Section '.ignored' is unknown. Section ignored.
### mwldeppc.exe Linker Warning:
#   Section '.ignored' is unknown. Section ignored.
### mwldeppc.exe Linker Warning:
#   Section '.ignored' is unknown. Section ignored.
### mwldeppc.exe Linker Warning:
#   Section '.ignored' is unknown. Section ignored.
### mwldeppc.exe Linker Warning:
#   Section '.ignored' is unknown. Section ignored.
### mwldeppc.exe Linker Warning:
#   Section '.ignored' is unknown. Section ignored.
### mwldeppc.exe Linker Warning:
#   Section '.ignored' is unknown. Section ignored.
### mwldeppc.exe Linker Warning:
#   Section '.ignored' is unknown. Section ignored.
### mwldeppc.exe Linker Warning:
#   Section '.ignored' is unknown. Section ignored.
### mwldeppc.exe Linker Warning:
#   Section '.ignored' is unknown. Section ignored.
### mwldeppc.exe Linker Warning:
#   Section '.ignored' is unknown. Section ignored.
### mwldeppc.exe Linker Warning:
#   Section '.ignored' is unknown. Section ignored.
### mwldeppc.exe Linker Warning:
#   Section '.ignored' is unknown. Section ignored.
### mwldeppc.exe Linker Warning:
#   Section '.ignored' is unknown. Section ignored.
### mwldeppc.exe Linker Warning:
#   Section '.ignored' is unknown. Section ignored.
### mwldeppc.exe Linker Warning:
#   Section '.ignored' is unknown. Section ignored.
### mwldeppc.exe Linker Warning:
#   Section '.ignored' is unknown. Section ignored.
### mwldeppc.exe Linker Warning:
#   Section '.ignored' is unknown. Section ignored.
### mwldeppc.exe Linker Warning:
#   Section '.ignored' is unknown. Section ignored.
### mwldeppc.exe Linker Warning:
#   Section '.ignored' is unknown. Section ignored.
### mwldeppc.exe Linker Warning:
#   Section '.ignored' is unknown. Section ignored.
### mwldeppc.exe Linker Warning:
#   Section '.ignored' is unknown. Section ignored.
### mwldeppc.exe Linker Warning:
#   Section '.ignored' is unknown. Section ignored.
### mwldeppc.exe Linker Warning:
#   Section '.ignored' is unknown. Section ignored.
### mwldeppc.exe Linker Warning:
#   Section '.ignored' is unknown. Section ignored.
### mwldeppc.exe Linker Warning:
#   Section '.ignored' is unknown. Section ignored.
### mwldeppc.exe Linker Warning:
#   Section '.ignored' is unknown. Section ignored.
### mwldeppc.exe Linker Warning:
#   Section '.ignored' is unknown. Section ignored.
### mwldeppc.exe Linker Warning:
#   Section '.ignored' is unknown. Section ignored.
### mwldeppc.exe Linker Warning:
#   Section '.ignored' is unknown. Section ignored.
### mwldeppc.exe Linker Warning:
#   Section '.ignored' is unknown. Section ignored.
### mwldeppc.exe Linker Warning:
#   Section '.ignored' is unknown. Section ignored.
### mwldeppc.exe Linker Warning:
#   Section '.ignored' is unknown. Section ignored.
### mwldeppc.exe Linker Warning:
#   Section '.ignored' is unknown. Section ignored.
### mwldeppc.exe Linker Warning:
#   Section '.ignored' is unknown. Section ignored.
### mwldeppc.exe Linker Warning:
#   Section '.ignored' is unknown. Section ignored.
### mwldeppc.exe Linker Warning:
#   Section '.ignored' is unknown. Section ignored.
### mwldeppc.exe Linker Warning:
#   Section '.ignored' is unknown. Section ignored.
### mwldeppc.exe Linker Warning:
#   Section '.ignored' is unknown. Section ignored.
### mwldeppc.exe Linker Warning:
#   Section '.ignored' is unknown. Section ignored.
### mwldeppc.exe Linker Warning:
#   Section '.ignored' is unknown. Section ignored.
### mwldeppc.exe Linker Warning:
#   Section '.ignored' is unknown. Section ignored.
### mwldeppc.exe Linker Warning:
#   Section '.ignored' is unknown. Section ignored.
### mwldeppc.exe Linker Warning:
#   Section '.ignored' is unknown. Section ignored.
### mwldeppc.exe Linker Warning:
#   Section '.ignored' is unknown. Section ignored.
### mwldeppc.exe Linker Warning:
#   Section '.ignored' is unknown. Section ignored.
### mwldeppc.exe Linker Warning:
#   Section '.ignored' is unknown. Section ignored.
### mwldeppc.exe Linker Warning:
#   Section '.ignored' is unknown. Section ignored.
### mwldeppc.exe Linker Warning:
#   Section '.ignored' is unknown. Section ignored.
### mwldeppc.exe Linker Warning:
#   Section '.ignored' is unknown. Section ignored.
### mwldeppc.exe Linker Warning:
#   Section '.ignored' is unknown. Section ignored.
### mwldeppc.exe Linker Warning:
#   Section '.ignored' is unknown. Section ignored.
### mwldeppc.exe Linker Warning:
#   Section '.ignored' is unknown. Section ignored.
### mwldeppc.exe Linker Warning:
#   Section '.ignored' is unknown. Section ignored.
### mwldeppc.exe Linker Warning:
#   Section '.ignored' is unknown. Section ignored.
### mwldeppc.exe Linker Warning:
#   Section '.ignored' is unknown. Section ignored.
### mwldeppc.exe Linker Warning:
#   Section '.ignored' is unknown. Section ignored.
### mwldeppc.exe Linker Warning:
#   Section '.ignored' is unknown. Section ignored.
### mwldeppc.exe Linker Warning:
#   Section '.ignored' is unknown. Section ignored.
### mwldeppc.exe Linker Warning:
#   Section '.ignored' is unknown. Section ignored.
### mwldeppc.exe Linker Warning:
#   Section '.ignored' is unknown. Section ignored.
### mwldeppc.exe Linker Warning:
#   Section '.ignored' is unknown. Section ignored.
### mwldeppc.exe Linker Warning:
#   Section '.ignored' is unknown. Section ignored.
### mwldeppc.exe Linker Warning:
#   Section '.ignored' is unknown. Section ignored.
### mwldeppc.exe Linker Warning:
#   Section '.ignored' is unknown. Section ignored.
### mwldeppc.exe Linker Warning:
#   Section '.ignored' is unknown. Section ignored.
### mwldeppc.exe Linker Warning:
#   Section '.ignored' is unknown. Section ignored.
### mwldeppc.exe Linker Warning:
#   Section '.ignored' is unknown. Section ignored.
### mwldeppc.exe Linker Warning:
#   Section '.ignored' is unknown. Section ignored.
### mwldeppc.exe Linker Warning:
#   Section '.ignored' is unknown. Section ignored.
### mwldeppc.exe Linker Warning:
#   Section '.ignored' is unknown. Section ignored.
### mwldeppc.exe Linker Warning:
#   Section '.ignored' is unknown. Section ignored.
### mwldeppc.exe Linker Warning:
#   Section '.ignored' is unknown. Section ignored.
### mwldeppc.exe Linker Warning:
#   Section '.ignored' is unknown. Section ignored.
### mwldeppc.exe Linker Warning:
#   Section '.ignored' is unknown. Section ignored.
### mwldeppc.exe Linker Warning:
#   Section '.ignored' is unknown. Section ignored.
### mwldeppc.exe Linker Warning:
#   Section '.ignored' is unknown. Section ignored.
### mwldeppc.exe Linker Warning:
#   Section '.ignored' is unknown. Section ignored.
### mwldeppc.exe Linker Warning:
#   Section '.ignored' is unknown. Section ignored.
### mwldeppc.exe Linker Warning:
#   Section '.ignored' is unknown. Section ignored.
### mwldeppc.exe Linker Warning:
#   Section '.ignored' is unknown. Section ignored.
### mwldeppc.exe Linker Warning:
#   Section '.ignored' is unknown. Section ignored.
### mwldeppc.exe Linker Warning:
#   Section '.ignored' is unknown. Section ignored.
### mwldeppc.exe Linker Warning:
#   Section '.ignored' is unknown. Section ignored.
### mwldeppc.exe Linker Warning:
#   Section '.ignored' is unknown. Section ignored.
### mwldeppc.exe Linker Warning:
#   Section '.ignored' is unknown. Section ignored.
### mwldeppc.exe Linker Warning:
#   Section '.ignored' is unknown. Section ignored.
### mwldeppc.exe Linker Warning:
#   Section '.ignored' is unknown. Section ignored.
### mwldeppc.exe Linker Warning:
#   Section '.ignored' is unknown. Section ignored.
### mwldeppc.exe Linker Warning:
#   Section '.ignored' is unknown. Section ignored.
### mwldeppc.exe Linker Warning:
#   Section '.ignored' is unknown. Section ignored.
### mwldeppc.exe Linker Warning:
#   Section '.ignored' is unknown. Section ignored.
### mwldeppc.exe Linker Warning:
#   Section '.ignored' is unknown. Section ignored.
### mwldeppc.exe Linker Warning:
#   Section '.ignored' is unknown. Section ignored.
### mwldeppc.exe Linker Warning:
#   Section '.ignored' is unknown. Section ignored.
### mwldeppc.exe Linker Warning:
#   Section '.ignored' is unknown. Section ignored.
### mwldeppc.exe Linker Warning:
#   Section '.ignored' is unknown. Section ignored.
### mwldeppc.exe Linker Warning:
#   Section '.ignored' is unknown. Section ignored.
### mwldeppc.exe Linker Warning:
#   Section '.ignored' is unknown. Section ignored.
### mwldeppc.exe Linker Warning:
#   Section '.ignored' is unknown. Section ignored.
### mwldeppc.exe Linker Warning:
#   Section '.ignored' is unknown. Section ignored.
### mwldeppc.exe Linker Warning:
#   Section '.ignored' is unknown. Section ignored.
### mwldeppc.exe Linker Warning:
#   Section '.ignored' is unknown. Section ignored.
### mwldeppc.exe Linker Warning:
#   Section '.ignored' is unknown. Section ignored.
### mwldeppc.exe Linker Warning:
#   Section '.ignored' is unknown. Section ignored.
### mwldeppc.exe Linker Warning:
#   Section '.ignored' is unknown. Section ignored.
### mwldeppc.exe Linker Warning:
#   Section '.ignored' is unknown. Section ignored.
### mwldeppc.exe Linker Warning:
#   Section '.ignored' is unknown. Section ignored.
### mwldeppc.exe Linker Warning:
#   Section '.ignored' is unknown. Section ignored.
### mwldeppc.exe Linker Warning:
#   Section '.ignored' is unknown. Section ignored.
### mwldeppc.exe Linker Warning:
#   Section '.ignored' is unknown. Section ignored.
### mwldeppc.exe Linker Warning:
#   Section '.ignored' is unknown. Section ignored.
### mwldeppc.exe Linker Warning:
#   Section '.ignored' is unknown. Section ignored.
### mwldeppc.exe Linker Warning:
#   Section '.ignored' is unknown. Section ignored.
### mwldeppc.exe Linker Warning:
#   Section '.ignored' is unknown. Section ignored.
### mwldeppc.exe Linker Warning:
#   Section '.ignored' is unknown. Section ignored.
### mwldeppc.exe Linker Warning:
#   Section '.ignored' is unknown. Section ignored.
### mwldeppc.exe Linker Warning:
#   Section '.ignored' is unknown. Section ignored.
### mwldeppc.exe Linker Warning:
#   Section '.ignored' is unknown. Section ignored.
### mwldeppc.exe Linker Warning:
#   Section '.ignored' is unknown. Section ignored.
### mwldeppc.exe Linker Warning:
#   Section '.ignored' is unknown. Section ignored.
### mwldeppc.exe Linker Warning:
#   Section '.ignored' is unknown. Section ignored.
### mwldeppc.exe Linker Warning:
#   Section '.ignored' is unknown. Section ignored.
### mwldeppc.exe Linker Warning:
#   Section '.ignored' is unknown. Section ignored.
### mwldeppc.exe Linker Warning:
#   Section '.ignored' is unknown. Section ignored.
### mwldeppc.exe Linker Warning:
#   Section '.ignored' is unknown. Section ignored.
### mwldeppc.exe Linker Warning:
#   Section '.ignored' is unknown. Section ignored.
### mwldeppc.exe Linker Warning:
#   Section '.ignored' is unknown. Section ignored.
### mwldeppc.exe Linker Warning:
#   Section '.ignored' is unknown. Section ignored.
### mwldeppc.exe Linker Warning:
#   Section '.ignored' is unknown. Section ignored.
### mwldeppc.exe Linker Warning:
#   Section '.ignored' is unknown. Section ignored.
### mwldeppc.exe Linker Warning:
#   Section '.ignored' is unknown. Section ignored.
### mwldeppc.exe Linker Warning:
#   Section '.ignored' is unknown. Section ignored.
### mwldeppc.exe Linker Warning:
#   Section '.ignored' is unknown. Section ignored.
### mwldeppc.exe Linker Warning:
#   Section '.ignored' is unknown. Section ignored.
### mwldeppc.exe Linker Warning:
#   Section '.ignored' is unknown. Section ignored.
### mwldeppc.exe Linker Warning:
#   Section '.ignored' is unknown. Section ignored.
### mwldeppc.exe Linker Warning:
#   Section '.ignored' is unknown. Section ignored.
### mwldeppc.exe Linker Warning:
#   Section '.ignored' is unknown. Section ignored.
### mwldeppc.exe Linker Warning:
#   Section '.ignored' is unknown. Section ignored.
### mwldeppc.exe Linker Warning:
#   Section '.ignored' is unknown. Section ignored.
### mwldeppc.exe Linker Warning:
#   Section '.ignored' is unknown. Section ignored.
### mwldeppc.exe Linker Warning:
#   Section '.ignored' is unknown. Section ignored.
### mwldeppc.exe Linker Warning:
#   Section '.ignored' is unknown. Section ignored.
### mwldeppc.exe Linker Warning:
#   Section '.ignored' is unknown. Section ignored.
### mwldeppc.exe Linker Warning:
#   Section '.ignored' is unknown. Section ignored.
### mwldeppc.exe Linker Warning:
#   Section '.ignored' is unknown. Section ignored.
### mwldeppc.exe Linker Warning:
#   Section '.ignored' is unknown. Section ignored.
### mwldeppc.exe Linker Warning:
#   Section '.ignored' is unknown. Section ignored.
### mwldeppc.exe Linker Warning:
#   Section '.ignored' is unknown. Section ignored.
### mwldeppc.exe Linker Warning:
#   Section '.ignored' is unknown. Section ignored.
### mwldeppc.exe Linker Warning:
#   Section '.ignored' is unknown. Section ignored.
### mwldeppc.exe Linker Warning:
#   Section '.ignored' is unknown. Section ignored.
### mwldeppc.exe Linker Warning:
#   Section '.ignored' is unknown. Section ignored.
### mwldeppc.exe Linker Warning:
#   Section '.ignored' is unknown. Section ignored.
### mwldeppc.exe Linker Warning:
#   Section '.ignored' is unknown. Section ignored.
### mwldeppc.exe Linker Warning:
#   Section '.ignored' is unknown. Section ignored.
### mwldeppc.exe Linker Warning:
#   Section '.ignored' is unknown. Section ignored.
### mwldeppc.exe Linker Warning:
#   Section '.ignored' is unknown. Section ignored.
### mwldeppc.exe Linker Warning:
#   Section '.ignored' is unknown. Section ignored.
### mwldeppc.exe Linker Warning:
#   Section '.ignored' is unknown. Section ignored.
### mwldeppc.exe Linker Warning:
#   Section '.ignored' is unknown. Section ignored.
### mwldeppc.exe Linker Warning:
#   Section '.ignored' is unknown. Section ignored.
### mwldeppc.exe Linker Warning:
#   Section '.ignored' is unknown. Section ignored.
### mwldeppc.exe Linker Warning:
#   Section '.ignored' is unknown. Section ignored.
### mwldeppc.exe Linker Warning:
#   Section '.ignored' is unknown. Section ignored.
### mwldeppc.exe Linker Warning:
#   Section '.ignored' is unknown. Section ignored.
### mwldeppc.exe Linker Warning:
#   Section '.ignored' is unknown. Section ignored.
### mwldeppc.exe Linker Warning:
#   Section '.ignored' is unknown. Section ignored.
### mwldeppc.exe Linker Warning:
#   Section '.ignored' is unknown. Section ignored.
### mwldeppc.exe Linker Warning:
#   Section '.ignored' is unknown. Section ignored.
### mwldeppc.exe Linker Warning:
#   Section '.ignored' is unknown. Section ignored.
### mwldeppc.exe Linker Warning:
#   Section '.ignored' is unknown. Section ignored.
### mwldeppc.exe Linker Warning:
#   Section '.ignored' is unknown. Section ignored.
### mwldeppc.exe Linker Warning:
#   Section '.ignored' is unknown. Section ignored.
### mwldeppc.exe Linker Warning:
#   Section '.ignored' is unknown. Section ignored.
### mwldeppc.exe Linker Warning:
#   Section '.ignored' is unknown. Section ignored.
### mwldeppc.exe Linker Warning:
#   Section '.ignored' is unknown. Section ignored.
### mwldeppc.exe Linker Warning:
#   Section '.ignored' is unknown. Section ignored.
### mwldeppc.exe Linker Warning:
#   Section '.ignored' is unknown. Section ignored.
### mwldeppc.exe Linker Warning:
#   Section '.ignored' is unknown. Section ignored.
### mwldeppc.exe Linker Warning:
#   Section '.ignored' is unknown. Section ignored.
### mwldeppc.exe Linker Warning:
#   Section '.ignored' is unknown. Section ignored.
### mwldeppc.exe Linker Warning:
#   Section '.ignored' is unknown. Section ignored.
### mwldeppc.exe Linker Warning:
#   Section '.ignored' is unknown. Section ignored.
### mwldeppc.exe Linker Warning:
#   Section '.ignored' is unknown. Section ignored.
### mwldeppc.exe Linker Warning:
#   Section '.ignored' is unknown. Section ignored.
### mwldeppc.exe Linker Warning:
#   Section '.ignored' is unknown. Section ignored.
### mwldeppc.exe Linker Warning:
#   Section '.ignored' is unknown. Section ignored.
### mwldeppc.exe Linker Warning:
#   Section '.ignored' is unknown. Section ignored.
### mwldeppc.exe Linker Warning:
#   Section '.ignored' is unknown. Section ignored.
### mwldeppc.exe Linker Warning:
#   Section '.ignored' is unknown. Section ignored.
### mwldeppc.exe Linker Warning:
#   Section '.ignored' is unknown. Section ignored.
### mwldeppc.exe Linker Warning:
#   Section '.ignored' is unknown. Section ignored.
### mwldeppc.exe Linker Warning:
#   Section '.ignored' is unknown. Section ignored.
### mwldeppc.exe Linker Warning:
#   Section '.ignored' is unknown. Section ignored.
### mwldeppc.exe Linker Warning:
#   Section '.ignored' is unknown. Section ignored.
### mwldeppc.exe Linker Warning:
#   Section '.ignored' is unknown. Section ignored.
### mwldeppc.exe Linker Warning:
#   Section '.ignored' is unknown. Section ignored.
### mwldeppc.exe Linker Warning:
#   Section '.ignored' is unknown. Section ignored.
### mwldeppc.exe Linker Warning:
#   Section '.ignored' is unknown. Section ignored.
### mwldeppc.exe Linker Warning:
#   Section '.ignored' is unknown. Section ignored.
### mwldeppc.exe Linker Warning:
#   Section '.ignored' is unknown. Section ignored.
### mwldeppc.exe Linker Warning:
#   Section '.ignored' is unknown. Section ignored.
### mwldeppc.exe Linker Warning:
#   Section '.ignored' is unknown. Section ignored.
### mwldeppc.exe Linker Warning:
#   Section '.ignored' is unknown. Section ignored.
### mwldeppc.exe Linker Warning:
#   Section '.ignored' is unknown. Section ignored.
### mwldeppc.exe Linker Warning:
#   Section '.ignored' is unknown. Section ignored.
### mwldeppc.exe Linker Warning:
#   Section '.ignored' is unknown. Section ignored.
### mwldeppc.exe Linker Warning:
#   Section '.ignored' is unknown. Section ignored.
### mwldeppc.exe Linker Warning:
#   Section '.ignored' is unknown. Section ignored.
### mwldeppc.exe Linker Warning:
#   Section '.ignored' is unknown. Section ignored.
### mwldeppc.exe Linker Warning:
#   Section '.ignored' is unknown. Section ignored.
### mwldeppc.exe Linker Warning:
#   Section '.ignored' is unknown. Section ignored.
### mwldeppc.exe Linker Warning:
#   Section '.ignored' is unknown. Section ignored.
### mwldeppc.exe Linker Warning:
#   Section '.ignored' is unknown. Section ignored.
### mwldeppc.exe Linker Warning:
#   Section '.ignored' is unknown. Section ignored.
### mwldeppc.exe Linker Warning:
#   Section '.ignored' is unknown. Section ignored.
### mwldeppc.exe Linker Warning:
#   Section '.ignored' is unknown. Section ignored.
### mwldeppc.exe Linker Warning:
#   Section '.ignored' is unknown. Section ignored.
### mwldeppc.exe Linker Warning:
#   Section '.ignored' is unknown. Section ignored.
### mwldeppc.exe Linker Warning:
#   Section '.ignored' is unknown. Section ignored.
### mwldeppc.exe Linker Warning:
#   Section '.ignored' is unknown. Section ignored.
### mwldeppc.exe Linker Warning:
#   Section '.ignored' is unknown. Section ignored.
### mwldeppc.exe Linker Warning:
#   Section '.ignored' is unknown. Section ignored.
### mwldeppc.exe Linker Warning:
#   Section '.ignored' is unknown. Section ignored.
### mwldeppc.exe Linker Warning:
#   Section '.ignored' is unknown. Section ignored.
### mwldeppc.exe Linker Warning:
#   Section '.ignored' is unknown. Section ignored.
### mwldeppc.exe Linker Warning:
#   Section '.ignored' is unknown. Section ignored.
### mwldeppc.exe Linker Warning:
#   Section '.ignored' is unknown. Section ignored.
### mwldeppc.exe Linker Warning:
#   Section '.ignored' is unknown. Section ignored.
### mwldeppc.exe Linker Warning:
#   Section '.ignored' is unknown. Section ignored.
### mwldeppc.exe Linker Warning:
#   Section '.ignored' is unknown. Section ignored.
### mwldeppc.exe Linker Warning:
#   Section '.ignored' is unknown. Section ignored.
### mwldeppc.exe Linker Warning:
#   Section '.ignored' is unknown. Section ignored.
### mwldeppc.exe Linker Warning:
#   Section '.ignored' is unknown. Section ignored.
### mwldeppc.exe Linker Warning:
#   Section '.ignored' is unknown. Section ignored.
### mwldeppc.exe Linker Warning:
#   Section '.ignored' is unknown. Section ignored.
### mwldeppc.exe Linker Warning:
#   Section '.ignored' is unknown. Section ignored.
### mwldeppc.exe Linker Warning:
#   Section '.ignored' is unknown. Section ignored.
### mwldeppc.exe Linker Warning:
#   Section '.ignored' is unknown. Section ignored.
### mwldeppc.exe Linker Warning:
#   Section '.ignored' is unknown. Section ignored.
### mwldeppc.exe Linker Warning:
#   Section '.ignored' is unknown. Section ignored.
### mwldeppc.exe Linker Warning:
#   Section '.ignored' is unknown. Section ignored.
### mwldeppc.exe Linker Warning:
#   Section '.ignored' is unknown. Section ignored.
### mwldeppc.exe Linker Warning:
#   Section '.ignored' is unknown. Section ignored.
### mwldeppc.exe Linker Warning:
#   Section '.ignored' is unknown. Section ignored.
### mwldeppc.exe Linker Warning:
#   Section '.ignored' is unknown. Section ignored.
### mwldeppc.exe Linker Warning:
#   Section '.ignored' is unknown. Section ignored.
### mwldeppc.exe Linker Warning:
#   Section '.ignored' is unknown. Section ignored.
### mwldeppc.exe Linker Warning:
#   Section '.ignored' is unknown. Section ignored.
### mwldeppc.exe Linker Warning:
#   Section '.ignored' is unknown. Section ignored.
### mwldeppc.exe Linker Warning:
#   Section '.ignored' is unknown. Section ignored.
### mwldeppc.exe Linker Warning:
#   Section '.ignored' is unknown. Section ignored.
### mwldeppc.exe Linker Warning:
#   Section '.ignored' is unknown. Section ignored.
### mwldeppc.exe Linker Warning:
#   Section '.ignored' is unknown. Section ignored.
### mwldeppc.exe Linker Warning:
#   Section '.ignored' is unknown. Section ignored.
### mwldeppc.exe Linker Warning:
#   Section '.ignored' is unknown. Section ignored.
### mwldeppc.exe Linker Warning:
#   Section '.ignored' is unknown. Section ignored.
### mwldeppc.exe Linker Warning:
#   Section '.ignored' is unknown. Section ignored.
### mwldeppc.exe Linker Warning:
#   Section '.ignored' is unknown. Section ignored.
### mwldeppc.exe Linker Warning:
#   Section '.ignored' is unknown. Section ignored.
### mwldeppc.exe Linker Warning:
#   Section '.ignored' is unknown. Section ignored.
### mwldeppc.exe Linker Warning:
#   Section '.ignored' is unknown. Section ignored.
### mwldeppc.exe Linker Warning:
#   Section '.ignored' is unknown. Section ignored.
### mwldeppc.exe Linker Warning:
#   Section '.ignored' is unknown. Section ignored.
### mwldeppc.exe Linker Warning:
#   Section '.ignored' is unknown. Section ignored.
### mwldeppc.exe Linker Warning:
#   Section '.ignored' is unknown. Section ignored.
### mwldeppc.exe Linker Warning:
#   Section '.ignored' is unknown. Section ignored.
### mwldeppc.exe Linker Warning:
#   Section '.ignored' is unknown. Section ignored.
### mwldeppc.exe Linker Warning:
#   Section '.ignored' is unknown. Section ignored.
### mwldeppc.exe Linker Warning:
#   Section '.ignored' is unknown. Section ignored.
### mwldeppc.exe Linker Warning:
#   Section '.ignored' is unknown. Section ignored.
### mwldeppc.exe Linker Warning:
#   Section '.ignored' is unknown. Section ignored.
### mwldeppc.exe Linker Warning:
#   Section '.ignored' is unknown. Section ignored.
### mwldeppc.exe Linker Warning:
#   Section '.ignored' is unknown. Section ignored.
### mwldeppc.exe Linker Warning:
#   Section '.ignored' is unknown. Section ignored.
### mwldeppc.exe Linker Warning:
#   Section '.ignored' is unknown. Section ignored.
### mwldeppc.exe Linker Warning:
#   Section '.ignored' is unknown. Section ignored.
### mwldeppc.exe Linker Warning:
#   Section '.ignored' is unknown. Section ignored.
### mwldeppc.exe Linker Warning:
#   Section '.ignored' is unknown. Section ignored.
### mwldeppc.exe Linker Warning:
#   Section '.ignored' is unknown. Section ignored.
### mwldeppc.exe Linker Warning:
#   Section '.ignored' is unknown. Section ignored.
### mwldeppc.exe Linker Warning:
#   Section '.ignored' is unknown. Section ignored.
### mwldeppc.exe Linker Warning:
#   Section '.ignored' is unknown. Section ignored.
### mwldeppc.exe Linker Warning:
#   Section '.ignored' is unknown. Section ignored.
### mwldeppc.exe Linker Warning:
#   Section '.ignored' is unknown. Section ignored.
### mwldeppc.exe Linker Warning:
#   Section '.ignored' is unknown. Section ignored.
### mwldeppc.exe Linker Warning:
#   Section '.ignored' is unknown. Section ignored.
### mwldeppc.exe Linker Warning:
#   Section '.ignored' is unknown. Section ignored.
### mwldeppc.exe Linker Warning:
#   Section '.ignored' is unknown. Section ignored.
### mwldeppc.exe Linker Warning:
#   Section '.ignored' is unknown. Section ignored.
### mwldeppc.exe Linker Warning:
#   Section '.ignored' is unknown. Section ignored.
### mwldeppc.exe Linker Warning:
#   Section '.ignored' is unknown. Section ignored.
### mwldeppc.exe Linker Warning:
#   Section '.ignored' is unknown. Section ignored.
### mwldeppc.exe Linker Warning:
#   Section '.ignored' is unknown. Section ignored.
### mwldeppc.exe Linker Warning:
#   Section '.ignored' is unknown. Section ignored.
### mwldeppc.exe Linker Warning:
#   Section '.ignored' is unknown. Section ignored.
### mwldeppc.exe Linker Warning:
#   Section '.ignored' is unknown. Section ignored.
### mwldeppc.exe Linker Warning:
#   Section '.ignored' is unknown. Section ignored.
### mwldeppc.exe Linker Warning:
#   Section '.ignored' is unknown. Section ignored.
### mwldeppc.exe Linker Warning:
#   Section '.ignored' is unknown. Section ignored.
### mwldeppc.exe Linker Warning:
#   Section '.ignored' is unknown. Section ignored.
### mwldeppc.exe Linker Warning:
#   Section '.ignored' is unknown. Section ignored.
### mwldeppc.exe Linker Warning:
#   Section '.ignored' is unknown. Section ignored.
### mwldeppc.exe Linker Warning:
#   Section '.ignored' is unknown. Section ignored.
### mwldeppc.exe Linker Warning:
#   Section '.ignored' is unknown. Section ignored.
### mwldeppc.exe Linker Warning:
#   Section '.ignored' is unknown. Section ignored.
### mwldeppc.exe Linker Warning:
#   Section '.ignored' is unknown. Section ignored.
### mwldeppc.exe Linker Warning:
#   Section '.ignored' is unknown. Section ignored.
### mwldeppc.exe Linker Warning:
#   Section '.ignored' is unknown. Section ignored.
### mwldeppc.exe Linker Warning:
#   Section '.ignored' is unknown. Section ignored.
### mwldeppc.exe Linker Warning:
#   Section '.ignored' is unknown. Section ignored.
### mwldeppc.exe Linker Warning:
#   Section '.ignored' is unknown. Section ignored.
### mwldeppc.exe Linker Warning:
#   Section '.ignored' is unknown. Section ignored.
### mwldeppc.exe Linker Warning:
#   Section '.ignored' is unknown. Section ignored.
### mwldeppc.exe Linker Warning:
#   Section '.ignored' is unknown. Section ignored.
### mwldeppc.exe Linker Warning:
#   Section '.ignored' is unknown. Section ignored.
### mwldeppc.exe Linker Warning:
#   Section '.ignored' is unknown. Section ignored.
### mwldeppc.exe Linker Warning:
#   Section '.ignored' is unknown. Section ignored.
### mwldeppc.exe Linker Warning:
#   Section '.ignored' is unknown. Section ignored.
### mwldeppc.exe Linker Warning:
#   Section '.ignored' is unknown. Section ignored.
### mwldeppc.exe Linker Warning:
#   Section '.ignored' is unknown. Section ignored.
### mwldeppc.exe Linker Warning:
#   Section '.ignored' is unknown. Section ignored.
### mwldeppc.exe Linker Warning:
#   Section '.ignored' is unknown. Section ignored.
### mwldeppc.exe Linker Warning:
#   Section '.ignored' is unknown. Section ignored.
### mwldeppc.exe Linker Warning:
#   Section '.ignored' is unknown. Section ignored.
### mwldeppc.exe Linker Warning:
#   Section '.ignored' is unknown. Section ignored.
### mwldeppc.exe Linker Warning:
#   Section '.ignored' is unknown. Section ignored.
### mwldeppc.exe Linker Warning:
#   Section '.ignored' is unknown. Section ignored.
### mwldeppc.exe Linker Warning:
#   Section '.ignored' is unknown. Section ignored.
### mwldeppc.exe Linker Warning:
#   Section '.ignored' is unknown. Section ignored.
### mwldeppc.exe Linker Warning:
#   Section '.ignored' is unknown. Section ignored.
### mwldeppc.exe Linker Warning:
#   Section '.ignored' is unknown. Section ignored.
### mwldeppc.exe Linker Warning:
#   Section '.ignored' is unknown. Section ignored.
### mwldeppc.exe Linker Warning:
#   Section '.ignored' is unknown. Section ignored.
### mwldeppc.exe Linker Warning:
#   Section '.ignored' is unknown. Section ignored.
### mwldeppc.exe Linker Warning:
#   Section '.ignored' is unknown. Section ignored.
### mwldeppc.exe Linker Warning:
#   Section '.ignored' is unknown. Section ignored.
### mwldeppc.exe Linker Warning:
#   Section '.ignored' is unknown. Section ignored.
### mwldeppc.exe Linker Warning:
#   Section '.ignored' is unknown. Section ignored.
### mwldeppc.exe Linker Warning:
#   Section '.ignored' is unknown. Section ignored.
### mwldeppc.exe Linker Warning:
#   Section '.ignored' is unknown. Section ignored.
### mwldeppc.exe Linker Warning:
#   Section '.ignored' is unknown. Section ignored.
### mwldeppc.exe Linker Warning:
#   Section '.ignored' is unknown. Section ignored.
### mwldeppc.exe Linker Warning:
#   Section '.ignored' is unknown. Section ignored.
### mwldeppc.exe Linker Warning:
#   Section '.ignored' is unknown. Section ignored.
### mwldeppc.exe Linker Warning:
#   Section '.ignored' is unknown. Section ignored.
### mwldeppc.exe Linker Warning:
#   Section '.ignored' is unknown. Section ignored.
### mwldeppc.exe Linker Warning:
#   Section '.ignored' is unknown. Section ignored.
### mwldeppc.exe Linker Warning:
#   Section '.ignored' is unknown. Section ignored.
### mwldeppc.exe Linker Warning:
#   Section '.ignored' is unknown. Section ignored.
### mwldeppc.exe Linker Warning:
#   Section '.ignored' is unknown. Section ignored.
### mwldeppc.exe Linker Warning:
#   Section '.ignored' is unknown. Section ignored.
### mwldeppc.exe Linker Warning:
#   Section '.ignored' is unknown. Section ignored.
### mwldeppc.exe Linker Warning:
#   Section '.ignored' is unknown. Section ignored.
### mwldeppc.exe Linker Warning:
#   Section '.ignored' is unknown. Section ignored.
### mwldeppc.exe Linker Warning:
#   Section '.ignored' is unknown. Section ignored.
### mwldeppc.exe Linker Warning:
#   Section '.ignored' is unknown. Section ignored.
### mwldeppc.exe Linker Warning:
#   Section '.ignored' is unknown. Section ignored.
### mwldeppc.exe Linker Warning:
#   Section '.ignored' is unknown. Section ignored.
### mwldeppc.exe Linker Warning:
#   Section '.ignored' is unknown. Section ignored.
### mwldeppc.exe Linker Warning:
#   Section '.ignored' is unknown. Section ignored.
### mwldeppc.exe Linker Warning:
#   Section '.ignored' is unknown. Section ignored.
### mwldeppc.exe Linker Warning:
#   Section '.ignored' is unknown. Section ignored.
### mwldeppc.exe Linker Warning:
#   Section '.ignored' is unknown. Section ignored.
### mwldeppc.exe Linker Warning:
#   Section '.ignored' is unknown. Section ignored.
### mwldeppc.exe Linker Warning:
#   Section '.ignored' is unknown. Section ignored.
### mwldeppc.exe Linker Warning:
#   Section '.ignored' is unknown. Section ignored.
### mwldeppc.exe Linker Warning:
#   Section '.ignored' is unknown. Section ignored.
### mwldeppc.exe Linker Warning:
#   Section '.ignored' is unknown. Section ignored.
### mwldeppc.exe Linker Warning:
#   Section '.ignored' is unknown. Section ignored.
### mwldeppc.exe Linker Warning:
#   Section '.ignored' is unknown. Section ignored.
### mwldeppc.exe Linker Warning:
#   Section '.ignored' is unknown. Section ignored.
### mwldeppc.exe Linker Warning:
#   Section '.ignored' is unknown. Section ignored.
### mwldeppc.exe Linker Warning:
#   Section '.ignored' is unknown. Section ignored.
### mwldeppc.exe Linker Warning:
#   Section '.ignored' is unknown. Section ignored.
### mwldeppc.exe Linker Warning:
#   Section '.ignored' is unknown. Section ignored.
### mwldeppc.exe Linker Warning:
#   Section '.ignored' is unknown. Section ignored.
### mwldeppc.exe Linker Warning:
#   Section '.ignored' is unknown. Section ignored.
### mwldeppc.exe Linker Warning:
#   Section '.ignored' is unknown. Section ignored.
### mwldeppc.exe Linker Warning:
#   Section '.ignored' is unknown. Section ignored.
### mwldeppc.exe Linker Warning:
#   Section '.ignored' is unknown. Section ignored.
### mwldeppc.exe Linker Warning:
#   Section '.ignored' is unknown. Section ignored.
### mwldeppc.exe Linker Warning:
#   Section '.ignored' is unknown. Section ignored.
### mwldeppc.exe Linker Warning:
#   Section '.ignored' is unknown. Section ignored.
### mwldeppc.exe Linker Warning:
#   Section '.ignored' is unknown. Section ignored.
### mwldeppc.exe Linker Warning:
#   Section '.ignored' is unknown. Section ignored.
### mwldeppc.exe Linker Warning:
#   Section '.ignored' is unknown. Section ignored.
### mwldeppc.exe Linker Warning:
#   Section '.ignored' is unknown. Section ignored.
### mwldeppc.exe Linker Warning:
#   Section '.ignored' is unknown. Section ignored.
### mwldeppc.exe Linker Warning:
#   Section '.ignored' is unknown. Section ignored.
### mwldeppc.exe Linker Warning:
#   Section '.ignored' is unknown. Section ignored.
### mwldeppc.exe Linker Warning:
#   Section '.ignored' is unknown. Section ignored.
### mwldeppc.exe Linker Warning:
#   Section '.ignored' is unknown. Section ignored.
### mwldeppc.exe Linker Warning:
#   Section '.ignored' is unknown. Section ignored.
### mwldeppc.exe Linker Warning:
#   Section '.ignored' is unknown. Section ignored.
### mwldeppc.exe Linker Warning:
#   Section '.ignored' is unknown. Section ignored.
### mwldeppc.exe Linker Warning:
#   Section '.ignored' is unknown. Section ignored.
### mwldeppc.exe Linker Warning:
#   Section '.ignored' is unknown. Section ignored.
### mwldeppc.exe Linker Warning:
#   Section '.ignored' is unknown. Section ignored.
### mwldeppc.exe Linker Warning:
#   Section '.ignored' is unknown. Section ignored.
### mwldeppc.exe Linker Warning:
#   Section '.ignored' is unknown. Section ignored.
### mwldeppc.exe Linker Warning:
#   Section '.ignored' is unknown. Section ignored.
### mwldeppc.exe Linker Warning:
#   Section '.ignored' is unknown. Section ignored.
### mwldeppc.exe Linker Warning:
#   Section '.ignored' is unknown. Section ignored.
### mwldeppc.exe Linker Warning:
#   Section '.ignored' is unknown. Section ignored.
### mwldeppc.exe Linker Warning:
#   Section '.ignored' is unknown. Section ignored.
### mwldeppc.exe Linker Warning:
#   Section '.ignored' is unknown. Section ignored.
### mwldeppc.exe Linker Warning:
#   Section '.ignored' is unknown. Section ignored.
### mwldeppc.exe Linker Warning:
#   Section '.ignored' is unknown. Section ignored.
### mwldeppc.exe Linker Warning:
#   Section '.ignored' is unknown. Section ignored.
### mwldeppc.exe Linker Warning:
#   Section '.ignored' is unknown. Section ignored.
### mwldeppc.exe Linker Warning:
#   Section '.ignored' is unknown. Section ignored.
### mwldeppc.exe Linker Warning:
#   Section '.ignored' is unknown. Section ignored.
### mwldeppc.exe Linker Warning:
#   Section '.ignored' is unknown. Section ignored.
### mwldeppc.exe Linker Warning:
#   Section '.ignored' is unknown. Section ignored.
### mwldeppc.exe Linker Warning:
#   Section '.ignored' is unknown. Section ignored.
### mwldeppc.exe Linker Warning:
#   Section '.ignored' is unknown. Section ignored.
### mwldeppc.exe Linker Warning:
#   Section '.ignored' is unknown. Section ignored.
### mwldeppc.exe Linker Warning:
#   Section '.ignored' is unknown. Section ignored.
### mwldeppc.exe Linker Warning:
#   Section '.ignored' is unknown. Section ignored.
### mwldeppc.exe Linker Warning:
#   Section '.ignored' is unknown. Section ignored.
### mwldeppc.exe Linker Warning:
#   Section '.ignored' is unknown. Section ignored.
### mwldeppc.exe Linker Warning:
#   Section '.ignored' is unknown. Section ignored.
### mwldeppc.exe Linker Warning:
#   Section '.ignored' is unknown. Section ignored.
### mwldeppc.exe Linker Warning:
#   Section '.ignored' is unknown. Section ignored.
### mwldeppc.exe Linker Warning:
#   Section '.ignored' is unknown. Section ignored.
### mwldeppc.exe Linker Warning:
#   Section '.ignored' is unknown. Section ignored.
### mwldeppc.exe Linker Warning:
#   Section '.ignored' is unknown. Section ignored.
### mwldeppc.exe Linker Warning:
#   Section '.ignored' is unknown. Section ignored.
### mwldeppc.exe Linker Warning:
#   Section '.ignored' is unknown. Section ignored.
### mwldeppc.exe Linker Warning:
#   Section '.ignored' is unknown. Section ignored.
### mwldeppc.exe Linker Warning:
#   Section '.ignored' is unknown. Section ignored.
### mwldeppc.exe Linker Warning:
#   Section '.ignored' is unknown. Section ignored.
### mwldeppc.exe Linker Warning:
#   Section '.ignored' is unknown. Section ignored.
### mwldeppc.exe Linker Warning:
#   Section '.ignored' is unknown. Section ignored.
### mwldeppc.exe Linker Warning:
#   Section '.ignored' is unknown. Section ignored.
### mwldeppc.exe Linker Warning:
#   Section '.ignored' is unknown. Section ignored.
### mwldeppc.exe Linker Warning:
#   Section '.ignored' is unknown. Section ignored.
### mwldeppc.exe Linker Warning:
#   Section '.ignored' is unknown. Section ignored.
### mwldeppc.exe Linker Warning:
#   Section '.ignored' is unknown. Section ignored.
### mwldeppc.exe Linker Warning:
#   Section '.ignored' is unknown. Section ignored.
### mwldeppc.exe Linker Warning:
#   Section '.ignored' is unknown. Section ignored.
### mwldeppc.exe Linker Warning:
#   Section '.ignored' is unknown. Section ignored.
### mwldeppc.exe Linker Warning:
#   Section '.ignored' is unknown. Section ignored.
### mwldeppc.exe Linker Warning:
#   Section '.ignored' is unknown. Section ignored.
### mwldeppc.exe Linker Warning:
#   Section '.ignored' is unknown. Section ignored.
### mwldeppc.exe Linker Warning:
#   Section '.ignored' is unknown. Section ignored.
### mwldeppc.exe Linker Warning:
#   Section '.ignored' is unknown. Section ignored.
### mwldeppc.exe Linker Warning:
#   Section '.ignored' is unknown. Section ignored.
### mwldeppc.exe Linker Warning:
#   Section '.ignored' is unknown. Section ignored.
### mwldeppc.exe Linker Warning:
#   Section '.ignored' is unknown. Section ignored.
### mwldeppc.exe Linker Warning:
#   Section '.ignored' is unknown. Section ignored.
### mwldeppc.exe Linker Warning:
#   Section '.ignored' is unknown. Section ignored.
[915/917] DOL build/GEDE01/main.dol
[916/917] CHECK config/GEDE01/build.sha1
build/GEDE01/main.dol: OK
[917/917] PROGRESS
Progress:
  All: 58.30% fuzzy, 49.14% matched, 49.06% linked (6306 / 7068 files)
    Code: 1130540 / 2300692 bytes (6073 / 8214 functions)
    Data: 39626 / 4305642 bytes (0.92%)
  Game Code: 93.91% fuzzy, 79.12% matched, 79.00% linked (6288 / 6633 files)
    Code: 1127512 / 1425104 bytes (6011 / 6354 functions)
    Data: 39402 / 40426 bytes (97.47%)
  SDK/Runtime: 100.00% fuzzy, 100.00% matched, 100.00% linked (18 / 18 files)
    Code: 3028 / 3028 bytes (62 / 62 functions)
    Data: 224 / 224 bytes (100.00%)
[1/918] MWCC build/GEDE01/src/game/game_fn_80008014.o
[2/918] MWCC build/GEDE01/src/game/game_fn_800094C0.o
[3/918] MWCC build/GEDE01/src/game/game_fn_800098C0.o
[4/918] MWCC build/GEDE01/src/game/game_fn_800096E0.o
[5/918] MWCC build/GEDE01/src/game/game_fn_800099D8.o
[6/918] MWCC build/GEDE01/src/game/game_fn_80009AB4.o
[7/918] MWCC build/GEDE01/src/game/game_fn_8000A26C.o
[8/918] MWCC build/GEDE01/src/game/game_fn_8000AC88.o
[9/918] MWCC build/GEDE01/src/game/game_fn_8000AFB4.o
[10/918] MWCC build/GEDE01/src/game/game_fn_8000AEB4.o
[11/918] MWCC build/GEDE01/src/game/game_fn_8000B36C.o
[12/918] MWCC build/GEDE01/src/game/game_fn_8000B1B8.o
[13/918] MWCC build/GEDE01/src/game/game_fn_8000B630.o
[14/918] MWCC build/GEDE01/src/game/game_fn_8000B7FC.o
[15/918] MWCC build/GEDE01/src/game/game_fn_8000B900.o
[16/918] MWCC build/GEDE01/src/game/game_fn_8000BA0C.o
[17/918] MWCC build/GEDE01/src/game/game_fn_8000BAA0.o
[18/918] MWCC build/GEDE01/src/game/game_fn_8000BC40.o
[19/918] MWCC build/GEDE01/src/game/game_fn_8000C06C.o
[20/918] MWCC build/GEDE01/src/game/game_fn_8000C17C.o
[21/918] MWCC build/GEDE01/src/game/game_fn_8000C848.o
[22/918] MWCC build/GEDE01/src/game/game_fn_8000C400.o
[23/918] MWCC build/GEDE01/src/game/game_fn_8000D0BC.o
[24/918] MWCC build/GEDE01/src/game/game_fn_8000C91C.o
[25/918] MWCC build/GEDE01/src/game/game_fn_8000D3D4.o
[26/918] MWCC build/GEDE01/src/game/game_fn_8000D590.o
[27/918] MWCC build/GEDE01/src/game/game_fn_8000D8A4.o
[28/918] MWCC build/GEDE01/src/game/game_fn_8000DA50.o
[29/918] MWCC build/GEDE01/src/game/game_fn_8000E054.o
[30/918] MWCC build/GEDE01/src/game/game_fn_8000DAF4.o
[31/918] MWCC build/GEDE01/src/game/game_fn_8000E138.o
[32/918] MWCC build/GEDE01/src/game/game_fn_8000E0AC.o
[33/918] MWCC build/GEDE01/src/game/game_fn_8000E96C.o
[34/918] MWCC build/GEDE01/src/game/game_fn_8000E1C4.o
[35/918] MWCC build/GEDE01/src/game/game_fn_8000EB14.o
[36/918] MWCC build/GEDE01/src/game/game_fn_8000EBD4.o
[37/918] MWCC build/GEDE01/src/game/game_fn_8000ED44.o
[38/918] MWCC build/GEDE01/src/game/game_fn_8000EFC4.o
[39/918] MWCC build/GEDE01/src/game/game_fn_8000F4B0.o
[40/918] MWCC build/GEDE01/src/game/game_fn_8000F774.o
[41/918] MWCC build/GEDE01/src/game/game_fn_8000FDE8.o
[42/918] MWCC build/GEDE01/src/game/game_fn_8000FFD8.o
[43/918] MWCC build/GEDE01/src/game/game_fn_800119FC.o
[44/918] MWCC build/GEDE01/src/game/game_fn_80012DA8.o
[45/918] MWCC build/GEDE01/src/game/game_fn_80012F40.o
[46/918] MWCC build/GEDE01/src/game/game_fn_80012FD0.o
[47/918] MWCC build/GEDE01/src/game/game_fn_800131E8.o
[48/918] MWCC build/GEDE01/src/game/game_fn_80013340.o
[49/918] MWCC build/GEDE01/src/game/game_fn_80013870.o
[50/918] MWCC build/GEDE01/src/game/game_fn_80013CB0.o
[51/918] MWCC build/GEDE01/src/game/game_fn_80013D54.o
[52/918] MWCC build/GEDE01/src/game/game_fn_800142DC.o
[53/918] MWCC build/GEDE01/src/game/game_fn_800144CC.o
[54/918] MWCC build/GEDE01/src/game/game_fn_80014784.o
[55/918] MWCC build/GEDE01/src/game/game_fn_800149D4.o
[56/918] MWCC build/GEDE01/src/game/game_fn_80015058.o
[57/918] MWCC build/GEDE01/src/game/game_fn_80015320.o
[58/918] MWCC build/GEDE01/src/game/game_fn_80015568.o
[59/918] MWCC build/GEDE01/src/game/game_fn_800156FC.o
[60/918] MWCC build/GEDE01/src/game/game_fn_80015BE0.o
[61/918] MWCC build/GEDE01/src/game/game_fn_80015D40.o
[62/918] MWCC build/GEDE01/src/game/game_fn_80015F04.o
[63/918] MWCC build/GEDE01/src/game/game_fn_80016128.o
[64/918] MWCC build/GEDE01/src/game/game_fn_80016270.o
[65/918] MWCC build/GEDE01/src/game/game_fn_80016904.o
[66/918] MWCC build/GEDE01/src/game/game_fn_80016B24.o
[67/918] MWCC build/GEDE01/src/game/game_fn_800171C0.o
[68/918] MWCC build/GEDE01/src/game/game_fn_800173CC.o
[69/918] MWCC build/GEDE01/src/game/game_fn_800176F0.o
[70/918] MWCC build/GEDE01/src/game/game_fn_80017910.o
[71/918] MWCC build/GEDE01/src/game/game_fn_800179AC.o
[72/918] MWCC build/GEDE01/src/game/game_fn_80017A3C.o
[73/918] MWCC build/GEDE01/src/game/game_fn_80017AE4.o
[74/918] MWCC build/GEDE01/src/game/game_fn_80017C3C.o
[75/918] MWCC build/GEDE01/src/game/game_fn_80017CC8.o
[76/918] MWCC build/GEDE01/src/game/game_fn_80017DB0.o
[77/918] MWCC build/GEDE01/src/game/game_fn_80018EF4.o
[78/918] MWCC build/GEDE01/src/game/game_fn_80019054.o
[79/918] MWCC build/GEDE01/src/game/game_fn_80019244.o
[80/918] MWCC build/GEDE01/src/game/game_fn_800194D0.o
[81/918] MWCC build/GEDE01/src/game/game_fn_80019940.o
[82/918] MWCC build/GEDE01/src/game/game_fn_80019C10.o
[83/918] MWCC build/GEDE01/src/game/game_fn_80019D2C.o
[84/918] MWCC build/GEDE01/src/game/game_fn_80019F98.o
[85/918] MWCC build/GEDE01/src/game/game_fn_8001A6C4.o
[86/918] MWCC build/GEDE01/src/game/game_fn_8001AAB8.o
[87/918] MWCC build/GEDE01/src/game/game_fn_8001ADF8.o
[88/918] MWCC build/GEDE01/src/game/game_fn_8001AF68.o
[89/918] MWCC build/GEDE01/src/game/game_fn_8001B124.o
[90/918] MWCC build/GEDE01/src/game/game_fn_8001B294.o
[91/918] MWCC build/GEDE01/src/game/game_fn_8001B808.o
[92/918] MWCC build/GEDE01/src/game/game_fn_8001B874.o
[93/918] MWCC build/GEDE01/src/game/game_fn_8001C078.o
[94/918] MWCC build/GEDE01/src/game/game_fn_8001CA04.o
[95/918] MWCC build/GEDE01/src/game/game_fn_8001CD58.o
[96/918] MWCC build/GEDE01/src/game/game_fn_8001CE94.o
[97/918] MWCC build/GEDE01/src/game/game_fn_8001E644.o
[98/918] MWCC build/GEDE01/src/game/game_fn_8001FE1C.o
[99/918] MWCC build/GEDE01/src/game/game_fn_80020E94.o
[100/918] MWCC build/GEDE01/src/game/game_fn_80024F28.o
[101/918] MWCC build/GEDE01/src/game/game_fn_800272B4.o
[102/918] MWCC build/GEDE01/src/game/game_fn_8002B748.o
[103/918] MWCC build/GEDE01/src/game/game_fn_8002DAE0.o
[104/918] MWCC build/GEDE01/src/game/game_fn_8002E3F0.o
[105/918] MWCC build/GEDE01/src/game/game_fn_8002EA68.o
[106/918] MWCC build/GEDE01/src/game/game_fn_8002F428.o
[107/918] MWCC build/GEDE01/src/game/game_fn_80031544.o
[108/918] MWCC build/GEDE01/src/game/game_fn_8003232C.o
[109/918] MWCC build/GEDE01/src/game/game_fn_80032B84.o
[110/918] MWCC build/GEDE01/src/game/game_fn_80033038.o
[111/918] MWCC build/GEDE01/src/game/game_fn_80033180.o
[112/918] MWCC build/GEDE01/src/game/game_fn_800359A0.o
[113/918] MWCC build/GEDE01/src/game/game_fn_800361F8.o
[114/918] MWCC build/GEDE01/src/game/game_fn_80036C40.o
[115/918] MWCC build/GEDE01/src/game/game_fn_80038878.o
[116/918] MWCC build/GEDE01/src/game/game_fn_80048ADC.o
[117/918] MWCC build/GEDE01/src/game/game_fn_80048B24.o
[118/918] MWCC build/GEDE01/src/game/game_fn_8004998C.o
[119/918] MWCC build/GEDE01/src/game/game_fn_80050B08.o
[120/918] MWCC build/GEDE01/src/game/game_fn_80052310.o
[121/918] MWCC build/GEDE01/src/game/game_fn_800542D0.o
[122/918] MWCC build/GEDE01/src/game/game_fn_8005EC6C.o
[123/918] MWCC build/GEDE01/src/game/game_fn_8005EE9C.o
[124/918] MWCC build/GEDE01/src/game/game_data_80239E10.o
[125/918] MWCC build/GEDE01/src/game/game_data_80239E18.o
[126/918] MWCC build/GEDE01/src/game/game_fn_8005FD84.o
[127/918] MWCC build/GEDE01/src/game/game_fn_80066888.o
[128/918] MWCC build/GEDE01/src/game/game_fn_80066E78.o
[129/918] MWCC build/GEDE01/src/game/game_fn_8006B0F0.o
[130/918] MWCC build/GEDE01/src/game/game_fn_8006B620.o
[131/918] MWCC build/GEDE01/src/game/game_fn_8006E53C.o
[132/918] MWCC build/GEDE01/src/game/game_fn_80071A58.o
[133/918] MWCC build/GEDE01/src/game/game_fn_80074310.o
[134/918] MWCC build/GEDE01/src/game/game_fn_80078500.o
[135/918] MWCC build/GEDE01/src/game/game_fn_80079908.o
[136/918] MWCC build/GEDE01/src/game/game_fn_80079AA4.o
[137/918] MWCC build/GEDE01/src/game/game_fn_8007B2F4.o
[138/918] MWCC build/GEDE01/src/game/game_fn_8007B540.o
[139/918] MWCC build/GEDE01/src/game/game_fn_8007B640.o
[140/918] MWCC build/GEDE01/src/game/game_fn_8007B828.o
[141/918] MWCC build/GEDE01/src/game/game_fn_8007BA3C.o
[142/918] MWCC build/GEDE01/src/game/game_fn_8007D4D8.o
[143/918] MWCC build/GEDE01/src/game/game_fn_8007F770.o
[144/918] MWCC build/GEDE01/src/game/game_fn_800886D8.o
[145/918] MWCC build/GEDE01/src/game/game_fn_80088F4C.o
[146/918] MWCC build/GEDE01/src/game/game_fn_80089A34.o
[147/918] MWCC build/GEDE01/src/game/game_fn_8008A2E0.o
[148/918] MWCC build/GEDE01/src/game/game_fn_8008F224.o
[149/918] MWCC build/GEDE01/src/game/game_fn_8008F890.o
[150/918] MWCC build/GEDE01/src/game/game_fn_80090004.o
[151/918] MWCC build/GEDE01/src/game/game_fn_800934A0.o
[152/918] MWCC build/GEDE01/src/game/game_fn_80095D10.o
[153/918] MWCC build/GEDE01/src/game/game_fn_80095FDC.o
[154/918] MWCC build/GEDE01/src/game/game_fn_80096830.o
[155/918] MWCC build/GEDE01/src/game/game_fn_8009C424.o
[156/918] MWCC build/GEDE01/src/game/game_fn_8009E808.o
[157/918] MWCC build/GEDE01/src/game/game_fn_800A2130.o
[158/918] MWCC build/GEDE01/src/game/game_fn_800A2FCC.o
[159/918] MWCC build/GEDE01/src/game/game_fn_800A3180.o
[160/918] MWCC build/GEDE01/src/game/game_fn_800A3894.o
[161/918] MWCC build/GEDE01/src/game/game_fn_800A4428.o
[162/918] MWCC build/GEDE01/src/game/game_fn_800A4798.o
[163/918] MWCC build/GEDE01/src/game/game_fn_800A7E88.o
[164/918] MWCC build/GEDE01/src/game/game_fn_800AF230.o
[165/918] MWCC build/GEDE01/src/game/game_fn_800B2EC0.o
[166/918] MWCC build/GEDE01/src/game/game_fn_800BB5C4.o
[167/918] MWCC build/GEDE01/src/game/game_fn_800BB7A8.o
[168/918] MWCC build/GEDE01/src/game/game_fn_800BB9A4.o
[169/918] MWCC build/GEDE01/src/game/game_fn_800BBAF0.o
[170/918] MWCC build/GEDE01/src/game/game_fn_800C030C.o
[171/918] MWCC build/GEDE01/src/game/game_fn_800C17EC.o
[172/918] MWCC build/GEDE01/src/game/game_fn_800C59F0.o
[173/918] MWCC build/GEDE01/src/game/game_fn_800C644C.o
[174/918] MWCC build/GEDE01/src/game/game_fn_800C65FC.o
[175/918] MWCC build/GEDE01/src/game/game_fn_800C9C60.o
[176/918] MWCC build/GEDE01/src/game/game_fn_800CB760.o
[177/918] MWCC build/GEDE01/src/game/game_fn_800CB8F4.o
[178/918] MWCC build/GEDE01/src/game/game_fn_800CF598.o
[179/918] MWCC build/GEDE01/src/game/game_fn_800D9064.o
[180/918] MWCC build/GEDE01/src/game/game_fn_800D9E10.o
[181/918] MWCC build/GEDE01/src/game/game_fn_800DC4D4.o
[182/918] MWCC build/GEDE01/src/game/game_fn_800E4980.o
[183/918] MWCC build/GEDE01/src/game/game_TRKNubWelcome.o
[184/918] MWCC build/GEDE01/src/game/game_TRK_main.o
[185/918] MWCC build/GEDE01/src/game/game_InitMetroTRKCommTable.o
[186/918] MWCC build/GEDE01/src/game/game_fn_800FD0C8.o
[187/918] MWCC build/GEDE01/src/game/game_fn_8010242C.o
[188/918] MWCC build/GEDE01/src/game/game_fn_801098C0.o
[189/918] MWCC build/GEDE01/src/game/game_fn_8010F184.o
[190/918] MWCC build/GEDE01/src/game/game_fn_801126E0.o
[191/918] MWCC build/GEDE01/src/game/game_fn_801128E4.o
[192/918] MWCC build/GEDE01/src/game/game_fn_801141B8.o
[193/918] MWCC build/GEDE01/src/game/game_fn_8011F140.o
[194/918] MWCC build/GEDE01/src/game/game_fn_801247F8.o
[195/918] MWCC build/GEDE01/src/game/game_fn_80126A00.o
[196/918] MWCC build/GEDE01/src/game/game_fn_8012976C.o
[197/918] MWCC build/GEDE01/src/game/game_fn_8012DB28.o
[198/918] MWCC build/GEDE01/src/game/game_fn_8013CBE4.o
[199/918] MWCC build/GEDE01/src/game/game_fn_8013D6A4.o
[200/918] MWCC build/GEDE01/src/game/game_fn_8013DB8C.o
[201/918] MWCC build/GEDE01/src/game/game_fn_8014549C.o
[202/918] MWCC build/GEDE01/src/game/game_fn_8014AF38.o
[203/918] MWCC build/GEDE01/src/game/game_fn_8014B494.o
[204/918] MWCC build/GEDE01/src/game/game_fn_8014BA14.o
[205/918] MWCC build/GEDE01/src/game/game_fn_8014CA98.o
[206/918] MWCC build/GEDE01/src/game/game_fn_801535D8.o
[207/918] MWCC build/GEDE01/src/game/game_fn_80153898.o
[208/918] MWCC build/GEDE01/src/game/game_fn_80153A24.o
[209/918] MWCC build/GEDE01/src/game/game_fn_80154F74.o
[210/918] MWCC build/GEDE01/src/game/game_fn_80155814.o
[211/918] MWCC build/GEDE01/src/game/game_fn_80157C0C.o
[212/918] MWCC build/GEDE01/src/game/game_fn_80158B20.o
[213/918] MWCC build/GEDE01/src/game/game_fn_80158D38.o
[214/918] MWCC build/GEDE01/src/game/game_fn_8015DB84.o
[215/918] MWCC build/GEDE01/src/game/game_fn_8015DC54.o
[216/918] MWCC build/GEDE01/src/game/game_fn_8015EDC0.o
[217/918] MWCC build/GEDE01/src/game/game_fn_80167454.o
[218/918] MWCC build/GEDE01/src/game/game_fn_80167B5C.o
[219/918] MWCC build/GEDE01/src/game/game_fn_80169650.o
[220/918] MWCC build/GEDE01/src/game/game_fn_8016BD0C.o
[221/918] MWCC build/GEDE01/src/game/game_fn_8016BE1C.o
[222/918] MWCC build/GEDE01/src/game/game_fn_8016BF60.o
[223/918] MWCC build/GEDE01/src/game/game_fn_8016C0BC.o
[224/918] MWCC build/GEDE01/src/game/game_fn_8016C164.o
[225/918] MWCC build/GEDE01/src/game/game_fn_8016C238.o
[226/918] MWCC build/GEDE01/src/game/game_fn_8016C4BC.o
[227/918] MWCC build/GEDE01/src/game/game_fn_8016C774.o
[228/918] MWCC build/GEDE01/src/game/game_fn_8016D040.o
[229/918] MWCC build/GEDE01/src/game/game_fn_8016D1F8.o
[230/918] MWCC build/GEDE01/src/game/game_fn_8016D2B8.o
[231/918] MWCC build/GEDE01/src/game/game_fn_8016D9C0.o
[232/918] MWCC build/GEDE01/src/game/game_fn_8016DF4C.o
[233/918] MWCC build/GEDE01/src/game/game_fn_8016E8F8.o
[234/918] MWCC build/GEDE01/src/game/game_fn_8016FEF8.o
[235/918] MWCC build/GEDE01/src/game/game_fn_8017038C.o
[236/918] MWCC build/GEDE01/src/game/game_fn_801704F8.o
[237/918] MWCC build/GEDE01/src/game/game_fn_801706DC.o
[238/918] MWCC build/GEDE01/src/game/game_fn_80170A40.o
[239/918] MWCC build/GEDE01/src/game/game_fn_80170DF4.o
[240/918] MWCC build/GEDE01/src/game/game_fn_80170E9C.o
[241/918] MWCC build/GEDE01/src/game/game_fn_8017138C.o
[242/918] MWCC build/GEDE01/src/game/game_fn_80171664.o
[243/918] MWCC build/GEDE01/src/game/game_fn_801718F4.o
[244/918] MWCC build/GEDE01/src/game/game_fn_801719B4.o
[245/918] MWCC build/GEDE01/src/game/game_fn_80171F30.o
[246/918] MWCC build/GEDE01/src/game/game_fn_8017250C.o
[247/918] MWCC build/GEDE01/src/game/game_fn_801726EC.o
[248/918] MWCC build/GEDE01/src/game/game_fn_80172BB0.o
[249/918] MWCC build/GEDE01/src/game/game_fn_80172C78.o
[250/918] MWCC build/GEDE01/src/game/game_fn_80172DB8.o
[251/918] MWCC build/GEDE01/src/game/game_fn_80173270.o
[252/918] MWCC build/GEDE01/src/game/game_fn_801734B4.o
[253/918] MWCC build/GEDE01/src/game/game_fn_80173770.o
[254/918] MWCC build/GEDE01/src/game/game_fn_80173BDC.o
[255/918] MWCC build/GEDE01/src/game/game_fn_80173D44.o
[256/918] MWCC build/GEDE01/src/game/game_fn_80173F04.o
[257/918] MWCC build/GEDE01/src/game/game_fn_80174184.o
[258/918] MWCC build/GEDE01/src/game/game_fn_80174358.o
[259/918] MWCC build/GEDE01/src/game/game_fn_80174F2C.o
[260/918] MWCC build/GEDE01/src/game/game_fn_801752B0.o
[261/918] MWCC build/GEDE01/src/game/game_fn_8017553C.o
[262/918] MWCC build/GEDE01/src/game/game_fn_80175A08.o
[263/918] MWCC build/GEDE01/src/game/game_fn_80175E64.o
[264/918] MWCC build/GEDE01/src/game/game_fn_80175F0C.o
[265/918] MWCC build/GEDE01/src/game/game_fn_80175FD4.o
[266/918] MWCC build/GEDE01/src/game/game_fn_80176098.o
[267/918] MWCC build/GEDE01/src/game/game_fn_80176160.o
[268/918] MWCC build/GEDE01/src/game/game_fn_80176220.o
[269/918] MWCC build/GEDE01/src/game/game_fn_801762E8.o
[270/918] MWCC build/GEDE01/src/game/game_fn_8017652C.o
[271/918] MWCC build/GEDE01/src/game/game_fn_80176DF4.o
[272/918] MWCC build/GEDE01/src/game/game_fn_80176FA0.o
[273/918] MWCC build/GEDE01/src/game/game_fn_801770F8.o
[274/918] MWCC build/GEDE01/src/game/game_fn_8017718C.o
[275/918] MWCC build/GEDE01/src/game/game_fn_80178F88.o
[276/918] MWCC build/GEDE01/src/game/game_fn_80177434.o
[277/918] MWCC build/GEDE01/src/game/game_fn_80179398.o
[278/918] MWCC build/GEDE01/src/game/game_fn_8017960C.o
[279/918] MWCC build/GEDE01/src/game/game_fn_8017974C.o
[280/918] MWCC build/GEDE01/src/game/game_fn_80179904.o
[281/918] MWCC build/GEDE01/src/game/game_fn_80179A18.o
[282/918] MWCC build/GEDE01/src/game/game_fn_80179A74.o
[283/918] MWCC build/GEDE01/src/game/game_fn_80179EB8.o
[284/918] MWCC build/GEDE01/src/game/game_fn_80179F20.o
[285/918] MWCC build/GEDE01/src/game/game_fn_8017A010.o
[286/918] MWCC build/GEDE01/src/game/game_fn_8017A12C.o
[287/918] MWCC build/GEDE01/src/game/game_fn_8017A1C0.o
[288/918] MWCC build/GEDE01/src/game/game_fn_8017A9B8.o
[289/918] MWCC build/GEDE01/src/game/game_fn_8017AC20.o
[290/918] MWCC build/GEDE01/src/game/game_fn_8017E850.o
[291/918] MWCC build/GEDE01/src/game/game_fn_8017E958.o
[292/918] MWCC build/GEDE01/src/game/game_fn_80180DDC.o
[293/918] MWCC build/GEDE01/src/game/game_fn_801810A0.o
[294/918] MWCC build/GEDE01/src/game/game_fn_801816D4.o
[295/918] MWCC build/GEDE01/src/game/game_fn_801859FC.o
[296/918] MWCC build/GEDE01/src/game/game_fn_80185AE8.o
[297/918] MWCC build/GEDE01/src/game/game_fn_80185F10.o
[298/918] MWCC build/GEDE01/src/game/game_fn_801861C4.o
[299/918] MWCC build/GEDE01/src/game/game_fn_801865EC.o
[300/918] MWCC build/GEDE01/src/game/game_fn_8018680C.o
[301/918] MWCC build/GEDE01/src/game/game_fn_80186E10.o
[302/918] MWCC build/GEDE01/src/game/game_fn_80186F70.o
[303/918] MWCC build/GEDE01/src/game/game_fn_80187120.o
[304/918] MWCC build/GEDE01/src/game/game_fn_80187320.o
[305/918] MWCC build/GEDE01/src/game/game_fn_801875FC.o
[306/918] MWCC build/GEDE01/src/game/game_fn_801878E0.o
[307/918] MWCC build/GEDE01/src/game/game_fn_80187BB4.o
[308/918] MWCC build/GEDE01/src/game/game_fn_80187E40.o
[309/918] MWCC build/GEDE01/src/game/game_fn_80188A7C.o
[310/918] MWCC build/GEDE01/src/game/game_fn_80188B44.o
[311/918] MWCC build/GEDE01/src/game/game_fn_80188C1C.o
[312/918] MWCC build/GEDE01/src/game/game_fn_80188E28.o
[313/918] MWCC build/GEDE01/src/game/game_fn_80189028.o
[314/918] MWCC build/GEDE01/src/game/game_fn_801891D8.o
[315/918] MWCC build/GEDE01/src/game/game_fn_80189390.o
[316/918] MWCC build/GEDE01/src/game/game_fn_801895E8.o
[317/918] MWCC build/GEDE01/src/game/game_fn_801896A0.o
[318/918] MWCC build/GEDE01/src/game/game_fn_80189760.o
[319/918] MWCC build/GEDE01/src/game/game_fn_80189968.o
[320/918] MWCC build/GEDE01/src/game/game_fn_80189C14.o
[321/918] MWCC build/GEDE01/src/game/game_fn_8018C2D0.o
[322/918] MWCC build/GEDE01/src/game/game_fn_8018D1F0.o
[323/918] MWCC build/GEDE01/src/game/game_fn_8018D2E0.o
[324/918] MWCC build/GEDE01/src/game/game_fn_8018D400.o
[325/918] MWCC build/GEDE01/src/game/game_fn_8018D688.o
[326/918] MWCC build/GEDE01/src/game/game_fn_8018DC24.o
[327/918] MWCC build/GEDE01/src/game/game_fn_8018E0D8.o
[328/918] MWCC build/GEDE01/src/game/game_fn_8018F1D0.o
[329/918] MWCC build/GEDE01/src/game/game_fn_8018F81C.o
[330/918] MWCC build/GEDE01/src/game/game_fn_8018FEDC.o
[331/918] MWCC build/GEDE01/src/game/game_fn_8019120C.o
[332/918] MWCC build/GEDE01/src/game/game_fn_80191360.o
[333/918] MWCC build/GEDE01/src/game/game_fn_801916D0.o
[334/918] MWCC build/GEDE01/src/game/game_fn_8019197C.o
[335/918] MWCC build/GEDE01/src/game/game_fn_80191F58.o
[336/918] MWCC build/GEDE01/src/game/game_fn_801926EC.o
[337/918] MWCC build/GEDE01/src/game/game_fn_801929A4.o
[338/918] MWCC build/GEDE01/src/game/game_fn_80192F54.o
[339/918] MWCC build/GEDE01/src/game/game_fn_801931C4.o
[340/918] MWCC build/GEDE01/src/game/game_fn_80193E1C.o
[341/918] MWCC build/GEDE01/src/game/game_fn_80193F3C.o
[342/918] MWCC build/GEDE01/src/game/game_fn_80194F80.o
[343/918] MWCC build/GEDE01/src/game/game_fn_801952E8.o
[344/918] MWCC build/GEDE01/src/game/game_fn_80197910.o
[345/918] MWCC build/GEDE01/src/game/game_fn_80198154.o
[346/918] MWCC build/GEDE01/src/game/game_fn_80198AAC.o
[347/918] MWCC build/GEDE01/src/game/game_fn_80198BF4.o
[348/918] MWCC build/GEDE01/src/game/game_fn_801991E0.o
[349/918] MWCC build/GEDE01/src/game/game_fn_8019B1BC.o
[350/918] MWCC build/GEDE01/src/game/game_fn_8019CC28.o
[351/918] MWCC build/GEDE01/src/game/game_fn_8019CFC4.o
[352/918] MWCC build/GEDE01/src/game/game_fn_8019E5E4.o
[353/918] MWCC build/GEDE01/src/game/game_fn_8019E8C8.o
[354/918] MWCC build/GEDE01/src/game/game_fn_801A1F18.o
[355/918] MWCC build/GEDE01/src/game/game_fn_801A2A54.o
[356/918] MWCC build/GEDE01/src/game/game_fn_801A34BC.o
[357/918] MWCC build/GEDE01/src/game/game_fn_801A3A78.o
[358/918] MWCC build/GEDE01/src/game/game_fn_801A4430.o
[359/918] MWCC build/GEDE01/src/game/game_fn_801A4CE0.o
[360/918] MWCC build/GEDE01/src/game/game_fn_801A5FB0.o
[361/918] MWCC build/GEDE01/src/game/game_fn_801A6410.o
[362/918] MWCC build/GEDE01/src/game/game_fn_801A657C.o
[363/918] MWCC build/GEDE01/src/game/game_fn_801A6ADC.o
[364/918] MWCC build/GEDE01/src/game/game_fn_801A6C58.o
[365/918] MWCC build/GEDE01/src/game/game_fn_801A6CB4.o
[366/918] MWCC build/GEDE01/src/game/game_fn_801A7E04.o
[367/918] MWCC build/GEDE01/src/game/game_fn_801A7EA8.o
[368/918] MWCC build/GEDE01/src/game/game_fn_801A93E8.o
[369/918] MWCC build/GEDE01/src/game/game_fn_801AB154.o
[370/918] MWCC build/GEDE01/src/game/game_fn_801ABD3C.o
[371/918] MWCC build/GEDE01/src/game/game_fn_801AC8AC.o
[372/918] MWCC build/GEDE01/src/game/game_fn_801ACFE8.o
[373/918] MWCC build/GEDE01/src/game/game_fn_801AD08C.o
[374/918] MWCC build/GEDE01/src/game/game_fn_801AFA74.o
[375/918] MWCC build/GEDE01/src/game/game_fn_801B02F0.o
[376/918] MWCC build/GEDE01/src/game/game_fn_801B1BA0.o
[377/918] MWCC build/GEDE01/src/game/game_fn_801B35BC.o
[378/918] MWCC build/GEDE01/src/game/game_fn_801B46C8.o
[379/918] MWCC build/GEDE01/src/game/game_fn_801B4FB4.o
[380/918] MWCC build/GEDE01/src/game/game_fn_801B5228.o
[381/918] MWCC build/GEDE01/src/game/game_fn_801B58F0.o
[382/918] MWCC build/GEDE01/src/game/game_fn_801B6F1C.o
[383/918] MWCC build/GEDE01/src/game/game_fn_801B86C0.o
[384/918] MWCC build/GEDE01/src/game/game_fn_801B941C.o
[385/918] MWCC build/GEDE01/src/game/game_fn_801B9E7C.o
[386/918] MWCC build/GEDE01/src/game/game_fn_801BA15C.o
[387/918] MWCC build/GEDE01/src/game/game_fn_801BA708.o
[388/918] MWCC build/GEDE01/src/game/game_fn_801BA94C.o
[389/918] MWCC build/GEDE01/src/game/game_fn_801BB1A0.o
[390/918] MWCC build/GEDE01/src/game/game_fn_801BC0D4.o
[391/918] MWCC build/GEDE01/src/game/game_fn_801BC240.o
[392/918] MWCC build/GEDE01/src/game/game_fn_801BC8F4.o
[393/918] MWCC build/GEDE01/src/game/game_fn_801BCC04.o
[394/918] MWCC build/GEDE01/src/game/game_fn_801BD990.o
[395/918] MWCC build/GEDE01/src/game/game_fn_801BDE7C.o
[396/918] MWCC build/GEDE01/src/game/game_fn_801BE0D4.o
[397/918] MWCC build/GEDE01/src/game/game_fn_801BEF40.o
[398/918] MWCC build/GEDE01/src/game/game_fn_801C1CB0.o
[399/918] MWCC build/GEDE01/src/game/game_fn_801C2980.o
[400/918] MWCC build/GEDE01/src/game/game_fn_801C29BC.o
[401/918] MWCC build/GEDE01/src/game/game_fn_801C2AAC.o
[402/918] MWCC build/GEDE01/src/game/game_fn_801C2D9C.o
[403/918] MWCC build/GEDE01/src/game/game_fn_801C8160.o
[404/918] MWCC build/GEDE01/src/game/game_fn_801C8224.o
[405/918] MWCC build/GEDE01/src/game/game_fn_801C8600.o
[406/918] MWCC build/GEDE01/src/game/game_fn_801C4B5C.o
[407/918] MWCC build/GEDE01/src/game/game_fn_801C87DC.o
[408/918] MWCC build/GEDE01/src/game/game_fn_801C8CC0.o
[409/918] MWCC build/GEDE01/src/game/game_fn_801C8F50.o
[410/918] MWCC build/GEDE01/src/game/game_fn_801C90A4.o
[411/918] MWCC build/GEDE01/src/game/game_fn_801C9510.o
[412/918] MWCC build/GEDE01/src/game/game_fn_801C970C.o
[413/918] MWCC build/GEDE01/src/game/game_fn_801C9A08.o
[414/918] MWCC build/GEDE01/src/game/game_fn_801C9B1C.o
[415/918] MWCC build/GEDE01/src/game/game_fn_801CB4F8.o
[416/918] MWCC build/GEDE01/src/game/game_fn_801CD228.o
[417/918] MWCC build/GEDE01/src/game/game_fn_801CE09C.o
[418/918] MWCC build/GEDE01/src/game/game_fn_801CE594.o
[419/918] MWCC build/GEDE01/src/game/game_fn_801D1B10.o
[420/918] MWCC build/GEDE01/src/game/game_fn_801D1F78.o
[421/918] MWCC build/GEDE01/src/game/game_fn_801D3988.o
[422/918] MWCC build/GEDE01/src/game/game_fn_801D76A8.o
[423/918] MWCC build/GEDE01/src/game/game_fn_801D7C24.o
[424/918] MWCC build/GEDE01/src/game/game_fn_801D8050.o
[425/918] MWCC build/GEDE01/src/game/game_fn_801D9FE4.o
[426/918] MWCC build/GEDE01/src/game/game_fn_801E2A48.o
[427/918] MWCC build/GEDE01/src/game/game_fn_801E41AC.o
[428/918] MWCC build/GEDE01/src/game/game_fn_801E504C.o
[429/918] MWCC build/GEDE01/src/game/game_fn_801E6814.o
[430/918] MWCC build/GEDE01/src/game/game_fn_801E7014.o
[431/918] MWCC build/GEDE01/src/game/game_fn_801EB09C.o
[432/918] MWCC build/GEDE01/src/game/game_fn_801E995C.o
[433/918] MWCC build/GEDE01/src/game/game_fn_801EB11C.o
[434/918] MWCC build/GEDE01/src/game/game_fn_801ECD74.o
[435/918] MWCC build/GEDE01/src/game/game_fn_801ECF50.o
[436/918] MWCC build/GEDE01/src/game/game_fn_801ED5F4.o
[437/918] MWCC build/GEDE01/src/game/game_fn_801EF580.o
[438/918] MWCC build/GEDE01/src/game/game_fn_801EF910.o
[439/918] MWCC build/GEDE01/src/game/game_fn_801F0CB0.o
[440/918] MWCC build/GEDE01/src/game/game_fn_801F10BC.o
[441/918] MWCC build/GEDE01/src/game/game_fn_801F1A38.o
[442/918] MWCC build/GEDE01/src/game/game_fn_801F35A8.o
[443/918] MWCC build/GEDE01/src/game/game_fn_801F55A0.o
[444/918] MWCC build/GEDE01/src/game/game_fn_801F69F0.o
[445/918] MWCC build/GEDE01/src/game/game_fn_801F6BD8.o
[446/918] MWCC build/GEDE01/src/game/game_fn_801F7510.o
[447/918] MWCC build/GEDE01/src/game/game_fn_801F76EC.o
[448/918] MWCC build/GEDE01/src/game/game_fn_801F8264.o
[449/918] MWCC build/GEDE01/src/game/game_fn_801F89B4.o
[450/918] MWCC build/GEDE01/src/game/game_fn_801F9AF8.o
[451/918] MWCC build/GEDE01/src/game/game_fn_801F9CF4.o
[452/918] MWCC build/GEDE01/src/game/game_fn_801FA9C8.o
[453/918] MWCC build/GEDE01/src/game/game_fn_801FB6A4.o
[454/918] MWCC build/GEDE01/src/game/game_fn_801FC034.o
[455/918] MWCC build/GEDE01/src/game/game_fn_801FFE78.o
[456/918] MWCC build/GEDE01/src/game/game_fn_801FC204.o
[457/918] EXTERNALIZE build/GEDE01/src/game/game_fn_800DC4D4.o
[458/918] EXTERNALIZE build/GEDE01/src/game/game_fn_80175A08.o
[459/918] EXTERNALIZE build/GEDE01/src/game/game_fn_80066E78.o
[460/918] EXTERNALIZE build/GEDE01/src/game/game_fn_801247F8.o
[461/918] EXTERNALIZE build/GEDE01/src/game/game_fn_801EF910.o
[462/918] EXTERNALIZE build/GEDE01/src/game/game_fn_801ECF50.o
[463/918] EXTERNALIZE build/GEDE01/src/game/game_fn_801FC204.o
[464/918] EXTERNALIZE build/GEDE01/src/game/game_fn_801EB09C.o
[465/918] EXTERNALIZE build/GEDE01/src/game/game_fn_801EB11C.o
[466/918] EXTERNALIZE JUMPTABLES build/GEDE01/src/game/game_fn_80050B08.o
[467/918] EXTERNALIZE build/GEDE01/src/game/game_fn_801E41AC.o
[468/918] EXTERNALIZE build/GEDE01/src/game/game_fn_801D9FE4.o
[469/918] EXTERNALIZE build/GEDE01/src/game/game_fn_801D76A8.o
[470/918] EXTERNALIZE build/GEDE01/src/game/game_fn_801D8050.o
[471/918] EXTERNALIZE build/GEDE01/src/game/game_fn_801D7C24.o
[472/918] EXTERNALIZE build/GEDE01/src/game/game_fn_8019B1BC.o
[473/918] EXTERNALIZE build/GEDE01/src/game/game_fn_80178F88.o
[474/918] EXTERNALIZE build/GEDE01/src/game/game_fn_801CD228.o
[475/918] EXTERNALIZE build/GEDE01/src/game/game_fn_801C970C.o
[476/918] EXTERNALIZE build/GEDE01/src/game/game_fn_801BA15C.o
[477/918] EXTERNALIZE build/GEDE01/src/game/game_fn_801C9510.o
[478/918] EXTERNALIZE build/GEDE01/src/game/game_fn_80126A00.o
[479/918] EXTERNALIZE build/GEDE01/src/game/game_fn_8013D6A4.o
[480/918] EXTERNALIZE build/GEDE01/src/game/game_fn_800C9C60.o
[481/918] EXTERNALIZE build/GEDE01/src/game/game_fn_801B5228.o
[482/918] EXTERNALIZE build/GEDE01/src/game/game_fn_801B4FB4.o
[483/918] EXTERNALIZE build/GEDE01/src/game/game_fn_801C87DC.o
[484/918] EXTERNALIZE build/GEDE01/src/game/game_fn_801B6F1C.o
[485/918] EXTERNALIZE build/GEDE01/src/game/game_fn_801C8CC0.o
[486/918] EXTERNALIZE build/GEDE01/src/game/game_fn_800FD0C8.o
[487/918] EXTERNALIZE build/GEDE01/src/game/game_fn_801BDE7C.o
[488/918] EXTERNALIZE build/GEDE01/src/game/game_fn_801BE0D4.o
[489/918] EXTERNALIZE STATIC POOL build/GEDE01/src/game/game_fn_801C9A08.o
build/GEDE01/src/game/game_fn_801C9A08.o: lbl_80629390 now undefined; section 3 emptied
[490/918] EXTERNALIZE build/GEDE01/src/game/game_fn_801B941C.o
[491/918] EXTERNALIZE STATIC POOL build/GEDE01/src/game/game_fn_801C9B1C.o
build/GEDE01/src/game/game_fn_801C9B1C.o: lbl_80629390 now undefined; section 3 emptied
[492/918] EXTERNALIZE STATIC POOL build/GEDE01/src/game/game_fn_801BD990.o
build/GEDE01/src/game/game_fn_801BD990.o: lbl_80626D80 now undefined; section 6 emptied
[493/918] EXTERNALIZE STATIC POOL build/GEDE01/src/game/game_fn_801B58F0.o
build/GEDE01/src/game/game_fn_801B58F0.o: lbl_8060C020 now undefined; section 3 emptied
[494/918] EXTERNALIZE STATIC POOL build/GEDE01/src/game/game_fn_801B9E7C.o
build/GEDE01/src/game/game_fn_801B9E7C.o: 0 relocation(s) moved from streamInfo to ...bss.0
build/GEDE01/src/game/game_fn_801B9E7C.o: lbl_8061AE48 now undefined; section 6 emptied
[495/918] EXTERNALIZE STATIC POOL build/GEDE01/src/game/game_fn_801BB1A0.o
build/GEDE01/src/game/game_fn_801BB1A0.o: 0 relocation(s) moved from streamInfo to ...bss.0
build/GEDE01/src/game/game_fn_801BB1A0.o: lbl_8061AE48 now undefined; section 6 emptied
[496/918] EXTERNALIZE STATIC POOL build/GEDE01/src/game/game_fn_801BA708.o
build/GEDE01/src/game/game_fn_801BA708.o: 0 relocation(s) moved from streamInfo to ...bss.0
build/GEDE01/src/game/game_fn_801BA708.o: lbl_8061AE48 now undefined; section 6 emptied
[497/918] EXTERNALIZE STATIC build/GEDE01/src/game/game_fn_801B35BC.o
build/GEDE01/src/game/game_fn_801B35BC.o: lbl_8060D420 now undefined; section 6 emptied
[498/918] EXTERNALIZE build/GEDE01/src/game/game_fn_801BA94C.o
build/GEDE01/src/game/game_fn_801BA94C.o: 0 relocation(s) moved from streamInfo to ...bss.0
build/GEDE01/src/game/game_fn_801BA94C.o: lbl_8061AE48 now undefined; section 6 emptied
[499/918] EXTERNALIZE STATIC POOL build/GEDE01/src/game/game_fn_801BC8F4.o
build/GEDE01/src/game/game_fn_801BC8F4.o: lbl_8061C748 now undefined; section 6 emptied
[500/918] EXTERNALIZE STATIC build/GEDE01/src/game/game_fn_801BC240.o
build/GEDE01/src/game/game_fn_801BC240.o: lbl_8061C748 now undefined; section 6 emptied
[501/918] EXTERNALIZE STATIC POOL build/GEDE01/src/game/game_fn_801BCC04.o
build/GEDE01/src/game/game_fn_801BCC04.o: lbl_8061C748 now undefined; section 6 emptied
[502/918] EXTERNALIZE STATIC POOL build/GEDE01/src/game/game_fn_801BC0D4.o
build/GEDE01/src/game/game_fn_801BC0D4.o: lbl_8061C748 now undefined; section 6 emptied
[503/918] EXTERNALIZE STATIC POOL build/GEDE01/src/game/game_fn_801C1CB0.o
build/GEDE01/src/game/game_fn_801C1CB0.o: lbl_80626DA0 now undefined; section 3 emptied
[504/918] RENAME build/GEDE01/src/game/game_InitMetroTRKCommTable.o
[505/918] EXTERNALIZE STATIC POOL build/GEDE01/src/game/game_fn_801CE09C.o
build/GEDE01/src/game/game_fn_801CE09C.o: lbl_80631340 now undefined; section 6 emptied
[506/918] RENAME RUNTIME INTRINSICS build/GEDE01/src/game/game_fn_801CB4F8.o
[507/918] EXTERNALIZE STATIC POOL build/GEDE01/src/game/game_fn_8010242C.o
build/GEDE01/src/game/game_fn_8010242C.o: lbl_8032CC08 now undefined; section 3 emptied
[508/918] EXTERNALIZE build/GEDE01/src/game/game_fn_801D3988.o
[509/918] EXTERNALIZE build/GEDE01/src/game/game_fn_801D1B10.o
[510/918] ALIGN DATA build/GEDE01/src/game/game_fn_80008014.o
[511/918] EXTERNALIZE build/GEDE01/src/game/game_fn_801CE594.o
[512/918] EXTERNALIZE build/GEDE01/src/game/game_fn_8014549C.o
[513/918] EXTERNALIZE build/GEDE01/src/game/game_fn_801C8224.o
[514/918] EXTERNALIZE build/GEDE01/src/game/game_fn_801098C0.o
[515/918] EXTERNALIZE build/GEDE01/src/game/game_fn_8000FDE8.o
[516/918] EXTERNALIZE build/GEDE01/src/game/game_fn_80185F10.o
[517/918] EXTERNALIZE build/GEDE01/src/game/game_fn_801C29BC.o
[518/918] EXTERNALIZE build/GEDE01/src/game/game_fn_801C8F50.o
[519/918] EXTERNALIZE build/GEDE01/src/game/game_fn_8007B828.o
[520/918] EXTERNALIZE build/GEDE01/src/game/game_fn_801C90A4.o
[521/918] EXTERNALIZE build/GEDE01/src/game/game_fn_801C8160.o
[522/918] EXTERNALIZE build/GEDE01/src/game/game_fn_801C2AAC.o
[523/918] EXTERNALIZE build/GEDE01/src/game/game_fn_801C2D9C.o
[524/918] EXTERNALIZE build/GEDE01/src/game/game_fn_801C2980.o
[525/918] EXTERNALIZE build/GEDE01/src/game/game_fn_801B02F0.o
[526/918] EXTERNALIZE build/GEDE01/src/game/game_fn_801AFA74.o
[527/918] EXTERNALIZE build/GEDE01/src/game/game_fn_801AC8AC.o
[528/918] EXTERNALIZE build/GEDE01/src/game/game_fn_801ABD3C.o
[529/918] EXTERNALIZE build/GEDE01/src/game/game_fn_801816D4.o
[530/918] EXTERNALIZE build/GEDE01/src/game/game_fn_8011F140.o
[531/918] EXTERNALIZE build/GEDE01/src/game/game_fn_8004998C.o
[532/918] EXTERNALIZE build/GEDE01/src/game/game_fn_801AD08C.o
[533/918] EXTERNALIZE build/GEDE01/src/game/game_fn_80079AA4.o
[534/918] EXTERNALIZE build/GEDE01/src/game/game_fn_801A3A78.o
[535/918] EXTERNALIZE build/GEDE01/src/game/game_fn_80158D38.o
[536/918] EXTERNALIZE build/GEDE01/src/game/game_fn_8008F224.o
[537/918] EXTERNALIZE build/GEDE01/src/game/game_fn_80167454.o
[538/918] EXTERNALIZE build/GEDE01/src/game/game_fn_800AF230.o
[539/918] EXTERNALIZE build/GEDE01/src/game/game_fn_801AB154.o
[540/918] EXTERNALIZE build/GEDE01/src/game/game_fn_801A93E8.o
[541/918] EXTERNALIZE build/GEDE01/src/game/game_fn_801A7E04.o
[542/918] EXTERNALIZE build/GEDE01/src/game/game_fn_801A7EA8.o
[543/918] EXTERNALIZE build/GEDE01/src/game/game_fn_801A6CB4.o
[544/918] EXTERNALIZE build/GEDE01/src/game/game_fn_801A6C58.o
[545/918] EXTERNALIZE build/GEDE01/src/game/game_fn_801A4CE0.o
[546/918] NAME JUMPTABLE build/GEDE01/src/game/game_fn_801A6ADC.o
[547/918] EXTERNALIZE build/GEDE01/src/game/game_fn_801A6410.o
[548/918] EXTERNALIZE build/GEDE01/src/game/game_fn_801A5FB0.o
[549/918] EXTERNALIZE build/GEDE01/src/game/game_fn_801A1F18.o
[550/918] EXTERNALIZE build/GEDE01/src/game/game_fn_8019E8C8.o
[551/918] EXTERNALIZE build/GEDE01/src/game/game_fn_8019E5E4.o
[552/918] EXTERNALIZE build/GEDE01/src/game/game_fn_8019CC28.o
[553/918] EXTERNALIZE build/GEDE01/src/game/game_fn_8019CFC4.o
[554/918] EXTERNALIZE build/GEDE01/src/game/game_fn_801991E0.o
[555/918] EXTERNALIZE build/GEDE01/src/game/game_fn_80198BF4.o
[556/918] EXTERNALIZE build/GEDE01/src/game/game_fn_80198AAC.o
[557/918] EXTERNALIZE build/GEDE01/src/game/game_fn_80198154.o
[558/918] EXTERNALIZE build/GEDE01/src/game/game_fn_80194F80.o
[559/918] EXTERNALIZE build/GEDE01/src/game/game_fn_80177434.o
repointed 2 relocations to lbl_80250588
[560/918] EXTERNALIZE build/GEDE01/src/game/game_fn_80197910.o
[561/918] EXTERNALIZE build/GEDE01/src/game/game_fn_80193E1C.o
[562/918] EXTERNALIZE build/GEDE01/src/game/game_fn_801931C4.o
[563/918] EXTERNALIZE build/GEDE01/src/game/game_fn_80193F3C.o
[564/918] EXTERNALIZE build/GEDE01/src/game/game_fn_80192F54.o
[565/918] EXTERNALIZE build/GEDE01/src/game/game_fn_80191F58.o
[566/918] EXTERNALIZE build/GEDE01/src/game/game_fn_8019197C.o
[567/918] EXTERNALIZE build/GEDE01/src/game/game_fn_80191360.o
[568/918] GLOBALIZE build/GEDE01/src/game/game_fn_8018F1D0.o
[569/918] EXTERNALIZE build/GEDE01/src/game/game_fn_8018D688.o
[570/918] EXTERNALIZE build/GEDE01/src/game/game_fn_8018F81C.o
[571/918] EXTERNALIZE build/GEDE01/src/game/game_fn_8018D2E0.o
[572/918] EXTERNALIZE build/GEDE01/src/game/game_fn_80189968.o
[573/918] EXTERNALIZE build/GEDE01/src/game/game_fn_8018D1F0.o
[574/918] EXTERNALIZE build/GEDE01/src/game/game_fn_80189760.o
[575/918] EXTERNALIZE build/GEDE01/src/game/game_fn_801896A0.o
[576/918] EXTERNALIZE build/GEDE01/src/game/game_fn_801895E8.o
[577/918] EXTERNALIZE build/GEDE01/src/game/game_fn_801891D8.o
[578/918] EXTERNALIZE build/GEDE01/src/game/game_fn_80189390.o
[579/918] EXTERNALIZE build/GEDE01/src/game/game_fn_80188E28.o
[580/918] EXTERNALIZE build/GEDE01/src/game/game_fn_80189028.o
[581/918] EXTERNALIZE build/GEDE01/src/game/game_fn_80188C1C.o
[582/918] EXTERNALIZE build/GEDE01/src/game/game_fn_80188B44.o
[583/918] EXTERNALIZE build/GEDE01/src/game/game_fn_80188A7C.o
[584/918] EXTERNALIZE build/GEDE01/src/game/game_fn_801878E0.o
[585/918] EXTERNALIZE build/GEDE01/src/game/game_fn_80187120.o
[586/918] EXTERNALIZE build/GEDE01/src/game/game_fn_80186E10.o
[587/918] EXTERNALIZE build/GEDE01/src/game/game_fn_8018FEDC.o
[588/918] EXTERNALIZE build/GEDE01/src/game/game_fn_80185AE8.o
[589/918] EXTERNALIZE build/GEDE01/src/game/game_fn_801865EC.o
[590/918] EXTERNALIZE build/GEDE01/src/game/game_fn_801859FC.o
[591/918] EXTERNALIZE build/GEDE01/src/game/game_fn_80180DDC.o
[592/918] EXTERNALIZE build/GEDE01/src/game/game_fn_8017E958.o
[593/918] EXTERNALIZE build/GEDE01/src/game/game_fn_8017E850.o
[594/918] EXTERNALIZE build/GEDE01/src/game/game_fn_8017718C.o
[595/918] EXTERNALIZE build/GEDE01/src/game/game_fn_801770F8.o
[596/918] EXTERNALIZE build/GEDE01/src/game/game_fn_80176DF4.o
[597/918] EXTERNALIZE build/GEDE01/src/game/game_fn_80176FA0.o
[598/918] EXTERNALIZE build/GEDE01/src/game/game_fn_80174358.o
[599/918] EXTERNALIZE build/GEDE01/src/game/game_fn_80173F04.o
[600/918] EXTERNALIZE build/GEDE01/src/game/game_fn_80174184.o
[601/918] EXTERNALIZE build/GEDE01/src/game/game_fn_8017553C.o
[602/918] EXTERNALIZE build/GEDE01/src/game/game_fn_80173D44.o
[603/918] EXTERNALIZE build/GEDE01/src/game/game_fn_80173770.o
[604/918] EXTERNALIZE build/GEDE01/src/game/game_fn_801734B4.o
[605/918] EXTERNALIZE build/GEDE01/src/game/game_fn_80173270.o
[606/918] EXTERNALIZE build/GEDE01/src/game/game_fn_80172DB8.o
[607/918] EXTERNALIZE build/GEDE01/src/game/game_fn_80172C78.o
[608/918] EXTERNALIZE build/GEDE01/src/game/game_fn_801726EC.o
[609/918] EXTERNALIZE build/GEDE01/src/game/game_fn_80172BB0.o
[610/918] EXTERNALIZE build/GEDE01/src/game/game_fn_8017250C.o
[611/918] EXTERNALIZE build/GEDE01/src/game/game_fn_80171F30.o
[612/918] EXTERNALIZE build/GEDE01/src/game/game_fn_801718F4.o
[613/918] EXTERNALIZE build/GEDE01/src/game/game_fn_801719B4.o
[614/918] EXTERNALIZE build/GEDE01/src/game/game_fn_80171664.o
[615/918] EXTERNALIZE build/GEDE01/src/game/game_fn_8017138C.o
[616/918] EXTERNALIZE build/GEDE01/src/game/game_fn_80170A40.o
[617/918] EXTERNALIZE build/GEDE01/src/game/game_fn_801706DC.o
[618/918] NORMALIZE build/GEDE01/src/game/game_TRKNubWelcome.o
[619/918] NORMALIZE build/GEDE01/src/game/game_TRK_main.o
[620/918] NORMALIZE build/GEDE01/src/game/game_data_80239E10.o
[621/918] NORMALIZE build/GEDE01/src/game/game_data_80239E18.o
[622/918] EXTERNALIZE build/GEDE01/src/game/game_fn_80170E9C.o
[623/918] EXTERNALIZE build/GEDE01/src/game/game_fn_8017652C.o
[624/918] EXTERNALIZE build/GEDE01/src/game/game_fn_80175E64.o
[625/918] EXTERNALIZE build/GEDE01/src/game/game_fn_80175F0C.o
[626/918] EXTERNALIZE build/GEDE01/src/game/game_fn_80175FD4.o
[627/918] EXTERNALIZE build/GEDE01/src/game/game_fn_80176098.o
[628/918] EXTERNALIZE build/GEDE01/src/game/game_fn_80176160.o
[629/918] EXTERNALIZE build/GEDE01/src/game/game_fn_80176220.o
[630/918] EXTERNALIZE build/GEDE01/src/game/game_fn_80170DF4.o
[631/918] EXTERNALIZE build/GEDE01/src/game/game_fn_801762E8.o
[632/918] EXTERNALIZE build/GEDE01/src/game/game_fn_8016E8F8.o
[633/918] EXTERNALIZE build/GEDE01/src/game/game_fn_8016FEF8.o
[634/918] EXTERNALIZE build/GEDE01/src/game/game_fn_801704F8.o
[635/918] EXTERNALIZE build/GEDE01/src/game/game_fn_8016D2B8.o
[636/918] NORMALIZE build/GEDE01/src/game/game_fn_8016DF4C.o
[637/918] EXTERNALIZE build/GEDE01/src/game/game_fn_8016D1F8.o
[638/918] EXTERNALIZE build/GEDE01/src/game/game_fn_8016D040.o
[639/918] EXTERNALIZE build/GEDE01/src/game/game_fn_8016C774.o
[640/918] EXTERNALIZE build/GEDE01/src/game/game_fn_8016C4BC.o
[641/918] EXTERNALIZE build/GEDE01/src/game/game_fn_8016C164.o
[642/918] EXTERNALIZE build/GEDE01/src/game/game_fn_8016C238.o
[643/918] EXTERNALIZE build/GEDE01/src/game/game_fn_8017038C.o
[644/918] EXTERNALIZE build/GEDE01/src/game/game_fn_8016C0BC.o
[645/918] EXTERNALIZE build/GEDE01/src/game/game_fn_8016BF60.o
[646/918] EXTERNALIZE build/GEDE01/src/game/game_fn_8016BE1C.o
[647/918] EXTERNALIZE build/GEDE01/src/game/game_fn_8016BD0C.o
[648/918] EXTERNALIZE build/GEDE01/src/game/game_fn_80169650.o
[649/918] EXTERNALIZE build/GEDE01/src/game/game_fn_80167B5C.o
[650/918] EXTERNALIZE build/GEDE01/src/game/game_fn_8015EDC0.o
[651/918] EXTERNALIZE build/GEDE01/src/game/game_fn_8015DB84.o
[652/918] EXTERNALIZE build/GEDE01/src/game/game_fn_8015DC54.o
[653/918] EXTERNALIZE build/GEDE01/src/game/game_fn_80158B20.o
[654/918] EXTERNALIZE build/GEDE01/src/game/game_fn_80179398.o
[655/918] EXTERNALIZE build/GEDE01/src/game/game_fn_8017974C.o
[656/918] EXTERNALIZE build/GEDE01/src/game/game_fn_8017960C.o
[657/918] EXTERNALIZE build/GEDE01/src/game/game_fn_80179904.o
[658/918] EXTERNALIZE build/GEDE01/src/game/game_fn_8017A9B8.o
[659/918] EXTERNALIZE build/GEDE01/src/game/game_fn_80179A18.o
[660/918] EXTERNALIZE build/GEDE01/src/game/game_fn_80179A74.o
[661/918] EXTERNALIZE build/GEDE01/src/game/game_fn_80179EB8.o
[662/918] EXTERNALIZE build/GEDE01/src/game/game_fn_80179F20.o
[663/918] EXTERNALIZE build/GEDE01/src/game/game_fn_8017A010.o
[664/918] EXTERNALIZE build/GEDE01/src/game/game_fn_8017A12C.o
[665/918] EXTERNALIZE build/GEDE01/src/game/game_fn_80157C0C.o
[666/918] EXTERNALIZE build/GEDE01/src/game/game_fn_8017A1C0.o
[667/918] EXTERNALIZE build/GEDE01/src/game/game_fn_80155814.o
[668/918] EXTERNALIZE build/GEDE01/src/game/game_fn_80153898.o
[669/918] EXTERNALIZE build/GEDE01/src/game/game_fn_8014B494.o
[670/918] EXTERNALIZE build/GEDE01/src/game/game_fn_8014AF38.o
[671/918] EXTERNALIZE build/GEDE01/src/game/game_fn_8012DB28.o
[672/918] EXTERNALIZE build/GEDE01/src/game/game_fn_801141B8.o
[673/918] EXTERNALIZE build/GEDE01/src/game/game_fn_801128E4.o
[674/918] EXTERNALIZE build/GEDE01/src/game/game_fn_801126E0.o
[675/918] EXTERNALIZE build/GEDE01/src/game/game_fn_8010F184.o
[676/918] EXTERNALIZE build/GEDE01/src/game/game_fn_800E4980.o
[677/918] EXTERNALIZE build/GEDE01/src/game/game_fn_800C17EC.o
[678/918] EXTERNALIZE build/GEDE01/src/game/game_fn_800C030C.o
[679/918] EXTERNALIZE build/GEDE01/src/game/game_fn_800C59F0.o
[680/918] EXTERNALIZE build/GEDE01/src/game/game_fn_800C644C.o
[681/918] EXTERNALIZE build/GEDE01/src/game/game_fn_800C65FC.o
[682/918] EXTERNALIZE build/GEDE01/src/game/game_fn_800CB760.o
[683/918] EXTERNALIZE build/GEDE01/src/game/game_fn_800CB8F4.o
[684/918] EXTERNALIZE build/GEDE01/src/game/game_fn_80078500.o
[685/918] EXTERNALIZE build/GEDE01/src/game/game_fn_80079908.o
[686/918] EXTERNALIZE build/GEDE01/src/game/game_fn_8007B2F4.o
[687/918] EXTERNALIZE build/GEDE01/src/game/game_fn_8007B540.o
[688/918] EXTERNALIZE build/GEDE01/src/game/game_fn_8007B640.o
[689/918] EXTERNALIZE build/GEDE01/src/game/game_fn_800886D8.o
[690/918] EXTERNALIZE build/GEDE01/src/game/game_fn_8007BA3C.o
[691/918] EXTERNALIZE build/GEDE01/src/game/game_fn_800934A0.o
[692/918] EXTERNALIZE build/GEDE01/src/game/game_fn_800A3894.o
[693/918] EXTERNALIZE build/GEDE01/src/game/game_fn_800A7E88.o
[694/918] EXTERNALIZE build/GEDE01/src/game/game_fn_800A4798.o
[695/918] GLOBALIZE build/GEDE01/src/game/game_fn_800A2130.o
[696/918] EXTERNALIZE build/GEDE01/src/game/game_fn_800A2FCC.o
[697/918] EXTERNALIZE build/GEDE01/src/game/game_fn_8009C424.o
[698/918] EXTERNALIZE SWITCHES build/GEDE01/src/game/game_fn_80095FDC.o
[699/918] EXTERNALIZE build/GEDE01/src/game/game_fn_80096830.o
[700/918] GLOBALIZE build/GEDE01/src/game/game_fn_8008F890.o
[701/918] EXTERNALIZE build/GEDE01/src/game/game_fn_80074310.o
[702/918] EXTERNALIZE build/GEDE01/src/game/game_fn_800A4428.o
[703/918] GLOBALIZE build/GEDE01/src/game/game_fn_8005FD84.o
[704/918] EXTERNALIZE build/GEDE01/src/game/game_fn_80066888.o
[705/918] EXTERNALIZE build/GEDE01/src/game/game_fn_8005EC6C.o
[706/918] EXTERNALIZE build/GEDE01/src/game/game_fn_80052310.o
[707/918] EXTERNALIZE build/GEDE01/src/game/game_fn_80048B24.o
[708/918] NAME SWITCH build/GEDE01/src/game/game_fn_80020E94.o
[709/918] NAME SWITCH build/GEDE01/src/game/game_fn_8005EE9C.o
[710/918] NAME SWITCH build/GEDE01/src/game/game_fn_8016D9C0.o
[711/918] NAME SWITCH build/GEDE01/src/game/game_fn_80071A58.o
[712/918] EXTERNALIZE build/GEDE01/src/game/game_fn_80048ADC.o
[713/918] NAME SWITCH build/GEDE01/src/game/game_fn_8006B620.o
[714/918] NAME SWITCH build/GEDE01/src/game/game_fn_8001FE1C.o
[715/918] NAME SWITCH build/GEDE01/src/game/game_fn_8001E644.o
[716/918] EXTERNALIZE build/GEDE01/src/game/game_fn_80038878.o
[717/918] EXTERNALIZE build/GEDE01/src/game/game_fn_801B46C8.o
build/GEDE01/src/game/game_fn_801B46C8.o: lbl_8060C020 now undefined; section 6 emptied
[718/918] EXTERNALIZE build/GEDE01/src/game/game_fn_80036C40.o
[719/918] EXTERNALIZE build/GEDE01/src/game/game_fn_800359A0.o
[720/918] EXTERNALIZE build/GEDE01/src/game/game_fn_80033180.o
[721/918] EXTERNALIZE build/GEDE01/src/game/game_fn_80033038.o
[722/918] EXTERNALIZE build/GEDE01/src/game/game_fn_8003232C.o
[723/918] EXTERNALIZE build/GEDE01/src/game/game_fn_80032B84.o
[724/918] EXTERNALIZE build/GEDE01/src/game/game_fn_8002DAE0.o
[725/918] EXTERNALIZE build/GEDE01/src/game/game_fn_8002E3F0.o
[726/918] EXTERNALIZE build/GEDE01/src/game/game_fn_8002F428.o
[727/918] EXTERNALIZE build/GEDE01/src/game/game_fn_8002EA68.o
[728/918] GLOBALIZE build/GEDE01/src/game/game_fn_8002B748.o
[729/918] NAME SWITCHES build/GEDE01/src/game/game_fn_80024F28.o
[730/918] EXTERNALIZE build/GEDE01/src/game/game_fn_800272B4.o
[731/918] EXTERNALIZE build/GEDE01/src/game/game_fn_8001CE94.o
[732/918] EXTERNALIZE build/GEDE01/src/game/game_fn_8001CD58.o
[733/918] EXTERNALIZE build/GEDE01/src/game/game_fn_8001C078.o
[734/918] EXTERNALIZE build/GEDE01/src/game/game_fn_8001B874.o
[735/918] EXTERNALIZE build/GEDE01/src/game/game_fn_8001B808.o
[736/918] EXTERNALIZE build/GEDE01/src/game/game_fn_8001B124.o
[737/918] EXTERNALIZE build/GEDE01/src/game/game_fn_8001B294.o
[738/918] EXTERNALIZE build/GEDE01/src/game/game_fn_8001ADF8.o
[739/918] EXTERNALIZE build/GEDE01/src/game/game_fn_8001AF68.o
[740/918] EXTERNALIZE build/GEDE01/src/game/game_fn_8001AAB8.o
[741/918] EXTERNALIZE build/GEDE01/src/game/game_fn_80019F98.o
[742/918] EXTERNALIZE build/GEDE01/src/game/game_fn_8001A6C4.o
[743/918] EXTERNALIZE build/GEDE01/src/game/game_fn_80019C10.o
[744/918] EXTERNALIZE build/GEDE01/src/game/game_fn_80019D2C.o
[745/918] EXTERNALIZE build/GEDE01/src/game/game_fn_80019940.o
[746/918] EXTERNALIZE build/GEDE01/src/game/game_fn_800194D0.o
[747/918] EXTERNALIZE build/GEDE01/src/game/game_fn_80019054.o
[748/918] EXTERNALIZE build/GEDE01/src/game/game_fn_80019244.o
[749/918] EXTERNALIZE build/GEDE01/src/game/game_fn_80018EF4.o
[750/918] EXTERNALIZE build/GEDE01/src/game/game_fn_80017DB0.o
[751/918] EXTERNALIZE build/GEDE01/src/game/game_fn_80017CC8.o
[752/918] EXTERNALIZE build/GEDE01/src/game/game_fn_80017C3C.o
[753/918] EXTERNALIZE build/GEDE01/src/game/game_fn_80017AE4.o
[754/918] EXTERNALIZE build/GEDE01/src/game/game_fn_80017A3C.o
[755/918] EXTERNALIZE build/GEDE01/src/game/game_fn_800179AC.o
[756/918] EXTERNALIZE build/GEDE01/src/game/game_fn_80017910.o
[757/918] EXTERNALIZE FLAGS build/GEDE01/src/game/game_fn_800119FC.o
[758/918] EXTERNALIZE build/GEDE01/src/game/game_fn_8000FFD8.o
[759/918] EXTERNALIZE build/GEDE01/src/game/game_fn_8000F4B0.o
[760/918] EXTERNALIZE build/GEDE01/src/game/game_fn_8000EFC4.o
[761/918] GLOBALIZE build/GEDE01/src/game/game_fn_800094C0.o
[762/918] EXTERNALIZE build/GEDE01/src/game/game_fn_800096E0.o
[763/918] EXTERNALIZE build/GEDE01/src/game/game_fn_800098C0.o
[764/918] EXTERNALIZE build/GEDE01/src/game/game_fn_800099D8.o
[765/918] EXTERNALIZE build/GEDE01/src/game/game_fn_80009AB4.o
[766/918] EXTERNALIZE build/GEDE01/src/game/game_fn_8000A26C.o
[767/918] EXTERNALIZE build/GEDE01/src/game/game_fn_800171C0.o
[768/918] EXTERNALIZE build/GEDE01/src/game/game_fn_800176F0.o
[769/918] EXTERNALIZE build/GEDE01/src/game/game_fn_8000AC88.o
[770/918] EXTERNALIZE build/GEDE01/src/game/game_fn_8000AEB4.o
[771/918] EXTERNALIZE build/GEDE01/src/game/game_fn_8000AFB4.o
[772/918] EXTERNALIZE build/GEDE01/src/game/game_fn_8000B1B8.o
[773/918] EXTERNALIZE build/GEDE01/src/game/game_fn_8000B36C.o
[774/918] EXTERNALIZE build/GEDE01/src/game/game_fn_8000B630.o
[775/918] EXTERNALIZE build/GEDE01/src/game/game_fn_8000B7FC.o
[776/918] EXTERNALIZE build/GEDE01/src/game/game_fn_8000B900.o
[777/918] EXTERNALIZE build/GEDE01/src/game/game_fn_8000BA0C.o
[778/918] EXTERNALIZE build/GEDE01/src/game/game_fn_8000BAA0.o
[779/918] EXTERNALIZE build/GEDE01/src/game/game_fn_8000BC40.o
[780/918] EXTERNALIZE build/GEDE01/src/game/game_fn_8000C06C.o
[781/918] EXTERNALIZE build/GEDE01/src/game/game_fn_8000C17C.o
[782/918] EXTERNALIZE build/GEDE01/src/game/game_fn_8000C400.o
[783/918] EXTERNALIZE build/GEDE01/src/game/game_fn_8000C848.o
[784/918] EXTERNALIZE build/GEDE01/src/game/game_fn_8000C91C.o
[785/918] EXTERNALIZE build/GEDE01/src/game/game_fn_8000D0BC.o
[786/918] NAME SWITCH build/GEDE01/src/game/game_fn_8000D8A4.o
[787/918] EXTERNALIZE build/GEDE01/src/game/game_fn_8000E054.o
[788/918] EXTERNALIZE build/GEDE01/src/game/game_fn_8000D3D4.o
[789/918] EXTERNALIZE build/GEDE01/src/game/game_fn_8000E0AC.o
[790/918] EXTERNALIZE build/GEDE01/src/game/game_fn_8000E96C.o
[791/918] EXTERNALIZE build/GEDE01/src/game/game_fn_8000F774.o
[792/918] EXTERNALIZE build/GEDE01/src/game/game_fn_8000EB14.o
[793/918] EXTERNALIZE build/GEDE01/src/game/game_fn_8000ED44.o
[794/918] EXTERNALIZE build/GEDE01/src/game/game_fn_8000EBD4.o
[795/918] EXTERNALIZE build/GEDE01/src/game/game_fn_8000E138.o
[796/918] EXTERNALIZE build/GEDE01/src/game/game_fn_8000E1C4.o
[797/918] EXTERNALIZE build/GEDE01/src/game/game_fn_8000D590.o
[798/918] EXTERNALIZE build/GEDE01/src/game/game_fn_8000DA50.o
[799/918] EXTERNALIZE build/GEDE01/src/game/game_fn_8000DAF4.o
[800/918] EXTERNALIZE build/GEDE01/src/game/game_fn_80012DA8.o
[801/918] EXTERNALIZE build/GEDE01/src/game/game_fn_80012F40.o
[802/918] EXTERNALIZE build/GEDE01/src/game/game_fn_80012FD0.o
[803/918] EXTERNALIZE build/GEDE01/src/game/game_fn_800131E8.o
[804/918] EXTERNALIZE build/GEDE01/src/game/game_fn_80013340.o
[805/918] EXTERNALIZE build/GEDE01/src/game/game_fn_80013870.o
[806/918] EXTERNALIZE build/GEDE01/src/game/game_fn_80013CB0.o
[807/918] EXTERNALIZE build/GEDE01/src/game/game_fn_80013D54.o
[808/918] EXTERNALIZE build/GEDE01/src/game/game_fn_800142DC.o
[809/918] EXTERNALIZE build/GEDE01/src/game/game_fn_80014784.o
[810/918] EXTERNALIZE build/GEDE01/src/game/game_fn_800144CC.o
[811/918] EXTERNALIZE build/GEDE01/src/game/game_fn_80015058.o
[812/918] EXTERNALIZE build/GEDE01/src/game/game_fn_800149D4.o
[813/918] EXTERNALIZE build/GEDE01/src/game/game_fn_80015568.o
[814/918] EXTERNALIZE build/GEDE01/src/game/game_fn_80015320.o
[815/918] EXTERNALIZE build/GEDE01/src/game/game_fn_800156FC.o
[816/918] EXTERNALIZE build/GEDE01/src/game/game_fn_80015BE0.o
[817/918] EXTERNALIZE build/GEDE01/src/game/game_fn_80015F04.o
[818/918] EXTERNALIZE build/GEDE01/src/game/game_fn_80015D40.o
[819/918] EXTERNALIZE build/GEDE01/src/game/game_fn_80016128.o
[820/918] EXTERNALIZE build/GEDE01/src/game/game_fn_80016270.o
[821/918] EXTERNALIZE build/GEDE01/src/game/game_fn_80016904.o
[822/918] EXTERNALIZE build/GEDE01/src/game/game_fn_800173CC.o
[823/918] EXTERNALIZE build/GEDE01/src/game/game_fn_80016B24.o
[824/918] EXTERNALIZE build/GEDE01/src/game/game_fn_801BEF40.o
[825/918] EXTERNALIZE build/GEDE01/src/game/game_fn_801B86C0.o
[826/918] EXTERNALIZE STATIC POOL build/GEDE01/src/game/game_fn_801C4B5C.o
build/GEDE01/src/game/game_fn_801C4B5C.o: lbl_80628CB0 now undefined; section 6 emptied
[827/918] EXTERNALIZE build/GEDE01/src/game/game_fn_801C8600.o
[828/918] EXTERNALIZE build/GEDE01/src/game/game_fn_80173BDC.o
[829/918] EXTERNALIZE build/GEDE01/src/game/game_fn_801E7014.o
[830/918] EXTERNALIZE build/GEDE01/src/game/game_fn_8014BA14.o
[831/918] EXTERNALIZE build/GEDE01/src/game/game_fn_801A4430.o
[832/918] EXTERNALIZE build/GEDE01/src/game/game_fn_800B2EC0.o
[833/918] EXTERNALIZE build/GEDE01/src/game/game_fn_8001CA04.o
[834/918] EXTERNALIZE build/GEDE01/src/game/game_fn_80031544.o
[835/918] EXTERNALIZE build/GEDE01/src/game/game_fn_8006B0F0.o
[836/918] EXTERNALIZE build/GEDE01/src/game/game_fn_8007D4D8.o
[837/918] EXTERNALIZE build/GEDE01/src/game/game_fn_8007F770.o
[838/918] EXTERNALIZE build/GEDE01/src/game/game_fn_80088F4C.o
[839/918] EXTERNALIZE build/GEDE01/src/game/game_fn_8008A2E0.o
[840/918] EXTERNALIZE build/GEDE01/src/game/game_fn_80089A34.o
[841/918] EXTERNALIZE build/GEDE01/src/game/game_fn_80090004.o
[842/918] EXTERNALIZE build/GEDE01/src/game/game_fn_80095D10.o
[843/918] EXTERNALIZE build/GEDE01/src/game/game_fn_800A3180.o
[844/918] EXTERNALIZE build/GEDE01/src/game/game_fn_800BB7A8.o
[845/918] EXTERNALIZE build/GEDE01/src/game/game_fn_800BB5C4.o
[846/918] EXTERNALIZE build/GEDE01/src/game/game_fn_800BBAF0.o
[847/918] EXTERNALIZE build/GEDE01/src/game/game_fn_800BB9A4.o
[848/918] EXTERNALIZE build/GEDE01/src/game/game_fn_800D9E10.o
[849/918] EXTERNALIZE build/GEDE01/src/game/game_fn_800D9064.o
[850/918] EXTERNALIZE build/GEDE01/src/game/game_fn_8012976C.o
[851/918] EXTERNALIZE build/GEDE01/src/game/game_fn_8013DB8C.o
[852/918] EXTERNALIZE build/GEDE01/src/game/game_fn_8013CBE4.o
[853/918] EXTERNALIZE build/GEDE01/src/game/game_fn_8014CA98.o
[854/918] EXTERNALIZE build/GEDE01/src/game/game_fn_80153A24.o
[855/918] EXTERNALIZE build/GEDE01/src/game/game_fn_801535D8.o
[856/918] EXTERNALIZE build/GEDE01/src/game/game_fn_80174F2C.o
[857/918] EXTERNALIZE build/GEDE01/src/game/game_fn_801752B0.o
[858/918] EXTERNALIZE build/GEDE01/src/game/game_fn_8017AC20.o
[859/918] EXTERNALIZE build/GEDE01/src/game/game_fn_801861C4.o
[860/918] EXTERNALIZE build/GEDE01/src/game/game_fn_8018680C.o
[861/918] EXTERNALIZE build/GEDE01/src/game/game_fn_80186F70.o
[862/918] EXTERNALIZE build/GEDE01/src/game/game_fn_80187320.o
[863/918] EXTERNALIZE build/GEDE01/src/game/game_fn_801810A0.o
[864/918] EXTERNALIZE build/GEDE01/src/game/game_fn_800542D0.o
[865/918] EXTERNALIZE build/GEDE01/src/game/game_fn_801875FC.o
[866/918] EXTERNALIZE build/GEDE01/src/game/game_fn_80187E40.o
[867/918] EXTERNALIZE build/GEDE01/src/game/game_fn_80187BB4.o
[868/918] EXTERNALIZE build/GEDE01/src/game/game_fn_80189C14.o
[869/918] EXTERNALIZE build/GEDE01/src/game/game_fn_8018D400.o
[870/918] EXTERNALIZE build/GEDE01/src/game/game_fn_8018C2D0.o
[871/918] EXTERNALIZE build/GEDE01/src/game/game_fn_8018E0D8.o
[872/918] EXTERNALIZE build/GEDE01/src/game/game_fn_8019120C.o
[873/918] EXTERNALIZE build/GEDE01/src/game/game_fn_8018DC24.o
[874/918] EXTERNALIZE build/GEDE01/src/game/game_fn_801916D0.o
[875/918] EXTERNALIZE build/GEDE01/src/game/game_fn_801926EC.o
[876/918] EXTERNALIZE build/GEDE01/src/game/game_fn_801929A4.o
[877/918] EXTERNALIZE build/GEDE01/src/game/game_fn_801A2A54.o
[878/918] EXTERNALIZE build/GEDE01/src/game/game_fn_801952E8.o
[879/918] EXTERNALIZE build/GEDE01/src/game/game_fn_801A34BC.o
[880/918] EXTERNALIZE build/GEDE01/src/game/game_fn_801A657C.o
[881/918] EXTERNALIZE build/GEDE01/src/game/game_fn_801D1F78.o
[882/918] EXTERNALIZE build/GEDE01/src/game/game_fn_801E2A48.o
[883/918] EXTERNALIZE build/GEDE01/src/game/game_fn_801E6814.o
[884/918] EXTERNALIZE build/GEDE01/src/game/game_fn_801E995C.o
[885/918] EXTERNALIZE build/GEDE01/src/game/game_fn_801EF580.o
[886/918] EXTERNALIZE build/GEDE01/src/game/game_fn_801F0CB0.o
[887/918] EXTERNALIZE build/GEDE01/src/game/game_fn_801F10BC.o
[888/918] EXTERNALIZE build/GEDE01/src/game/game_fn_801F35A8.o
[889/918] EXTERNALIZE build/GEDE01/src/game/game_fn_801ECD74.o
[890/918] EXTERNALIZE build/GEDE01/src/game/game_fn_801ED5F4.o
[891/918] EXTERNALIZE build/GEDE01/src/game/game_fn_801F69F0.o
[892/918] EXTERNALIZE build/GEDE01/src/game/game_fn_801F76EC.o
[893/918] EXTERNALIZE build/GEDE01/src/game/game_fn_801F8264.o
[894/918] EXTERNALIZE build/GEDE01/src/game/game_fn_801F89B4.o
[895/918] EXTERNALIZE build/GEDE01/src/game/game_fn_801F9AF8.o
[896/918] EXTERNALIZE build/GEDE01/src/game/game_fn_801F6BD8.o
[897/918] EXTERNALIZE JUMPTABLES build/GEDE01/src/game/game_fn_800361F8.o
[898/918] EXTERNALIZE build/GEDE01/src/game/game_fn_801FB6A4.o
[899/918] EXTERNALIZE JUMPTABLES build/GEDE01/src/game/game_fn_8006E53C.o
[900/918] EXTERNALIZE JUMPTABLES build/GEDE01/src/game/game_fn_800CF598.o
[901/918] EXTERNALIZE JUMPTABLES build/GEDE01/src/game/game_fn_801ACFE8.o
[902/918] EXTERNALIZE JUMPTABLES build/GEDE01/src/game/game_fn_801B1BA0.o
[903/918] EXTERNALIZE build/GEDE01/src/game/game_fn_801E504C.o
[904/918] EXTERNALIZE build/GEDE01/src/game/game_fn_80154F74.o
[905/918] EXTERNALIZE build/GEDE01/src/game/game_fn_8009E808.o
[906/918] EXTERNALIZE build/GEDE01/src/game/game_fn_801F1A38.o
[907/918] EXTERNALIZE build/GEDE01/src/game/game_fn_801F55A0.o
[908/918] EXTERNALIZE build/GEDE01/src/game/game_fn_801FFE78.o
[909/918] EXTERNALIZE build/GEDE01/src/game/game_fn_801F7510.o
[910/918] EXTERNALIZE build/GEDE01/src/game/game_fn_801F9CF4.o
[911/918] EXTERNALIZE build/GEDE01/src/game/game_fn_801FC034.o
[912/918] EXTERNALIZE build/GEDE01/src/game/game_fn_801FA9C8.o
[913/918] MWCC build/GEDE01/src/game/game_fn_80197D20.o
[914/918] REPORT
 INFO Loading project .
 INFO Generating report for 7068 units (using 8 threads)
 INFO Report generated in 0.173s
 INFO Writing to build/GEDE01/report.json
[915/918] LINK build/GEDE01/main.elf
### mwldeppc.exe Linker Warning:
#   Section '.ignored' is unknown. Section ignored.
### mwldeppc.exe Linker Warning:
#   Section '.ignored' is unknown. Section ignored.
### mwldeppc.exe Linker Warning:
#   Section '.ignored' is unknown. Section ignored.
### mwldeppc.exe Linker Warning:
#   Section '.ignored' is unknown. Section ignored.
### mwldeppc.exe Linker Warning:
#   Section '.ignored' is unknown. Section ignored.
### mwldeppc.exe Linker Warning:
#   Section '.ignored' is unknown. Section ignored.
### mwldeppc.exe Linker Warning:
#   Section '.ignored' is unknown. Section ignored.
### mwldeppc.exe Linker Warning:
#   Section '.ignored' is unknown. Section ignored.
### mwldeppc.exe Linker Warning:
#   Section '.ignored' is unknown. Section ignored.
### mwldeppc.exe Linker Warning:
#   Section '.ignored' is unknown. Section ignored.
### mwldeppc.exe Linker Warning:
#   Section '.ignored' is unknown. Section ignored.
### mwldeppc.exe Linker Warning:
#   Section '.ignored' is unknown. Section ignored.
### mwldeppc.exe Linker Warning:
#   Section '.ignored' is unknown. Section ignored.
### mwldeppc.exe Linker Warning:
#   Section '.ignored' is unknown. Section ignored.
### mwldeppc.exe Linker Warning:
#   Section '.ignored' is unknown. Section ignored.
### mwldeppc.exe Linker Warning:
#   Section '.ignored' is unknown. Section ignored.
### mwldeppc.exe Linker Warning:
#   Section '.ignored' is unknown. Section ignored.
### mwldeppc.exe Linker Warning:
#   Section '.ignored' is unknown. Section ignored.
### mwldeppc.exe Linker Warning:
#   Section '.ignored' is unknown. Section ignored.
### mwldeppc.exe Linker Warning:
#   Section '.ignored' is unknown. Section ignored.
### mwldeppc.exe Linker Warning:
#   Section '.ignored' is unknown. Section ignored.
### mwldeppc.exe Linker Warning:
#   Section '.ignored' is unknown. Section ignored.
### mwldeppc.exe Linker Warning:
#   Section '.ignored' is unknown. Section ignored.
### mwldeppc.exe Linker Warning:
#   Section '.ignored' is unknown. Section ignored.
### mwldeppc.exe Linker Warning:
#   Section '.ignored' is unknown. Section ignored.
### mwldeppc.exe Linker Warning:
#   Section '.ignored' is unknown. Section ignored.
### mwldeppc.exe Linker Warning:
#   Section '.ignored' is unknown. Section ignored.
### mwldeppc.exe Linker Warning:
#   Section '.ignored' is unknown. Section ignored.
### mwldeppc.exe Linker Warning:
#   Section '.ignored' is unknown. Section ignored.
### mwldeppc.exe Linker Warning:
#   Section '.ignored' is unknown. Section ignored.
### mwldeppc.exe Linker Warning:
#   Section '.ignored' is unknown. Section ignored.
### mwldeppc.exe Linker Warning:
#   Section '.ignored' is unknown. Section ignored.
### mwldeppc.exe Linker Warning:
#   Section '.ignored' is unknown. Section ignored.
### mwldeppc.exe Linker Warning:
#   Section '.ignored' is unknown. Section ignored.
### mwldeppc.exe Linker Warning:
#   Section '.ignored' is unknown. Section ignored.
### mwldeppc.exe Linker Warning:
#   Section '.ignored' is unknown. Section ignored.
### mwldeppc.exe Linker Warning:
#   Section '.ignored' is unknown. Section ignored.
### mwldeppc.exe Linker Warning:
#   Section '.ignored' is unknown. Section ignored.
### mwldeppc.exe Linker Warning:
#   Section '.ignored' is unknown. Section ignored.
### mwldeppc.exe Linker Warning:
#   Section '.ignored' is unknown. Section ignored.
### mwldeppc.exe Linker Warning:
#   Section '.ignored' is unknown. Section ignored.
### mwldeppc.exe Linker Warning:
#   Section '.ignored' is unknown. Section ignored.
### mwldeppc.exe Linker Warning:
#   Section '.ignored' is unknown. Section ignored.
### mwldeppc.exe Linker Warning:
#   Section '.ignored' is unknown. Section ignored.
### mwldeppc.exe Linker Warning:
#   Section '.ignored' is unknown. Section ignored.
### mwldeppc.exe Linker Warning:
#   Section '.ignored' is unknown. Section ignored.
### mwldeppc.exe Linker Warning:
#   Section '.ignored' is unknown. Section ignored.
### mwldeppc.exe Linker Warning:
#   Section '.ignored' is unknown. Section ignored.
### mwldeppc.exe Linker Warning:
#   Section '.ignored' is unknown. Section ignored.
### mwldeppc.exe Linker Warning:
#   Section '.ignored' is unknown. Section ignored.
### mwldeppc.exe Linker Warning:
#   Section '.ignored' is unknown. Section ignored.
### mwldeppc.exe Linker Warning:
#   Section '.ignored' is unknown. Section ignored.
### mwldeppc.exe Linker Warning:
#   Section '.ignored' is unknown. Section ignored.
### mwldeppc.exe Linker Warning:
#   Section '.ignored' is unknown. Section ignored.
### mwldeppc.exe Linker Warning:
#   Section '.ignored' is unknown. Section ignored.
### mwldeppc.exe Linker Warning:
#   Section '.ignored' is unknown. Section ignored.
### mwldeppc.exe Linker Warning:
#   Section '.ignored' is unknown. Section ignored.
### mwldeppc.exe Linker Warning:
#   Section '.ignored' is unknown. Section ignored.
### mwldeppc.exe Linker Warning:
#   Section '.ignored' is unknown. Section ignored.
### mwldeppc.exe Linker Warning:
#   Section '.ignored' is unknown. Section ignored.
### mwldeppc.exe Linker Warning:
#   Section '.ignored' is unknown. Section ignored.
### mwldeppc.exe Linker Warning:
#   Section '.ignored' is unknown. Section ignored.
### mwldeppc.exe Linker Warning:
#   Section '.ignored' is unknown. Section ignored.
### mwldeppc.exe Linker Warning:
#   Section '.ignored' is unknown. Section ignored.
### mwldeppc.exe Linker Warning:
#   Section '.ignored' is unknown. Section ignored.
### mwldeppc.exe Linker Warning:
#   Section '.ignored' is unknown. Section ignored.
### mwldeppc.exe Linker Warning:
#   Section '.ignored' is unknown. Section ignored.
### mwldeppc.exe Linker Warning:
#   Section '.ignored' is unknown. Section ignored.
### mwldeppc.exe Linker Warning:
#   Section '.ignored' is unknown. Section ignored.
### mwldeppc.exe Linker Warning:
#   Section '.ignored' is unknown. Section ignored.
### mwldeppc.exe Linker Warning:
#   Section '.ignored' is unknown. Section ignored.
### mwldeppc.exe Linker Warning:
#   Section '.ignored' is unknown. Section ignored.
### mwldeppc.exe Linker Warning:
#   Section '.ignored' is unknown. Section ignored.
### mwldeppc.exe Linker Warning:
#   Section '.ignored' is unknown. Section ignored.
### mwldeppc.exe Linker Warning:
#   Section '.ignored' is unknown. Section ignored.
### mwldeppc.exe Linker Warning:
#   Section '.ignored' is unknown. Section ignored.
### mwldeppc.exe Linker Warning:
#   Section '.ignored' is unknown. Section ignored.
### mwldeppc.exe Linker Warning:
#   Section '.ignored' is unknown. Section ignored.
### mwldeppc.exe Linker Warning:
#   Section '.ignored' is unknown. Section ignored.
### mwldeppc.exe Linker Warning:
#   Section '.ignored' is unknown. Section ignored.
### mwldeppc.exe Linker Warning:
#   Section '.ignored' is unknown. Section ignored.
### mwldeppc.exe Linker Warning:
#   Section '.ignored' is unknown. Section ignored.
### mwldeppc.exe Linker Warning:
#   Section '.ignored' is unknown. Section ignored.
### mwldeppc.exe Linker Warning:
#   Section '.ignored' is unknown. Section ignored.
### mwldeppc.exe Linker Warning:
#   Section '.ignored' is unknown. Section ignored.
### mwldeppc.exe Linker Warning:
#   Section '.ignored' is unknown. Section ignored.
### mwldeppc.exe Linker Warning:
#   Section '.ignored' is unknown. Section ignored.
### mwldeppc.exe Linker Warning:
#   Section '.ignored' is unknown. Section ignored.
### mwldeppc.exe Linker Warning:
#   Section '.ignored' is unknown. Section ignored.
### mwldeppc.exe Linker Warning:
#   Section '.ignored' is unknown. Section ignored.
### mwldeppc.exe Linker Warning:
#   Section '.ignored' is unknown. Section ignored.
### mwldeppc.exe Linker Warning:
#   Section '.ignored' is unknown. Section ignored.
### mwldeppc.exe Linker Warning:
#   Section '.ignored' is unknown. Section ignored.
### mwldeppc.exe Linker Warning:
#   Section '.ignored' is unknown. Section ignored.
### mwldeppc.exe Linker Warning:
#   Section '.ignored' is unknown. Section ignored.
### mwldeppc.exe Linker Warning:
#   Section '.ignored' is unknown. Section ignored.
### mwldeppc.exe Linker Warning:
#   Section '.ignored' is unknown. Section ignored.
### mwldeppc.exe Linker Warning:
#   Section '.ignored' is unknown. Section ignored.
### mwldeppc.exe Linker Warning:
#   Section '.ignored' is unknown. Section ignored.
### mwldeppc.exe Linker Warning:
#   Section '.ignored' is unknown. Section ignored.
### mwldeppc.exe Linker Warning:
#   Section '.ignored' is unknown. Section ignored.
### mwldeppc.exe Linker Warning:
#   Section '.ignored' is unknown. Section ignored.
### mwldeppc.exe Linker Warning:
#   Section '.ignored' is unknown. Section ignored.
### mwldeppc.exe Linker Warning:
#   Section '.ignored' is unknown. Section ignored.
### mwldeppc.exe Linker Warning:
#   Section '.ignored' is unknown. Section ignored.
### mwldeppc.exe Linker Warning:
#   Section '.ignored' is unknown. Section ignored.
### mwldeppc.exe Linker Warning:
#   Section '.ignored' is unknown. Section ignored.
### mwldeppc.exe Linker Warning:
#   Section '.ignored' is unknown. Section ignored.
### mwldeppc.exe Linker Warning:
#   Section '.ignored' is unknown. Section ignored.
### mwldeppc.exe Linker Warning:
#   Section '.ignored' is unknown. Section ignored.
### mwldeppc.exe Linker Warning:
#   Section '.ignored' is unknown. Section ignored.
### mwldeppc.exe Linker Warning:
#   Section '.ignored' is unknown. Section ignored.
### mwldeppc.exe Linker Warning:
#   Section '.ignored' is unknown. Section ignored.
### mwldeppc.exe Linker Warning:
#   Section '.ignored' is unknown. Section ignored.
### mwldeppc.exe Linker Warning:
#   Section '.ignored' is unknown. Section ignored.
### mwldeppc.exe Linker Warning:
#   Section '.ignored' is unknown. Section ignored.
### mwldeppc.exe Linker Warning:
#   Section '.ignored' is unknown. Section ignored.
### mwldeppc.exe Linker Warning:
#   Section '.ignored' is unknown. Section ignored.
### mwldeppc.exe Linker Warning:
#   Section '.ignored' is unknown. Section ignored.
### mwldeppc.exe Linker Warning:
#   Section '.ignored' is unknown. Section ignored.
### mwldeppc.exe Linker Warning:
#   Section '.ignored' is unknown. Section ignored.
### mwldeppc.exe Linker Warning:
#   Section '.ignored' is unknown. Section ignored.
### mwldeppc.exe Linker Warning:
#   Section '.ignored' is unknown. Section ignored.
### mwldeppc.exe Linker Warning:
#   Section '.ignored' is unknown. Section ignored.
### mwldeppc.exe Linker Warning:
#   Section '.ignored' is unknown. Section ignored.
### mwldeppc.exe Linker Warning:
#   Section '.ignored' is unknown. Section ignored.
### mwldeppc.exe Linker Warning:
#   Section '.ignored' is unknown. Section ignored.
### mwldeppc.exe Linker Warning:
#   Section '.ignored' is unknown. Section ignored.
### mwldeppc.exe Linker Warning:
#   Section '.ignored' is unknown. Section ignored.
### mwldeppc.exe Linker Warning:
#   Section '.ignored' is unknown. Section ignored.
### mwldeppc.exe Linker Warning:
#   Section '.ignored' is unknown. Section ignored.
### mwldeppc.exe Linker Warning:
#   Section '.ignored' is unknown. Section ignored.
### mwldeppc.exe Linker Warning:
#   Section '.ignored' is unknown. Section ignored.
### mwldeppc.exe Linker Warning:
#   Section '.ignored' is unknown. Section ignored.
### mwldeppc.exe Linker Warning:
#   Section '.ignored' is unknown. Section ignored.
### mwldeppc.exe Linker Warning:
#   Section '.ignored' is unknown. Section ignored.
### mwldeppc.exe Linker Warning:
#   Section '.ignored' is unknown. Section ignored.
### mwldeppc.exe Linker Warning:
#   Section '.ignored' is unknown. Section ignored.
### mwldeppc.exe Linker Warning:
#   Section '.ignored' is unknown. Section ignored.
### mwldeppc.exe Linker Warning:
#   Section '.ignored' is unknown. Section ignored.
### mwldeppc.exe Linker Warning:
#   Section '.ignored' is unknown. Section ignored.
### mwldeppc.exe Linker Warning:
#   Section '.ignored' is unknown. Section ignored.
### mwldeppc.exe Linker Warning:
#   Section '.ignored' is unknown. Section ignored.
### mwldeppc.exe Linker Warning:
#   Section '.ignored' is unknown. Section ignored.
### mwldeppc.exe Linker Warning:
#   Section '.ignored' is unknown. Section ignored.
### mwldeppc.exe Linker Warning:
#   Section '.ignored' is unknown. Section ignored.
### mwldeppc.exe Linker Warning:
#   Section '.ignored' is unknown. Section ignored.
### mwldeppc.exe Linker Warning:
#   Section '.ignored' is unknown. Section ignored.
### mwldeppc.exe Linker Warning:
#   Section '.ignored' is unknown. Section ignored.
### mwldeppc.exe Linker Warning:
#   Section '.ignored' is unknown. Section ignored.
### mwldeppc.exe Linker Warning:
#   Section '.ignored' is unknown. Section ignored.
### mwldeppc.exe Linker Warning:
#   Section '.ignored' is unknown. Section ignored.
### mwldeppc.exe Linker Warning:
#   Section '.ignored' is unknown. Section ignored.
### mwldeppc.exe Linker Warning:
#   Section '.ignored' is unknown. Section ignored.
### mwldeppc.exe Linker Warning:
#   Section '.ignored' is unknown. Section ignored.
### mwldeppc.exe Linker Warning:
#   Section '.ignored' is unknown. Section ignored.
### mwldeppc.exe Linker Warning:
#   Section '.ignored' is unknown. Section ignored.
### mwldeppc.exe Linker Warning:
#   Section '.ignored' is unknown. Section ignored.
### mwldeppc.exe Linker Warning:
#   Section '.ignored' is unknown. Section ignored.
### mwldeppc.exe Linker Warning:
#   Section '.ignored' is unknown. Section ignored.
### mwldeppc.exe Linker Warning:
#   Section '.ignored' is unknown. Section ignored.
### mwldeppc.exe Linker Warning:
#   Section '.ignored' is unknown. Section ignored.
### mwldeppc.exe Linker Warning:
#   Section '.ignored' is unknown. Section ignored.
### mwldeppc.exe Linker Warning:
#   Section '.ignored' is unknown. Section ignored.
### mwldeppc.exe Linker Warning:
#   Section '.ignored' is unknown. Section ignored.
### mwldeppc.exe Linker Warning:
#   Section '.ignored' is unknown. Section ignored.
### mwldeppc.exe Linker Warning:
#   Section '.ignored' is unknown. Section ignored.
### mwldeppc.exe Linker Warning:
#   Section '.ignored' is unknown. Section ignored.
### mwldeppc.exe Linker Warning:
#   Section '.ignored' is unknown. Section ignored.
### mwldeppc.exe Linker Warning:
#   Section '.ignored' is unknown. Section ignored.
### mwldeppc.exe Linker Warning:
#   Section '.ignored' is unknown. Section ignored.
### mwldeppc.exe Linker Warning:
#   Section '.ignored' is unknown. Section ignored.
### mwldeppc.exe Linker Warning:
#   Section '.ignored' is unknown. Section ignored.
### mwldeppc.exe Linker Warning:
#   Section '.ignored' is unknown. Section ignored.
### mwldeppc.exe Linker Warning:
#   Section '.ignored' is unknown. Section ignored.
### mwldeppc.exe Linker Warning:
#   Section '.ignored' is unknown. Section ignored.
### mwldeppc.exe Linker Warning:
#   Section '.ignored' is unknown. Section ignored.
### mwldeppc.exe Linker Warning:
#   Section '.ignored' is unknown. Section ignored.
### mwldeppc.exe Linker Warning:
#   Section '.ignored' is unknown. Section ignored.
### mwldeppc.exe Linker Warning:
#   Section '.ignored' is unknown. Section ignored.
### mwldeppc.exe Linker Warning:
#   Section '.ignored' is unknown. Section ignored.
### mwldeppc.exe Linker Warning:
#   Section '.ignored' is unknown. Section ignored.
### mwldeppc.exe Linker Warning:
#   Section '.ignored' is unknown. Section ignored.
### mwldeppc.exe Linker Warning:
#   Section '.ignored' is unknown. Section ignored.
### mwldeppc.exe Linker Warning:
#   Section '.ignored' is unknown. Section ignored.
### mwldeppc.exe Linker Warning:
#   Section '.ignored' is unknown. Section ignored.
### mwldeppc.exe Linker Warning:
#   Section '.ignored' is unknown. Section ignored.
### mwldeppc.exe Linker Warning:
#   Section '.ignored' is unknown. Section ignored.
### mwldeppc.exe Linker Warning:
#   Section '.ignored' is unknown. Section ignored.
### mwldeppc.exe Linker Warning:
#   Section '.ignored' is unknown. Section ignored.
### mwldeppc.exe Linker Warning:
#   Section '.ignored' is unknown. Section ignored.
### mwldeppc.exe Linker Warning:
#   Section '.ignored' is unknown. Section ignored.
### mwldeppc.exe Linker Warning:
#   Section '.ignored' is unknown. Section ignored.
### mwldeppc.exe Linker Warning:
#   Section '.ignored' is unknown. Section ignored.
### mwldeppc.exe Linker Warning:
#   Section '.ignored' is unknown. Section ignored.
### mwldeppc.exe Linker Warning:
#   Section '.ignored' is unknown. Section ignored.
### mwldeppc.exe Linker Warning:
#   Section '.ignored' is unknown. Section ignored.
### mwldeppc.exe Linker Warning:
#   Section '.ignored' is unknown. Section ignored.
### mwldeppc.exe Linker Warning:
#   Section '.ignored' is unknown. Section ignored.
### mwldeppc.exe Linker Warning:
#   Section '.ignored' is unknown. Section ignored.
### mwldeppc.exe Linker Warning:
#   Section '.ignored' is unknown. Section ignored.
### mwldeppc.exe Linker Warning:
#   Section '.ignored' is unknown. Section ignored.
### mwldeppc.exe Linker Warning:
#   Section '.ignored' is unknown. Section ignored.
### mwldeppc.exe Linker Warning:
#   Section '.ignored' is unknown. Section ignored.
### mwldeppc.exe Linker Warning:
#   Section '.ignored' is unknown. Section ignored.
### mwldeppc.exe Linker Warning:
#   Section '.ignored' is unknown. Section ignored.
### mwldeppc.exe Linker Warning:
#   Section '.ignored' is unknown. Section ignored.
### mwldeppc.exe Linker Warning:
#   Section '.ignored' is unknown. Section ignored.
### mwldeppc.exe Linker Warning:
#   Section '.ignored' is unknown. Section ignored.
### mwldeppc.exe Linker Warning:
#   Section '.ignored' is unknown. Section ignored.
### mwldeppc.exe Linker Warning:
#   Section '.ignored' is unknown. Section ignored.
### mwldeppc.exe Linker Warning:
#   Section '.ignored' is unknown. Section ignored.
### mwldeppc.exe Linker Warning:
#   Section '.ignored' is unknown. Section ignored.
### mwldeppc.exe Linker Warning:
#   Section '.ignored' is unknown. Section ignored.
### mwldeppc.exe Linker Warning:
#   Section '.ignored' is unknown. Section ignored.
### mwldeppc.exe Linker Warning:
#   Section '.ignored' is unknown. Section ignored.
### mwldeppc.exe Linker Warning:
#   Section '.ignored' is unknown. Section ignored.
### mwldeppc.exe Linker Warning:
#   Section '.ignored' is unknown. Section ignored.
### mwldeppc.exe Linker Warning:
#   Section '.ignored' is unknown. Section ignored.
### mwldeppc.exe Linker Warning:
#   Section '.ignored' is unknown. Section ignored.
### mwldeppc.exe Linker Warning:
#   Section '.ignored' is unknown. Section ignored.
### mwldeppc.exe Linker Warning:
#   Section '.ignored' is unknown. Section ignored.
### mwldeppc.exe Linker Warning:
#   Section '.ignored' is unknown. Section ignored.
### mwldeppc.exe Linker Warning:
#   Section '.ignored' is unknown. Section ignored.
### mwldeppc.exe Linker Warning:
#   Section '.ignored' is unknown. Section ignored.
### mwldeppc.exe Linker Warning:
#   Section '.ignored' is unknown. Section ignored.
### mwldeppc.exe Linker Warning:
#   Section '.ignored' is unknown. Section ignored.
### mwldeppc.exe Linker Warning:
#   Section '.ignored' is unknown. Section ignored.
### mwldeppc.exe Linker Warning:
#   Section '.ignored' is unknown. Section ignored.
### mwldeppc.exe Linker Warning:
#   Section '.ignored' is unknown. Section ignored.
### mwldeppc.exe Linker Warning:
#   Section '.ignored' is unknown. Section ignored.
### mwldeppc.exe Linker Warning:
#   Section '.ignored' is unknown. Section ignored.
### mwldeppc.exe Linker Warning:
#   Section '.ignored' is unknown. Section ignored.
### mwldeppc.exe Linker Warning:
#   Section '.ignored' is unknown. Section ignored.
### mwldeppc.exe Linker Warning:
#   Section '.ignored' is unknown. Section ignored.
### mwldeppc.exe Linker Warning:
#   Section '.ignored' is unknown. Section ignored.
### mwldeppc.exe Linker Warning:
#   Section '.ignored' is unknown. Section ignored.
### mwldeppc.exe Linker Warning:
#   Section '.ignored' is unknown. Section ignored.
### mwldeppc.exe Linker Warning:
#   Section '.ignored' is unknown. Section ignored.
### mwldeppc.exe Linker Warning:
#   Section '.ignored' is unknown. Section ignored.
### mwldeppc.exe Linker Warning:
#   Section '.ignored' is unknown. Section ignored.
### mwldeppc.exe Linker Warning:
#   Section '.ignored' is unknown. Section ignored.
### mwldeppc.exe Linker Warning:
#   Section '.ignored' is unknown. Section ignored.
### mwldeppc.exe Linker Warning:
#   Section '.ignored' is unknown. Section ignored.
### mwldeppc.exe Linker Warning:
#   Section '.ignored' is unknown. Section ignored.
### mwldeppc.exe Linker Warning:
#   Section '.ignored' is unknown. Section ignored.
### mwldeppc.exe Linker Warning:
#   Section '.ignored' is unknown. Section ignored.
### mwldeppc.exe Linker Warning:
#   Section '.ignored' is unknown. Section ignored.
### mwldeppc.exe Linker Warning:
#   Section '.ignored' is unknown. Section ignored.
### mwldeppc.exe Linker Warning:
#   Section '.ignored' is unknown. Section ignored.
### mwldeppc.exe Linker Warning:
#   Section '.ignored' is unknown. Section ignored.
### mwldeppc.exe Linker Warning:
#   Section '.ignored' is unknown. Section ignored.
### mwldeppc.exe Linker Warning:
#   Section '.ignored' is unknown. Section ignored.
### mwldeppc.exe Linker Warning:
#   Section '.ignored' is unknown. Section ignored.
### mwldeppc.exe Linker Warning:
#   Section '.ignored' is unknown. Section ignored.
### mwldeppc.exe Linker Warning:
#   Section '.ignored' is unknown. Section ignored.
### mwldeppc.exe Linker Warning:
#   Section '.ignored' is unknown. Section ignored.
### mwldeppc.exe Linker Warning:
#   Section '.ignored' is unknown. Section ignored.
### mwldeppc.exe Linker Warning:
#   Section '.ignored' is unknown. Section ignored.
### mwldeppc.exe Linker Warning:
#   Section '.ignored' is unknown. Section ignored.
### mwldeppc.exe Linker Warning:
#   Section '.ignored' is unknown. Section ignored.
### mwldeppc.exe Linker Warning:
#   Section '.ignored' is unknown. Section ignored.
### mwldeppc.exe Linker Warning:
#   Section '.ignored' is unknown. Section ignored.
### mwldeppc.exe Linker Warning:
#   Section '.ignored' is unknown. Section ignored.
### mwldeppc.exe Linker Warning:
#   Section '.ignored' is unknown. Section ignored.
### mwldeppc.exe Linker Warning:
#   Section '.ignored' is unknown. Section ignored.
### mwldeppc.exe Linker Warning:
#   Section '.ignored' is unknown. Section ignored.
### mwldeppc.exe Linker Warning:
#   Section '.ignored' is unknown. Section ignored.
### mwldeppc.exe Linker Warning:
#   Section '.ignored' is unknown. Section ignored.
### mwldeppc.exe Linker Warning:
#   Section '.ignored' is unknown. Section ignored.
### mwldeppc.exe Linker Warning:
#   Section '.ignored' is unknown. Section ignored.
### mwldeppc.exe Linker Warning:
#   Section '.ignored' is unknown. Section ignored.
### mwldeppc.exe Linker Warning:
#   Section '.ignored' is unknown. Section ignored.
### mwldeppc.exe Linker Warning:
#   Section '.ignored' is unknown. Section ignored.
### mwldeppc.exe Linker Warning:
#   Section '.ignored' is unknown. Section ignored.
### mwldeppc.exe Linker Warning:
#   Section '.ignored' is unknown. Section ignored.
### mwldeppc.exe Linker Warning:
#   Section '.ignored' is unknown. Section ignored.
### mwldeppc.exe Linker Warning:
#   Section '.ignored' is unknown. Section ignored.
### mwldeppc.exe Linker Warning:
#   Section '.ignored' is unknown. Section ignored.
### mwldeppc.exe Linker Warning:
#   Section '.ignored' is unknown. Section ignored.
### mwldeppc.exe Linker Warning:
#   Section '.ignored' is unknown. Section ignored.
### mwldeppc.exe Linker Warning:
#   Section '.ignored' is unknown. Section ignored.
### mwldeppc.exe Linker Warning:
#   Section '.ignored' is unknown. Section ignored.
### mwldeppc.exe Linker Warning:
#   Section '.ignored' is unknown. Section ignored.
### mwldeppc.exe Linker Warning:
#   Section '.ignored' is unknown. Section ignored.
### mwldeppc.exe Linker Warning:
#   Section '.ignored' is unknown. Section ignored.
### mwldeppc.exe Linker Warning:
#   Section '.ignored' is unknown. Section ignored.
### mwldeppc.exe Linker Warning:
#   Section '.ignored' is unknown. Section ignored.
### mwldeppc.exe Linker Warning:
#   Section '.ignored' is unknown. Section ignored.
### mwldeppc.exe Linker Warning:
#   Section '.ignored' is unknown. Section ignored.
### mwldeppc.exe Linker Warning:
#   Section '.ignored' is unknown. Section ignored.
### mwldeppc.exe Linker Warning:
#   Section '.ignored' is unknown. Section ignored.
### mwldeppc.exe Linker Warning:
#   Section '.ignored' is unknown. Section ignored.
### mwldeppc.exe Linker Warning:
#   Section '.ignored' is unknown. Section ignored.
### mwldeppc.exe Linker Warning:
#   Section '.ignored' is unknown. Section ignored.
### mwldeppc.exe Linker Warning:
#   Section '.ignored' is unknown. Section ignored.
### mwldeppc.exe Linker Warning:
#   Section '.ignored' is unknown. Section ignored.
### mwldeppc.exe Linker Warning:
#   Section '.ignored' is unknown. Section ignored.
### mwldeppc.exe Linker Warning:
#   Section '.ignored' is unknown. Section ignored.
### mwldeppc.exe Linker Warning:
#   Section '.ignored' is unknown. Section ignored.
### mwldeppc.exe Linker Warning:
#   Section '.ignored' is unknown. Section ignored.
### mwldeppc.exe Linker Warning:
#   Section '.ignored' is unknown. Section ignored.
### mwldeppc.exe Linker Warning:
#   Section '.ignored' is unknown. Section ignored.
### mwldeppc.exe Linker Warning:
#   Section '.ignored' is unknown. Section ignored.
### mwldeppc.exe Linker Warning:
#   Section '.ignored' is unknown. Section ignored.
### mwldeppc.exe Linker Warning:
#   Section '.ignored' is unknown. Section ignored.
### mwldeppc.exe Linker Warning:
#   Section '.ignored' is unknown. Section ignored.
### mwldeppc.exe Linker Warning:
#   Section '.ignored' is unknown. Section ignored.
### mwldeppc.exe Linker Warning:
#   Section '.ignored' is unknown. Section ignored.
### mwldeppc.exe Linker Warning:
#   Section '.ignored' is unknown. Section ignored.
### mwldeppc.exe Linker Warning:
#   Section '.ignored' is unknown. Section ignored.
### mwldeppc.exe Linker Warning:
#   Section '.ignored' is unknown. Section ignored.
### mwldeppc.exe Linker Warning:
#   Section '.ignored' is unknown. Section ignored.
### mwldeppc.exe Linker Warning:
#   Section '.ignored' is unknown. Section ignored.
### mwldeppc.exe Linker Warning:
#   Section '.ignored' is unknown. Section ignored.
### mwldeppc.exe Linker Warning:
#   Section '.ignored' is unknown. Section ignored.
### mwldeppc.exe Linker Warning:
#   Section '.ignored' is unknown. Section ignored.
### mwldeppc.exe Linker Warning:
#   Section '.ignored' is unknown. Section ignored.
### mwldeppc.exe Linker Warning:
#   Section '.ignored' is unknown. Section ignored.
### mwldeppc.exe Linker Warning:
#   Section '.ignored' is unknown. Section ignored.
### mwldeppc.exe Linker Warning:
#   Section '.ignored' is unknown. Section ignored.
### mwldeppc.exe Linker Warning:
#   Section '.ignored' is unknown. Section ignored.
### mwldeppc.exe Linker Warning:
#   Section '.ignored' is unknown. Section ignored.
### mwldeppc.exe Linker Warning:
#   Section '.ignored' is unknown. Section ignored.
### mwldeppc.exe Linker Warning:
#   Section '.ignored' is unknown. Section ignored.
### mwldeppc.exe Linker Warning:
#   Section '.ignored' is unknown. Section ignored.
### mwldeppc.exe Linker Warning:
#   Section '.ignored' is unknown. Section ignored.
### mwldeppc.exe Linker Warning:
#   Section '.ignored' is unknown. Section ignored.
### mwldeppc.exe Linker Warning:
#   Section '.ignored' is unknown. Section ignored.
### mwldeppc.exe Linker Warning:
#   Section '.ignored' is unknown. Section ignored.
### mwldeppc.exe Linker Warning:
#   Section '.ignored' is unknown. Section ignored.
### mwldeppc.exe Linker Warning:
#   Section '.ignored' is unknown. Section ignored.
### mwldeppc.exe Linker Warning:
#   Section '.ignored' is unknown. Section ignored.
### mwldeppc.exe Linker Warning:
#   Section '.ignored' is unknown. Section ignored.
### mwldeppc.exe Linker Warning:
#   Section '.ignored' is unknown. Section ignored.
### mwldeppc.exe Linker Warning:
#   Section '.ignored' is unknown. Section ignored.
### mwldeppc.exe Linker Warning:
#   Section '.ignored' is unknown. Section ignored.
### mwldeppc.exe Linker Warning:
#   Section '.ignored' is unknown. Section ignored.
### mwldeppc.exe Linker Warning:
#   Section '.ignored' is unknown. Section ignored.
### mwldeppc.exe Linker Warning:
#   Section '.ignored' is unknown. Section ignored.
### mwldeppc.exe Linker Warning:
#   Section '.ignored' is unknown. Section ignored.
### mwldeppc.exe Linker Warning:
#   Section '.ignored' is unknown. Section ignored.
### mwldeppc.exe Linker Warning:
#   Section '.ignored' is unknown. Section ignored.
### mwldeppc.exe Linker Warning:
#   Section '.ignored' is unknown. Section ignored.
### mwldeppc.exe Linker Warning:
#   Section '.ignored' is unknown. Section ignored.
### mwldeppc.exe Linker Warning:
#   Section '.ignored' is unknown. Section ignored.
### mwldeppc.exe Linker Warning:
#   Section '.ignored' is unknown. Section ignored.
### mwldeppc.exe Linker Warning:
#   Section '.ignored' is unknown. Section ignored.
### mwldeppc.exe Linker Warning:
#   Section '.ignored' is unknown. Section ignored.
### mwldeppc.exe Linker Warning:
#   Section '.ignored' is unknown. Section ignored.
### mwldeppc.exe Linker Warning:
#   Section '.ignored' is unknown. Section ignored.
### mwldeppc.exe Linker Warning:
#   Section '.ignored' is unknown. Section ignored.
### mwldeppc.exe Linker Warning:
#   Section '.ignored' is unknown. Section ignored.
### mwldeppc.exe Linker Warning:
#   Section '.ignored' is unknown. Section ignored.
### mwldeppc.exe Linker Warning:
#   Section '.ignored' is unknown. Section ignored.
### mwldeppc.exe Linker Warning:
#   Section '.ignored' is unknown. Section ignored.
### mwldeppc.exe Linker Warning:
#   Section '.ignored' is unknown. Section ignored.
### mwldeppc.exe Linker Warning:
#   Section '.ignored' is unknown. Section ignored.
### mwldeppc.exe Linker Warning:
#   Section '.ignored' is unknown. Section ignored.
### mwldeppc.exe Linker Warning:
#   Section '.ignored' is unknown. Section ignored.
### mwldeppc.exe Linker Warning:
#   Section '.ignored' is unknown. Section ignored.
### mwldeppc.exe Linker Warning:
#   Section '.ignored' is unknown. Section ignored.
### mwldeppc.exe Linker Warning:
#   Section '.ignored' is unknown. Section ignored.
### mwldeppc.exe Linker Warning:
#   Section '.ignored' is unknown. Section ignored.
### mwldeppc.exe Linker Warning:
#   Section '.ignored' is unknown. Section ignored.
### mwldeppc.exe Linker Warning:
#   Section '.ignored' is unknown. Section ignored.
### mwldeppc.exe Linker Warning:
#   Section '.ignored' is unknown. Section ignored.
### mwldeppc.exe Linker Warning:
#   Section '.ignored' is unknown. Section ignored.
### mwldeppc.exe Linker Warning:
#   Section '.ignored' is unknown. Section ignored.
### mwldeppc.exe Linker Warning:
#   Section '.ignored' is unknown. Section ignored.
### mwldeppc.exe Linker Warning:
#   Section '.ignored' is unknown. Section ignored.
### mwldeppc.exe Linker Warning:
#   Section '.ignored' is unknown. Section ignored.
### mwldeppc.exe Linker Warning:
#   Section '.ignored' is unknown. Section ignored.
### mwldeppc.exe Linker Warning:
#   Section '.ignored' is unknown. Section ignored.
### mwldeppc.exe Linker Warning:
#   Section '.ignored' is unknown. Section ignored.
### mwldeppc.exe Linker Warning:
#   Section '.ignored' is unknown. Section ignored.
### mwldeppc.exe Linker Warning:
#   Section '.ignored' is unknown. Section ignored.
### mwldeppc.exe Linker Warning:
#   Section '.ignored' is unknown. Section ignored.
### mwldeppc.exe Linker Warning:
#   Section '.ignored' is unknown. Section ignored.
### mwldeppc.exe Linker Warning:
#   Section '.ignored' is unknown. Section ignored.
### mwldeppc.exe Linker Warning:
#   Section '.ignored' is unknown. Section ignored.
### mwldeppc.exe Linker Warning:
#   Section '.ignored' is unknown. Section ignored.
### mwldeppc.exe Linker Warning:
#   Section '.ignored' is unknown. Section ignored.
### mwldeppc.exe Linker Warning:
#   Section '.ignored' is unknown. Section ignored.
### mwldeppc.exe Linker Warning:
#   Section '.ignored' is unknown. Section ignored.
### mwldeppc.exe Linker Warning:
#   Section '.ignored' is unknown. Section ignored.
### mwldeppc.exe Linker Warning:
#   Section '.ignored' is unknown. Section ignored.
### mwldeppc.exe Linker Warning:
#   Section '.ignored' is unknown. Section ignored.
### mwldeppc.exe Linker Warning:
#   Section '.ignored' is unknown. Section ignored.
### mwldeppc.exe Linker Warning:
#   Section '.ignored' is unknown. Section ignored.
### mwldeppc.exe Linker Warning:
#   Section '.ignored' is unknown. Section ignored.
### mwldeppc.exe Linker Warning:
#   Section '.ignored' is unknown. Section ignored.
### mwldeppc.exe Linker Warning:
#   Section '.ignored' is unknown. Section ignored.
### mwldeppc.exe Linker Warning:
#   Section '.ignored' is unknown. Section ignored.
### mwldeppc.exe Linker Warning:
#   Section '.ignored' is unknown. Section ignored.
### mwldeppc.exe Linker Warning:
#   Section '.ignored' is unknown. Section ignored.
### mwldeppc.exe Linker Warning:
#   Section '.ignored' is unknown. Section ignored.
### mwldeppc.exe Linker Warning:
#   Section '.ignored' is unknown. Section ignored.
### mwldeppc.exe Linker Warning:
#   Section '.ignored' is unknown. Section ignored.
### mwldeppc.exe Linker Warning:
#   Section '.ignored' is unknown. Section ignored.
### mwldeppc.exe Linker Warning:
#   Section '.ignored' is unknown. Section ignored.
### mwldeppc.exe Linker Warning:
#   Section '.ignored' is unknown. Section ignored.
### mwldeppc.exe Linker Warning:
#   Section '.ignored' is unknown. Section ignored.
### mwldeppc.exe Linker Warning:
#   Section '.ignored' is unknown. Section ignored.
### mwldeppc.exe Linker Warning:
#   Section '.ignored' is unknown. Section ignored.
### mwldeppc.exe Linker Warning:
#   Section '.ignored' is unknown. Section ignored.
### mwldeppc.exe Linker Warning:
#   Section '.ignored' is unknown. Section ignored.
### mwldeppc.exe Linker Warning:
#   Section '.ignored' is unknown. Section ignored.
### mwldeppc.exe Linker Warning:
#   Section '.ignored' is unknown. Section ignored.
### mwldeppc.exe Linker Warning:
#   Section '.ignored' is unknown. Section ignored.
### mwldeppc.exe Linker Warning:
#   Section '.ignored' is unknown. Section ignored.
### mwldeppc.exe Linker Warning:
#   Section '.ignored' is unknown. Section ignored.
### mwldeppc.exe Linker Warning:
#   Section '.ignored' is unknown. Section ignored.
### mwldeppc.exe Linker Warning:
#   Section '.ignored' is unknown. Section ignored.
### mwldeppc.exe Linker Warning:
#   Section '.ignored' is unknown. Section ignored.
### mwldeppc.exe Linker Warning:
#   Section '.ignored' is unknown. Section ignored.
### mwldeppc.exe Linker Warning:
#   Section '.ignored' is unknown. Section ignored.
### mwldeppc.exe Linker Warning:
#   Section '.ignored' is unknown. Section ignored.
### mwldeppc.exe Linker Warning:
#   Section '.ignored' is unknown. Section ignored.
### mwldeppc.exe Linker Warning:
#   Section '.ignored' is unknown. Section ignored.
### mwldeppc.exe Linker Warning:
#   Section '.ignored' is unknown. Section ignored.
### mwldeppc.exe Linker Warning:
#   Section '.ignored' is unknown. Section ignored.
### mwldeppc.exe Linker Warning:
#   Section '.ignored' is unknown. Section ignored.
### mwldeppc.exe Linker Warning:
#   Section '.ignored' is unknown. Section ignored.
### mwldeppc.exe Linker Warning:
#   Section '.ignored' is unknown. Section ignored.
### mwldeppc.exe Linker Warning:
#   Section '.ignored' is unknown. Section ignored.
### mwldeppc.exe Linker Warning:
#   Section '.ignored' is unknown. Section ignored.
### mwldeppc.exe Linker Warning:
#   Section '.ignored' is unknown. Section ignored.
### mwldeppc.exe Linker Warning:
#   Section '.ignored' is unknown. Section ignored.
### mwldeppc.exe Linker Warning:
#   Section '.ignored' is unknown. Section ignored.
### mwldeppc.exe Linker Warning:
#   Section '.ignored' is unknown. Section ignored.
### mwldeppc.exe Linker Warning:
#   Section '.ignored' is unknown. Section ignored.
### mwldeppc.exe Linker Warning:
#   Section '.ignored' is unknown. Section ignored.
### mwldeppc.exe Linker Warning:
#   Section '.ignored' is unknown. Section ignored.
### mwldeppc.exe Linker Warning:
#   Section '.ignored' is unknown. Section ignored.
### mwldeppc.exe Linker Warning:
#   Section '.ignored' is unknown. Section ignored.
### mwldeppc.exe Linker Warning:
#   Section '.ignored' is unknown. Section ignored.
### mwldeppc.exe Linker Warning:
#   Section '.ignored' is unknown. Section ignored.
### mwldeppc.exe Linker Warning:
#   Section '.ignored' is unknown. Section ignored.
### mwldeppc.exe Linker Warning:
#   Section '.ignored' is unknown. Section ignored.
### mwldeppc.exe Linker Warning:
#   Section '.ignored' is unknown. Section ignored.
### mwldeppc.exe Linker Warning:
#   Section '.ignored' is unknown. Section ignored.
### mwldeppc.exe Linker Warning:
#   Section '.ignored' is unknown. Section ignored.
### mwldeppc.exe Linker Warning:
#   Section '.ignored' is unknown. Section ignored.
### mwldeppc.exe Linker Warning:
#   Section '.ignored' is unknown. Section ignored.
### mwldeppc.exe Linker Warning:
#   Section '.ignored' is unknown. Section ignored.
### mwldeppc.exe Linker Warning:
#   Section '.ignored' is unknown. Section ignored.
### mwldeppc.exe Linker Warning:
#   Section '.ignored' is unknown. Section ignored.
### mwldeppc.exe Linker Warning:
#   Section '.ignored' is unknown. Section ignored.
### mwldeppc.exe Linker Warning:
#   Section '.ignored' is unknown. Section ignored.
### mwldeppc.exe Linker Warning:
#   Section '.ignored' is unknown. Section ignored.
### mwldeppc.exe Linker Warning:
#   Section '.ignored' is unknown. Section ignored.
### mwldeppc.exe Linker Warning:
#   Section '.ignored' is unknown. Section ignored.
### mwldeppc.exe Linker Warning:
#   Section '.ignored' is unknown. Section ignored.
### mwldeppc.exe Linker Warning:
#   Section '.ignored' is unknown. Section ignored.
### mwldeppc.exe Linker Warning:
#   Section '.ignored' is unknown. Section ignored.
### mwldeppc.exe Linker Warning:
#   Section '.ignored' is unknown. Section ignored.
### mwldeppc.exe Linker Warning:
#   Section '.ignored' is unknown. Section ignored.
### mwldeppc.exe Linker Warning:
#   Section '.ignored' is unknown. Section ignored.
### mwldeppc.exe Linker Warning:
#   Section '.ignored' is unknown. Section ignored.
### mwldeppc.exe Linker Warning:
#   Section '.ignored' is unknown. Section ignored.
### mwldeppc.exe Linker Warning:
#   Section '.ignored' is unknown. Section ignored.
### mwldeppc.exe Linker Warning:
#   Section '.ignored' is unknown. Section ignored.
### mwldeppc.exe Linker Warning:
#   Section '.ignored' is unknown. Section ignored.
### mwldeppc.exe Linker Warning:
#   Section '.ignored' is unknown. Section ignored.
### mwldeppc.exe Linker Warning:
#   Section '.ignored' is unknown. Section ignored.
### mwldeppc.exe Linker Warning:
#   Section '.ignored' is unknown. Section ignored.
### mwldeppc.exe Linker Warning:
#   Section '.ignored' is unknown. Section ignored.
### mwldeppc.exe Linker Warning:
#   Section '.ignored' is unknown. Section ignored.
### mwldeppc.exe Linker Warning:
#   Section '.ignored' is unknown. Section ignored.
### mwldeppc.exe Linker Warning:
#   Section '.ignored' is unknown. Section ignored.
### mwldeppc.exe Linker Warning:
#   Section '.ignored' is unknown. Section ignored.
### mwldeppc.exe Linker Warning:
#   Section '.ignored' is unknown. Section ignored.
### mwldeppc.exe Linker Warning:
#   Section '.ignored' is unknown. Section ignored.
### mwldeppc.exe Linker Warning:
#   Section '.ignored' is unknown. Section ignored.
### mwldeppc.exe Linker Warning:
#   Section '.ignored' is unknown. Section ignored.
### mwldeppc.exe Linker Warning:
#   Section '.ignored' is unknown. Section ignored.
### mwldeppc.exe Linker Warning:
#   Section '.ignored' is unknown. Section ignored.
### mwldeppc.exe Linker Warning:
#   Section '.ignored' is unknown. Section ignored.
### mwldeppc.exe Linker Warning:
#   Section '.ignored' is unknown. Section ignored.
### mwldeppc.exe Linker Warning:
#   Section '.ignored' is unknown. Section ignored.
### mwldeppc.exe Linker Warning:
#   Section '.ignored' is unknown. Section ignored.
### mwldeppc.exe Linker Warning:
#   Section '.ignored' is unknown. Section ignored.
### mwldeppc.exe Linker Warning:
#   Section '.ignored' is unknown. Section ignored.
### mwldeppc.exe Linker Warning:
#   Section '.ignored' is unknown. Section ignored.
### mwldeppc.exe Linker Warning:
#   Section '.ignored' is unknown. Section ignored.
### mwldeppc.exe Linker Warning:
#   Section '.ignored' is unknown. Section ignored.
### mwldeppc.exe Linker Warning:
#   Section '.ignored' is unknown. Section ignored.
### mwldeppc.exe Linker Warning:
#   Section '.ignored' is unknown. Section ignored.
### mwldeppc.exe Linker Warning:
#   Section '.ignored' is unknown. Section ignored.
### mwldeppc.exe Linker Warning:
#   Section '.ignored' is unknown. Section ignored.
### mwldeppc.exe Linker Warning:
#   Section '.ignored' is unknown. Section ignored.
### mwldeppc.exe Linker Warning:
#   Section '.ignored' is unknown. Section ignored.
### mwldeppc.exe Linker Warning:
#   Section '.ignored' is unknown. Section ignored.
### mwldeppc.exe Linker Warning:
#   Section '.ignored' is unknown. Section ignored.
### mwldeppc.exe Linker Warning:
#   Section '.ignored' is unknown. Section ignored.
### mwldeppc.exe Linker Warning:
#   Section '.ignored' is unknown. Section ignored.
### mwldeppc.exe Linker Warning:
#   Section '.ignored' is unknown. Section ignored.
### mwldeppc.exe Linker Warning:
#   Section '.ignored' is unknown. Section ignored.
### mwldeppc.exe Linker Warning:
#   Section '.ignored' is unknown. Section ignored.
### mwldeppc.exe Linker Warning:
#   Section '.ignored' is unknown. Section ignored.
### mwldeppc.exe Linker Warning:
#   Section '.ignored' is unknown. Section ignored.
### mwldeppc.exe Linker Warning:
#   Section '.ignored' is unknown. Section ignored.
### mwldeppc.exe Linker Warning:
#   Section '.ignored' is unknown. Section ignored.
### mwldeppc.exe Linker Warning:
#   Section '.ignored' is unknown. Section ignored.
### mwldeppc.exe Linker Warning:
#   Section '.ignored' is unknown. Section ignored.
### mwldeppc.exe Linker Warning:
#   Section '.ignored' is unknown. Section ignored.
### mwldeppc.exe Linker Warning:
#   Section '.ignored' is unknown. Section ignored.
### mwldeppc.exe Linker Warning:
#   Section '.ignored' is unknown. Section ignored.
### mwldeppc.exe Linker Warning:
#   Section '.ignored' is unknown. Section ignored.
### mwldeppc.exe Linker Warning:
#   Section '.ignored' is unknown. Section ignored.
### mwldeppc.exe Linker Warning:
#   Section '.ignored' is unknown. Section ignored.
### mwldeppc.exe Linker Warning:
#   Section '.ignored' is unknown. Section ignored.
### mwldeppc.exe Linker Warning:
#   Section '.ignored' is unknown. Section ignored.
### mwldeppc.exe Linker Warning:
#   Section '.ignored' is unknown. Section ignored.
### mwldeppc.exe Linker Warning:
#   Section '.ignored' is unknown. Section ignored.
### mwldeppc.exe Linker Warning:
#   Section '.ignored' is unknown. Section ignored.
### mwldeppc.exe Linker Warning:
#   Section '.ignored' is unknown. Section ignored.
### mwldeppc.exe Linker Warning:
#   Section '.ignored' is unknown. Section ignored.
### mwldeppc.exe Linker Warning:
#   Section '.ignored' is unknown. Section ignored.
### mwldeppc.exe Linker Warning:
#   Section '.ignored' is unknown. Section ignored.
### mwldeppc.exe Linker Warning:
#   Section '.ignored' is unknown. Section ignored.
### mwldeppc.exe Linker Warning:
#   Section '.ignored' is unknown. Section ignored.
### mwldeppc.exe Linker Warning:
#   Section '.ignored' is unknown. Section ignored.
### mwldeppc.exe Linker Warning:
#   Section '.ignored' is unknown. Section ignored.
### mwldeppc.exe Linker Warning:
#   Section '.ignored' is unknown. Section ignored.
### mwldeppc.exe Linker Warning:
#   Section '.ignored' is unknown. Section ignored.
### mwldeppc.exe Linker Warning:
#   Section '.ignored' is unknown. Section ignored.
### mwldeppc.exe Linker Warning:
#   Section '.ignored' is unknown. Section ignored.
### mwldeppc.exe Linker Warning:
#   Section '.ignored' is unknown. Section ignored.
[916/918] DOL build/GEDE01/main.dol
[917/918] CHECK config/GEDE01/build.sha1
build/GEDE01/main.dol: OK
[918/918] PROGRESS
Progress:
  All: 58.30% fuzzy, 49.14% matched, 49.06% linked (6306 / 7068 files)
    Code: 1130540 / 2300692 bytes (6073 / 8214 functions)
    Data: 39626 / 4305642 bytes (0.92%)
  Game Code: 93.91% fuzzy, 79.12% matched, 79.00% linked (6288 / 6633 files)
    Code: 1127512 / 1425104 bytes (6011 / 6354 functions)
    Data: 39402 / 40426 bytes (97.47%)
  SDK/Runtime: 100.00% fuzzy, 100.00% matched, 100.00% linked (18 / 18 files)
    Code: 3028 / 3028 bytes (62 / 62 functions)
    Data: 224 / 224 bytes (100.00%)
