[1/909] MWCC build/GEDE01/src/game/game_fn_80008014.o
[2/909] MWCC build/GEDE01/src/game/game_fn_800094C0.o
[3/909] MWCC build/GEDE01/src/game/game_fn_800098C0.o
[4/909] MWCC build/GEDE01/src/game/game_fn_800096E0.o
[5/909] MWCC build/GEDE01/src/game/game_fn_800099D8.o
[6/909] MWCC build/GEDE01/src/game/game_fn_80009AB4.o
[7/909] MWCC build/GEDE01/src/game/game_fn_8000A26C.o
[8/909] MWCC build/GEDE01/src/game/game_fn_8000AC88.o
[9/909] MWCC build/GEDE01/src/game/game_fn_8000AEB4.o
[10/909] MWCC build/GEDE01/src/game/game_fn_8000AFB4.o
[11/909] MWCC build/GEDE01/src/game/game_fn_8000B36C.o
[12/909] MWCC build/GEDE01/src/game/game_fn_8000B1B8.o
[13/909] MWCC build/GEDE01/src/game/game_fn_8000B630.o
[14/909] MWCC build/GEDE01/src/game/game_fn_8000B7FC.o
[15/909] MWCC build/GEDE01/src/game/game_fn_8000BA0C.o
[16/909] MWCC build/GEDE01/src/game/game_fn_8000B900.o
[17/909] MWCC build/GEDE01/src/game/game_fn_8000BAA0.o
[18/909] MWCC build/GEDE01/src/game/game_fn_8000BC40.o
[19/909] MWCC build/GEDE01/src/game/game_fn_8000C06C.o
[20/909] MWCC build/GEDE01/src/game/game_fn_8000C17C.o
[21/909] MWCC build/GEDE01/src/game/game_fn_8000C400.o
[22/909] MWCC build/GEDE01/src/game/game_fn_8000C848.o
[23/909] MWCC build/GEDE01/src/game/game_fn_8000C91C.o
[24/909] MWCC build/GEDE01/src/game/game_fn_8000D0BC.o
[25/909] MWCC build/GEDE01/src/game/game_fn_8000D3D4.o
[26/909] MWCC build/GEDE01/src/game/game_fn_8000D590.o
[27/909] MWCC build/GEDE01/src/game/game_fn_8000D8A4.o
[28/909] MWCC build/GEDE01/src/game/game_fn_8000DA50.o
[29/909] MWCC build/GEDE01/src/game/game_fn_8000DAF4.o
[30/909] MWCC build/GEDE01/src/game/game_fn_8000E054.o
[31/909] MWCC build/GEDE01/src/game/game_fn_8000E0AC.o
[32/909] MWCC build/GEDE01/src/game/game_fn_8000E138.o
[33/909] MWCC build/GEDE01/src/game/game_fn_8000E1C4.o
[34/909] MWCC build/GEDE01/src/game/game_fn_8000E96C.o
[35/909] MWCC build/GEDE01/src/game/game_fn_8000EB14.o
[36/909] MWCC build/GEDE01/src/game/game_fn_8000EBD4.o
[37/909] MWCC build/GEDE01/src/game/game_fn_8000ED44.o
[38/909] MWCC build/GEDE01/src/game/game_fn_8000EFC4.o
[39/909] MWCC build/GEDE01/src/game/game_fn_8000F4B0.o
[40/909] MWCC build/GEDE01/src/game/game_fn_8000F774.o
[41/909] MWCC build/GEDE01/src/game/game_fn_8000FDE8.o
[42/909] MWCC build/GEDE01/src/game/game_fn_8000FFD8.o
[43/909] MWCC build/GEDE01/src/game/game_fn_80012DA8.o
[44/909] MWCC build/GEDE01/src/game/game_fn_800119FC.o
[45/909] MWCC build/GEDE01/src/game/game_fn_80012FD0.o
[46/909] MWCC build/GEDE01/src/game/game_fn_80012F40.o
[47/909] MWCC build/GEDE01/src/game/game_fn_800131E8.o
[48/909] MWCC build/GEDE01/src/game/game_fn_80013340.o
[49/909] MWCC build/GEDE01/src/game/game_fn_80013870.o
[50/909] MWCC build/GEDE01/src/game/game_fn_80013CB0.o
[51/909] MWCC build/GEDE01/src/game/game_fn_80013D54.o
[52/909] MWCC build/GEDE01/src/game/game_fn_800142DC.o
[53/909] MWCC build/GEDE01/src/game/game_fn_800144CC.o
[54/909] MWCC build/GEDE01/src/game/game_fn_80014784.o
[55/909] MWCC build/GEDE01/src/game/game_fn_800149D4.o
[56/909] MWCC build/GEDE01/src/game/game_fn_80015058.o
[57/909] MWCC build/GEDE01/src/game/game_fn_80015320.o
[58/909] MWCC build/GEDE01/src/game/game_fn_800156FC.o
[59/909] MWCC build/GEDE01/src/game/game_fn_80015568.o
[60/909] MWCC build/GEDE01/src/game/game_fn_80015D40.o
[61/909] MWCC build/GEDE01/src/game/game_fn_80015BE0.o
[62/909] MWCC build/GEDE01/src/game/game_fn_80015F04.o
[63/909] MWCC build/GEDE01/src/game/game_fn_80016128.o
[64/909] MWCC build/GEDE01/src/game/game_fn_80016270.o
[65/909] MWCC build/GEDE01/src/game/game_fn_80016904.o
[66/909] MWCC build/GEDE01/src/game/game_fn_80016B24.o
[67/909] MWCC build/GEDE01/src/game/game_fn_800171C0.o
[68/909] MWCC build/GEDE01/src/game/game_fn_800173CC.o
[69/909] MWCC build/GEDE01/src/game/game_fn_800176F0.o
[70/909] MWCC build/GEDE01/src/game/game_fn_80017910.o
[71/909] MWCC build/GEDE01/src/game/game_fn_800179AC.o
[72/909] MWCC build/GEDE01/src/game/game_fn_80017A3C.o
[73/909] MWCC build/GEDE01/src/game/game_fn_80017AE4.o
[74/909] MWCC build/GEDE01/src/game/game_fn_80017C3C.o
[75/909] MWCC build/GEDE01/src/game/game_fn_80017CC8.o
[76/909] MWCC build/GEDE01/src/game/game_fn_80017DB0.o
[77/909] MWCC build/GEDE01/src/game/game_fn_80018EF4.o
[78/909] MWCC build/GEDE01/src/game/game_fn_80019054.o
[79/909] MWCC build/GEDE01/src/game/game_fn_80019244.o
[80/909] MWCC build/GEDE01/src/game/game_fn_800194D0.o
[81/909] MWCC build/GEDE01/src/game/game_fn_80019C10.o
[82/909] MWCC build/GEDE01/src/game/game_fn_80019940.o
[83/909] MWCC build/GEDE01/src/game/game_fn_80019D2C.o
[84/909] MWCC build/GEDE01/src/game/game_fn_80019F98.o
[85/909] MWCC build/GEDE01/src/game/game_fn_8001A6C4.o
[86/909] MWCC build/GEDE01/src/game/game_fn_8001AAB8.o
[87/909] MWCC build/GEDE01/src/game/game_fn_8001AF68.o
[88/909] MWCC build/GEDE01/src/game/game_fn_8001ADF8.o
[89/909] MWCC build/GEDE01/src/game/game_fn_8001B294.o
[90/909] MWCC build/GEDE01/src/game/game_fn_8001B124.o
[91/909] MWCC build/GEDE01/src/game/game_fn_8001B808.o
[92/909] MWCC build/GEDE01/src/game/game_fn_8001B874.o
[93/909] MWCC build/GEDE01/src/game/game_fn_8001C078.o
[94/909] MWCC build/GEDE01/src/game/game_fn_8001CA04.o
[95/909] MWCC build/GEDE01/src/game/game_fn_8001CD58.o
[96/909] MWCC build/GEDE01/src/game/game_fn_8001CE94.o
[97/909] MWCC build/GEDE01/src/game/game_fn_8001E644.o
[98/909] MWCC build/GEDE01/src/game/game_fn_8001FE1C.o
[99/909] MWCC build/GEDE01/src/game/game_fn_80020E94.o
[100/909] MWCC build/GEDE01/src/game/game_fn_80024F28.o
[101/909] MWCC build/GEDE01/src/game/game_fn_800272B4.o
[102/909] MWCC build/GEDE01/src/game/game_fn_8002B748.o
[103/909] MWCC build/GEDE01/src/game/game_fn_8002DAE0.o
[104/909] MWCC build/GEDE01/src/game/game_fn_8002E3F0.o
[105/909] MWCC build/GEDE01/src/game/game_fn_8002EA68.o
[106/909] MWCC build/GEDE01/src/game/game_fn_8002F428.o
[107/909] MWCC build/GEDE01/src/game/game_fn_80031544.o
[108/909] MWCC build/GEDE01/src/game/game_fn_8003232C.o
[109/909] MWCC build/GEDE01/src/game/game_fn_80032B84.o
[110/909] MWCC build/GEDE01/src/game/game_fn_80033038.o
[111/909] MWCC build/GEDE01/src/game/game_fn_80033180.o
[112/909] MWCC build/GEDE01/src/game/game_fn_800359A0.o
[113/909] MWCC build/GEDE01/src/game/game_fn_800361F8.o
[114/909] MWCC build/GEDE01/src/game/game_fn_80036C40.o
[115/909] MWCC build/GEDE01/src/game/game_fn_80038878.o
[116/909] MWCC build/GEDE01/src/game/game_fn_80048ADC.o
[117/909] MWCC build/GEDE01/src/game/game_fn_80048B24.o
[118/909] MWCC build/GEDE01/src/game/game_fn_8004998C.o
[119/909] MWCC build/GEDE01/src/game/game_fn_80050B08.o
[120/909] MWCC build/GEDE01/src/game/game_fn_80052310.o
[121/909] MWCC build/GEDE01/src/game/game_fn_800542D0.o
[122/909] MWCC build/GEDE01/src/game/game_fn_8005EC6C.o
[123/909] MWCC build/GEDE01/src/game/game_data_80239E10.o
[124/909] MWCC build/GEDE01/src/game/game_fn_8005EE9C.o
[125/909] MWCC build/GEDE01/src/game/game_data_80239E18.o
[126/909] MWCC build/GEDE01/src/game/game_fn_8005FD84.o
[127/909] MWCC build/GEDE01/src/game/game_fn_80066888.o
[128/909] MWCC build/GEDE01/src/game/game_fn_80066E78.o
[129/909] MWCC build/GEDE01/src/game/game_fn_8006B0F0.o
[130/909] MWCC build/GEDE01/src/game/game_fn_8006B620.o
[131/909] MWCC build/GEDE01/src/game/game_fn_8006E53C.o
[132/909] MWCC build/GEDE01/src/game/game_fn_80071A58.o
[133/909] MWCC build/GEDE01/src/game/game_fn_80074310.o
[134/909] MWCC build/GEDE01/src/game/game_fn_80078500.o
[135/909] MWCC build/GEDE01/src/game/game_fn_80079908.o
[136/909] MWCC build/GEDE01/src/game/game_fn_80079AA4.o
[137/909] MWCC build/GEDE01/src/game/game_fn_8007B540.o
[138/909] MWCC build/GEDE01/src/game/game_fn_8007B2F4.o
[139/909] MWCC build/GEDE01/src/game/game_fn_8007B828.o
[140/909] MWCC build/GEDE01/src/game/game_fn_8007B640.o
[141/909] MWCC build/GEDE01/src/game/game_fn_8007BA3C.o
[142/909] MWCC build/GEDE01/src/game/game_fn_8007D4D8.o
[143/909] MWCC build/GEDE01/src/game/game_fn_8007F770.o
[144/909] MWCC build/GEDE01/src/game/game_fn_800886D8.o
[145/909] MWCC build/GEDE01/src/game/game_fn_80089A34.o
[146/909] MWCC build/GEDE01/src/game/game_fn_80088F4C.o
[147/909] MWCC build/GEDE01/src/game/game_fn_8008A2E0.o
[148/909] MWCC build/GEDE01/src/game/game_fn_8008F224.o
[149/909] MWCC build/GEDE01/src/game/game_fn_8008F890.o
[150/909] MWCC build/GEDE01/src/game/game_fn_80090004.o
[151/909] MWCC build/GEDE01/src/game/game_fn_800934A0.o
[152/909] MWCC build/GEDE01/src/game/game_fn_80095D10.o
[153/909] MWCC build/GEDE01/src/game/game_fn_80095FDC.o
[154/909] MWCC build/GEDE01/src/game/game_fn_80096830.o
[155/909] MWCC build/GEDE01/src/game/game_fn_8009E808.o
[156/909] MWCC build/GEDE01/src/game/game_fn_8009C424.o
[157/909] MWCC build/GEDE01/src/game/game_fn_800A2FCC.o
[158/909] MWCC build/GEDE01/src/game/game_fn_800A2130.o
[159/909] MWCC build/GEDE01/src/game/game_fn_800A3894.o
[160/909] MWCC build/GEDE01/src/game/game_fn_800A3180.o
[161/909] MWCC build/GEDE01/src/game/game_fn_800A4428.o
[162/909] MWCC build/GEDE01/src/game/game_fn_800A4798.o
[163/909] MWCC build/GEDE01/src/game/game_fn_800A7E88.o
[164/909] MWCC build/GEDE01/src/game/game_fn_800AF230.o
[165/909] MWCC build/GEDE01/src/game/game_fn_800BB5C4.o
[166/909] MWCC build/GEDE01/src/game/game_fn_800B2EC0.o
[167/909] MWCC build/GEDE01/src/game/game_fn_800BB7A8.o
[168/909] MWCC build/GEDE01/src/game/game_fn_800BB9A4.o
[169/909] MWCC build/GEDE01/src/game/game_fn_800BBAF0.o
[170/909] MWCC build/GEDE01/src/game/game_fn_800C030C.o
[171/909] MWCC build/GEDE01/src/game/game_fn_800C17EC.o
[172/909] MWCC build/GEDE01/src/game/game_fn_800C59F0.o
[173/909] MWCC build/GEDE01/src/game/game_fn_800C644C.o
[174/909] MWCC build/GEDE01/src/game/game_fn_800C65FC.o
[175/909] MWCC build/GEDE01/src/game/game_fn_800C9C60.o
[176/909] MWCC build/GEDE01/src/game/game_fn_800CB760.o
[177/909] MWCC build/GEDE01/src/game/game_fn_800CB8F4.o
[178/909] MWCC build/GEDE01/src/game/game_fn_800CF598.o
[179/909] MWCC build/GEDE01/src/game/game_fn_800D9064.o
[180/909] MWCC build/GEDE01/src/game/game_fn_800D9E10.o
[181/909] MWCC build/GEDE01/src/game/game_fn_800DC4D4.o
[182/909] MWCC build/GEDE01/src/game/game_fn_800E4980.o
[183/909] MWCC build/GEDE01/src/game/game_TRKNubWelcome.o
[184/909] MWCC build/GEDE01/src/game/game_TRK_main.o
[185/909] MWCC build/GEDE01/src/game/game_InitMetroTRKCommTable.o
[186/909] MWCC build/GEDE01/src/game/game_fn_800FD0C8.o
[187/909] MWCC build/GEDE01/src/game/game_fn_8010242C.o
[188/909] MWCC build/GEDE01/src/game/game_fn_801098C0.o
[189/909] MWCC build/GEDE01/src/game/game_fn_8010F184.o
[190/909] MWCC build/GEDE01/src/game/game_fn_801126E0.o
[191/909] MWCC build/GEDE01/src/game/game_fn_801128E4.o
[192/909] MWCC build/GEDE01/src/game/game_fn_801141B8.o
[193/909] MWCC build/GEDE01/src/game/game_fn_8011F140.o
[194/909] MWCC build/GEDE01/src/game/game_fn_801247F8.o
[195/909] MWCC build/GEDE01/src/game/game_fn_80126A00.o
[196/909] MWCC build/GEDE01/src/game/game_fn_8012DB28.o
[197/909] MWCC build/GEDE01/src/game/game_fn_8012976C.o
[198/909] MWCC build/GEDE01/src/game/game_fn_8013CBE4.o
[199/909] MWCC build/GEDE01/src/game/game_fn_8013D6A4.o
[200/909] MWCC build/GEDE01/src/game/game_fn_8014549C.o
[201/909] MWCC build/GEDE01/src/game/game_fn_8013DB8C.o
[202/909] MWCC build/GEDE01/src/game/game_fn_8014AF38.o
[203/909] MWCC build/GEDE01/src/game/game_fn_8014B494.o
[204/909] MWCC build/GEDE01/src/game/game_fn_8014CA98.o
[205/909] MWCC build/GEDE01/src/game/game_fn_8014BA14.o
[206/909] MWCC build/GEDE01/src/game/game_fn_801535D8.o
[207/909] MWCC build/GEDE01/src/game/game_fn_80153898.o
[208/909] MWCC build/GEDE01/src/game/game_fn_80154F74.o
[209/909] MWCC build/GEDE01/src/game/game_fn_80153A24.o
[210/909] MWCC build/GEDE01/src/game/game_fn_80155814.o
[211/909] MWCC build/GEDE01/src/game/game_fn_80157C0C.o
[212/909] MWCC build/GEDE01/src/game/game_fn_80158B20.o
[213/909] MWCC build/GEDE01/src/game/game_fn_80158D38.o
[214/909] MWCC build/GEDE01/src/game/game_fn_8015DC54.o
[215/909] MWCC build/GEDE01/src/game/game_fn_8015DB84.o
[216/909] MWCC build/GEDE01/src/game/game_fn_80167454.o
[217/909] MWCC build/GEDE01/src/game/game_fn_8015EDC0.o
[218/909] MWCC build/GEDE01/src/game/game_fn_80167B5C.o
[219/909] MWCC build/GEDE01/src/game/game_fn_80169650.o
[220/909] MWCC build/GEDE01/src/game/game_fn_8016BE1C.o
[221/909] MWCC build/GEDE01/src/game/game_fn_8016BD0C.o
[222/909] MWCC build/GEDE01/src/game/game_fn_8016C0BC.o
[223/909] MWCC build/GEDE01/src/game/game_fn_8016BF60.o
[224/909] MWCC build/GEDE01/src/game/game_fn_8016C164.o
[225/909] MWCC build/GEDE01/src/game/game_fn_8016C238.o
[226/909] MWCC build/GEDE01/src/game/game_fn_8016C4BC.o
[227/909] MWCC build/GEDE01/src/game/game_fn_8016C774.o
[228/909] MWCC build/GEDE01/src/game/game_fn_8016D040.o
[229/909] MWCC build/GEDE01/src/game/game_fn_8016D1F8.o
[230/909] MWCC build/GEDE01/src/game/game_fn_8016D2B8.o
[231/909] MWCC build/GEDE01/src/game/game_fn_8016D9C0.o
[232/909] MWCC build/GEDE01/src/game/game_fn_8016E8F8.o
[233/909] MWCC build/GEDE01/src/game/game_fn_8016DF4C.o
[234/909] MWCC build/GEDE01/src/game/game_fn_8016FEF8.o
[235/909] MWCC build/GEDE01/src/game/game_fn_8017038C.o
[236/909] MWCC build/GEDE01/src/game/game_fn_801704F8.o
[237/909] MWCC build/GEDE01/src/game/game_fn_801706DC.o
[238/909] MWCC build/GEDE01/src/game/game_fn_80170A40.o
[239/909] MWCC build/GEDE01/src/game/game_fn_80170DF4.o
[240/909] MWCC build/GEDE01/src/game/game_fn_8017138C.o
[241/909] MWCC build/GEDE01/src/game/game_fn_80170E9C.o
[242/909] MWCC build/GEDE01/src/game/game_fn_80171664.o
[243/909] MWCC build/GEDE01/src/game/game_fn_801718F4.o
[244/909] MWCC build/GEDE01/src/game/game_fn_80171F30.o
[245/909] MWCC build/GEDE01/src/game/game_fn_801719B4.o
[246/909] MWCC build/GEDE01/src/game/game_fn_8017250C.o
[247/909] MWCC build/GEDE01/src/game/game_fn_801726EC.o
[248/909] MWCC build/GEDE01/src/game/game_fn_80172BB0.o
[249/909] MWCC build/GEDE01/src/game/game_fn_80172C78.o
[250/909] MWCC build/GEDE01/src/game/game_fn_80172DB8.o
[251/909] MWCC build/GEDE01/src/game/game_fn_80173270.o
[252/909] MWCC build/GEDE01/src/game/game_fn_80173770.o
[253/909] MWCC build/GEDE01/src/game/game_fn_801734B4.o
[254/909] MWCC build/GEDE01/src/game/game_fn_80173F04.o
[255/909] MWCC build/GEDE01/src/game/game_fn_80173D44.o
[256/909] MWCC build/GEDE01/src/game/game_fn_80174358.o
[257/909] MWCC build/GEDE01/src/game/game_fn_80174184.o
[258/909] MWCC build/GEDE01/src/game/game_fn_801752B0.o
[259/909] MWCC build/GEDE01/src/game/game_fn_80174F2C.o
[260/909] MWCC build/GEDE01/src/game/game_fn_8017553C.o
[261/909] MWCC build/GEDE01/src/game/game_fn_80175A08.o
[262/909] MWCC build/GEDE01/src/game/game_fn_80175E64.o
[263/909] MWCC build/GEDE01/src/game/game_fn_80175F0C.o
[264/909] MWCC build/GEDE01/src/game/game_fn_80176098.o
[265/909] MWCC build/GEDE01/src/game/game_fn_80175FD4.o
[266/909] MWCC build/GEDE01/src/game/game_fn_80176220.o
[267/909] MWCC build/GEDE01/src/game/game_fn_80176160.o
[268/909] MWCC build/GEDE01/src/game/game_fn_801762E8.o
[269/909] MWCC build/GEDE01/src/game/game_fn_8017652C.o
[270/909] MWCC build/GEDE01/src/game/game_fn_80176DF4.o
[271/909] MWCC build/GEDE01/src/game/game_fn_80176FA0.o
[272/909] MWCC build/GEDE01/src/game/game_fn_801770F8.o
[273/909] MWCC build/GEDE01/src/game/game_fn_8017718C.o
[274/909] MWCC build/GEDE01/src/game/game_fn_80178F88.o
[275/909] MWCC build/GEDE01/src/game/game_fn_80177434.o
[276/909] MWCC build/GEDE01/src/game/game_fn_80179398.o
[277/909] MWCC build/GEDE01/src/game/game_fn_8017960C.o
[278/909] MWCC build/GEDE01/src/game/game_fn_8017974C.o
[279/909] MWCC build/GEDE01/src/game/game_fn_80179904.o
[280/909] MWCC build/GEDE01/src/game/game_fn_80179A18.o
[281/909] MWCC build/GEDE01/src/game/game_fn_80179A74.o
[282/909] MWCC build/GEDE01/src/game/game_fn_80179EB8.o
[283/909] MWCC build/GEDE01/src/game/game_fn_80179F20.o
[284/909] MWCC build/GEDE01/src/game/game_fn_8017A010.o
[285/909] MWCC build/GEDE01/src/game/game_fn_8017A12C.o
[286/909] MWCC build/GEDE01/src/game/game_fn_8017A1C0.o
[287/909] MWCC build/GEDE01/src/game/game_fn_8017A9B8.o
[288/909] MWCC build/GEDE01/src/game/game_fn_8017AC20.o
[289/909] MWCC build/GEDE01/src/game/game_fn_8017E958.o
[290/909] MWCC build/GEDE01/src/game/game_fn_8017E850.o
[291/909] MWCC build/GEDE01/src/game/game_fn_80180DDC.o
[292/909] MWCC build/GEDE01/src/game/game_fn_801810A0.o
[293/909] MWCC build/GEDE01/src/game/game_fn_801816D4.o
[294/909] MWCC build/GEDE01/src/game/game_fn_801859FC.o
[295/909] MWCC build/GEDE01/src/game/game_fn_80185AE8.o
[296/909] MWCC build/GEDE01/src/game/game_fn_80185F10.o
[297/909] MWCC build/GEDE01/src/game/game_fn_801861C4.o
[298/909] MWCC build/GEDE01/src/game/game_fn_801865EC.o
[299/909] MWCC build/GEDE01/src/game/game_fn_8018680C.o
[300/909] MWCC build/GEDE01/src/game/game_fn_80186E10.o
[301/909] MWCC build/GEDE01/src/game/game_fn_80186F70.o
[302/909] MWCC build/GEDE01/src/game/game_fn_80187120.o
[303/909] MWCC build/GEDE01/src/game/game_fn_80187320.o
[304/909] MWCC build/GEDE01/src/game/game_fn_801875FC.o
[305/909] MWCC build/GEDE01/src/game/game_fn_801878E0.o
[306/909] MWCC build/GEDE01/src/game/game_fn_80187BB4.o
[307/909] MWCC build/GEDE01/src/game/game_fn_80188A7C.o
[308/909] MWCC build/GEDE01/src/game/game_fn_80188B44.o
[309/909] MWCC build/GEDE01/src/game/game_fn_80188C1C.o
[310/909] MWCC build/GEDE01/src/game/game_fn_80188E28.o
[311/909] MWCC build/GEDE01/src/game/game_fn_80189028.o
[312/909] MWCC build/GEDE01/src/game/game_fn_801891D8.o
[313/909] MWCC build/GEDE01/src/game/game_fn_80189390.o
[314/909] MWCC build/GEDE01/src/game/game_fn_801895E8.o
[315/909] MWCC build/GEDE01/src/game/game_fn_801896A0.o
[316/909] MWCC build/GEDE01/src/game/game_fn_80189760.o
[317/909] MWCC build/GEDE01/src/game/game_fn_80189968.o
[318/909] MWCC build/GEDE01/src/game/game_fn_80189C14.o
[319/909] MWCC build/GEDE01/src/game/game_fn_8018C2D0.o
[320/909] MWCC build/GEDE01/src/game/game_fn_8018D1F0.o
[321/909] MWCC build/GEDE01/src/game/game_fn_8018D2E0.o
[322/909] MWCC build/GEDE01/src/game/game_fn_8018D400.o
[323/909] MWCC build/GEDE01/src/game/game_fn_8018D688.o
[324/909] MWCC build/GEDE01/src/game/game_fn_8018DC24.o
[325/909] MWCC build/GEDE01/src/game/game_fn_8018E0D8.o
[326/909] MWCC build/GEDE01/src/game/game_fn_8018F1D0.o
[327/909] MWCC build/GEDE01/src/game/game_fn_8018F81C.o
[328/909] MWCC build/GEDE01/src/game/game_fn_8018FEDC.o
[329/909] MWCC build/GEDE01/src/game/game_fn_8019120C.o
[330/909] MWCC build/GEDE01/src/game/game_fn_80191360.o
[331/909] MWCC build/GEDE01/src/game/game_fn_801916D0.o
[332/909] MWCC build/GEDE01/src/game/game_fn_8019197C.o
[333/909] MWCC build/GEDE01/src/game/game_fn_80191F58.o
[334/909] MWCC build/GEDE01/src/game/game_fn_801926EC.o
[335/909] MWCC build/GEDE01/src/game/game_fn_801929A4.o
[336/909] MWCC build/GEDE01/src/game/game_fn_80192F54.o
[337/909] MWCC build/GEDE01/src/game/game_fn_801931C4.o
[338/909] MWCC build/GEDE01/src/game/game_fn_80193E1C.o
[339/909] MWCC build/GEDE01/src/game/game_fn_80193F3C.o
[340/909] MWCC build/GEDE01/src/game/game_fn_80194F80.o
[341/909] MWCC build/GEDE01/src/game/game_fn_801952E8.o
[342/909] MWCC build/GEDE01/src/game/game_fn_80197910.o
[343/909] MWCC build/GEDE01/src/game/game_fn_80198154.o
[344/909] MWCC build/GEDE01/src/game/game_fn_80198AAC.o
[345/909] MWCC build/GEDE01/src/game/game_fn_80198BF4.o
[346/909] MWCC build/GEDE01/src/game/game_fn_801991E0.o
[347/909] MWCC build/GEDE01/src/game/game_fn_8019B1BC.o
[348/909] MWCC build/GEDE01/src/game/game_fn_8019CC28.o
[349/909] MWCC build/GEDE01/src/game/game_fn_8019CFC4.o
[350/909] MWCC build/GEDE01/src/game/game_fn_8019E5E4.o
[351/909] MWCC build/GEDE01/src/game/game_fn_801A1F18.o
[352/909] MWCC build/GEDE01/src/game/game_fn_8019E8C8.o
[353/909] MWCC build/GEDE01/src/game/game_fn_801A2A54.o
[354/909] MWCC build/GEDE01/src/game/game_fn_801A34BC.o
[355/909] MWCC build/GEDE01/src/game/game_fn_801A3A78.o
[356/909] MWCC build/GEDE01/src/game/game_fn_801A4430.o
[357/909] MWCC build/GEDE01/src/game/game_fn_801A4CE0.o
[358/909] MWCC build/GEDE01/src/game/game_fn_801A5FB0.o
[359/909] MWCC build/GEDE01/src/game/game_fn_801A6410.o
[360/909] MWCC build/GEDE01/src/game/game_fn_801A657C.o
[361/909] MWCC build/GEDE01/src/game/game_fn_801A6ADC.o
[362/909] MWCC build/GEDE01/src/game/game_fn_801A6C58.o
[363/909] MWCC build/GEDE01/src/game/game_fn_801A6CB4.o
[364/909] MWCC build/GEDE01/src/game/game_fn_801A7E04.o
[365/909] MWCC build/GEDE01/src/game/game_fn_801A7EA8.o
[366/909] MWCC build/GEDE01/src/game/game_fn_801A93E8.o
[367/909] MWCC build/GEDE01/src/game/game_fn_801AB154.o
[368/909] MWCC build/GEDE01/src/game/game_fn_801ABD3C.o
[369/909] MWCC build/GEDE01/src/game/game_fn_801AC8AC.o
[370/909] MWCC build/GEDE01/src/game/game_fn_801ACFE8.o
[371/909] MWCC build/GEDE01/src/game/game_fn_801AD08C.o
[372/909] MWCC build/GEDE01/src/game/game_fn_801AFA74.o
[373/909] MWCC build/GEDE01/src/game/game_fn_801B02F0.o
[374/909] MWCC build/GEDE01/src/game/game_fn_801B1BA0.o
[375/909] MWCC build/GEDE01/src/game/game_fn_801B35BC.o
[376/909] MWCC build/GEDE01/src/game/game_fn_801B46C8.o
[377/909] MWCC build/GEDE01/src/game/game_fn_801B4FB4.o
[378/909] MWCC build/GEDE01/src/game/game_fn_801B5228.o
[379/909] MWCC build/GEDE01/src/game/game_fn_801B58F0.o
[380/909] MWCC build/GEDE01/src/game/game_fn_801B6F1C.o
[381/909] MWCC build/GEDE01/src/game/game_fn_801B86C0.o
[382/909] MWCC build/GEDE01/src/game/game_fn_801B941C.o
[383/909] MWCC build/GEDE01/src/game/game_fn_801B9E7C.o
[384/909] MWCC build/GEDE01/src/game/game_fn_801BA15C.o
[385/909] MWCC build/GEDE01/src/game/game_fn_801BA708.o
[386/909] MWCC build/GEDE01/src/game/game_fn_801BB1A0.o
[387/909] MWCC build/GEDE01/src/game/game_fn_801BC0D4.o
[388/909] MWCC build/GEDE01/src/game/game_fn_801BC240.o
[389/909] MWCC build/GEDE01/src/game/game_fn_801BC8F4.o
[390/909] MWCC build/GEDE01/src/game/game_fn_801BCC04.o
[391/909] MWCC build/GEDE01/src/game/game_fn_801BD990.o
[392/909] MWCC build/GEDE01/src/game/game_fn_801BDE7C.o
[393/909] MWCC build/GEDE01/src/game/game_fn_801BE0D4.o
[394/909] MWCC build/GEDE01/src/game/game_fn_801BEF40.o
[395/909] MWCC build/GEDE01/src/game/game_fn_801C1CB0.o
[396/909] MWCC build/GEDE01/src/game/game_fn_801C2980.o
[397/909] MWCC build/GEDE01/src/game/game_fn_801C29BC.o
[398/909] MWCC build/GEDE01/src/game/game_fn_801C2AAC.o
[399/909] MWCC build/GEDE01/src/game/game_fn_801C2D9C.o
[400/909] MWCC build/GEDE01/src/game/game_fn_801C8160.o
[401/909] MWCC build/GEDE01/src/game/game_fn_801C8224.o
[402/909] MWCC build/GEDE01/src/game/game_fn_801C8600.o
[403/909] MWCC build/GEDE01/src/game/game_fn_801C4B5C.o
[404/909] MWCC build/GEDE01/src/game/game_fn_801C87DC.o
[405/909] MWCC build/GEDE01/src/game/game_fn_801C8CC0.o
[406/909] MWCC build/GEDE01/src/game/game_fn_801C8F50.o
[407/909] MWCC build/GEDE01/src/game/game_fn_801C90A4.o
[408/909] MWCC build/GEDE01/src/game/game_fn_801C9510.o
[409/909] MWCC build/GEDE01/src/game/game_fn_801C970C.o
[410/909] MWCC build/GEDE01/src/game/game_fn_801C9A08.o
[411/909] MWCC build/GEDE01/src/game/game_fn_801C9B1C.o
[412/909] MWCC build/GEDE01/src/game/game_fn_801CB4F8.o
[413/909] MWCC build/GEDE01/src/game/game_fn_801CD228.o
[414/909] MWCC build/GEDE01/src/game/game_fn_801CE09C.o
[415/909] MWCC build/GEDE01/src/game/game_fn_801CE594.o
[416/909] MWCC build/GEDE01/src/game/game_fn_801D1B10.o
[417/909] MWCC build/GEDE01/src/game/game_fn_801D1F78.o
[418/909] MWCC build/GEDE01/src/game/game_fn_801D3988.o
[419/909] MWCC build/GEDE01/src/game/game_fn_801D76A8.o
[420/909] MWCC build/GEDE01/src/game/game_fn_801D7C24.o
[421/909] MWCC build/GEDE01/src/game/game_fn_801D8050.o
[422/909] MWCC build/GEDE01/src/game/game_fn_801D9FE4.o
[423/909] MWCC build/GEDE01/src/game/game_fn_801E2A48.o
[424/909] MWCC build/GEDE01/src/game/game_fn_801E41AC.o
[425/909] MWCC build/GEDE01/src/game/game_fn_801E504C.o
[426/909] MWCC build/GEDE01/src/game/game_fn_801E6814.o
[427/909] MWCC build/GEDE01/src/game/game_fn_801E995C.o
[428/909] MWCC build/GEDE01/src/game/game_fn_801EB09C.o
[429/909] MWCC build/GEDE01/src/game/game_fn_801EB11C.o
[430/909] MWCC build/GEDE01/src/game/game_fn_801ECD74.o
[431/909] MWCC build/GEDE01/src/game/game_fn_801ECF50.o
[432/909] MWCC build/GEDE01/src/game/game_fn_801ED5F4.o
[433/909] MWCC build/GEDE01/src/game/game_fn_801EF580.o
[434/909] MWCC build/GEDE01/src/game/game_fn_801EF910.o
[435/909] MWCC build/GEDE01/src/game/game_fn_801F0CB0.o
[436/909] MWCC build/GEDE01/src/game/game_fn_801F10BC.o
[437/909] MWCC build/GEDE01/src/game/game_fn_801F1A38.o
[438/909] MWCC build/GEDE01/src/game/game_fn_801F35A8.o
[439/909] MWCC build/GEDE01/src/game/game_fn_801F55A0.o
[440/909] MWCC build/GEDE01/src/game/game_fn_801F69F0.o
[441/909] MWCC build/GEDE01/src/game/game_fn_801F6BD8.o
[442/909] MWCC build/GEDE01/src/game/game_fn_801F7510.o
[443/909] MWCC build/GEDE01/src/game/game_fn_801F76EC.o
[444/909] MWCC build/GEDE01/src/game/game_fn_801F8264.o
[445/909] MWCC build/GEDE01/src/game/game_fn_801F89B4.o
[446/909] MWCC build/GEDE01/src/game/game_fn_801F9AF8.o
[447/909] MWCC build/GEDE01/src/game/game_fn_801F9CF4.o
[448/909] MWCC build/GEDE01/src/game/game_fn_801FA9C8.o
[449/909] MWCC build/GEDE01/src/game/game_fn_801FB6A4.o
[450/909] MWCC build/GEDE01/src/game/game_fn_801FC034.o
[451/909] MWCC build/GEDE01/src/game/game_fn_801FC204.o
[452/909] EXTERNALIZE build/GEDE01/src/game/game_fn_800DC4D4.o
[453/909] MWCC build/GEDE01/src/game/game_fn_801FFE78.o
[454/909] EXTERNALIZE build/GEDE01/src/game/game_fn_80175A08.o
[455/909] EXTERNALIZE build/GEDE01/src/game/game_fn_80066E78.o
[456/909] EXTERNALIZE build/GEDE01/src/game/game_fn_801247F8.o
[457/909] EXTERNALIZE build/GEDE01/src/game/game_fn_801EF910.o
[458/909] EXTERNALIZE build/GEDE01/src/game/game_fn_801ECF50.o
[459/909] EXTERNALIZE build/GEDE01/src/game/game_fn_801FC204.o
[460/909] EXTERNALIZE build/GEDE01/src/game/game_fn_801EB09C.o
[461/909] EXTERNALIZE build/GEDE01/src/game/game_fn_801EB11C.o
[462/909] EXTERNALIZE JUMPTABLES build/GEDE01/src/game/game_fn_80050B08.o
[463/909] EXTERNALIZE build/GEDE01/src/game/game_fn_801E41AC.o
[464/909] EXTERNALIZE build/GEDE01/src/game/game_fn_801D9FE4.o
[465/909] EXTERNALIZE build/GEDE01/src/game/game_fn_801D76A8.o
[466/909] EXTERNALIZE build/GEDE01/src/game/game_fn_801D8050.o
[467/909] EXTERNALIZE build/GEDE01/src/game/game_fn_801D7C24.o
[468/909] EXTERNALIZE build/GEDE01/src/game/game_fn_8019B1BC.o
[469/909] EXTERNALIZE build/GEDE01/src/game/game_fn_80178F88.o
[470/909] EXTERNALIZE build/GEDE01/src/game/game_fn_801CD228.o
[471/909] EXTERNALIZE build/GEDE01/src/game/game_fn_801C970C.o
[472/909] EXTERNALIZE build/GEDE01/src/game/game_fn_801BA15C.o
[473/909] EXTERNALIZE build/GEDE01/src/game/game_fn_801C9510.o
[474/909] EXTERNALIZE build/GEDE01/src/game/game_fn_80126A00.o
[475/909] EXTERNALIZE build/GEDE01/src/game/game_fn_8013D6A4.o
[476/909] EXTERNALIZE build/GEDE01/src/game/game_fn_800C9C60.o
[477/909] EXTERNALIZE build/GEDE01/src/game/game_fn_801B5228.o
[478/909] EXTERNALIZE build/GEDE01/src/game/game_fn_801B4FB4.o
[479/909] EXTERNALIZE build/GEDE01/src/game/game_fn_801C87DC.o
[480/909] EXTERNALIZE build/GEDE01/src/game/game_fn_801B6F1C.o
[481/909] EXTERNALIZE build/GEDE01/src/game/game_fn_801C8CC0.o
[482/909] EXTERNALIZE build/GEDE01/src/game/game_fn_800FD0C8.o
[483/909] EXTERNALIZE build/GEDE01/src/game/game_fn_801BDE7C.o
[484/909] EXTERNALIZE build/GEDE01/src/game/game_fn_801BE0D4.o
[485/909] EXTERNALIZE STATIC POOL build/GEDE01/src/game/game_fn_801C9A08.o
build/GEDE01/src/game/game_fn_801C9A08.o: lbl_80629390 now undefined; section 3 emptied
[486/909] EXTERNALIZE build/GEDE01/src/game/game_fn_801B941C.o
[487/909] EXTERNALIZE STATIC POOL build/GEDE01/src/game/game_fn_801C9B1C.o
build/GEDE01/src/game/game_fn_801C9B1C.o: lbl_80629390 now undefined; section 3 emptied
[488/909] EXTERNALIZE STATIC POOL build/GEDE01/src/game/game_fn_801BD990.o
build/GEDE01/src/game/game_fn_801BD990.o: lbl_80626D80 now undefined; section 6 emptied
[489/909] EXTERNALIZE STATIC POOL build/GEDE01/src/game/game_fn_801B58F0.o
build/GEDE01/src/game/game_fn_801B58F0.o: lbl_8060C020 now undefined; section 3 emptied
[490/909] EXTERNALIZE STATIC POOL build/GEDE01/src/game/game_fn_801B9E7C.o
build/GEDE01/src/game/game_fn_801B9E7C.o: 0 relocation(s) moved from streamInfo to ...bss.0
build/GEDE01/src/game/game_fn_801B9E7C.o: lbl_8061AE48 now undefined; section 6 emptied
[491/909] EXTERNALIZE STATIC POOL build/GEDE01/src/game/game_fn_801BB1A0.o
build/GEDE01/src/game/game_fn_801BB1A0.o: 0 relocation(s) moved from streamInfo to ...bss.0
build/GEDE01/src/game/game_fn_801BB1A0.o: lbl_8061AE48 now undefined; section 6 emptied
[492/909] EXTERNALIZE STATIC build/GEDE01/src/game/game_fn_801B35BC.o
build/GEDE01/src/game/game_fn_801B35BC.o: lbl_8060D420 now undefined; section 6 emptied
[493/909] EXTERNALIZE STATIC POOL build/GEDE01/src/game/game_fn_801BA708.o
build/GEDE01/src/game/game_fn_801BA708.o: 0 relocation(s) moved from streamInfo to ...bss.0
build/GEDE01/src/game/game_fn_801BA708.o: lbl_8061AE48 now undefined; section 6 emptied
[494/909] EXTERNALIZE STATIC POOL build/GEDE01/src/game/game_fn_801BC8F4.o
build/GEDE01/src/game/game_fn_801BC8F4.o: lbl_8061C748 now undefined; section 6 emptied
[495/909] EXTERNALIZE STATIC build/GEDE01/src/game/game_fn_801BC240.o
build/GEDE01/src/game/game_fn_801BC240.o: lbl_8061C748 now undefined; section 6 emptied
[496/909] EXTERNALIZE STATIC POOL build/GEDE01/src/game/game_fn_801BCC04.o
build/GEDE01/src/game/game_fn_801BCC04.o: lbl_8061C748 now undefined; section 6 emptied
[497/909] EXTERNALIZE STATIC POOL build/GEDE01/src/game/game_fn_801BC0D4.o
build/GEDE01/src/game/game_fn_801BC0D4.o: lbl_8061C748 now undefined; section 6 emptied
[498/909] EXTERNALIZE STATIC POOL build/GEDE01/src/game/game_fn_801C1CB0.o
build/GEDE01/src/game/game_fn_801C1CB0.o: lbl_80626DA0 now undefined; section 3 emptied
[499/909] RENAME build/GEDE01/src/game/game_InitMetroTRKCommTable.o
[500/909] EXTERNALIZE STATIC POOL build/GEDE01/src/game/game_fn_801CE09C.o
build/GEDE01/src/game/game_fn_801CE09C.o: lbl_80631340 now undefined; section 6 emptied
[501/909] RENAME RUNTIME INTRINSICS build/GEDE01/src/game/game_fn_801CB4F8.o
[502/909] EXTERNALIZE STATIC POOL build/GEDE01/src/game/game_fn_8010242C.o
build/GEDE01/src/game/game_fn_8010242C.o: lbl_8032CC08 now undefined; section 3 emptied
[503/909] EXTERNALIZE build/GEDE01/src/game/game_fn_801D3988.o
[504/909] EXTERNALIZE build/GEDE01/src/game/game_fn_801D1B10.o
[505/909] ALIGN DATA build/GEDE01/src/game/game_fn_80008014.o
[506/909] EXTERNALIZE build/GEDE01/src/game/game_fn_801CE594.o
[507/909] EXTERNALIZE build/GEDE01/src/game/game_fn_801C8224.o
[508/909] EXTERNALIZE build/GEDE01/src/game/game_fn_8014549C.o
[509/909] EXTERNALIZE build/GEDE01/src/game/game_fn_801098C0.o
[510/909] EXTERNALIZE build/GEDE01/src/game/game_fn_8000FDE8.o
[511/909] EXTERNALIZE build/GEDE01/src/game/game_fn_801C29BC.o
[512/909] EXTERNALIZE build/GEDE01/src/game/game_fn_80185F10.o
[513/909] EXTERNALIZE build/GEDE01/src/game/game_fn_801C8F50.o
[514/909] EXTERNALIZE build/GEDE01/src/game/game_fn_8007B828.o
[515/909] EXTERNALIZE build/GEDE01/src/game/game_fn_801C90A4.o
[516/909] EXTERNALIZE build/GEDE01/src/game/game_fn_801C8160.o
[517/909] EXTERNALIZE build/GEDE01/src/game/game_fn_801C2D9C.o
[518/909] EXTERNALIZE build/GEDE01/src/game/game_fn_801C2AAC.o
[519/909] EXTERNALIZE build/GEDE01/src/game/game_fn_801C2980.o
[520/909] EXTERNALIZE build/GEDE01/src/game/game_fn_801B02F0.o
[521/909] EXTERNALIZE build/GEDE01/src/game/game_fn_801AFA74.o
[522/909] EXTERNALIZE build/GEDE01/src/game/game_fn_801AC8AC.o
[523/909] EXTERNALIZE build/GEDE01/src/game/game_fn_801ABD3C.o
[524/909] EXTERNALIZE build/GEDE01/src/game/game_fn_801816D4.o
[525/909] EXTERNALIZE build/GEDE01/src/game/game_fn_8011F140.o
[526/909] EXTERNALIZE build/GEDE01/src/game/game_fn_8004998C.o
[527/909] EXTERNALIZE build/GEDE01/src/game/game_fn_801AD08C.o
[528/909] EXTERNALIZE build/GEDE01/src/game/game_fn_80079AA4.o
[529/909] EXTERNALIZE build/GEDE01/src/game/game_fn_80158D38.o
[530/909] EXTERNALIZE build/GEDE01/src/game/game_fn_801A3A78.o
[531/909] EXTERNALIZE build/GEDE01/src/game/game_fn_8008F224.o
[532/909] EXTERNALIZE build/GEDE01/src/game/game_fn_80167454.o
[533/909] EXTERNALIZE build/GEDE01/src/game/game_fn_800AF230.o
[534/909] EXTERNALIZE build/GEDE01/src/game/game_fn_801A93E8.o
[535/909] EXTERNALIZE build/GEDE01/src/game/game_fn_801AB154.o
[536/909] EXTERNALIZE build/GEDE01/src/game/game_fn_801A7E04.o
[537/909] EXTERNALIZE build/GEDE01/src/game/game_fn_801A7EA8.o
[538/909] EXTERNALIZE build/GEDE01/src/game/game_fn_801A6CB4.o
[539/909] EXTERNALIZE build/GEDE01/src/game/game_fn_801A4CE0.o
[540/909] EXTERNALIZE build/GEDE01/src/game/game_fn_801A6C58.o
[541/909] NAME JUMPTABLE build/GEDE01/src/game/game_fn_801A6ADC.o
[542/909] EXTERNALIZE build/GEDE01/src/game/game_fn_801A6410.o
[543/909] EXTERNALIZE build/GEDE01/src/game/game_fn_801A5FB0.o
[544/909] EXTERNALIZE build/GEDE01/src/game/game_fn_801A1F18.o
[545/909] EXTERNALIZE build/GEDE01/src/game/game_fn_8019E8C8.o
[546/909] EXTERNALIZE build/GEDE01/src/game/game_fn_8019E5E4.o
[547/909] EXTERNALIZE build/GEDE01/src/game/game_fn_8019CFC4.o
[548/909] EXTERNALIZE build/GEDE01/src/game/game_fn_8019CC28.o
[549/909] EXTERNALIZE build/GEDE01/src/game/game_fn_801991E0.o
[550/909] EXTERNALIZE build/GEDE01/src/game/game_fn_80198BF4.o
[551/909] EXTERNALIZE build/GEDE01/src/game/game_fn_80198AAC.o
[552/909] EXTERNALIZE build/GEDE01/src/game/game_fn_80198154.o
[553/909] EXTERNALIZE build/GEDE01/src/game/game_fn_80194F80.o
[554/909] EXTERNALIZE build/GEDE01/src/game/game_fn_80197910.o
[555/909] EXTERNALIZE build/GEDE01/src/game/game_fn_80177434.o
repointed 2 relocations to lbl_80250588
[556/909] EXTERNALIZE build/GEDE01/src/game/game_fn_80193E1C.o
[557/909] EXTERNALIZE build/GEDE01/src/game/game_fn_801931C4.o
[558/909] EXTERNALIZE build/GEDE01/src/game/game_fn_80193F3C.o
[559/909] EXTERNALIZE build/GEDE01/src/game/game_fn_80192F54.o
[560/909] EXTERNALIZE build/GEDE01/src/game/game_fn_80191F58.o
[561/909] EXTERNALIZE build/GEDE01/src/game/game_fn_8019197C.o
[562/909] EXTERNALIZE build/GEDE01/src/game/game_fn_80191360.o
[563/909] GLOBALIZE build/GEDE01/src/game/game_fn_8018F1D0.o
[564/909] EXTERNALIZE build/GEDE01/src/game/game_fn_8018D688.o
[565/909] EXTERNALIZE build/GEDE01/src/game/game_fn_8018F81C.o
[566/909] EXTERNALIZE build/GEDE01/src/game/game_fn_8018D2E0.o
[567/909] EXTERNALIZE build/GEDE01/src/game/game_fn_80189968.o
[568/909] EXTERNALIZE build/GEDE01/src/game/game_fn_80189760.o
[569/909] EXTERNALIZE build/GEDE01/src/game/game_fn_8018D1F0.o
[570/909] EXTERNALIZE build/GEDE01/src/game/game_fn_801896A0.o
[571/909] EXTERNALIZE build/GEDE01/src/game/game_fn_801895E8.o
[572/909] EXTERNALIZE build/GEDE01/src/game/game_fn_80189390.o
[573/909] EXTERNALIZE build/GEDE01/src/game/game_fn_801891D8.o
[574/909] EXTERNALIZE build/GEDE01/src/game/game_fn_80188E28.o
[575/909] EXTERNALIZE build/GEDE01/src/game/game_fn_80189028.o
[576/909] EXTERNALIZE build/GEDE01/src/game/game_fn_80188B44.o
[577/909] EXTERNALIZE build/GEDE01/src/game/game_fn_80188C1C.o
[578/909] EXTERNALIZE build/GEDE01/src/game/game_fn_80188A7C.o
[579/909] EXTERNALIZE build/GEDE01/src/game/game_fn_801878E0.o
[580/909] EXTERNALIZE build/GEDE01/src/game/game_fn_80187120.o
[581/909] EXTERNALIZE build/GEDE01/src/game/game_fn_8018FEDC.o
[582/909] EXTERNALIZE build/GEDE01/src/game/game_fn_80186E10.o
[583/909] EXTERNALIZE build/GEDE01/src/game/game_fn_801865EC.o
[584/909] EXTERNALIZE build/GEDE01/src/game/game_fn_80185AE8.o
[585/909] EXTERNALIZE build/GEDE01/src/game/game_fn_801859FC.o
[586/909] EXTERNALIZE build/GEDE01/src/game/game_fn_80180DDC.o
[587/909] EXTERNALIZE build/GEDE01/src/game/game_fn_8017E958.o
[588/909] EXTERNALIZE build/GEDE01/src/game/game_fn_8017E850.o
[589/909] EXTERNALIZE build/GEDE01/src/game/game_fn_8017718C.o
[590/909] EXTERNALIZE build/GEDE01/src/game/game_fn_801770F8.o
[591/909] EXTERNALIZE build/GEDE01/src/game/game_fn_80176FA0.o
[592/909] EXTERNALIZE build/GEDE01/src/game/game_fn_80176DF4.o
[593/909] EXTERNALIZE build/GEDE01/src/game/game_fn_80174358.o
[594/909] EXTERNALIZE build/GEDE01/src/game/game_fn_80173F04.o
[595/909] EXTERNALIZE build/GEDE01/src/game/game_fn_80174184.o
[596/909] EXTERNALIZE build/GEDE01/src/game/game_fn_8017553C.o
[597/909] EXTERNALIZE build/GEDE01/src/game/game_fn_80173D44.o
[598/909] EXTERNALIZE build/GEDE01/src/game/game_fn_80173770.o
[599/909] EXTERNALIZE build/GEDE01/src/game/game_fn_801734B4.o
[600/909] EXTERNALIZE build/GEDE01/src/game/game_fn_80173270.o
[601/909] EXTERNALIZE build/GEDE01/src/game/game_fn_80172DB8.o
[602/909] EXTERNALIZE build/GEDE01/src/game/game_fn_80172C78.o
[603/909] EXTERNALIZE build/GEDE01/src/game/game_fn_80172BB0.o
[604/909] EXTERNALIZE build/GEDE01/src/game/game_fn_801726EC.o
[605/909] EXTERNALIZE build/GEDE01/src/game/game_fn_8017250C.o
[606/909] EXTERNALIZE build/GEDE01/src/game/game_fn_80171F30.o
[607/909] EXTERNALIZE build/GEDE01/src/game/game_fn_801719B4.o
[608/909] EXTERNALIZE build/GEDE01/src/game/game_fn_801718F4.o
[609/909] EXTERNALIZE build/GEDE01/src/game/game_fn_80171664.o
[610/909] EXTERNALIZE build/GEDE01/src/game/game_fn_8017138C.o
[611/909] EXTERNALIZE build/GEDE01/src/game/game_fn_80170A40.o
[612/909] NORMALIZE build/GEDE01/src/game/game_TRKNubWelcome.o
[613/909] NORMALIZE build/GEDE01/src/game/game_TRK_main.o
[614/909] EXTERNALIZE build/GEDE01/src/game/game_fn_801706DC.o
[615/909] NORMALIZE build/GEDE01/src/game/game_data_80239E10.o
[616/909] NORMALIZE build/GEDE01/src/game/game_data_80239E18.o
[617/909] EXTERNALIZE build/GEDE01/src/game/game_fn_8017652C.o
[618/909] EXTERNALIZE build/GEDE01/src/game/game_fn_80170E9C.o
[619/909] EXTERNALIZE build/GEDE01/src/game/game_fn_80175E64.o
[620/909] EXTERNALIZE build/GEDE01/src/game/game_fn_80175F0C.o
[621/909] EXTERNALIZE build/GEDE01/src/game/game_fn_80175FD4.o
[622/909] EXTERNALIZE build/GEDE01/src/game/game_fn_80176098.o
[623/909] EXTERNALIZE build/GEDE01/src/game/game_fn_80176220.o
[624/909] EXTERNALIZE build/GEDE01/src/game/game_fn_80176160.o
[625/909] EXTERNALIZE build/GEDE01/src/game/game_fn_80170DF4.o
[626/909] EXTERNALIZE build/GEDE01/src/game/game_fn_801762E8.o
[627/909] EXTERNALIZE build/GEDE01/src/game/game_fn_8016E8F8.o
[628/909] EXTERNALIZE build/GEDE01/src/game/game_fn_8016FEF8.o
[629/909] EXTERNALIZE build/GEDE01/src/game/game_fn_801704F8.o
[630/909] NORMALIZE build/GEDE01/src/game/game_fn_8016DF4C.o
[631/909] EXTERNALIZE build/GEDE01/src/game/game_fn_8016D2B8.o
[632/909] EXTERNALIZE build/GEDE01/src/game/game_fn_8016D040.o
[633/909] EXTERNALIZE build/GEDE01/src/game/game_fn_8016D1F8.o
[634/909] EXTERNALIZE build/GEDE01/src/game/game_fn_8016C4BC.o
[635/909] EXTERNALIZE build/GEDE01/src/game/game_fn_8016C774.o
[636/909] EXTERNALIZE build/GEDE01/src/game/game_fn_8016C238.o
[637/909] EXTERNALIZE build/GEDE01/src/game/game_fn_8016C164.o
[638/909] EXTERNALIZE build/GEDE01/src/game/game_fn_8016C0BC.o
[639/909] EXTERNALIZE build/GEDE01/src/game/game_fn_8017038C.o
[640/909] EXTERNALIZE build/GEDE01/src/game/game_fn_8016BE1C.o
[641/909] EXTERNALIZE build/GEDE01/src/game/game_fn_8016BF60.o
[642/909] EXTERNALIZE build/GEDE01/src/game/game_fn_8016BD0C.o
[643/909] EXTERNALIZE build/GEDE01/src/game/game_fn_80169650.o
[644/909] EXTERNALIZE build/GEDE01/src/game/game_fn_8015EDC0.o
[645/909] EXTERNALIZE build/GEDE01/src/game/game_fn_80167B5C.o
[646/909] EXTERNALIZE build/GEDE01/src/game/game_fn_8015DB84.o
[647/909] EXTERNALIZE build/GEDE01/src/game/game_fn_8015DC54.o
[648/909] EXTERNALIZE build/GEDE01/src/game/game_fn_80158B20.o
[649/909] EXTERNALIZE build/GEDE01/src/game/game_fn_80179398.o
[650/909] EXTERNALIZE build/GEDE01/src/game/game_fn_8017974C.o
[651/909] EXTERNALIZE build/GEDE01/src/game/game_fn_8017960C.o
[652/909] EXTERNALIZE build/GEDE01/src/game/game_fn_80179904.o
[653/909] EXTERNALIZE build/GEDE01/src/game/game_fn_8017A9B8.o
[654/909] EXTERNALIZE build/GEDE01/src/game/game_fn_80179A18.o
[655/909] EXTERNALIZE build/GEDE01/src/game/game_fn_80179A74.o
[656/909] EXTERNALIZE build/GEDE01/src/game/game_fn_80179EB8.o
[657/909] EXTERNALIZE build/GEDE01/src/game/game_fn_80179F20.o
[658/909] EXTERNALIZE build/GEDE01/src/game/game_fn_8017A010.o
[659/909] EXTERNALIZE build/GEDE01/src/game/game_fn_8017A12C.o
[660/909] EXTERNALIZE build/GEDE01/src/game/game_fn_80157C0C.o
[661/909] EXTERNALIZE build/GEDE01/src/game/game_fn_8017A1C0.o
[662/909] EXTERNALIZE build/GEDE01/src/game/game_fn_80155814.o
[663/909] EXTERNALIZE build/GEDE01/src/game/game_fn_80153898.o
[664/909] EXTERNALIZE build/GEDE01/src/game/game_fn_8014B494.o
[665/909] EXTERNALIZE build/GEDE01/src/game/game_fn_8014AF38.o
[666/909] EXTERNALIZE build/GEDE01/src/game/game_fn_8012DB28.o
[667/909] EXTERNALIZE build/GEDE01/src/game/game_fn_801141B8.o
[668/909] EXTERNALIZE build/GEDE01/src/game/game_fn_801128E4.o
[669/909] EXTERNALIZE build/GEDE01/src/game/game_fn_801126E0.o
[670/909] EXTERNALIZE build/GEDE01/src/game/game_fn_8010F184.o
[671/909] EXTERNALIZE build/GEDE01/src/game/game_fn_800E4980.o
[672/909] EXTERNALIZE build/GEDE01/src/game/game_fn_800C17EC.o
[673/909] EXTERNALIZE build/GEDE01/src/game/game_fn_800C030C.o
[674/909] EXTERNALIZE build/GEDE01/src/game/game_fn_800C59F0.o
[675/909] EXTERNALIZE build/GEDE01/src/game/game_fn_800C644C.o
[676/909] EXTERNALIZE build/GEDE01/src/game/game_fn_800C65FC.o
[677/909] EXTERNALIZE build/GEDE01/src/game/game_fn_800CB760.o
[678/909] EXTERNALIZE build/GEDE01/src/game/game_fn_800CB8F4.o
[679/909] EXTERNALIZE build/GEDE01/src/game/game_fn_80079908.o
[680/909] EXTERNALIZE build/GEDE01/src/game/game_fn_80078500.o
[681/909] EXTERNALIZE build/GEDE01/src/game/game_fn_8007B540.o
[682/909] EXTERNALIZE build/GEDE01/src/game/game_fn_8007B2F4.o
[683/909] EXTERNALIZE build/GEDE01/src/game/game_fn_8007B640.o
[684/909] EXTERNALIZE build/GEDE01/src/game/game_fn_8007BA3C.o
[685/909] EXTERNALIZE build/GEDE01/src/game/game_fn_800886D8.o
[686/909] EXTERNALIZE build/GEDE01/src/game/game_fn_800934A0.o
[687/909] EXTERNALIZE build/GEDE01/src/game/game_fn_800A3894.o
[688/909] EXTERNALIZE build/GEDE01/src/game/game_fn_800A7E88.o
[689/909] EXTERNALIZE build/GEDE01/src/game/game_fn_800A4798.o
[690/909] GLOBALIZE build/GEDE01/src/game/game_fn_800A2130.o
[691/909] EXTERNALIZE build/GEDE01/src/game/game_fn_800A2FCC.o
[692/909] EXTERNALIZE build/GEDE01/src/game/game_fn_8009C424.o
[693/909] EXTERNALIZE SWITCHES build/GEDE01/src/game/game_fn_80095FDC.o
[694/909] GLOBALIZE build/GEDE01/src/game/game_fn_8008F890.o
[695/909] EXTERNALIZE build/GEDE01/src/game/game_fn_80096830.o
[696/909] EXTERNALIZE build/GEDE01/src/game/game_fn_800A4428.o
[697/909] EXTERNALIZE build/GEDE01/src/game/game_fn_80074310.o
[698/909] GLOBALIZE build/GEDE01/src/game/game_fn_8005FD84.o
[699/909] EXTERNALIZE build/GEDE01/src/game/game_fn_80066888.o
[700/909] EXTERNALIZE build/GEDE01/src/game/game_fn_8005EC6C.o
[701/909] EXTERNALIZE build/GEDE01/src/game/game_fn_80052310.o
[702/909] EXTERNALIZE build/GEDE01/src/game/game_fn_80048B24.o
[703/909] NAME SWITCH build/GEDE01/src/game/game_fn_80020E94.o
[704/909] NAME SWITCH build/GEDE01/src/game/game_fn_8005EE9C.o
[705/909] NAME SWITCH build/GEDE01/src/game/game_fn_8016D9C0.o
[706/909] NAME SWITCH build/GEDE01/src/game/game_fn_80071A58.o
[707/909] EXTERNALIZE build/GEDE01/src/game/game_fn_80048ADC.o
[708/909] NAME SWITCH build/GEDE01/src/game/game_fn_8006B620.o
[709/909] NAME SWITCH build/GEDE01/src/game/game_fn_8001FE1C.o
[710/909] NAME SWITCH build/GEDE01/src/game/game_fn_8001E644.o
[711/909] EXTERNALIZE build/GEDE01/src/game/game_fn_80038878.o
[712/909] EXTERNALIZE build/GEDE01/src/game/game_fn_801B46C8.o
build/GEDE01/src/game/game_fn_801B46C8.o: lbl_8060C020 now undefined; section 6 emptied
[713/909] EXTERNALIZE build/GEDE01/src/game/game_fn_80036C40.o
[714/909] EXTERNALIZE build/GEDE01/src/game/game_fn_800359A0.o
[715/909] EXTERNALIZE build/GEDE01/src/game/game_fn_80033180.o
[716/909] EXTERNALIZE build/GEDE01/src/game/game_fn_80033038.o
[717/909] EXTERNALIZE build/GEDE01/src/game/game_fn_80032B84.o
[718/909] EXTERNALIZE build/GEDE01/src/game/game_fn_8003232C.o
[719/909] EXTERNALIZE build/GEDE01/src/game/game_fn_8002E3F0.o
[720/909] EXTERNALIZE build/GEDE01/src/game/game_fn_8002DAE0.o
[721/909] EXTERNALIZE build/GEDE01/src/game/game_fn_8002EA68.o
[722/909] GLOBALIZE build/GEDE01/src/game/game_fn_8002B748.o
[723/909] EXTERNALIZE build/GEDE01/src/game/game_fn_8002F428.o
[724/909] NAME SWITCHES build/GEDE01/src/game/game_fn_80024F28.o
[725/909] EXTERNALIZE build/GEDE01/src/game/game_fn_800272B4.o
[726/909] EXTERNALIZE build/GEDE01/src/game/game_fn_8001CE94.o
[727/909] EXTERNALIZE build/GEDE01/src/game/game_fn_8001CD58.o
[728/909] EXTERNALIZE build/GEDE01/src/game/game_fn_8001C078.o
[729/909] EXTERNALIZE build/GEDE01/src/game/game_fn_8001B874.o
[730/909] EXTERNALIZE build/GEDE01/src/game/game_fn_8001B808.o
[731/909] EXTERNALIZE build/GEDE01/src/game/game_fn_8001B294.o
[732/909] EXTERNALIZE build/GEDE01/src/game/game_fn_8001B124.o
[733/909] EXTERNALIZE build/GEDE01/src/game/game_fn_8001ADF8.o
[734/909] EXTERNALIZE build/GEDE01/src/game/game_fn_8001AF68.o
[735/909] EXTERNALIZE build/GEDE01/src/game/game_fn_8001AAB8.o
[736/909] EXTERNALIZE build/GEDE01/src/game/game_fn_8001A6C4.o
[737/909] EXTERNALIZE build/GEDE01/src/game/game_fn_80019F98.o
[738/909] EXTERNALIZE build/GEDE01/src/game/game_fn_80019D2C.o
[739/909] EXTERNALIZE build/GEDE01/src/game/game_fn_80019C10.o
[740/909] EXTERNALIZE build/GEDE01/src/game/game_fn_80019940.o
[741/909] EXTERNALIZE build/GEDE01/src/game/game_fn_800194D0.o
[742/909] EXTERNALIZE build/GEDE01/src/game/game_fn_80019244.o
[743/909] EXTERNALIZE build/GEDE01/src/game/game_fn_80019054.o
[744/909] EXTERNALIZE build/GEDE01/src/game/game_fn_80018EF4.o
[745/909] EXTERNALIZE build/GEDE01/src/game/game_fn_80017DB0.o
[746/909] EXTERNALIZE build/GEDE01/src/game/game_fn_80017CC8.o
[747/909] EXTERNALIZE build/GEDE01/src/game/game_fn_80017C3C.o
[748/909] EXTERNALIZE build/GEDE01/src/game/game_fn_80017AE4.o
[749/909] EXTERNALIZE build/GEDE01/src/game/game_fn_80017A3C.o
[750/909] EXTERNALIZE build/GEDE01/src/game/game_fn_800179AC.o
[751/909] EXTERNALIZE build/GEDE01/src/game/game_fn_80017910.o
[752/909] EXTERNALIZE FLAGS build/GEDE01/src/game/game_fn_800119FC.o
[753/909] EXTERNALIZE build/GEDE01/src/game/game_fn_8000FFD8.o
[754/909] EXTERNALIZE build/GEDE01/src/game/game_fn_8000F4B0.o
[755/909] GLOBALIZE build/GEDE01/src/game/game_fn_800094C0.o
[756/909] EXTERNALIZE build/GEDE01/src/game/game_fn_8000EFC4.o
[757/909] EXTERNALIZE build/GEDE01/src/game/game_fn_800096E0.o
[758/909] EXTERNALIZE build/GEDE01/src/game/game_fn_800098C0.o
[759/909] EXTERNALIZE build/GEDE01/src/game/game_fn_800099D8.o
[760/909] EXTERNALIZE build/GEDE01/src/game/game_fn_80009AB4.o
[761/909] EXTERNALIZE build/GEDE01/src/game/game_fn_8000A26C.o
[762/909] EXTERNALIZE build/GEDE01/src/game/game_fn_800171C0.o
[763/909] EXTERNALIZE build/GEDE01/src/game/game_fn_800176F0.o
[764/909] EXTERNALIZE build/GEDE01/src/game/game_fn_8000AC88.o
[765/909] EXTERNALIZE build/GEDE01/src/game/game_fn_8000AEB4.o
[766/909] EXTERNALIZE build/GEDE01/src/game/game_fn_8000AFB4.o
[767/909] EXTERNALIZE build/GEDE01/src/game/game_fn_8000B1B8.o
[768/909] EXTERNALIZE build/GEDE01/src/game/game_fn_8000B36C.o
[769/909] EXTERNALIZE build/GEDE01/src/game/game_fn_8000B630.o
[770/909] EXTERNALIZE build/GEDE01/src/game/game_fn_8000B7FC.o
[771/909] EXTERNALIZE build/GEDE01/src/game/game_fn_8000B900.o
[772/909] EXTERNALIZE build/GEDE01/src/game/game_fn_8000BA0C.o
[773/909] EXTERNALIZE build/GEDE01/src/game/game_fn_8000BAA0.o
[774/909] EXTERNALIZE build/GEDE01/src/game/game_fn_8000BC40.o
[775/909] EXTERNALIZE build/GEDE01/src/game/game_fn_8000C06C.o
[776/909] EXTERNALIZE build/GEDE01/src/game/game_fn_8000C17C.o
[777/909] EXTERNALIZE build/GEDE01/src/game/game_fn_8000C400.o
[778/909] EXTERNALIZE build/GEDE01/src/game/game_fn_8000C848.o
[779/909] EXTERNALIZE build/GEDE01/src/game/game_fn_8000C91C.o
[780/909] EXTERNALIZE build/GEDE01/src/game/game_fn_8000D0BC.o
[781/909] NAME SWITCH build/GEDE01/src/game/game_fn_8000D8A4.o
[782/909] EXTERNALIZE build/GEDE01/src/game/game_fn_8000D3D4.o
[783/909] EXTERNALIZE build/GEDE01/src/game/game_fn_8000E054.o
[784/909] EXTERNALIZE build/GEDE01/src/game/game_fn_8000E0AC.o
[785/909] EXTERNALIZE build/GEDE01/src/game/game_fn_8000E96C.o
[786/909] EXTERNALIZE build/GEDE01/src/game/game_fn_8000F774.o
[787/909] EXTERNALIZE build/GEDE01/src/game/game_fn_8000EB14.o
[788/909] EXTERNALIZE build/GEDE01/src/game/game_fn_8000EBD4.o
[789/909] EXTERNALIZE build/GEDE01/src/game/game_fn_8000ED44.o
[790/909] EXTERNALIZE build/GEDE01/src/game/game_fn_8000E138.o
[791/909] EXTERNALIZE build/GEDE01/src/game/game_fn_8000E1C4.o
[792/909] EXTERNALIZE build/GEDE01/src/game/game_fn_8000D590.o
[793/909] EXTERNALIZE build/GEDE01/src/game/game_fn_8000DA50.o
[794/909] EXTERNALIZE build/GEDE01/src/game/game_fn_8000DAF4.o
[795/909] EXTERNALIZE build/GEDE01/src/game/game_fn_80012DA8.o
[796/909] EXTERNALIZE build/GEDE01/src/game/game_fn_80012F40.o
[797/909] EXTERNALIZE build/GEDE01/src/game/game_fn_80012FD0.o
[798/909] EXTERNALIZE build/GEDE01/src/game/game_fn_800131E8.o
[799/909] EXTERNALIZE build/GEDE01/src/game/game_fn_80013340.o
[800/909] EXTERNALIZE build/GEDE01/src/game/game_fn_80013870.o
[801/909] EXTERNALIZE build/GEDE01/src/game/game_fn_80013CB0.o
[802/909] EXTERNALIZE build/GEDE01/src/game/game_fn_80013D54.o
[803/909] EXTERNALIZE build/GEDE01/src/game/game_fn_800142DC.o
[804/909] EXTERNALIZE build/GEDE01/src/game/game_fn_800144CC.o
[805/909] EXTERNALIZE build/GEDE01/src/game/game_fn_80014784.o
[806/909] EXTERNALIZE build/GEDE01/src/game/game_fn_800149D4.o
[807/909] EXTERNALIZE build/GEDE01/src/game/game_fn_80015058.o
[808/909] EXTERNALIZE build/GEDE01/src/game/game_fn_80015320.o
[809/909] EXTERNALIZE build/GEDE01/src/game/game_fn_80015568.o
[810/909] EXTERNALIZE build/GEDE01/src/game/game_fn_800156FC.o
[811/909] EXTERNALIZE build/GEDE01/src/game/game_fn_80015BE0.o
[812/909] EXTERNALIZE build/GEDE01/src/game/game_fn_80015D40.o
[813/909] EXTERNALIZE build/GEDE01/src/game/game_fn_80015F04.o
[814/909] EXTERNALIZE build/GEDE01/src/game/game_fn_80016128.o
[815/909] EXTERNALIZE build/GEDE01/src/game/game_fn_80016270.o
[816/909] EXTERNALIZE build/GEDE01/src/game/game_fn_80016904.o
[817/909] EXTERNALIZE build/GEDE01/src/game/game_fn_800173CC.o
[818/909] EXTERNALIZE build/GEDE01/src/game/game_fn_80016B24.o
[819/909] EXTERNALIZE build/GEDE01/src/game/game_fn_801BEF40.o
[820/909] EXTERNALIZE build/GEDE01/src/game/game_fn_801B86C0.o
[821/909] EXTERNALIZE STATIC POOL build/GEDE01/src/game/game_fn_801C4B5C.o
build/GEDE01/src/game/game_fn_801C4B5C.o: lbl_80628CB0 now undefined; section 6 emptied
[822/909] EXTERNALIZE build/GEDE01/src/game/game_fn_801C8600.o
[823/909] EXTERNALIZE build/GEDE01/src/game/game_fn_801A4430.o
[824/909] EXTERNALIZE build/GEDE01/src/game/game_fn_8014BA14.o
[825/909] EXTERNALIZE build/GEDE01/src/game/game_fn_800B2EC0.o
[826/909] EXTERNALIZE build/GEDE01/src/game/game_fn_8001CA04.o
[827/909] EXTERNALIZE build/GEDE01/src/game/game_fn_80031544.o
[828/909] EXTERNALIZE build/GEDE01/src/game/game_fn_8006B0F0.o
[829/909] EXTERNALIZE build/GEDE01/src/game/game_fn_8007D4D8.o
[830/909] EXTERNALIZE build/GEDE01/src/game/game_fn_8007F770.o
[831/909] EXTERNALIZE build/GEDE01/src/game/game_fn_80088F4C.o
[832/909] EXTERNALIZE build/GEDE01/src/game/game_fn_8008A2E0.o
[833/909] EXTERNALIZE build/GEDE01/src/game/game_fn_80090004.o
[834/909] EXTERNALIZE build/GEDE01/src/game/game_fn_80089A34.o
[835/909] EXTERNALIZE build/GEDE01/src/game/game_fn_800A3180.o
[836/909] EXTERNALIZE build/GEDE01/src/game/game_fn_80095D10.o
[837/909] EXTERNALIZE build/GEDE01/src/game/game_fn_800BB7A8.o
[838/909] EXTERNALIZE build/GEDE01/src/game/game_fn_800BB5C4.o
[839/909] EXTERNALIZE build/GEDE01/src/game/game_fn_800BB9A4.o
[840/909] EXTERNALIZE build/GEDE01/src/game/game_fn_800BBAF0.o
[841/909] EXTERNALIZE build/GEDE01/src/game/game_fn_800D9064.o
[842/909] EXTERNALIZE build/GEDE01/src/game/game_fn_800D9E10.o
[843/909] EXTERNALIZE build/GEDE01/src/game/game_fn_8012976C.o
[844/909] EXTERNALIZE build/GEDE01/src/game/game_fn_8013DB8C.o
[845/909] EXTERNALIZE build/GEDE01/src/game/game_fn_8013CBE4.o
[846/909] EXTERNALIZE build/GEDE01/src/game/game_fn_8014CA98.o
[847/909] EXTERNALIZE build/GEDE01/src/game/game_fn_801535D8.o
[848/909] EXTERNALIZE build/GEDE01/src/game/game_fn_80153A24.o
[849/909] EXTERNALIZE build/GEDE01/src/game/game_fn_80174F2C.o
[850/909] EXTERNALIZE build/GEDE01/src/game/game_fn_801752B0.o
[851/909] EXTERNALIZE build/GEDE01/src/game/game_fn_8017AC20.o
[852/909] EXTERNALIZE build/GEDE01/src/game/game_fn_801861C4.o
[853/909] EXTERNALIZE build/GEDE01/src/game/game_fn_80186F70.o
[854/909] EXTERNALIZE build/GEDE01/src/game/game_fn_8018680C.o
[855/909] EXTERNALIZE build/GEDE01/src/game/game_fn_80187320.o
[856/909] EXTERNALIZE build/GEDE01/src/game/game_fn_801875FC.o
[857/909] EXTERNALIZE build/GEDE01/src/game/game_fn_801810A0.o
[858/909] EXTERNALIZE build/GEDE01/src/game/game_fn_800542D0.o
[859/909] EXTERNALIZE build/GEDE01/src/game/game_fn_80187BB4.o
[860/909] EXTERNALIZE build/GEDE01/src/game/game_fn_80189C14.o
[861/909] EXTERNALIZE build/GEDE01/src/game/game_fn_8018C2D0.o
[862/909] EXTERNALIZE build/GEDE01/src/game/game_fn_8018D400.o
[863/909] EXTERNALIZE build/GEDE01/src/game/game_fn_8018E0D8.o
[864/909] EXTERNALIZE build/GEDE01/src/game/game_fn_8019120C.o
[865/909] EXTERNALIZE build/GEDE01/src/game/game_fn_8018DC24.o
[866/909] EXTERNALIZE build/GEDE01/src/game/game_fn_801916D0.o
[867/909] EXTERNALIZE build/GEDE01/src/game/game_fn_801926EC.o
[868/909] EXTERNALIZE build/GEDE01/src/game/game_fn_801929A4.o
[869/909] EXTERNALIZE build/GEDE01/src/game/game_fn_801A2A54.o
[870/909] EXTERNALIZE build/GEDE01/src/game/game_fn_801952E8.o
[871/909] EXTERNALIZE build/GEDE01/src/game/game_fn_801A34BC.o
[872/909] EXTERNALIZE build/GEDE01/src/game/game_fn_801A657C.o
[873/909] EXTERNALIZE build/GEDE01/src/game/game_fn_801D1F78.o
[874/909] EXTERNALIZE build/GEDE01/src/game/game_fn_801E2A48.o
[875/909] EXTERNALIZE build/GEDE01/src/game/game_fn_801E6814.o
[876/909] EXTERNALIZE build/GEDE01/src/game/game_fn_801E995C.o
[877/909] EXTERNALIZE build/GEDE01/src/game/game_fn_801F0CB0.o
[878/909] EXTERNALIZE build/GEDE01/src/game/game_fn_801EF580.o
[879/909] EXTERNALIZE build/GEDE01/src/game/game_fn_801F10BC.o
[880/909] EXTERNALIZE build/GEDE01/src/game/game_fn_801F35A8.o
[881/909] EXTERNALIZE build/GEDE01/src/game/game_fn_801ECD74.o
[882/909] EXTERNALIZE build/GEDE01/src/game/game_fn_801ED5F4.o
[883/909] EXTERNALIZE build/GEDE01/src/game/game_fn_801F69F0.o
[884/909] EXTERNALIZE build/GEDE01/src/game/game_fn_801F76EC.o
[885/909] EXTERNALIZE build/GEDE01/src/game/game_fn_801F8264.o
[886/909] EXTERNALIZE build/GEDE01/src/game/game_fn_801F89B4.o
[887/909] EXTERNALIZE build/GEDE01/src/game/game_fn_801F9AF8.o
[888/909] EXTERNALIZE build/GEDE01/src/game/game_fn_801F6BD8.o
[889/909] EXTERNALIZE JUMPTABLES build/GEDE01/src/game/game_fn_800361F8.o
[890/909] EXTERNALIZE JUMPTABLES build/GEDE01/src/game/game_fn_8006E53C.o
[891/909] EXTERNALIZE build/GEDE01/src/game/game_fn_801FB6A4.o
[892/909] EXTERNALIZE JUMPTABLES build/GEDE01/src/game/game_fn_800CF598.o
[893/909] EXTERNALIZE JUMPTABLES build/GEDE01/src/game/game_fn_801ACFE8.o
[894/909] EXTERNALIZE JUMPTABLES build/GEDE01/src/game/game_fn_801B1BA0.o
[895/909] EXTERNALIZE build/GEDE01/src/game/game_fn_80154F74.o
[896/909] EXTERNALIZE build/GEDE01/src/game/game_fn_801E504C.o
[897/909] EXTERNALIZE build/GEDE01/src/game/game_fn_8009E808.o
[898/909] EXTERNALIZE build/GEDE01/src/game/game_fn_801F1A38.o
[899/909] EXTERNALIZE build/GEDE01/src/game/game_fn_801F55A0.o
[900/909] EXTERNALIZE build/GEDE01/src/game/game_fn_801FFE78.o
[901/909] EXTERNALIZE build/GEDE01/src/game/game_fn_801F7510.o
[902/909] EXTERNALIZE build/GEDE01/src/game/game_fn_801F9CF4.o
[903/909] EXTERNALIZE build/GEDE01/src/game/game_fn_801FC034.o
[904/909] EXTERNALIZE build/GEDE01/src/game/game_fn_801FA9C8.o
[905/909] REPORT
 INFO Loading project .
 INFO Generating report for 7068 units (using 8 threads)
 INFO Report generated in 0.199s
 INFO Writing to build/GEDE01/report.json
[906/909] LINK build/GEDE01/main.elf
### mwldeppc.exe Linker Warning:
#   Section '.ignored' is unknown. Section ignored.
### mwldeppc.exe Linker Warning:
#   Section '.ignored' is unknown. Section ignored.
### mwldeppc.exe Linker Warning:
#   Section '.ignored' is unknown. Section ignored.
### mwldeppc.exe Linker Warning:
#   Section '.ignored' is unknown. Section ignored.
### mwldeppc.exe Linker Warning:
#   Section '.ignored' is unknown. Section ignored.
### mwldeppc.exe Linker Warning:
#   Section '.ignored' is unknown. Section ignored.
### mwldeppc.exe Linker Warning:
#   Section '.ignored' is unknown. Section ignored.
### mwldeppc.exe Linker Warning:
#   Section '.ignored' is unknown. Section ignored.
### mwldeppc.exe Linker Warning:
#   Section '.ignored' is unknown. Section ignored.
### mwldeppc.exe Linker Warning:
#   Section '.ignored' is unknown. Section ignored.
### mwldeppc.exe Linker Warning:
#   Section '.ignored' is unknown. Section ignored.
### mwldeppc.exe Linker Warning:
#   Section '.ignored' is unknown. Section ignored.
### mwldeppc.exe Linker Warning:
#   Section '.ignored' is unknown. Section ignored.
### mwldeppc.exe Linker Warning:
#   Section '.ignored' is unknown. Section ignored.
### mwldeppc.exe Linker Warning:
#   Section '.ignored' is unknown. Section ignored.
### mwldeppc.exe Linker Warning:
#   Section '.ignored' is unknown. Section ignored.
### mwldeppc.exe Linker Warning:
#   Section '.ignored' is unknown. Section ignored.
### mwldeppc.exe Linker Warning:
#   Section '.ignored' is unknown. Section ignored.
### mwldeppc.exe Linker Warning:
#   Section '.ignored' is unknown. Section ignored.
### mwldeppc.exe Linker Warning:
#   Section '.ignored' is unknown. Section ignored.
### mwldeppc.exe Linker Warning:
#   Section '.ignored' is unknown. Section ignored.
### mwldeppc.exe Linker Warning:
#   Section '.ignored' is unknown. Section ignored.
### mwldeppc.exe Linker Warning:
#   Section '.ignored' is unknown. Section ignored.
### mwldeppc.exe Linker Warning:
#   Section '.ignored' is unknown. Section ignored.
### mwldeppc.exe Linker Warning:
#   Section '.ignored' is unknown. Section ignored.
### mwldeppc.exe Linker Warning:
#   Section '.ignored' is unknown. Section ignored.
### mwldeppc.exe Linker Warning:
#   Section '.ignored' is unknown. Section ignored.
### mwldeppc.exe Linker Warning:
#   Section '.ignored' is unknown. Section ignored.
### mwldeppc.exe Linker Warning:
#   Section '.ignored' is unknown. Section ignored.
### mwldeppc.exe Linker Warning:
#   Section '.ignored' is unknown. Section ignored.
### mwldeppc.exe Linker Warning:
#   Section '.ignored' is unknown. Section ignored.
### mwldeppc.exe Linker Warning:
#   Section '.ignored' is unknown. Section ignored.
### mwldeppc.exe Linker Warning:
#   Section '.ignored' is unknown. Section ignored.
### mwldeppc.exe Linker Warning:
#   Section '.ignored' is unknown. Section ignored.
### mwldeppc.exe Linker Warning:
#   Section '.ignored' is unknown. Section ignored.
### mwldeppc.exe Linker Warning:
#   Section '.ignored' is unknown. Section ignored.
### mwldeppc.exe Linker Warning:
#   Section '.ignored' is unknown. Section ignored.
### mwldeppc.exe Linker Warning:
#   Section '.ignored' is unknown. Section ignored.
### mwldeppc.exe Linker Warning:
#   Section '.ignored' is unknown. Section ignored.
### mwldeppc.exe Linker Warning:
#   Section '.ignored' is unknown. Section ignored.
### mwldeppc.exe Linker Warning:
#   Section '.ignored' is unknown. Section ignored.
### mwldeppc.exe Linker Warning:
#   Section '.ignored' is unknown. Section ignored.
### mwldeppc.exe Linker Warning:
#   Section '.ignored' is unknown. Section ignored.
### mwldeppc.exe Linker Warning:
#   Section '.ignored' is unknown. Section ignored.
### mwldeppc.exe Linker Warning:
#   Section '.ignored' is unknown. Section ignored.
### mwldeppc.exe Linker Warning:
#   Section '.ignored' is unknown. Section ignored.
### mwldeppc.exe Linker Warning:
#   Section '.ignored' is unknown. Section ignored.
### mwldeppc.exe Linker Warning:
#   Section '.ignored' is unknown. Section ignored.
### mwldeppc.exe Linker Warning:
#   Section '.ignored' is unknown. Section ignored.
### mwldeppc.exe Linker Warning:
#   Section '.ignored' is unknown. Section ignored.
### mwldeppc.exe Linker Warning:
#   Section '.ignored' is unknown. Section ignored.
### mwldeppc.exe Linker Warning:
#   Section '.ignored' is unknown. Section ignored.
### mwldeppc.exe Linker Warning:
#   Section '.ignored' is unknown. Section ignored.
### mwldeppc.exe Linker Warning:
#   Section '.ignored' is unknown. Section ignored.
### mwldeppc.exe Linker Warning:
#   Section '.ignored' is unknown. Section ignored.
### mwldeppc.exe Linker Warning:
#   Section '.ignored' is unknown. Section ignored.
### mwldeppc.exe Linker Warning:
#   Section '.ignored' is unknown. Section ignored.
### mwldeppc.exe Linker Warning:
#   Section '.ignored' is unknown. Section ignored.
### mwldeppc.exe Linker Warning:
#   Section '.ignored' is unknown. Section ignored.
### mwldeppc.exe Linker Warning:
#   Section '.ignored' is unknown. Section ignored.
### mwldeppc.exe Linker Warning:
#   Section '.ignored' is unknown. Section ignored.
### mwldeppc.exe Linker Warning:
#   Section '.ignored' is unknown. Section ignored.
### mwldeppc.exe Linker Warning:
#   Section '.ignored' is unknown. Section ignored.
### mwldeppc.exe Linker Warning:
#   Section '.ignored' is unknown. Section ignored.
### mwldeppc.exe Linker Warning:
#   Section '.ignored' is unknown. Section ignored.
### mwldeppc.exe Linker Warning:
#   Section '.ignored' is unknown. Section ignored.
### mwldeppc.exe Linker Warning:
#   Section '.ignored' is unknown. Section ignored.
### mwldeppc.exe Linker Warning:
#   Section '.ignored' is unknown. Section ignored.
### mwldeppc.exe Linker Warning:
#   Section '.ignored' is unknown. Section ignored.
### mwldeppc.exe Linker Warning:
#   Section '.ignored' is unknown. Section ignored.
### mwldeppc.exe Linker Warning:
#   Section '.ignored' is unknown. Section ignored.
### mwldeppc.exe Linker Warning:
#   Section '.ignored' is unknown. Section ignored.
### mwldeppc.exe Linker Warning:
#   Section '.ignored' is unknown. Section ignored.
### mwldeppc.exe Linker Warning:
#   Section '.ignored' is unknown. Section ignored.
### mwldeppc.exe Linker Warning:
#   Section '.ignored' is unknown. Section ignored.
### mwldeppc.exe Linker Warning:
#   Section '.ignored' is unknown. Section ignored.
### mwldeppc.exe Linker Warning:
#   Section '.ignored' is unknown. Section ignored.
### mwldeppc.exe Linker Warning:
#   Section '.ignored' is unknown. Section ignored.
### mwldeppc.exe Linker Warning:
#   Section '.ignored' is unknown. Section ignored.
### mwldeppc.exe Linker Warning:
#   Section '.ignored' is unknown. Section ignored.
### mwldeppc.exe Linker Warning:
#   Section '.ignored' is unknown. Section ignored.
### mwldeppc.exe Linker Warning:
#   Section '.ignored' is unknown. Section ignored.
### mwldeppc.exe Linker Warning:
#   Section '.ignored' is unknown. Section ignored.
### mwldeppc.exe Linker Warning:
#   Section '.ignored' is unknown. Section ignored.
### mwldeppc.exe Linker Warning:
#   Section '.ignored' is unknown. Section ignored.
### mwldeppc.exe Linker Warning:
#   Section '.ignored' is unknown. Section ignored.
### mwldeppc.exe Linker Warning:
#   Section '.ignored' is unknown. Section ignored.
### mwldeppc.exe Linker Warning:
#   Section '.ignored' is unknown. Section ignored.
### mwldeppc.exe Linker Warning:
#   Section '.ignored' is unknown. Section ignored.
### mwldeppc.exe Linker Warning:
#   Section '.ignored' is unknown. Section ignored.
### mwldeppc.exe Linker Warning:
#   Section '.ignored' is unknown. Section ignored.
### mwldeppc.exe Linker Warning:
#   Section '.ignored' is unknown. Section ignored.
### mwldeppc.exe Linker Warning:
#   Section '.ignored' is unknown. Section ignored.
### mwldeppc.exe Linker Warning:
#   Section '.ignored' is unknown. Section ignored.
### mwldeppc.exe Linker Warning:
#   Section '.ignored' is unknown. Section ignored.
### mwldeppc.exe Linker Warning:
#   Section '.ignored' is unknown. Section ignored.
### mwldeppc.exe Linker Warning:
#   Section '.ignored' is unknown. Section ignored.
### mwldeppc.exe Linker Warning:
#   Section '.ignored' is unknown. Section ignored.
### mwldeppc.exe Linker Warning:
#   Section '.ignored' is unknown. Section ignored.
### mwldeppc.exe Linker Warning:
#   Section '.ignored' is unknown. Section ignored.
### mwldeppc.exe Linker Warning:
#   Section '.ignored' is unknown. Section ignored.
### mwldeppc.exe Linker Warning:
#   Section '.ignored' is unknown. Section ignored.
### mwldeppc.exe Linker Warning:
#   Section '.ignored' is unknown. Section ignored.
### mwldeppc.exe Linker Warning:
#   Section '.ignored' is unknown. Section ignored.
### mwldeppc.exe Linker Warning:
#   Section '.ignored' is unknown. Section ignored.
### mwldeppc.exe Linker Warning:
#   Section '.ignored' is unknown. Section ignored.
### mwldeppc.exe Linker Warning:
#   Section '.ignored' is unknown. Section ignored.
### mwldeppc.exe Linker Warning:
#   Section '.ignored' is unknown. Section ignored.
### mwldeppc.exe Linker Warning:
#   Section '.ignored' is unknown. Section ignored.
### mwldeppc.exe Linker Warning:
#   Section '.ignored' is unknown. Section ignored.
### mwldeppc.exe Linker Warning:
#   Section '.ignored' is unknown. Section ignored.
### mwldeppc.exe Linker Warning:
#   Section '.ignored' is unknown. Section ignored.
### mwldeppc.exe Linker Warning:
#   Section '.ignored' is unknown. Section ignored.
### mwldeppc.exe Linker Warning:
#   Section '.ignored' is unknown. Section ignored.
### mwldeppc.exe Linker Warning:
#   Section '.ignored' is unknown. Section ignored.
### mwldeppc.exe Linker Warning:
#   Section '.ignored' is unknown. Section ignored.
### mwldeppc.exe Linker Warning:
#   Section '.ignored' is unknown. Section ignored.
### mwldeppc.exe Linker Warning:
#   Section '.ignored' is unknown. Section ignored.
### mwldeppc.exe Linker Warning:
#   Section '.ignored' is unknown. Section ignored.
### mwldeppc.exe Linker Warning:
#   Section '.ignored' is unknown. Section ignored.
### mwldeppc.exe Linker Warning:
#   Section '.ignored' is unknown. Section ignored.
### mwldeppc.exe Linker Warning:
#   Section '.ignored' is unknown. Section ignored.
### mwldeppc.exe Linker Warning:
#   Section '.ignored' is unknown. Section ignored.
### mwldeppc.exe Linker Warning:
#   Section '.ignored' is unknown. Section ignored.
### mwldeppc.exe Linker Warning:
#   Section '.ignored' is unknown. Section ignored.
### mwldeppc.exe Linker Warning:
#   Section '.ignored' is unknown. Section ignored.
### mwldeppc.exe Linker Warning:
#   Section '.ignored' is unknown. Section ignored.
### mwldeppc.exe Linker Warning:
#   Section '.ignored' is unknown. Section ignored.
### mwldeppc.exe Linker Warning:
#   Section '.ignored' is unknown. Section ignored.
### mwldeppc.exe Linker Warning:
#   Section '.ignored' is unknown. Section ignored.
### mwldeppc.exe Linker Warning:
#   Section '.ignored' is unknown. Section ignored.
### mwldeppc.exe Linker Warning:
#   Section '.ignored' is unknown. Section ignored.
### mwldeppc.exe Linker Warning:
#   Section '.ignored' is unknown. Section ignored.
### mwldeppc.exe Linker Warning:
#   Section '.ignored' is unknown. Section ignored.
### mwldeppc.exe Linker Warning:
#   Section '.ignored' is unknown. Section ignored.
### mwldeppc.exe Linker Warning:
#   Section '.ignored' is unknown. Section ignored.
### mwldeppc.exe Linker Warning:
#   Section '.ignored' is unknown. Section ignored.
### mwldeppc.exe Linker Warning:
#   Section '.ignored' is unknown. Section ignored.
### mwldeppc.exe Linker Warning:
#   Section '.ignored' is unknown. Section ignored.
### mwldeppc.exe Linker Warning:
#   Section '.ignored' is unknown. Section ignored.
### mwldeppc.exe Linker Warning:
#   Section '.ignored' is unknown. Section ignored.
### mwldeppc.exe Linker Warning:
#   Section '.ignored' is unknown. Section ignored.
### mwldeppc.exe Linker Warning:
#   Section '.ignored' is unknown. Section ignored.
### mwldeppc.exe Linker Warning:
#   Section '.ignored' is unknown. Section ignored.
### mwldeppc.exe Linker Warning:
#   Section '.ignored' is unknown. Section ignored.
### mwldeppc.exe Linker Warning:
#   Section '.ignored' is unknown. Section ignored.
### mwldeppc.exe Linker Warning:
#   Section '.ignored' is unknown. Section ignored.
### mwldeppc.exe Linker Warning:
#   Section '.ignored' is unknown. Section ignored.
### mwldeppc.exe Linker Warning:
#   Section '.ignored' is unknown. Section ignored.
### mwldeppc.exe Linker Warning:
#   Section '.ignored' is unknown. Section ignored.
### mwldeppc.exe Linker Warning:
#   Section '.ignored' is unknown. Section ignored.
### mwldeppc.exe Linker Warning:
#   Section '.ignored' is unknown. Section ignored.
### mwldeppc.exe Linker Warning:
#   Section '.ignored' is unknown. Section ignored.
### mwldeppc.exe Linker Warning:
#   Section '.ignored' is unknown. Section ignored.
### mwldeppc.exe Linker Warning:
#   Section '.ignored' is unknown. Section ignored.
### mwldeppc.exe Linker Warning:
#   Section '.ignored' is unknown. Section ignored.
### mwldeppc.exe Linker Warning:
#   Section '.ignored' is unknown. Section ignored.
### mwldeppc.exe Linker Warning:
#   Section '.ignored' is unknown. Section ignored.
### mwldeppc.exe Linker Warning:
#   Section '.ignored' is unknown. Section ignored.
### mwldeppc.exe Linker Warning:
#   Section '.ignored' is unknown. Section ignored.
### mwldeppc.exe Linker Warning:
#   Section '.ignored' is unknown. Section ignored.
### mwldeppc.exe Linker Warning:
#   Section '.ignored' is unknown. Section ignored.
### mwldeppc.exe Linker Warning:
#   Section '.ignored' is unknown. Section ignored.
### mwldeppc.exe Linker Warning:
#   Section '.ignored' is unknown. Section ignored.
### mwldeppc.exe Linker Warning:
#   Section '.ignored' is unknown. Section ignored.
### mwldeppc.exe Linker Warning:
#   Section '.ignored' is unknown. Section ignored.
### mwldeppc.exe Linker Warning:
#   Section '.ignored' is unknown. Section ignored.
### mwldeppc.exe Linker Warning:
#   Section '.ignored' is unknown. Section ignored.
### mwldeppc.exe Linker Warning:
#   Section '.ignored' is unknown. Section ignored.
### mwldeppc.exe Linker Warning:
#   Section '.ignored' is unknown. Section ignored.
### mwldeppc.exe Linker Warning:
#   Section '.ignored' is unknown. Section ignored.
### mwldeppc.exe Linker Warning:
#   Section '.ignored' is unknown. Section ignored.
### mwldeppc.exe Linker Warning:
#   Section '.ignored' is unknown. Section ignored.
### mwldeppc.exe Linker Warning:
#   Section '.ignored' is unknown. Section ignored.
### mwldeppc.exe Linker Warning:
#   Section '.ignored' is unknown. Section ignored.
### mwldeppc.exe Linker Warning:
#   Section '.ignored' is unknown. Section ignored.
### mwldeppc.exe Linker Warning:
#   Section '.ignored' is unknown. Section ignored.
### mwldeppc.exe Linker Warning:
#   Section '.ignored' is unknown. Section ignored.
### mwldeppc.exe Linker Warning:
#   Section '.ignored' is unknown. Section ignored.
### mwldeppc.exe Linker Warning:
#   Section '.ignored' is unknown. Section ignored.
### mwldeppc.exe Linker Warning:
#   Section '.ignored' is unknown. Section ignored.
### mwldeppc.exe Linker Warning:
#   Section '.ignored' is unknown. Section ignored.
### mwldeppc.exe Linker Warning:
#   Section '.ignored' is unknown. Section ignored.
### mwldeppc.exe Linker Warning:
#   Section '.ignored' is unknown. Section ignored.
### mwldeppc.exe Linker Warning:
#   Section '.ignored' is unknown. Section ignored.
### mwldeppc.exe Linker Warning:
#   Section '.ignored' is unknown. Section ignored.
### mwldeppc.exe Linker Warning:
#   Section '.ignored' is unknown. Section ignored.
### mwldeppc.exe Linker Warning:
#   Section '.ignored' is unknown. Section ignored.
### mwldeppc.exe Linker Warning:
#   Section '.ignored' is unknown. Section ignored.
### mwldeppc.exe Linker Warning:
#   Section '.ignored' is unknown. Section ignored.
### mwldeppc.exe Linker Warning:
#   Section '.ignored' is unknown. Section ignored.
### mwldeppc.exe Linker Warning:
#   Section '.ignored' is unknown. Section ignored.
### mwldeppc.exe Linker Warning:
#   Section '.ignored' is unknown. Section ignored.
### mwldeppc.exe Linker Warning:
#   Section '.ignored' is unknown. Section ignored.
### mwldeppc.exe Linker Warning:
#   Section '.ignored' is unknown. Section ignored.
### mwldeppc.exe Linker Warning:
#   Section '.ignored' is unknown. Section ignored.
### mwldeppc.exe Linker Warning:
#   Section '.ignored' is unknown. Section ignored.
### mwldeppc.exe Linker Warning:
#   Section '.ignored' is unknown. Section ignored.
### mwldeppc.exe Linker Warning:
#   Section '.ignored' is unknown. Section ignored.
### mwldeppc.exe Linker Warning:
#   Section '.ignored' is unknown. Section ignored.
### mwldeppc.exe Linker Warning:
#   Section '.ignored' is unknown. Section ignored.
### mwldeppc.exe Linker Warning:
#   Section '.ignored' is unknown. Section ignored.
### mwldeppc.exe Linker Warning:
#   Section '.ignored' is unknown. Section ignored.
### mwldeppc.exe Linker Warning:
#   Section '.ignored' is unknown. Section ignored.
### mwldeppc.exe Linker Warning:
#   Section '.ignored' is unknown. Section ignored.
### mwldeppc.exe Linker Warning:
#   Section '.ignored' is unknown. Section ignored.
### mwldeppc.exe Linker Warning:
#   Section '.ignored' is unknown. Section ignored.
### mwldeppc.exe Linker Warning:
#   Section '.ignored' is unknown. Section ignored.
### mwldeppc.exe Linker Warning:
#   Section '.ignored' is unknown. Section ignored.
### mwldeppc.exe Linker Warning:
#   Section '.ignored' is unknown. Section ignored.
### mwldeppc.exe Linker Warning:
#   Section '.ignored' is unknown. Section ignored.
### mwldeppc.exe Linker Warning:
#   Section '.ignored' is unknown. Section ignored.
### mwldeppc.exe Linker Warning:
#   Section '.ignored' is unknown. Section ignored.
### mwldeppc.exe Linker Warning:
#   Section '.ignored' is unknown. Section ignored.
### mwldeppc.exe Linker Warning:
#   Section '.ignored' is unknown. Section ignored.
### mwldeppc.exe Linker Warning:
#   Section '.ignored' is unknown. Section ignored.
### mwldeppc.exe Linker Warning:
#   Section '.ignored' is unknown. Section ignored.
### mwldeppc.exe Linker Warning:
#   Section '.ignored' is unknown. Section ignored.
### mwldeppc.exe Linker Warning:
#   Section '.ignored' is unknown. Section ignored.
### mwldeppc.exe Linker Warning:
#   Section '.ignored' is unknown. Section ignored.
### mwldeppc.exe Linker Warning:
#   Section '.ignored' is unknown. Section ignored.
### mwldeppc.exe Linker Warning:
#   Section '.ignored' is unknown. Section ignored.
### mwldeppc.exe Linker Warning:
#   Section '.ignored' is unknown. Section ignored.
### mwldeppc.exe Linker Warning:
#   Section '.ignored' is unknown. Section ignored.
### mwldeppc.exe Linker Warning:
#   Section '.ignored' is unknown. Section ignored.
### mwldeppc.exe Linker Warning:
#   Section '.ignored' is unknown. Section ignored.
### mwldeppc.exe Linker Warning:
#   Section '.ignored' is unknown. Section ignored.
### mwldeppc.exe Linker Warning:
#   Section '.ignored' is unknown. Section ignored.
### mwldeppc.exe Linker Warning:
#   Section '.ignored' is unknown. Section ignored.
### mwldeppc.exe Linker Warning:
#   Section '.ignored' is unknown. Section ignored.
### mwldeppc.exe Linker Warning:
#   Section '.ignored' is unknown. Section ignored.
### mwldeppc.exe Linker Warning:
#   Section '.ignored' is unknown. Section ignored.
### mwldeppc.exe Linker Warning:
#   Section '.ignored' is unknown. Section ignored.
### mwldeppc.exe Linker Warning:
#   Section '.ignored' is unknown. Section ignored.
### mwldeppc.exe Linker Warning:
#   Section '.ignored' is unknown. Section ignored.
### mwldeppc.exe Linker Warning:
#   Section '.ignored' is unknown. Section ignored.
### mwldeppc.exe Linker Warning:
#   Section '.ignored' is unknown. Section ignored.
### mwldeppc.exe Linker Warning:
#   Section '.ignored' is unknown. Section ignored.
### mwldeppc.exe Linker Warning:
#   Section '.ignored' is unknown. Section ignored.
### mwldeppc.exe Linker Warning:
#   Section '.ignored' is unknown. Section ignored.
### mwldeppc.exe Linker Warning:
#   Section '.ignored' is unknown. Section ignored.
### mwldeppc.exe Linker Warning:
#   Section '.ignored' is unknown. Section ignored.
### mwldeppc.exe Linker Warning:
#   Section '.ignored' is unknown. Section ignored.
### mwldeppc.exe Linker Warning:
#   Section '.ignored' is unknown. Section ignored.
### mwldeppc.exe Linker Warning:
#   Section '.ignored' is unknown. Section ignored.
### mwldeppc.exe Linker Warning:
#   Section '.ignored' is unknown. Section ignored.
### mwldeppc.exe Linker Warning:
#   Section '.ignored' is unknown. Section ignored.
### mwldeppc.exe Linker Warning:
#   Section '.ignored' is unknown. Section ignored.
### mwldeppc.exe Linker Warning:
#   Section '.ignored' is unknown. Section ignored.
### mwldeppc.exe Linker Warning:
#   Section '.ignored' is unknown. Section ignored.
### mwldeppc.exe Linker Warning:
#   Section '.ignored' is unknown. Section ignored.
### mwldeppc.exe Linker Warning:
#   Section '.ignored' is unknown. Section ignored.
### mwldeppc.exe Linker Warning:
#   Section '.ignored' is unknown. Section ignored.
### mwldeppc.exe Linker Warning:
#   Section '.ignored' is unknown. Section ignored.
### mwldeppc.exe Linker Warning:
#   Section '.ignored' is unknown. Section ignored.
### mwldeppc.exe Linker Warning:
#   Section '.ignored' is unknown. Section ignored.
### mwldeppc.exe Linker Warning:
#   Section '.ignored' is unknown. Section ignored.
### mwldeppc.exe Linker Warning:
#   Section '.ignored' is unknown. Section ignored.
### mwldeppc.exe Linker Warning:
#   Section '.ignored' is unknown. Section ignored.
### mwldeppc.exe Linker Warning:
#   Section '.ignored' is unknown. Section ignored.
### mwldeppc.exe Linker Warning:
#   Section '.ignored' is unknown. Section ignored.
### mwldeppc.exe Linker Warning:
#   Section '.ignored' is unknown. Section ignored.
### mwldeppc.exe Linker Warning:
#   Section '.ignored' is unknown. Section ignored.
### mwldeppc.exe Linker Warning:
#   Section '.ignored' is unknown. Section ignored.
### mwldeppc.exe Linker Warning:
#   Section '.ignored' is unknown. Section ignored.
### mwldeppc.exe Linker Warning:
#   Section '.ignored' is unknown. Section ignored.
### mwldeppc.exe Linker Warning:
#   Section '.ignored' is unknown. Section ignored.
### mwldeppc.exe Linker Warning:
#   Section '.ignored' is unknown. Section ignored.
### mwldeppc.exe Linker Warning:
#   Section '.ignored' is unknown. Section ignored.
### mwldeppc.exe Linker Warning:
#   Section '.ignored' is unknown. Section ignored.
### mwldeppc.exe Linker Warning:
#   Section '.ignored' is unknown. Section ignored.
### mwldeppc.exe Linker Warning:
#   Section '.ignored' is unknown. Section ignored.
### mwldeppc.exe Linker Warning:
#   Section '.ignored' is unknown. Section ignored.
### mwldeppc.exe Linker Warning:
#   Section '.ignored' is unknown. Section ignored.
### mwldeppc.exe Linker Warning:
#   Section '.ignored' is unknown. Section ignored.
### mwldeppc.exe Linker Warning:
#   Section '.ignored' is unknown. Section ignored.
### mwldeppc.exe Linker Warning:
#   Section '.ignored' is unknown. Section ignored.
### mwldeppc.exe Linker Warning:
#   Section '.ignored' is unknown. Section ignored.
### mwldeppc.exe Linker Warning:
#   Section '.ignored' is unknown. Section ignored.
### mwldeppc.exe Linker Warning:
#   Section '.ignored' is unknown. Section ignored.
### mwldeppc.exe Linker Warning:
#   Section '.ignored' is unknown. Section ignored.
### mwldeppc.exe Linker Warning:
#   Section '.ignored' is unknown. Section ignored.
### mwldeppc.exe Linker Warning:
#   Section '.ignored' is unknown. Section ignored.
### mwldeppc.exe Linker Warning:
#   Section '.ignored' is unknown. Section ignored.
### mwldeppc.exe Linker Warning:
#   Section '.ignored' is unknown. Section ignored.
### mwldeppc.exe Linker Warning:
#   Section '.ignored' is unknown. Section ignored.
### mwldeppc.exe Linker Warning:
#   Section '.ignored' is unknown. Section ignored.
### mwldeppc.exe Linker Warning:
#   Section '.ignored' is unknown. Section ignored.
### mwldeppc.exe Linker Warning:
#   Section '.ignored' is unknown. Section ignored.
### mwldeppc.exe Linker Warning:
#   Section '.ignored' is unknown. Section ignored.
### mwldeppc.exe Linker Warning:
#   Section '.ignored' is unknown. Section ignored.
### mwldeppc.exe Linker Warning:
#   Section '.ignored' is unknown. Section ignored.
### mwldeppc.exe Linker Warning:
#   Section '.ignored' is unknown. Section ignored.
### mwldeppc.exe Linker Warning:
#   Section '.ignored' is unknown. Section ignored.
### mwldeppc.exe Linker Warning:
#   Section '.ignored' is unknown. Section ignored.
### mwldeppc.exe Linker Warning:
#   Section '.ignored' is unknown. Section ignored.
### mwldeppc.exe Linker Warning:
#   Section '.ignored' is unknown. Section ignored.
### mwldeppc.exe Linker Warning:
#   Section '.ignored' is unknown. Section ignored.
### mwldeppc.exe Linker Warning:
#   Section '.ignored' is unknown. Section ignored.
### mwldeppc.exe Linker Warning:
#   Section '.ignored' is unknown. Section ignored.
### mwldeppc.exe Linker Warning:
#   Section '.ignored' is unknown. Section ignored.
### mwldeppc.exe Linker Warning:
#   Section '.ignored' is unknown. Section ignored.
### mwldeppc.exe Linker Warning:
#   Section '.ignored' is unknown. Section ignored.
### mwldeppc.exe Linker Warning:
#   Section '.ignored' is unknown. Section ignored.
### mwldeppc.exe Linker Warning:
#   Section '.ignored' is unknown. Section ignored.
### mwldeppc.exe Linker Warning:
#   Section '.ignored' is unknown. Section ignored.
### mwldeppc.exe Linker Warning:
#   Section '.ignored' is unknown. Section ignored.
### mwldeppc.exe Linker Warning:
#   Section '.ignored' is unknown. Section ignored.
### mwldeppc.exe Linker Warning:
#   Section '.ignored' is unknown. Section ignored.
### mwldeppc.exe Linker Warning:
#   Section '.ignored' is unknown. Section ignored.
### mwldeppc.exe Linker Warning:
#   Section '.ignored' is unknown. Section ignored.
### mwldeppc.exe Linker Warning:
#   Section '.ignored' is unknown. Section ignored.
### mwldeppc.exe Linker Warning:
#   Section '.ignored' is unknown. Section ignored.
### mwldeppc.exe Linker Warning:
#   Section '.ignored' is unknown. Section ignored.
### mwldeppc.exe Linker Warning:
#   Section '.ignored' is unknown. Section ignored.
### mwldeppc.exe Linker Warning:
#   Section '.ignored' is unknown. Section ignored.
### mwldeppc.exe Linker Warning:
#   Section '.ignored' is unknown. Section ignored.
### mwldeppc.exe Linker Warning:
#   Section '.ignored' is unknown. Section ignored.
### mwldeppc.exe Linker Warning:
#   Section '.ignored' is unknown. Section ignored.
### mwldeppc.exe Linker Warning:
#   Section '.ignored' is unknown. Section ignored.
### mwldeppc.exe Linker Warning:
#   Section '.ignored' is unknown. Section ignored.
### mwldeppc.exe Linker Warning:
#   Section '.ignored' is unknown. Section ignored.
### mwldeppc.exe Linker Warning:
#   Section '.ignored' is unknown. Section ignored.
### mwldeppc.exe Linker Warning:
#   Section '.ignored' is unknown. Section ignored.
### mwldeppc.exe Linker Warning:
#   Section '.ignored' is unknown. Section ignored.
### mwldeppc.exe Linker Warning:
#   Section '.ignored' is unknown. Section ignored.
### mwldeppc.exe Linker Warning:
#   Section '.ignored' is unknown. Section ignored.
### mwldeppc.exe Linker Warning:
#   Section '.ignored' is unknown. Section ignored.
### mwldeppc.exe Linker Warning:
#   Section '.ignored' is unknown. Section ignored.
### mwldeppc.exe Linker Warning:
#   Section '.ignored' is unknown. Section ignored.
### mwldeppc.exe Linker Warning:
#   Section '.ignored' is unknown. Section ignored.
### mwldeppc.exe Linker Warning:
#   Section '.ignored' is unknown. Section ignored.
### mwldeppc.exe Linker Warning:
#   Section '.ignored' is unknown. Section ignored.
### mwldeppc.exe Linker Warning:
#   Section '.ignored' is unknown. Section ignored.
### mwldeppc.exe Linker Warning:
#   Section '.ignored' is unknown. Section ignored.
### mwldeppc.exe Linker Warning:
#   Section '.ignored' is unknown. Section ignored.
### mwldeppc.exe Linker Warning:
#   Section '.ignored' is unknown. Section ignored.
### mwldeppc.exe Linker Warning:
#   Section '.ignored' is unknown. Section ignored.
### mwldeppc.exe Linker Warning:
#   Section '.ignored' is unknown. Section ignored.
### mwldeppc.exe Linker Warning:
#   Section '.ignored' is unknown. Section ignored.
### mwldeppc.exe Linker Warning:
#   Section '.ignored' is unknown. Section ignored.
### mwldeppc.exe Linker Warning:
#   Section '.ignored' is unknown. Section ignored.
### mwldeppc.exe Linker Warning:
#   Section '.ignored' is unknown. Section ignored.
### mwldeppc.exe Linker Warning:
#   Section '.ignored' is unknown. Section ignored.
### mwldeppc.exe Linker Warning:
#   Section '.ignored' is unknown. Section ignored.
### mwldeppc.exe Linker Warning:
#   Section '.ignored' is unknown. Section ignored.
### mwldeppc.exe Linker Warning:
#   Section '.ignored' is unknown. Section ignored.
### mwldeppc.exe Linker Warning:
#   Section '.ignored' is unknown. Section ignored.
### mwldeppc.exe Linker Warning:
#   Section '.ignored' is unknown. Section ignored.
### mwldeppc.exe Linker Warning:
#   Section '.ignored' is unknown. Section ignored.
### mwldeppc.exe Linker Warning:
#   Section '.ignored' is unknown. Section ignored.
### mwldeppc.exe Linker Warning:
#   Section '.ignored' is unknown. Section ignored.
### mwldeppc.exe Linker Warning:
#   Section '.ignored' is unknown. Section ignored.
### mwldeppc.exe Linker Warning:
#   Section '.ignored' is unknown. Section ignored.
### mwldeppc.exe Linker Warning:
#   Section '.ignored' is unknown. Section ignored.
### mwldeppc.exe Linker Warning:
#   Section '.ignored' is unknown. Section ignored.
### mwldeppc.exe Linker Warning:
#   Section '.ignored' is unknown. Section ignored.
### mwldeppc.exe Linker Warning:
#   Section '.ignored' is unknown. Section ignored.
### mwldeppc.exe Linker Warning:
#   Section '.ignored' is unknown. Section ignored.
### mwldeppc.exe Linker Warning:
#   Section '.ignored' is unknown. Section ignored.
### mwldeppc.exe Linker Warning:
#   Section '.ignored' is unknown. Section ignored.
### mwldeppc.exe Linker Warning:
#   Section '.ignored' is unknown. Section ignored.
### mwldeppc.exe Linker Warning:
#   Section '.ignored' is unknown. Section ignored.
### mwldeppc.exe Linker Warning:
#   Section '.ignored' is unknown. Section ignored.
### mwldeppc.exe Linker Warning:
#   Section '.ignored' is unknown. Section ignored.
### mwldeppc.exe Linker Warning:
#   Section '.ignored' is unknown. Section ignored.
### mwldeppc.exe Linker Warning:
#   Section '.ignored' is unknown. Section ignored.
### mwldeppc.exe Linker Warning:
#   Section '.ignored' is unknown. Section ignored.
### mwldeppc.exe Linker Warning:
#   Section '.ignored' is unknown. Section ignored.
### mwldeppc.exe Linker Warning:
#   Section '.ignored' is unknown. Section ignored.
### mwldeppc.exe Linker Warning:
#   Section '.ignored' is unknown. Section ignored.
### mwldeppc.exe Linker Warning:
#   Section '.ignored' is unknown. Section ignored.
### mwldeppc.exe Linker Warning:
#   Section '.ignored' is unknown. Section ignored.
### mwldeppc.exe Linker Warning:
#   Section '.ignored' is unknown. Section ignored.
### mwldeppc.exe Linker Warning:
#   Section '.ignored' is unknown. Section ignored.
### mwldeppc.exe Linker Warning:
#   Section '.ignored' is unknown. Section ignored.
### mwldeppc.exe Linker Warning:
#   Section '.ignored' is unknown. Section ignored.
### mwldeppc.exe Linker Warning:
#   Section '.ignored' is unknown. Section ignored.
### mwldeppc.exe Linker Warning:
#   Section '.ignored' is unknown. Section ignored.
### mwldeppc.exe Linker Warning:
#   Section '.ignored' is unknown. Section ignored.
### mwldeppc.exe Linker Warning:
#   Section '.ignored' is unknown. Section ignored.
### mwldeppc.exe Linker Warning:
#   Section '.ignored' is unknown. Section ignored.
### mwldeppc.exe Linker Warning:
#   Section '.ignored' is unknown. Section ignored.
### mwldeppc.exe Linker Warning:
#   Section '.ignored' is unknown. Section ignored.
### mwldeppc.exe Linker Warning:
#   Section '.ignored' is unknown. Section ignored.
### mwldeppc.exe Linker Warning:
#   Section '.ignored' is unknown. Section ignored.
### mwldeppc.exe Linker Warning:
#   Section '.ignored' is unknown. Section ignored.
### mwldeppc.exe Linker Warning:
#   Section '.ignored' is unknown. Section ignored.
### mwldeppc.exe Linker Warning:
#   Section '.ignored' is unknown. Section ignored.
### mwldeppc.exe Linker Warning:
#   Section '.ignored' is unknown. Section ignored.
### mwldeppc.exe Linker Warning:
#   Section '.ignored' is unknown. Section ignored.
### mwldeppc.exe Linker Warning:
#   Section '.ignored' is unknown. Section ignored.
### mwldeppc.exe Linker Warning:
#   Section '.ignored' is unknown. Section ignored.
### mwldeppc.exe Linker Warning:
#   Section '.ignored' is unknown. Section ignored.
### mwldeppc.exe Linker Warning:
#   Section '.ignored' is unknown. Section ignored.
### mwldeppc.exe Linker Warning:
#   Section '.ignored' is unknown. Section ignored.
### mwldeppc.exe Linker Warning:
#   Section '.ignored' is unknown. Section ignored.
### mwldeppc.exe Linker Warning:
#   Section '.ignored' is unknown. Section ignored.
### mwldeppc.exe Linker Warning:
#   Section '.ignored' is unknown. Section ignored.
### mwldeppc.exe Linker Warning:
#   Section '.ignored' is unknown. Section ignored.
### mwldeppc.exe Linker Warning:
#   Section '.ignored' is unknown. Section ignored.
### mwldeppc.exe Linker Warning:
#   Section '.ignored' is unknown. Section ignored.
### mwldeppc.exe Linker Warning:
#   Section '.ignored' is unknown. Section ignored.
### mwldeppc.exe Linker Warning:
#   Section '.ignored' is unknown. Section ignored.
### mwldeppc.exe Linker Warning:
#   Section '.ignored' is unknown. Section ignored.
### mwldeppc.exe Linker Warning:
#   Section '.ignored' is unknown. Section ignored.
### mwldeppc.exe Linker Warning:
#   Section '.ignored' is unknown. Section ignored.
### mwldeppc.exe Linker Warning:
#   Section '.ignored' is unknown. Section ignored.
### mwldeppc.exe Linker Warning:
#   Section '.ignored' is unknown. Section ignored.
### mwldeppc.exe Linker Warning:
#   Section '.ignored' is unknown. Section ignored.
### mwldeppc.exe Linker Warning:
#   Section '.ignored' is unknown. Section ignored.
### mwldeppc.exe Linker Warning:
#   Section '.ignored' is unknown. Section ignored.
### mwldeppc.exe Linker Warning:
#   Section '.ignored' is unknown. Section ignored.
### mwldeppc.exe Linker Warning:
#   Section '.ignored' is unknown. Section ignored.
### mwldeppc.exe Linker Warning:
#   Section '.ignored' is unknown. Section ignored.
### mwldeppc.exe Linker Warning:
#   Section '.ignored' is unknown. Section ignored.
### mwldeppc.exe Linker Warning:
#   Section '.ignored' is unknown. Section ignored.
### mwldeppc.exe Linker Warning:
#   Section '.ignored' is unknown. Section ignored.
### mwldeppc.exe Linker Warning:
#   Section '.ignored' is unknown. Section ignored.
### mwldeppc.exe Linker Warning:
#   Section '.ignored' is unknown. Section ignored.
### mwldeppc.exe Linker Warning:
#   Section '.ignored' is unknown. Section ignored.
### mwldeppc.exe Linker Warning:
#   Section '.ignored' is unknown. Section ignored.
### mwldeppc.exe Linker Warning:
#   Section '.ignored' is unknown. Section ignored.
### mwldeppc.exe Linker Warning:
#   Section '.ignored' is unknown. Section ignored.
### mwldeppc.exe Linker Warning:
#   Section '.ignored' is unknown. Section ignored.
### mwldeppc.exe Linker Warning:
#   Section '.ignored' is unknown. Section ignored.
### mwldeppc.exe Linker Warning:
#   Section '.ignored' is unknown. Section ignored.
### mwldeppc.exe Linker Warning:
#   Section '.ignored' is unknown. Section ignored.
### mwldeppc.exe Linker Warning:
#   Section '.ignored' is unknown. Section ignored.
### mwldeppc.exe Linker Warning:
#   Section '.ignored' is unknown. Section ignored.
### mwldeppc.exe Linker Warning:
#   Section '.ignored' is unknown. Section ignored.
### mwldeppc.exe Linker Warning:
#   Section '.ignored' is unknown. Section ignored.
### mwldeppc.exe Linker Warning:
#   Section '.ignored' is unknown. Section ignored.
### mwldeppc.exe Linker Warning:
#   Section '.ignored' is unknown. Section ignored.
### mwldeppc.exe Linker Warning:
#   Section '.ignored' is unknown. Section ignored.
### mwldeppc.exe Linker Warning:
#   Section '.ignored' is unknown. Section ignored.
### mwldeppc.exe Linker Warning:
#   Section '.ignored' is unknown. Section ignored.
### mwldeppc.exe Linker Warning:
#   Section '.ignored' is unknown. Section ignored.
### mwldeppc.exe Linker Warning:
#   Section '.ignored' is unknown. Section ignored.
### mwldeppc.exe Linker Warning:
#   Section '.ignored' is unknown. Section ignored.
### mwldeppc.exe Linker Warning:
#   Section '.ignored' is unknown. Section ignored.
### mwldeppc.exe Linker Warning:
#   Section '.ignored' is unknown. Section ignored.
### mwldeppc.exe Linker Warning:
#   Section '.ignored' is unknown. Section ignored.
### mwldeppc.exe Linker Warning:
#   Section '.ignored' is unknown. Section ignored.
### mwldeppc.exe Linker Warning:
#   Section '.ignored' is unknown. Section ignored.
### mwldeppc.exe Linker Warning:
#   Section '.ignored' is unknown. Section ignored.
### mwldeppc.exe Linker Warning:
#   Section '.ignored' is unknown. Section ignored.
### mwldeppc.exe Linker Warning:
#   Section '.ignored' is unknown. Section ignored.
### mwldeppc.exe Linker Warning:
#   Section '.ignored' is unknown. Section ignored.
### mwldeppc.exe Linker Warning:
#   Section '.ignored' is unknown. Section ignored.
### mwldeppc.exe Linker Warning:
#   Section '.ignored' is unknown. Section ignored.
### mwldeppc.exe Linker Warning:
#   Section '.ignored' is unknown. Section ignored.
### mwldeppc.exe Linker Warning:
#   Section '.ignored' is unknown. Section ignored.
### mwldeppc.exe Linker Warning:
#   Section '.ignored' is unknown. Section ignored.
### mwldeppc.exe Linker Warning:
#   Section '.ignored' is unknown. Section ignored.
### mwldeppc.exe Linker Warning:
#   Section '.ignored' is unknown. Section ignored.
### mwldeppc.exe Linker Warning:
#   Section '.ignored' is unknown. Section ignored.
### mwldeppc.exe Linker Warning:
#   Section '.ignored' is unknown. Section ignored.
### mwldeppc.exe Linker Warning:
#   Section '.ignored' is unknown. Section ignored.
### mwldeppc.exe Linker Warning:
#   Section '.ignored' is unknown. Section ignored.
### mwldeppc.exe Linker Warning:
#   Section '.ignored' is unknown. Section ignored.
### mwldeppc.exe Linker Warning:
#   Section '.ignored' is unknown. Section ignored.
### mwldeppc.exe Linker Warning:
#   Section '.ignored' is unknown. Section ignored.
### mwldeppc.exe Linker Warning:
#   Section '.ignored' is unknown. Section ignored.
### mwldeppc.exe Linker Warning:
#   Section '.ignored' is unknown. Section ignored.
### mwldeppc.exe Linker Warning:
#   Section '.ignored' is unknown. Section ignored.
### mwldeppc.exe Linker Warning:
#   Section '.ignored' is unknown. Section ignored.
### mwldeppc.exe Linker Warning:
#   Section '.ignored' is unknown. Section ignored.
### mwldeppc.exe Linker Warning:
#   Section '.ignored' is unknown. Section ignored.
### mwldeppc.exe Linker Warning:
#   Section '.ignored' is unknown. Section ignored.
### mwldeppc.exe Linker Warning:
#   Section '.ignored' is unknown. Section ignored.
### mwldeppc.exe Linker Warning:
#   Section '.ignored' is unknown. Section ignored.
### mwldeppc.exe Linker Warning:
#   Section '.ignored' is unknown. Section ignored.
### mwldeppc.exe Linker Warning:
#   Section '.ignored' is unknown. Section ignored.
### mwldeppc.exe Linker Warning:
#   Section '.ignored' is unknown. Section ignored.
### mwldeppc.exe Linker Warning:
#   Section '.ignored' is unknown. Section ignored.
### mwldeppc.exe Linker Warning:
#   Section '.ignored' is unknown. Section ignored.
### mwldeppc.exe Linker Warning:
#   Section '.ignored' is unknown. Section ignored.
### mwldeppc.exe Linker Warning:
#   Section '.ignored' is unknown. Section ignored.
### mwldeppc.exe Linker Warning:
#   Section '.ignored' is unknown. Section ignored.
### mwldeppc.exe Linker Warning:
#   Section '.ignored' is unknown. Section ignored.
### mwldeppc.exe Linker Warning:
#   Section '.ignored' is unknown. Section ignored.
### mwldeppc.exe Linker Warning:
#   Section '.ignored' is unknown. Section ignored.
### mwldeppc.exe Linker Warning:
#   Section '.ignored' is unknown. Section ignored.
### mwldeppc.exe Linker Warning:
#   Section '.ignored' is unknown. Section ignored.
### mwldeppc.exe Linker Warning:
#   Section '.ignored' is unknown. Section ignored.
### mwldeppc.exe Linker Warning:
#   Section '.ignored' is unknown. Section ignored.
### mwldeppc.exe Linker Warning:
#   Section '.ignored' is unknown. Section ignored.
### mwldeppc.exe Linker Warning:
#   Section '.ignored' is unknown. Section ignored.
### mwldeppc.exe Linker Warning:
#   Section '.ignored' is unknown. Section ignored.
### mwldeppc.exe Linker Warning:
#   Section '.ignored' is unknown. Section ignored.
### mwldeppc.exe Linker Warning:
#   Section '.ignored' is unknown. Section ignored.
### mwldeppc.exe Linker Warning:
#   Section '.ignored' is unknown. Section ignored.
### mwldeppc.exe Linker Warning:
#   Section '.ignored' is unknown. Section ignored.
### mwldeppc.exe Linker Warning:
#   Section '.ignored' is unknown. Section ignored.
### mwldeppc.exe Linker Warning:
#   Section '.ignored' is unknown. Section ignored.
### mwldeppc.exe Linker Warning:
#   Section '.ignored' is unknown. Section ignored.
### mwldeppc.exe Linker Warning:
#   Section '.ignored' is unknown. Section ignored.
### mwldeppc.exe Linker Warning:
#   Section '.ignored' is unknown. Section ignored.
### mwldeppc.exe Linker Warning:
#   Section '.ignored' is unknown. Section ignored.
### mwldeppc.exe Linker Warning:
#   Section '.ignored' is unknown. Section ignored.
### mwldeppc.exe Linker Warning:
#   Section '.ignored' is unknown. Section ignored.
### mwldeppc.exe Linker Warning:
#   Section '.ignored' is unknown. Section ignored.
### mwldeppc.exe Linker Warning:
#   Section '.ignored' is unknown. Section ignored.
### mwldeppc.exe Linker Warning:
#   Section '.ignored' is unknown. Section ignored.
### mwldeppc.exe Linker Warning:
#   Section '.ignored' is unknown. Section ignored.
### mwldeppc.exe Linker Warning:
#   Section '.ignored' is unknown. Section ignored.
### mwldeppc.exe Linker Warning:
#   Section '.ignored' is unknown. Section ignored.
### mwldeppc.exe Linker Warning:
#   Section '.ignored' is unknown. Section ignored.
### mwldeppc.exe Linker Warning:
#   Section '.ignored' is unknown. Section ignored.
### mwldeppc.exe Linker Warning:
#   Section '.ignored' is unknown. Section ignored.
### mwldeppc.exe Linker Warning:
#   Section '.ignored' is unknown. Section ignored.
### mwldeppc.exe Linker Warning:
#   Section '.ignored' is unknown. Section ignored.
### mwldeppc.exe Linker Warning:
#   Section '.ignored' is unknown. Section ignored.
### mwldeppc.exe Linker Warning:
#   Section '.ignored' is unknown. Section ignored.
### mwldeppc.exe Linker Warning:
#   Section '.ignored' is unknown. Section ignored.
### mwldeppc.exe Linker Warning:
#   Section '.ignored' is unknown. Section ignored.
### mwldeppc.exe Linker Warning:
#   Section '.ignored' is unknown. Section ignored.
### mwldeppc.exe Linker Warning:
#   Section '.ignored' is unknown. Section ignored.
### mwldeppc.exe Linker Warning:
#   Section '.ignored' is unknown. Section ignored.
### mwldeppc.exe Linker Warning:
#   Section '.ignored' is unknown. Section ignored.
### mwldeppc.exe Linker Warning:
#   Section '.ignored' is unknown. Section ignored.
### mwldeppc.exe Linker Warning:
#   Section '.ignored' is unknown. Section ignored.
### mwldeppc.exe Linker Warning:
#   Section '.ignored' is unknown. Section ignored.
### mwldeppc.exe Linker Warning:
#   Section '.ignored' is unknown. Section ignored.
### mwldeppc.exe Linker Warning:
#   Section '.ignored' is unknown. Section ignored.
### mwldeppc.exe Linker Warning:
#   Section '.ignored' is unknown. Section ignored.
### mwldeppc.exe Linker Warning:
#   Section '.ignored' is unknown. Section ignored.
[907/909] DOL build/GEDE01/main.dol
[908/909] CHECK config/GEDE01/build.sha1
build/GEDE01/main.dol: OK
[909/909] PROGRESS
Progress:
  All: 58.26% fuzzy, 48.98% matched, 48.91% linked (6299 / 7068 files)
    Code: 1126924 / 2300692 bytes (6066 / 8214 functions)
    Data: 39606 / 4305642 bytes (0.92%)
  Game Code: 93.84% fuzzy, 78.86% matched, 78.74% linked (6281 / 6633 files)
    Code: 1123896 / 1425104 bytes (6004 / 6354 functions)
    Data: 39382 / 40426 bytes (97.42%)
  SDK/Runtime: 100.00% fuzzy, 100.00% matched, 100.00% linked (18 / 18 files)
    Code: 3028 / 3028 bytes (62 / 62 functions)
    Data: 224 / 224 bytes (100.00%)
