[1/882] MWCC build/GEDE01/src/game/game_fn_800094C0.o
[2/882] MWCC build/GEDE01/src/game/game_fn_80008014.o
[3/882] MWCC build/GEDE01/src/game/game_fn_800096E0.o
[4/882] MWCC build/GEDE01/src/game/game_fn_800098C0.o
[5/882] MWCC build/GEDE01/src/game/game_fn_80009AB4.o
[6/882] MWCC build/GEDE01/src/game/game_fn_800099D8.o
[7/882] MWCC build/GEDE01/src/game/game_fn_8000A26C.o
[8/882] MWCC build/GEDE01/src/game/game_fn_8000AC88.o
[9/882] MWCC build/GEDE01/src/game/game_fn_8000AEB4.o
[10/882] MWCC build/GEDE01/src/game/game_fn_8000AFB4.o
[11/882] MWCC build/GEDE01/src/game/game_fn_8000B1B8.o
[12/882] MWCC build/GEDE01/src/game/game_fn_8000B36C.o
[13/882] MWCC build/GEDE01/src/game/game_fn_8000B630.o
[14/882] MWCC build/GEDE01/src/game/game_fn_8000B7FC.o
[15/882] MWCC build/GEDE01/src/game/game_fn_8000B900.o
[16/882] MWCC build/GEDE01/src/game/game_fn_8000BA0C.o
[17/882] MWCC build/GEDE01/src/game/game_fn_8000BAA0.o
[18/882] MWCC build/GEDE01/src/game/game_fn_8000BC40.o
[19/882] MWCC build/GEDE01/src/game/game_fn_8000C06C.o
[20/882] MWCC build/GEDE01/src/game/game_fn_8000C17C.o
[21/882] MWCC build/GEDE01/src/game/game_fn_8000C400.o
[22/882] MWCC build/GEDE01/src/game/game_fn_8000C91C.o
[23/882] MWCC build/GEDE01/src/game/game_fn_8000C848.o
[24/882] MWCC build/GEDE01/src/game/game_fn_8000D3D4.o
[25/882] MWCC build/GEDE01/src/game/game_fn_8000D0BC.o
[26/882] MWCC build/GEDE01/src/game/game_fn_8000D590.o
[27/882] MWCC build/GEDE01/src/game/game_fn_8000D8A4.o
[28/882] MWCC build/GEDE01/src/game/game_fn_8000DA50.o
[29/882] MWCC build/GEDE01/src/game/game_fn_8000DAF4.o
[30/882] MWCC build/GEDE01/src/game/game_fn_8000E054.o
[31/882] MWCC build/GEDE01/src/game/game_fn_8000E0AC.o
[32/882] MWCC build/GEDE01/src/game/game_fn_8000E138.o
[33/882] MWCC build/GEDE01/src/game/game_fn_8000E1C4.o
[34/882] MWCC build/GEDE01/src/game/game_fn_8000E96C.o
[35/882] MWCC build/GEDE01/src/game/game_fn_8000EB14.o
[36/882] MWCC build/GEDE01/src/game/game_fn_8000EBD4.o
[37/882] MWCC build/GEDE01/src/game/game_fn_8000ED44.o
[38/882] MWCC build/GEDE01/src/game/game_fn_8000EFC4.o
[39/882] MWCC build/GEDE01/src/game/game_fn_8000F4B0.o
[40/882] MWCC build/GEDE01/src/game/game_fn_8000F774.o
[41/882] MWCC build/GEDE01/src/game/game_fn_8000FDE8.o
[42/882] MWCC build/GEDE01/src/game/game_fn_8000FFD8.o
[43/882] MWCC build/GEDE01/src/game/game_fn_800119FC.o
[44/882] MWCC build/GEDE01/src/game/game_fn_80012DA8.o
[45/882] MWCC build/GEDE01/src/game/game_fn_80012F40.o
[46/882] MWCC build/GEDE01/src/game/game_fn_80012FD0.o
[47/882] MWCC build/GEDE01/src/game/game_fn_800131E8.o
[48/882] MWCC build/GEDE01/src/game/game_fn_80013340.o
[49/882] MWCC build/GEDE01/src/game/game_fn_80013870.o
[50/882] MWCC build/GEDE01/src/game/game_fn_80013CB0.o
[51/882] MWCC build/GEDE01/src/game/game_fn_80013D54.o
[52/882] MWCC build/GEDE01/src/game/game_fn_800142DC.o
[53/882] MWCC build/GEDE01/src/game/game_fn_800144CC.o
[54/882] MWCC build/GEDE01/src/game/game_fn_80014784.o
[55/882] MWCC build/GEDE01/src/game/game_fn_800149D4.o
[56/882] MWCC build/GEDE01/src/game/game_fn_80015058.o
[57/882] MWCC build/GEDE01/src/game/game_fn_80015320.o
[58/882] MWCC build/GEDE01/src/game/game_fn_80015568.o
[59/882] MWCC build/GEDE01/src/game/game_fn_800156FC.o
[60/882] MWCC build/GEDE01/src/game/game_fn_80015BE0.o
[61/882] MWCC build/GEDE01/src/game/game_fn_80015D40.o
[62/882] MWCC build/GEDE01/src/game/game_fn_80015F04.o
[63/882] MWCC build/GEDE01/src/game/game_fn_80016128.o
[64/882] MWCC build/GEDE01/src/game/game_fn_80016270.o
[65/882] MWCC build/GEDE01/src/game/game_fn_80016904.o
[66/882] MWCC build/GEDE01/src/game/game_fn_80016B24.o
[67/882] MWCC build/GEDE01/src/game/game_fn_800171C0.o
[68/882] MWCC build/GEDE01/src/game/game_fn_800173CC.o
[69/882] MWCC build/GEDE01/src/game/game_fn_800176F0.o
[70/882] MWCC build/GEDE01/src/game/game_fn_800179AC.o
[71/882] MWCC build/GEDE01/src/game/game_fn_80017910.o
[72/882] MWCC build/GEDE01/src/game/game_fn_80017A3C.o
[73/882] MWCC build/GEDE01/src/game/game_fn_80017AE4.o
[74/882] MWCC build/GEDE01/src/game/game_fn_80017C3C.o
[75/882] MWCC build/GEDE01/src/game/game_fn_80017CC8.o
[76/882] MWCC build/GEDE01/src/game/game_fn_80017DB0.o
[77/882] MWCC build/GEDE01/src/game/game_fn_80018EF4.o
[78/882] MWCC build/GEDE01/src/game/game_fn_80019054.o
[79/882] MWCC build/GEDE01/src/game/game_fn_80019244.o
[80/882] MWCC build/GEDE01/src/game/game_fn_80019940.o
[81/882] MWCC build/GEDE01/src/game/game_fn_800194D0.o
[82/882] MWCC build/GEDE01/src/game/game_fn_80019C10.o
[83/882] MWCC build/GEDE01/src/game/game_fn_80019D2C.o
[84/882] MWCC build/GEDE01/src/game/game_fn_8001A6C4.o
[85/882] MWCC build/GEDE01/src/game/game_fn_80019F98.o
[86/882] MWCC build/GEDE01/src/game/game_fn_8001AAB8.o
[87/882] MWCC build/GEDE01/src/game/game_fn_8001ADF8.o
[88/882] MWCC build/GEDE01/src/game/game_fn_8001B124.o
[89/882] MWCC build/GEDE01/src/game/game_fn_8001AF68.o
[90/882] MWCC build/GEDE01/src/game/game_fn_8001B294.o
[91/882] MWCC build/GEDE01/src/game/game_fn_8001B808.o
[92/882] MWCC build/GEDE01/src/game/game_fn_8001B874.o
[93/882] MWCC build/GEDE01/src/game/game_fn_8001C078.o
[94/882] MWCC build/GEDE01/src/game/game_fn_8001CA04.o
[95/882] MWCC build/GEDE01/src/game/game_fn_8001CD58.o
[96/882] MWCC build/GEDE01/src/game/game_fn_8001CE94.o
[97/882] MWCC build/GEDE01/src/game/game_fn_8001E644.o
[98/882] MWCC build/GEDE01/src/game/game_fn_8001FE1C.o
[99/882] MWCC build/GEDE01/src/game/game_fn_80020E94.o
[100/882] MWCC build/GEDE01/src/game/game_fn_80024F28.o
[101/882] MWCC build/GEDE01/src/game/game_fn_800272B4.o
[102/882] MWCC build/GEDE01/src/game/game_fn_8002B748.o
[103/882] MWCC build/GEDE01/src/game/game_fn_8002DAE0.o
[104/882] MWCC build/GEDE01/src/game/game_fn_8002E3F0.o
[105/882] MWCC build/GEDE01/src/game/game_fn_8002EA68.o
[106/882] MWCC build/GEDE01/src/game/game_fn_8002F428.o
[107/882] MWCC build/GEDE01/src/game/game_fn_80031544.o
[108/882] MWCC build/GEDE01/src/game/game_fn_8003232C.o
[109/882] MWCC build/GEDE01/src/game/game_fn_80032B84.o
[110/882] MWCC build/GEDE01/src/game/game_fn_80033038.o
[111/882] MWCC build/GEDE01/src/game/game_fn_80033180.o
[112/882] MWCC build/GEDE01/src/game/game_fn_800359A0.o
[113/882] MWCC build/GEDE01/src/game/game_fn_800361F8.o
[114/882] MWCC build/GEDE01/src/game/game_fn_80036C40.o
[115/882] MWCC build/GEDE01/src/game/game_fn_80038878.o
[116/882] MWCC build/GEDE01/src/game/game_fn_80048ADC.o
[117/882] MWCC build/GEDE01/src/game/game_fn_80048B24.o
[118/882] MWCC build/GEDE01/src/game/game_fn_8004998C.o
[119/882] MWCC build/GEDE01/src/game/game_fn_80052310.o
[120/882] MWCC build/GEDE01/src/game/game_fn_8005EC6C.o
[121/882] MWCC build/GEDE01/src/game/game_fn_800542D0.o
[122/882] MWCC build/GEDE01/src/game/game_fn_8005EE9C.o
[123/882] MWCC build/GEDE01/src/game/game_data_80239E10.o
[124/882] MWCC build/GEDE01/src/game/game_data_80239E18.o
[125/882] MWCC build/GEDE01/src/game/game_fn_8005FD84.o
[126/882] MWCC build/GEDE01/src/game/game_fn_80066888.o
[127/882] MWCC build/GEDE01/src/game/game_fn_80066E78.o
[128/882] MWCC build/GEDE01/src/game/game_fn_8006B0F0.o
[129/882] MWCC build/GEDE01/src/game/game_fn_8006B620.o
[130/882] MWCC build/GEDE01/src/game/game_fn_8006E53C.o
[131/882] MWCC build/GEDE01/src/game/game_fn_80071A58.o
[132/882] MWCC build/GEDE01/src/game/game_fn_80074310.o
[133/882] MWCC build/GEDE01/src/game/game_fn_80078500.o
[134/882] MWCC build/GEDE01/src/game/game_fn_80079908.o
[135/882] MWCC build/GEDE01/src/game/game_fn_80079AA4.o
[136/882] MWCC build/GEDE01/src/game/game_fn_8007B2F4.o
[137/882] MWCC build/GEDE01/src/game/game_fn_8007B540.o
[138/882] MWCC build/GEDE01/src/game/game_fn_8007B640.o
[139/882] MWCC build/GEDE01/src/game/game_fn_8007B828.o
[140/882] MWCC build/GEDE01/src/game/game_fn_8007BA3C.o
[141/882] MWCC build/GEDE01/src/game/game_fn_8007D4D8.o
[142/882] MWCC build/GEDE01/src/game/game_fn_8007F770.o
[143/882] MWCC build/GEDE01/src/game/game_fn_800886D8.o
[144/882] MWCC build/GEDE01/src/game/game_fn_80088F4C.o
[145/882] MWCC build/GEDE01/src/game/game_fn_8008A2E0.o
[146/882] MWCC build/GEDE01/src/game/game_fn_8008F224.o
[147/882] MWCC build/GEDE01/src/game/game_fn_8008F890.o
[148/882] MWCC build/GEDE01/src/game/game_fn_80090004.o
[149/882] MWCC build/GEDE01/src/game/game_fn_800934A0.o
[150/882] MWCC build/GEDE01/src/game/game_fn_80095D10.o
[151/882] MWCC build/GEDE01/src/game/game_fn_80095FDC.o
[152/882] MWCC build/GEDE01/src/game/game_fn_80096830.o
[153/882] MWCC build/GEDE01/src/game/game_fn_8009C424.o
[154/882] MWCC build/GEDE01/src/game/game_fn_8009E808.o
[155/882] MWCC build/GEDE01/src/game/game_fn_800A2130.o
[156/882] MWCC build/GEDE01/src/game/game_fn_800A2FCC.o
[157/882] MWCC build/GEDE01/src/game/game_fn_800A3180.o
[158/882] MWCC build/GEDE01/src/game/game_fn_800A3894.o
[159/882] MWCC build/GEDE01/src/game/game_fn_800A4428.o
[160/882] MWCC build/GEDE01/src/game/game_fn_800A4798.o
[161/882] MWCC build/GEDE01/src/game/game_fn_800A7E88.o
[162/882] MWCC build/GEDE01/src/game/game_fn_800AF230.o
[163/882] MWCC build/GEDE01/src/game/game_fn_800BB5C4.o
[164/882] MWCC build/GEDE01/src/game/game_fn_800BB7A8.o
[165/882] MWCC build/GEDE01/src/game/game_fn_800BB9A4.o
[166/882] MWCC build/GEDE01/src/game/game_fn_800BBAF0.o
[167/882] MWCC build/GEDE01/src/game/game_fn_800C17EC.o
[168/882] MWCC build/GEDE01/src/game/game_fn_800C59F0.o
[169/882] MWCC build/GEDE01/src/game/game_fn_800C644C.o
[170/882] MWCC build/GEDE01/src/game/game_fn_800C65FC.o
[171/882] MWCC build/GEDE01/src/game/game_fn_800C9C60.o
[172/882] MWCC build/GEDE01/src/game/game_fn_800CB760.o
[173/882] MWCC build/GEDE01/src/game/game_fn_800CB8F4.o
[174/882] MWCC build/GEDE01/src/game/game_fn_800CF598.o
[175/882] MWCC build/GEDE01/src/game/game_fn_800D9064.o
[176/882] MWCC build/GEDE01/src/game/game_fn_800E4980.o
[177/882] MWCC build/GEDE01/src/game/game_fn_800D9E10.o
[178/882] MWCC build/GEDE01/src/game/game_TRK_main.o
[179/882] MWCC build/GEDE01/src/game/game_TRKNubWelcome.o
[180/882] MWCC build/GEDE01/src/game/game_InitMetroTRKCommTable.o
[181/882] MWCC build/GEDE01/src/game/game_fn_800FD0C8.o
[182/882] MWCC build/GEDE01/src/game/game_fn_8010242C.o
[183/882] MWCC build/GEDE01/src/game/game_fn_801098C0.o
[184/882] MWCC build/GEDE01/src/game/game_fn_8010F184.o
[185/882] MWCC build/GEDE01/src/game/game_fn_801126E0.o
[186/882] MWCC build/GEDE01/src/game/game_fn_801141B8.o
[187/882] MWCC build/GEDE01/src/game/game_fn_801128E4.o
[188/882] MWCC build/GEDE01/src/game/game_fn_8011F140.o
[189/882] MWCC build/GEDE01/src/game/game_fn_801247F8.o
[190/882] MWCC build/GEDE01/src/game/game_fn_8012976C.o
[191/882] MWCC build/GEDE01/src/game/game_fn_80126A00.o
[192/882] MWCC build/GEDE01/src/game/game_fn_8012DB28.o
[193/882] MWCC build/GEDE01/src/game/game_fn_8013CBE4.o
[194/882] MWCC build/GEDE01/src/game/game_fn_8013D6A4.o
[195/882] MWCC build/GEDE01/src/game/game_fn_8013DB8C.o
[196/882] MWCC build/GEDE01/src/game/game_fn_8014549C.o
[197/882] MWCC build/GEDE01/src/game/game_fn_8014AF38.o
[198/882] MWCC build/GEDE01/src/game/game_fn_8014B494.o
[199/882] MWCC build/GEDE01/src/game/game_fn_8014CA98.o
[200/882] MWCC build/GEDE01/src/game/game_fn_801535D8.o
[201/882] MWCC build/GEDE01/src/game/game_fn_80153898.o
[202/882] MWCC build/GEDE01/src/game/game_fn_80153A24.o
[203/882] MWCC build/GEDE01/src/game/game_fn_80154F74.o
[204/882] MWCC build/GEDE01/src/game/game_fn_80157C0C.o
[205/882] MWCC build/GEDE01/src/game/game_fn_80155814.o
[206/882] MWCC build/GEDE01/src/game/game_fn_80158B20.o
[207/882] MWCC build/GEDE01/src/game/game_fn_80158D38.o
[208/882] MWCC build/GEDE01/src/game/game_fn_8015DC54.o
[209/882] MWCC build/GEDE01/src/game/game_fn_8015DB84.o
[210/882] MWCC build/GEDE01/src/game/game_fn_80167454.o
[211/882] MWCC build/GEDE01/src/game/game_fn_8015EDC0.o
[212/882] MWCC build/GEDE01/src/game/game_fn_80167B5C.o
[213/882] MWCC build/GEDE01/src/game/game_fn_80169650.o
[214/882] MWCC build/GEDE01/src/game/game_fn_8016BD0C.o
[215/882] MWCC build/GEDE01/src/game/game_fn_8016BE1C.o
[216/882] MWCC build/GEDE01/src/game/game_fn_8016BF60.o
[217/882] MWCC build/GEDE01/src/game/game_fn_8016C0BC.o
[218/882] MWCC build/GEDE01/src/game/game_fn_8016C164.o
[219/882] MWCC build/GEDE01/src/game/game_fn_8016C238.o
[220/882] MWCC build/GEDE01/src/game/game_fn_8016C4BC.o
[221/882] MWCC build/GEDE01/src/game/game_fn_8016C774.o
[222/882] MWCC build/GEDE01/src/game/game_fn_8016D040.o
[223/882] MWCC build/GEDE01/src/game/game_fn_8016D1F8.o
[224/882] MWCC build/GEDE01/src/game/game_fn_8016D9C0.o
[225/882] MWCC build/GEDE01/src/game/game_fn_8016D2B8.o
[226/882] MWCC build/GEDE01/src/game/game_fn_8016DF4C.o
[227/882] MWCC build/GEDE01/src/game/game_fn_8016E8F8.o
[228/882] MWCC build/GEDE01/src/game/game_fn_8016FEF8.o
[229/882] MWCC build/GEDE01/src/game/game_fn_8017038C.o
[230/882] MWCC build/GEDE01/src/game/game_fn_801704F8.o
[231/882] MWCC build/GEDE01/src/game/game_fn_801706DC.o
[232/882] MWCC build/GEDE01/src/game/game_fn_80170A40.o
[233/882] MWCC build/GEDE01/src/game/game_fn_80170DF4.o
[234/882] MWCC build/GEDE01/src/game/game_fn_80170E9C.o
[235/882] MWCC build/GEDE01/src/game/game_fn_8017138C.o
[236/882] MWCC build/GEDE01/src/game/game_fn_80171664.o
[237/882] MWCC build/GEDE01/src/game/game_fn_801718F4.o
[238/882] MWCC build/GEDE01/src/game/game_fn_801719B4.o
[239/882] MWCC build/GEDE01/src/game/game_fn_80171F30.o
[240/882] MWCC build/GEDE01/src/game/game_fn_8017250C.o
[241/882] MWCC build/GEDE01/src/game/game_fn_801726EC.o
[242/882] MWCC build/GEDE01/src/game/game_fn_80172BB0.o
[243/882] MWCC build/GEDE01/src/game/game_fn_80172C78.o
[244/882] MWCC build/GEDE01/src/game/game_fn_80172DB8.o
[245/882] MWCC build/GEDE01/src/game/game_fn_80173270.o
[246/882] MWCC build/GEDE01/src/game/game_fn_801734B4.o
[247/882] MWCC build/GEDE01/src/game/game_fn_80173770.o
[248/882] MWCC build/GEDE01/src/game/game_fn_80173D44.o
[249/882] MWCC build/GEDE01/src/game/game_fn_80173F04.o
[250/882] MWCC build/GEDE01/src/game/game_fn_80174184.o
[251/882] MWCC build/GEDE01/src/game/game_fn_80174358.o
[252/882] MWCC build/GEDE01/src/game/game_fn_80174F2C.o
[253/882] MWCC build/GEDE01/src/game/game_fn_8017553C.o
[254/882] MWCC build/GEDE01/src/game/game_fn_80175E64.o
[255/882] MWCC build/GEDE01/src/game/game_fn_80175F0C.o
[256/882] MWCC build/GEDE01/src/game/game_fn_80175FD4.o
[257/882] MWCC build/GEDE01/src/game/game_fn_80176098.o
[258/882] MWCC build/GEDE01/src/game/game_fn_80176160.o
[259/882] MWCC build/GEDE01/src/game/game_fn_80176220.o
[260/882] MWCC build/GEDE01/src/game/game_fn_801762E8.o
[261/882] MWCC build/GEDE01/src/game/game_fn_8017652C.o
[262/882] MWCC build/GEDE01/src/game/game_fn_80176DF4.o
[263/882] MWCC build/GEDE01/src/game/game_fn_80176FA0.o
[264/882] MWCC build/GEDE01/src/game/game_fn_801770F8.o
[265/882] MWCC build/GEDE01/src/game/game_fn_8017718C.o
[266/882] MWCC build/GEDE01/src/game/game_fn_80178F88.o
[267/882] MWCC build/GEDE01/src/game/game_fn_80177434.o
[268/882] MWCC build/GEDE01/src/game/game_fn_80179398.o
[269/882] MWCC build/GEDE01/src/game/game_fn_8017960C.o
[270/882] MWCC build/GEDE01/src/game/game_fn_8017974C.o
[271/882] MWCC build/GEDE01/src/game/game_fn_80179904.o
[272/882] MWCC build/GEDE01/src/game/game_fn_80179A18.o
[273/882] MWCC build/GEDE01/src/game/game_fn_80179A74.o
[274/882] MWCC build/GEDE01/src/game/game_fn_80179EB8.o
[275/882] MWCC build/GEDE01/src/game/game_fn_80179F20.o
[276/882] MWCC build/GEDE01/src/game/game_fn_8017A010.o
[277/882] MWCC build/GEDE01/src/game/game_fn_8017A12C.o
[278/882] MWCC build/GEDE01/src/game/game_fn_8017A1C0.o
[279/882] MWCC build/GEDE01/src/game/game_fn_8017A9B8.o
[280/882] MWCC build/GEDE01/src/game/game_fn_8017AC20.o
[281/882] MWCC build/GEDE01/src/game/game_fn_8017E850.o
[282/882] MWCC build/GEDE01/src/game/game_fn_8017E958.o
[283/882] MWCC build/GEDE01/src/game/game_fn_80180DDC.o
[284/882] MWCC build/GEDE01/src/game/game_fn_801810A0.o
[285/882] MWCC build/GEDE01/src/game/game_fn_801816D4.o
[286/882] MWCC build/GEDE01/src/game/game_fn_801859FC.o
[287/882] MWCC build/GEDE01/src/game/game_fn_80185AE8.o
[288/882] MWCC build/GEDE01/src/game/game_fn_80185F10.o
[289/882] MWCC build/GEDE01/src/game/game_fn_801865EC.o
[290/882] MWCC build/GEDE01/src/game/game_fn_8018680C.o
[291/882] MWCC build/GEDE01/src/game/game_fn_80186E10.o
[292/882] MWCC build/GEDE01/src/game/game_fn_80186F70.o
[293/882] MWCC build/GEDE01/src/game/game_fn_80187120.o
[294/882] MWCC build/GEDE01/src/game/game_fn_80187320.o
[295/882] MWCC build/GEDE01/src/game/game_fn_801875FC.o
[296/882] MWCC build/GEDE01/src/game/game_fn_801878E0.o
[297/882] MWCC build/GEDE01/src/game/game_fn_80187BB4.o
[298/882] MWCC build/GEDE01/src/game/game_fn_80188A7C.o
[299/882] MWCC build/GEDE01/src/game/game_fn_80188B44.o
[300/882] MWCC build/GEDE01/src/game/game_fn_80188C1C.o
[301/882] MWCC build/GEDE01/src/game/game_fn_80188E28.o
[302/882] MWCC build/GEDE01/src/game/game_fn_80189028.o
[303/882] MWCC build/GEDE01/src/game/game_fn_801891D8.o
[304/882] MWCC build/GEDE01/src/game/game_fn_80189390.o
[305/882] MWCC build/GEDE01/src/game/game_fn_801895E8.o
[306/882] MWCC build/GEDE01/src/game/game_fn_801896A0.o
[307/882] MWCC build/GEDE01/src/game/game_fn_80189760.o
[308/882] MWCC build/GEDE01/src/game/game_fn_80189968.o
[309/882] MWCC build/GEDE01/src/game/game_fn_8018C2D0.o
[310/882] MWCC build/GEDE01/src/game/game_fn_8018D1F0.o
[311/882] MWCC build/GEDE01/src/game/game_fn_8018D2E0.o
[312/882] MWCC build/GEDE01/src/game/game_fn_8018D400.o
[313/882] MWCC build/GEDE01/src/game/game_fn_8018D688.o
[314/882] MWCC build/GEDE01/src/game/game_fn_8018E0D8.o
[315/882] MWCC build/GEDE01/src/game/game_fn_8018F1D0.o
[316/882] MWCC build/GEDE01/src/game/game_fn_8018F81C.o
[317/882] MWCC build/GEDE01/src/game/game_fn_8018FEDC.o
[318/882] MWCC build/GEDE01/src/game/game_fn_8019120C.o
[319/882] MWCC build/GEDE01/src/game/game_fn_80191360.o
[320/882] MWCC build/GEDE01/src/game/game_fn_801916D0.o
[321/882] MWCC build/GEDE01/src/game/game_fn_8019197C.o
[322/882] MWCC build/GEDE01/src/game/game_fn_80191F58.o
[323/882] MWCC build/GEDE01/src/game/game_fn_801926EC.o
[324/882] MWCC build/GEDE01/src/game/game_fn_801929A4.o
[325/882] MWCC build/GEDE01/src/game/game_fn_80192F54.o
[326/882] MWCC build/GEDE01/src/game/game_fn_801931C4.o
[327/882] MWCC build/GEDE01/src/game/game_fn_80193E1C.o
[328/882] MWCC build/GEDE01/src/game/game_fn_80193F3C.o
[329/882] MWCC build/GEDE01/src/game/game_fn_80194F80.o
[330/882] MWCC build/GEDE01/src/game/game_fn_80197910.o
[331/882] MWCC build/GEDE01/src/game/game_fn_80198154.o
[332/882] MWCC build/GEDE01/src/game/game_fn_80198AAC.o
[333/882] MWCC build/GEDE01/src/game/game_fn_80198BF4.o
[334/882] MWCC build/GEDE01/src/game/game_fn_801991E0.o
[335/882] MWCC build/GEDE01/src/game/game_fn_8019B1BC.o
[336/882] MWCC build/GEDE01/src/game/game_fn_8019CC28.o
[337/882] MWCC build/GEDE01/src/game/game_fn_8019CFC4.o
[338/882] MWCC build/GEDE01/src/game/game_fn_8019E5E4.o
[339/882] MWCC build/GEDE01/src/game/game_fn_8019E8C8.o
[340/882] MWCC build/GEDE01/src/game/game_fn_801A1F18.o
[341/882] MWCC build/GEDE01/src/game/game_fn_801A2A54.o
[342/882] MWCC build/GEDE01/src/game/game_fn_801A34BC.o
[343/882] MWCC build/GEDE01/src/game/game_fn_801A3A78.o
[344/882] MWCC build/GEDE01/src/game/game_fn_801A4CE0.o
[345/882] MWCC build/GEDE01/src/game/game_fn_801A5FB0.o
[346/882] MWCC build/GEDE01/src/game/game_fn_801A6410.o
[347/882] MWCC build/GEDE01/src/game/game_fn_801A657C.o
[348/882] MWCC build/GEDE01/src/game/game_fn_801A6ADC.o
[349/882] MWCC build/GEDE01/src/game/game_fn_801A6C58.o
[350/882] MWCC build/GEDE01/src/game/game_fn_801A6CB4.o
[351/882] MWCC build/GEDE01/src/game/game_fn_801A7E04.o
[352/882] MWCC build/GEDE01/src/game/game_fn_801A7EA8.o
[353/882] MWCC build/GEDE01/src/game/game_fn_801A93E8.o
[354/882] MWCC build/GEDE01/src/game/game_fn_801AB154.o
[355/882] MWCC build/GEDE01/src/game/game_fn_801ABD3C.o
[356/882] MWCC build/GEDE01/src/game/game_fn_801AC8AC.o
[357/882] MWCC build/GEDE01/src/game/game_fn_801ACFE8.o
[358/882] MWCC build/GEDE01/src/game/game_fn_801AD08C.o
[359/882] MWCC build/GEDE01/src/game/game_fn_801AFA74.o
[360/882] MWCC build/GEDE01/src/game/game_fn_801B02F0.o
[361/882] MWCC build/GEDE01/src/game/game_fn_801B1BA0.o
[362/882] MWCC build/GEDE01/src/game/game_fn_801B35BC.o
[363/882] MWCC build/GEDE01/src/game/game_fn_801B46C8.o
[364/882] MWCC build/GEDE01/src/game/game_fn_801B4FB4.o
[365/882] MWCC build/GEDE01/src/game/game_fn_801B5228.o
[366/882] MWCC build/GEDE01/src/game/game_fn_801B58F0.o
[367/882] MWCC build/GEDE01/src/game/game_fn_801B6F1C.o
[368/882] MWCC build/GEDE01/src/game/game_fn_801B86C0.o
[369/882] MWCC build/GEDE01/src/game/game_fn_801B941C.o
[370/882] MWCC build/GEDE01/src/game/game_fn_801B9E7C.o
[371/882] MWCC build/GEDE01/src/game/game_fn_801BA15C.o
[372/882] MWCC build/GEDE01/src/game/game_fn_801BA708.o
[373/882] MWCC build/GEDE01/src/game/game_fn_801BB1A0.o
[374/882] MWCC build/GEDE01/src/game/game_fn_801BC0D4.o
[375/882] MWCC build/GEDE01/src/game/game_fn_801BC240.o
[376/882] MWCC build/GEDE01/src/game/game_fn_801BC8F4.o
[377/882] MWCC build/GEDE01/src/game/game_fn_801BCC04.o
[378/882] MWCC build/GEDE01/src/game/game_fn_801BD990.o
[379/882] MWCC build/GEDE01/src/game/game_fn_801BDE7C.o
[380/882] MWCC build/GEDE01/src/game/game_fn_801BE0D4.o
[381/882] MWCC build/GEDE01/src/game/game_fn_801C1CB0.o
[382/882] MWCC build/GEDE01/src/game/game_fn_801BEF40.o
[383/882] MWCC build/GEDE01/src/game/game_fn_801C2980.o
[384/882] MWCC build/GEDE01/src/game/game_fn_801C29BC.o
[385/882] MWCC build/GEDE01/src/game/game_fn_801C2AAC.o
[386/882] MWCC build/GEDE01/src/game/game_fn_801C2D9C.o
[387/882] MWCC build/GEDE01/src/game/game_fn_801C8160.o
[388/882] MWCC build/GEDE01/src/game/game_fn_801C8224.o
[389/882] MWCC build/GEDE01/src/game/game_fn_801C8600.o
[390/882] MWCC build/GEDE01/src/game/game_fn_801C4B5C.o
[391/882] MWCC build/GEDE01/src/game/game_fn_801C87DC.o
[392/882] MWCC build/GEDE01/src/game/game_fn_801C8CC0.o
[393/882] MWCC build/GEDE01/src/game/game_fn_801C8F50.o
[394/882] MWCC build/GEDE01/src/game/game_fn_801C90A4.o
[395/882] MWCC build/GEDE01/src/game/game_fn_801C9510.o
[396/882] MWCC build/GEDE01/src/game/game_fn_801C970C.o
[397/882] MWCC build/GEDE01/src/game/game_fn_801C9A08.o
[398/882] MWCC build/GEDE01/src/game/game_fn_801C9B1C.o
[399/882] MWCC build/GEDE01/src/game/game_fn_801CB4F8.o
[400/882] MWCC build/GEDE01/src/game/game_fn_801CD228.o
[401/882] MWCC build/GEDE01/src/game/game_fn_801CE09C.o
[402/882] MWCC build/GEDE01/src/game/game_fn_801CE594.o
[403/882] MWCC build/GEDE01/src/game/game_fn_801D1B10.o
[404/882] MWCC build/GEDE01/src/game/game_fn_801D1F78.o
[405/882] MWCC build/GEDE01/src/game/game_fn_801D3988.o
[406/882] MWCC build/GEDE01/src/game/game_fn_801D76A8.o
[407/882] MWCC build/GEDE01/src/game/game_fn_801D7C24.o
[408/882] MWCC build/GEDE01/src/game/game_fn_801D8050.o
[409/882] MWCC build/GEDE01/src/game/game_fn_801D9FE4.o
[410/882] MWCC build/GEDE01/src/game/game_fn_801E2A48.o
[411/882] MWCC build/GEDE01/src/game/game_fn_801E41AC.o
[412/882] MWCC build/GEDE01/src/game/game_fn_801E6814.o
[413/882] MWCC build/GEDE01/src/game/game_fn_801E995C.o
[414/882] MWCC build/GEDE01/src/game/game_fn_801EB09C.o
[415/882] MWCC build/GEDE01/src/game/game_fn_801EB11C.o
[416/882] MWCC build/GEDE01/src/game/game_fn_801ECD74.o
[417/882] MWCC build/GEDE01/src/game/game_fn_801ECF50.o
[418/882] MWCC build/GEDE01/src/game/game_fn_801ED5F4.o
[419/882] MWCC build/GEDE01/src/game/game_fn_801EF580.o
[420/882] MWCC build/GEDE01/src/game/game_fn_801EF910.o
[421/882] MWCC build/GEDE01/src/game/game_fn_801F10BC.o
[422/882] MWCC build/GEDE01/src/game/game_fn_801F1A38.o
[423/882] MWCC build/GEDE01/src/game/game_fn_801F35A8.o
[424/882] MWCC build/GEDE01/src/game/game_fn_801F55A0.o
[425/882] MWCC build/GEDE01/src/game/game_fn_801F69F0.o
[426/882] MWCC build/GEDE01/src/game/game_fn_801F6BD8.o
[427/882] MWCC build/GEDE01/src/game/game_fn_801F7510.o
[428/882] MWCC build/GEDE01/src/game/game_fn_801F76EC.o
[429/882] MWCC build/GEDE01/src/game/game_fn_801F8264.o
[430/882] MWCC build/GEDE01/src/game/game_fn_801F89B4.o
[431/882] MWCC build/GEDE01/src/game/game_fn_801F9AF8.o
[432/882] MWCC build/GEDE01/src/game/game_fn_801F9CF4.o
[433/882] MWCC build/GEDE01/src/game/game_fn_801FA9C8.o
[434/882] MWCC build/GEDE01/src/game/game_fn_801FB6A4.o
[435/882] MWCC build/GEDE01/src/game/game_fn_801FC034.o
[436/882] MWCC build/GEDE01/src/game/game_fn_801FC204.o
[437/882] EXTERNALIZE build/GEDE01/src/game/game_fn_80066E78.o
[438/882] EXTERNALIZE build/GEDE01/src/game/game_fn_801247F8.o
[439/882] EXTERNALIZE build/GEDE01/src/game/game_fn_801EF910.o
[440/882] MWCC build/GEDE01/src/game/game_fn_801FFE78.o
[441/882] EXTERNALIZE build/GEDE01/src/game/game_fn_801ECF50.o
[442/882] EXTERNALIZE build/GEDE01/src/game/game_fn_801EB09C.o
[443/882] EXTERNALIZE build/GEDE01/src/game/game_fn_801FC204.o
[444/882] EXTERNALIZE build/GEDE01/src/game/game_fn_801EB11C.o
[445/882] EXTERNALIZE build/GEDE01/src/game/game_fn_801D9FE4.o
[446/882] EXTERNALIZE build/GEDE01/src/game/game_fn_801E41AC.o
[447/882] EXTERNALIZE build/GEDE01/src/game/game_fn_801D76A8.o
[448/882] EXTERNALIZE build/GEDE01/src/game/game_fn_801D8050.o
[449/882] EXTERNALIZE build/GEDE01/src/game/game_fn_801D7C24.o
[450/882] EXTERNALIZE build/GEDE01/src/game/game_fn_8019B1BC.o
[451/882] EXTERNALIZE build/GEDE01/src/game/game_fn_80178F88.o
[452/882] EXTERNALIZE build/GEDE01/src/game/game_fn_801CD228.o
[453/882] EXTERNALIZE build/GEDE01/src/game/game_fn_801C970C.o
[454/882] EXTERNALIZE build/GEDE01/src/game/game_fn_801BA15C.o
[455/882] EXTERNALIZE build/GEDE01/src/game/game_fn_801C9510.o
[456/882] EXTERNALIZE build/GEDE01/src/game/game_fn_80126A00.o
[457/882] EXTERNALIZE build/GEDE01/src/game/game_fn_8013D6A4.o
[458/882] EXTERNALIZE build/GEDE01/src/game/game_fn_800C9C60.o
[459/882] EXTERNALIZE build/GEDE01/src/game/game_fn_801B5228.o
[460/882] EXTERNALIZE build/GEDE01/src/game/game_fn_801B4FB4.o
[461/882] EXTERNALIZE build/GEDE01/src/game/game_fn_801C87DC.o
[462/882] EXTERNALIZE build/GEDE01/src/game/game_fn_801B6F1C.o
[463/882] EXTERNALIZE build/GEDE01/src/game/game_fn_801C8CC0.o
[464/882] EXTERNALIZE build/GEDE01/src/game/game_fn_800FD0C8.o
[465/882] EXTERNALIZE build/GEDE01/src/game/game_fn_801BDE7C.o
[466/882] EXTERNALIZE build/GEDE01/src/game/game_fn_801BE0D4.o
[467/882] EXTERNALIZE STATIC POOL build/GEDE01/src/game/game_fn_801C9A08.o
build/GEDE01/src/game/game_fn_801C9A08.o: lbl_80629390 now undefined; section 3 emptied
[468/882] EXTERNALIZE build/GEDE01/src/game/game_fn_801B941C.o
[469/882] EXTERNALIZE STATIC POOL build/GEDE01/src/game/game_fn_801C9B1C.o
build/GEDE01/src/game/game_fn_801C9B1C.o: lbl_80629390 now undefined; section 3 emptied
[470/882] EXTERNALIZE STATIC POOL build/GEDE01/src/game/game_fn_801BD990.o
build/GEDE01/src/game/game_fn_801BD990.o: lbl_80626D80 now undefined; section 6 emptied
[471/882] EXTERNALIZE STATIC POOL build/GEDE01/src/game/game_fn_801B58F0.o
build/GEDE01/src/game/game_fn_801B58F0.o: lbl_8060C020 now undefined; section 3 emptied
[472/882] EXTERNALIZE STATIC POOL build/GEDE01/src/game/game_fn_801B9E7C.o
build/GEDE01/src/game/game_fn_801B9E7C.o: 0 relocation(s) moved from streamInfo to ...bss.0
build/GEDE01/src/game/game_fn_801B9E7C.o: lbl_8061AE48 now undefined; section 6 emptied
[473/882] EXTERNALIZE STATIC POOL build/GEDE01/src/game/game_fn_801BB1A0.o
build/GEDE01/src/game/game_fn_801BB1A0.o: 0 relocation(s) moved from streamInfo to ...bss.0
build/GEDE01/src/game/game_fn_801BB1A0.o: lbl_8061AE48 now undefined; section 6 emptied
[474/882] EXTERNALIZE STATIC build/GEDE01/src/game/game_fn_801B35BC.o
build/GEDE01/src/game/game_fn_801B35BC.o: lbl_8060D420 now undefined; section 6 emptied
[475/882] EXTERNALIZE STATIC POOL build/GEDE01/src/game/game_fn_801BA708.o
build/GEDE01/src/game/game_fn_801BA708.o: 0 relocation(s) moved from streamInfo to ...bss.0
build/GEDE01/src/game/game_fn_801BA708.o: lbl_8061AE48 now undefined; section 6 emptied
[476/882] EXTERNALIZE STATIC POOL build/GEDE01/src/game/game_fn_801BC8F4.o
build/GEDE01/src/game/game_fn_801BC8F4.o: lbl_8061C748 now undefined; section 6 emptied
[477/882] EXTERNALIZE STATIC build/GEDE01/src/game/game_fn_801BC240.o
build/GEDE01/src/game/game_fn_801BC240.o: lbl_8061C748 now undefined; section 6 emptied
[478/882] EXTERNALIZE STATIC POOL build/GEDE01/src/game/game_fn_801BCC04.o
build/GEDE01/src/game/game_fn_801BCC04.o: lbl_8061C748 now undefined; section 6 emptied
[479/882] EXTERNALIZE STATIC POOL build/GEDE01/src/game/game_fn_801BC0D4.o
build/GEDE01/src/game/game_fn_801BC0D4.o: lbl_8061C748 now undefined; section 6 emptied
[480/882] EXTERNALIZE STATIC POOL build/GEDE01/src/game/game_fn_801C1CB0.o
build/GEDE01/src/game/game_fn_801C1CB0.o: lbl_80626DA0 now undefined; section 3 emptied
[481/882] RENAME build/GEDE01/src/game/game_InitMetroTRKCommTable.o
[482/882] EXTERNALIZE STATIC POOL build/GEDE01/src/game/game_fn_801CE09C.o
build/GEDE01/src/game/game_fn_801CE09C.o: lbl_80631340 now undefined; section 6 emptied
[483/882] RENAME RUNTIME INTRINSICS build/GEDE01/src/game/game_fn_801CB4F8.o
[484/882] EXTERNALIZE build/GEDE01/src/game/game_fn_801D3988.o
[485/882] EXTERNALIZE STATIC POOL build/GEDE01/src/game/game_fn_8010242C.o
build/GEDE01/src/game/game_fn_8010242C.o: lbl_8032CC08 now undefined; section 3 emptied
[486/882] EXTERNALIZE build/GEDE01/src/game/game_fn_801D1B10.o
[487/882] EXTERNALIZE build/GEDE01/src/game/game_fn_801CE594.o
[488/882] ALIGN DATA build/GEDE01/src/game/game_fn_80008014.o
[489/882] EXTERNALIZE build/GEDE01/src/game/game_fn_8014549C.o
[490/882] EXTERNALIZE build/GEDE01/src/game/game_fn_801C8224.o
[491/882] EXTERNALIZE build/GEDE01/src/game/game_fn_801098C0.o
[492/882] EXTERNALIZE build/GEDE01/src/game/game_fn_8000FDE8.o
[493/882] EXTERNALIZE build/GEDE01/src/game/game_fn_80185F10.o
[494/882] EXTERNALIZE build/GEDE01/src/game/game_fn_801C29BC.o
[495/882] EXTERNALIZE build/GEDE01/src/game/game_fn_8007B828.o
[496/882] EXTERNALIZE build/GEDE01/src/game/game_fn_801C8F50.o
[497/882] EXTERNALIZE build/GEDE01/src/game/game_fn_801C8160.o
[498/882] EXTERNALIZE build/GEDE01/src/game/game_fn_801C90A4.o
[499/882] EXTERNALIZE build/GEDE01/src/game/game_fn_801C2AAC.o
[500/882] EXTERNALIZE build/GEDE01/src/game/game_fn_801C2D9C.o
[501/882] EXTERNALIZE build/GEDE01/src/game/game_fn_801C2980.o
[502/882] EXTERNALIZE build/GEDE01/src/game/game_fn_801B02F0.o
[503/882] EXTERNALIZE build/GEDE01/src/game/game_fn_801AFA74.o
[504/882] EXTERNALIZE build/GEDE01/src/game/game_fn_801AC8AC.o
[505/882] EXTERNALIZE build/GEDE01/src/game/game_fn_801ABD3C.o
[506/882] EXTERNALIZE build/GEDE01/src/game/game_fn_801816D4.o
[507/882] EXTERNALIZE build/GEDE01/src/game/game_fn_8011F140.o
[508/882] EXTERNALIZE build/GEDE01/src/game/game_fn_801AD08C.o
[509/882] EXTERNALIZE build/GEDE01/src/game/game_fn_8004998C.o
[510/882] EXTERNALIZE build/GEDE01/src/game/game_fn_80079AA4.o
[511/882] EXTERNALIZE build/GEDE01/src/game/game_fn_80158D38.o
[512/882] EXTERNALIZE build/GEDE01/src/game/game_fn_801A3A78.o
[513/882] EXTERNALIZE build/GEDE01/src/game/game_fn_8008F224.o
[514/882] EXTERNALIZE build/GEDE01/src/game/game_fn_80167454.o
[515/882] EXTERNALIZE build/GEDE01/src/game/game_fn_800AF230.o
[516/882] EXTERNALIZE build/GEDE01/src/game/game_fn_801A93E8.o
[517/882] EXTERNALIZE build/GEDE01/src/game/game_fn_801AB154.o
[518/882] EXTERNALIZE build/GEDE01/src/game/game_fn_801A7E04.o
[519/882] EXTERNALIZE build/GEDE01/src/game/game_fn_801A7EA8.o
[520/882] EXTERNALIZE build/GEDE01/src/game/game_fn_801A6CB4.o
[521/882] EXTERNALIZE build/GEDE01/src/game/game_fn_801A4CE0.o
[522/882] EXTERNALIZE build/GEDE01/src/game/game_fn_801A6C58.o
[523/882] NAME JUMPTABLE build/GEDE01/src/game/game_fn_801A6ADC.o
[524/882] EXTERNALIZE build/GEDE01/src/game/game_fn_801A6410.o
[525/882] EXTERNALIZE build/GEDE01/src/game/game_fn_801A5FB0.o
[526/882] EXTERNALIZE build/GEDE01/src/game/game_fn_801A1F18.o
[527/882] EXTERNALIZE build/GEDE01/src/game/game_fn_8019E8C8.o
[528/882] EXTERNALIZE build/GEDE01/src/game/game_fn_8019E5E4.o
[529/882] EXTERNALIZE build/GEDE01/src/game/game_fn_8019CFC4.o
[530/882] EXTERNALIZE build/GEDE01/src/game/game_fn_8019CC28.o
[531/882] EXTERNALIZE build/GEDE01/src/game/game_fn_801991E0.o
[532/882] EXTERNALIZE build/GEDE01/src/game/game_fn_80198BF4.o
[533/882] EXTERNALIZE build/GEDE01/src/game/game_fn_80198AAC.o
[534/882] EXTERNALIZE build/GEDE01/src/game/game_fn_80198154.o
[535/882] EXTERNALIZE build/GEDE01/src/game/game_fn_80194F80.o
[536/882] EXTERNALIZE build/GEDE01/src/game/game_fn_80197910.o
[537/882] EXTERNALIZE build/GEDE01/src/game/game_fn_80177434.o
repointed 2 relocations to lbl_80250588
[538/882] EXTERNALIZE build/GEDE01/src/game/game_fn_80193E1C.o
[539/882] EXTERNALIZE build/GEDE01/src/game/game_fn_801931C4.o
[540/882] EXTERNALIZE build/GEDE01/src/game/game_fn_80193F3C.o
[541/882] EXTERNALIZE build/GEDE01/src/game/game_fn_80192F54.o
[542/882] EXTERNALIZE build/GEDE01/src/game/game_fn_80191F58.o
[543/882] EXTERNALIZE build/GEDE01/src/game/game_fn_8019197C.o
[544/882] EXTERNALIZE build/GEDE01/src/game/game_fn_80191360.o
[545/882] GLOBALIZE build/GEDE01/src/game/game_fn_8018F1D0.o
[546/882] EXTERNALIZE build/GEDE01/src/game/game_fn_8018D688.o
[547/882] EXTERNALIZE build/GEDE01/src/game/game_fn_8018F81C.o
[548/882] EXTERNALIZE build/GEDE01/src/game/game_fn_8018D2E0.o
[549/882] EXTERNALIZE build/GEDE01/src/game/game_fn_80189968.o
[550/882] EXTERNALIZE build/GEDE01/src/game/game_fn_8018D1F0.o
[551/882] EXTERNALIZE build/GEDE01/src/game/game_fn_80189760.o
[552/882] EXTERNALIZE build/GEDE01/src/game/game_fn_801896A0.o
[553/882] EXTERNALIZE build/GEDE01/src/game/game_fn_801895E8.o
[554/882] EXTERNALIZE build/GEDE01/src/game/game_fn_80189390.o
[555/882] EXTERNALIZE build/GEDE01/src/game/game_fn_801891D8.o
[556/882] EXTERNALIZE build/GEDE01/src/game/game_fn_80188E28.o
[557/882] EXTERNALIZE build/GEDE01/src/game/game_fn_80189028.o
[558/882] EXTERNALIZE build/GEDE01/src/game/game_fn_80188C1C.o
[559/882] EXTERNALIZE build/GEDE01/src/game/game_fn_80188B44.o
[560/882] EXTERNALIZE build/GEDE01/src/game/game_fn_80188A7C.o
[561/882] EXTERNALIZE build/GEDE01/src/game/game_fn_801878E0.o
[562/882] EXTERNALIZE build/GEDE01/src/game/game_fn_80187120.o
[563/882] EXTERNALIZE build/GEDE01/src/game/game_fn_80186E10.o
[564/882] EXTERNALIZE build/GEDE01/src/game/game_fn_8018FEDC.o
[565/882] EXTERNALIZE build/GEDE01/src/game/game_fn_801865EC.o
[566/882] EXTERNALIZE build/GEDE01/src/game/game_fn_80185AE8.o
[567/882] EXTERNALIZE build/GEDE01/src/game/game_fn_801859FC.o
[568/882] EXTERNALIZE build/GEDE01/src/game/game_fn_80180DDC.o
[569/882] EXTERNALIZE build/GEDE01/src/game/game_fn_8017E958.o
[570/882] EXTERNALIZE build/GEDE01/src/game/game_fn_8017E850.o
[571/882] EXTERNALIZE build/GEDE01/src/game/game_fn_8017718C.o
[572/882] EXTERNALIZE build/GEDE01/src/game/game_fn_801770F8.o
[573/882] EXTERNALIZE build/GEDE01/src/game/game_fn_80176FA0.o
[574/882] EXTERNALIZE build/GEDE01/src/game/game_fn_80176DF4.o
[575/882] EXTERNALIZE build/GEDE01/src/game/game_fn_80174358.o
[576/882] EXTERNALIZE build/GEDE01/src/game/game_fn_80173F04.o
[577/882] EXTERNALIZE build/GEDE01/src/game/game_fn_80174184.o
[578/882] EXTERNALIZE build/GEDE01/src/game/game_fn_8017553C.o
[579/882] EXTERNALIZE build/GEDE01/src/game/game_fn_80173D44.o
[580/882] EXTERNALIZE build/GEDE01/src/game/game_fn_80173770.o
[581/882] EXTERNALIZE build/GEDE01/src/game/game_fn_801734B4.o
[582/882] EXTERNALIZE build/GEDE01/src/game/game_fn_80173270.o
[583/882] EXTERNALIZE build/GEDE01/src/game/game_fn_80172DB8.o
[584/882] EXTERNALIZE build/GEDE01/src/game/game_fn_80172C78.o
[585/882] EXTERNALIZE build/GEDE01/src/game/game_fn_801726EC.o
[586/882] EXTERNALIZE build/GEDE01/src/game/game_fn_80172BB0.o
[587/882] EXTERNALIZE build/GEDE01/src/game/game_fn_80171F30.o
[588/882] EXTERNALIZE build/GEDE01/src/game/game_fn_8017250C.o
[589/882] EXTERNALIZE build/GEDE01/src/game/game_fn_801719B4.o
[590/882] EXTERNALIZE build/GEDE01/src/game/game_fn_801718F4.o
[591/882] EXTERNALIZE build/GEDE01/src/game/game_fn_80171664.o
[592/882] EXTERNALIZE build/GEDE01/src/game/game_fn_8017138C.o
[593/882] EXTERNALIZE build/GEDE01/src/game/game_fn_80170A40.o
[594/882] NORMALIZE build/GEDE01/src/game/game_TRKNubWelcome.o
[595/882] NORMALIZE build/GEDE01/src/game/game_TRK_main.o
[596/882] NORMALIZE build/GEDE01/src/game/game_data_80239E10.o
[597/882] NORMALIZE build/GEDE01/src/game/game_data_80239E18.o
[598/882] EXTERNALIZE build/GEDE01/src/game/game_fn_801706DC.o
[599/882] EXTERNALIZE build/GEDE01/src/game/game_fn_8017652C.o
[600/882] EXTERNALIZE build/GEDE01/src/game/game_fn_80170E9C.o
[601/882] EXTERNALIZE build/GEDE01/src/game/game_fn_80175E64.o
[602/882] EXTERNALIZE build/GEDE01/src/game/game_fn_80175F0C.o
[603/882] EXTERNALIZE build/GEDE01/src/game/game_fn_80175FD4.o
[604/882] EXTERNALIZE build/GEDE01/src/game/game_fn_80176098.o
[605/882] EXTERNALIZE build/GEDE01/src/game/game_fn_80176160.o
[606/882] EXTERNALIZE build/GEDE01/src/game/game_fn_80176220.o
[607/882] EXTERNALIZE build/GEDE01/src/game/game_fn_80170DF4.o
[608/882] EXTERNALIZE build/GEDE01/src/game/game_fn_801762E8.o
[609/882] EXTERNALIZE build/GEDE01/src/game/game_fn_8016E8F8.o
[610/882] EXTERNALIZE build/GEDE01/src/game/game_fn_8016FEF8.o
[611/882] EXTERNALIZE build/GEDE01/src/game/game_fn_801704F8.o
[612/882] NORMALIZE build/GEDE01/src/game/game_fn_8016DF4C.o
[613/882] EXTERNALIZE build/GEDE01/src/game/game_fn_8016D2B8.o
[614/882] EXTERNALIZE build/GEDE01/src/game/game_fn_8016D040.o
[615/882] EXTERNALIZE build/GEDE01/src/game/game_fn_8016C774.o
[616/882] EXTERNALIZE build/GEDE01/src/game/game_fn_8016D1F8.o
[617/882] EXTERNALIZE build/GEDE01/src/game/game_fn_8016C238.o
[618/882] EXTERNALIZE build/GEDE01/src/game/game_fn_8016C4BC.o
[619/882] EXTERNALIZE build/GEDE01/src/game/game_fn_8016C164.o
[620/882] EXTERNALIZE build/GEDE01/src/game/game_fn_8016C0BC.o
[621/882] EXTERNALIZE build/GEDE01/src/game/game_fn_8017038C.o
[622/882] EXTERNALIZE build/GEDE01/src/game/game_fn_8016BE1C.o
[623/882] EXTERNALIZE build/GEDE01/src/game/game_fn_8016BF60.o
[624/882] EXTERNALIZE build/GEDE01/src/game/game_fn_8016BD0C.o
[625/882] EXTERNALIZE build/GEDE01/src/game/game_fn_80167B5C.o
[626/882] EXTERNALIZE build/GEDE01/src/game/game_fn_80169650.o
[627/882] EXTERNALIZE build/GEDE01/src/game/game_fn_8015EDC0.o
[628/882] EXTERNALIZE build/GEDE01/src/game/game_fn_8015DB84.o
[629/882] EXTERNALIZE build/GEDE01/src/game/game_fn_8015DC54.o
[630/882] EXTERNALIZE build/GEDE01/src/game/game_fn_80158B20.o
[631/882] EXTERNALIZE build/GEDE01/src/game/game_fn_80179398.o
[632/882] EXTERNALIZE build/GEDE01/src/game/game_fn_8017960C.o
[633/882] EXTERNALIZE build/GEDE01/src/game/game_fn_8017974C.o
[634/882] EXTERNALIZE build/GEDE01/src/game/game_fn_80179904.o
[635/882] EXTERNALIZE build/GEDE01/src/game/game_fn_8017A9B8.o
[636/882] EXTERNALIZE build/GEDE01/src/game/game_fn_80179A18.o
[637/882] EXTERNALIZE build/GEDE01/src/game/game_fn_80179EB8.o
[638/882] EXTERNALIZE build/GEDE01/src/game/game_fn_80179A74.o
[639/882] EXTERNALIZE build/GEDE01/src/game/game_fn_80179F20.o
[640/882] EXTERNALIZE build/GEDE01/src/game/game_fn_8017A010.o
[641/882] EXTERNALIZE build/GEDE01/src/game/game_fn_8017A12C.o
[642/882] EXTERNALIZE build/GEDE01/src/game/game_fn_80157C0C.o
[643/882] EXTERNALIZE build/GEDE01/src/game/game_fn_8017A1C0.o
[644/882] EXTERNALIZE build/GEDE01/src/game/game_fn_80155814.o
[645/882] EXTERNALIZE build/GEDE01/src/game/game_fn_80153898.o
[646/882] EXTERNALIZE build/GEDE01/src/game/game_fn_8014B494.o
[647/882] EXTERNALIZE build/GEDE01/src/game/game_fn_8014AF38.o
[648/882] EXTERNALIZE build/GEDE01/src/game/game_fn_8012DB28.o
[649/882] EXTERNALIZE build/GEDE01/src/game/game_fn_801141B8.o
[650/882] EXTERNALIZE build/GEDE01/src/game/game_fn_801128E4.o
[651/882] EXTERNALIZE build/GEDE01/src/game/game_fn_801126E0.o
[652/882] EXTERNALIZE build/GEDE01/src/game/game_fn_8010F184.o
[653/882] EXTERNALIZE build/GEDE01/src/game/game_fn_800E4980.o
[654/882] EXTERNALIZE build/GEDE01/src/game/game_fn_800C17EC.o
[655/882] EXTERNALIZE build/GEDE01/src/game/game_fn_800C59F0.o
[656/882] EXTERNALIZE build/GEDE01/src/game/game_fn_800C644C.o
[657/882] EXTERNALIZE build/GEDE01/src/game/game_fn_800C65FC.o
[658/882] EXTERNALIZE build/GEDE01/src/game/game_fn_800CB760.o
[659/882] EXTERNALIZE build/GEDE01/src/game/game_fn_800CB8F4.o
[660/882] EXTERNALIZE build/GEDE01/src/game/game_fn_80078500.o
[661/882] EXTERNALIZE build/GEDE01/src/game/game_fn_80079908.o
[662/882] EXTERNALIZE build/GEDE01/src/game/game_fn_8007B2F4.o
[663/882] EXTERNALIZE build/GEDE01/src/game/game_fn_8007B540.o
[664/882] EXTERNALIZE build/GEDE01/src/game/game_fn_8007B640.o
[665/882] EXTERNALIZE build/GEDE01/src/game/game_fn_800886D8.o
[666/882] EXTERNALIZE build/GEDE01/src/game/game_fn_8007BA3C.o
[667/882] EXTERNALIZE build/GEDE01/src/game/game_fn_800934A0.o
[668/882] EXTERNALIZE build/GEDE01/src/game/game_fn_800A3894.o
[669/882] EXTERNALIZE build/GEDE01/src/game/game_fn_800A7E88.o
[670/882] EXTERNALIZE build/GEDE01/src/game/game_fn_800A4798.o
[671/882] GLOBALIZE build/GEDE01/src/game/game_fn_800A2130.o
[672/882] EXTERNALIZE build/GEDE01/src/game/game_fn_800A2FCC.o
[673/882] EXTERNALIZE build/GEDE01/src/game/game_fn_8009C424.o
[674/882] EXTERNALIZE build/GEDE01/src/game/game_fn_80096830.o
[675/882] GLOBALIZE build/GEDE01/src/game/game_fn_8008F890.o
[676/882] EXTERNALIZE SWITCHES build/GEDE01/src/game/game_fn_80095FDC.o
[677/882] EXTERNALIZE build/GEDE01/src/game/game_fn_800A4428.o
[678/882] EXTERNALIZE build/GEDE01/src/game/game_fn_80074310.o
[679/882] GLOBALIZE build/GEDE01/src/game/game_fn_8005FD84.o
[680/882] EXTERNALIZE build/GEDE01/src/game/game_fn_80066888.o
[681/882] EXTERNALIZE build/GEDE01/src/game/game_fn_8005EC6C.o
[682/882] EXTERNALIZE build/GEDE01/src/game/game_fn_80052310.o
[683/882] EXTERNALIZE build/GEDE01/src/game/game_fn_80048B24.o
[684/882] NAME SWITCH build/GEDE01/src/game/game_fn_80020E94.o
[685/882] NAME SWITCH build/GEDE01/src/game/game_fn_8005EE9C.o
[686/882] NAME SWITCH build/GEDE01/src/game/game_fn_8016D9C0.o
[687/882] NAME SWITCH build/GEDE01/src/game/game_fn_80071A58.o
[688/882] EXTERNALIZE build/GEDE01/src/game/game_fn_80048ADC.o
[689/882] NAME SWITCH build/GEDE01/src/game/game_fn_8006B620.o
[690/882] NAME SWITCH build/GEDE01/src/game/game_fn_8001FE1C.o
[691/882] NAME SWITCH build/GEDE01/src/game/game_fn_8001E644.o
[692/882] EXTERNALIZE build/GEDE01/src/game/game_fn_80038878.o
[693/882] EXTERNALIZE build/GEDE01/src/game/game_fn_801B46C8.o
build/GEDE01/src/game/game_fn_801B46C8.o: lbl_8060C020 now undefined; section 6 emptied
[694/882] EXTERNALIZE build/GEDE01/src/game/game_fn_80036C40.o
[695/882] EXTERNALIZE build/GEDE01/src/game/game_fn_800359A0.o
[696/882] EXTERNALIZE build/GEDE01/src/game/game_fn_80033180.o
[697/882] EXTERNALIZE build/GEDE01/src/game/game_fn_80033038.o
[698/882] EXTERNALIZE build/GEDE01/src/game/game_fn_80032B84.o
[699/882] EXTERNALIZE build/GEDE01/src/game/game_fn_8003232C.o
[700/882] EXTERNALIZE build/GEDE01/src/game/game_fn_8002E3F0.o
[701/882] EXTERNALIZE build/GEDE01/src/game/game_fn_8002DAE0.o
[702/882] EXTERNALIZE build/GEDE01/src/game/game_fn_8002EA68.o
[703/882] GLOBALIZE build/GEDE01/src/game/game_fn_8002B748.o
[704/882] EXTERNALIZE build/GEDE01/src/game/game_fn_8002F428.o
[705/882] NAME SWITCHES build/GEDE01/src/game/game_fn_80024F28.o
[706/882] EXTERNALIZE build/GEDE01/src/game/game_fn_800272B4.o
[707/882] EXTERNALIZE build/GEDE01/src/game/game_fn_8001CE94.o
[708/882] EXTERNALIZE build/GEDE01/src/game/game_fn_8001CD58.o
[709/882] EXTERNALIZE build/GEDE01/src/game/game_fn_8001C078.o
[710/882] EXTERNALIZE build/GEDE01/src/game/game_fn_8001B874.o
[711/882] EXTERNALIZE build/GEDE01/src/game/game_fn_8001B808.o
[712/882] EXTERNALIZE build/GEDE01/src/game/game_fn_8001B294.o
[713/882] EXTERNALIZE build/GEDE01/src/game/game_fn_8001B124.o
[714/882] EXTERNALIZE build/GEDE01/src/game/game_fn_8001ADF8.o
[715/882] EXTERNALIZE build/GEDE01/src/game/game_fn_8001AF68.o
[716/882] EXTERNALIZE build/GEDE01/src/game/game_fn_8001AAB8.o
[717/882] EXTERNALIZE build/GEDE01/src/game/game_fn_8001A6C4.o
[718/882] EXTERNALIZE build/GEDE01/src/game/game_fn_80019F98.o
[719/882] EXTERNALIZE build/GEDE01/src/game/game_fn_80019D2C.o
[720/882] EXTERNALIZE build/GEDE01/src/game/game_fn_80019C10.o
[721/882] EXTERNALIZE build/GEDE01/src/game/game_fn_80019940.o
[722/882] EXTERNALIZE build/GEDE01/src/game/game_fn_800194D0.o
[723/882] EXTERNALIZE build/GEDE01/src/game/game_fn_80019244.o
[724/882] EXTERNALIZE build/GEDE01/src/game/game_fn_80019054.o
[725/882] EXTERNALIZE build/GEDE01/src/game/game_fn_80018EF4.o
[726/882] EXTERNALIZE build/GEDE01/src/game/game_fn_80017DB0.o
[727/882] EXTERNALIZE build/GEDE01/src/game/game_fn_80017CC8.o
[728/882] EXTERNALIZE build/GEDE01/src/game/game_fn_80017AE4.o
[729/882] EXTERNALIZE build/GEDE01/src/game/game_fn_80017C3C.o
[730/882] EXTERNALIZE build/GEDE01/src/game/game_fn_80017A3C.o
[731/882] EXTERNALIZE build/GEDE01/src/game/game_fn_800179AC.o
[732/882] EXTERNALIZE build/GEDE01/src/game/game_fn_80017910.o
[733/882] EXTERNALIZE FLAGS build/GEDE01/src/game/game_fn_800119FC.o
[734/882] EXTERNALIZE build/GEDE01/src/game/game_fn_8000FFD8.o
[735/882] EXTERNALIZE build/GEDE01/src/game/game_fn_8000F4B0.o
[736/882] GLOBALIZE build/GEDE01/src/game/game_fn_800094C0.o
[737/882] EXTERNALIZE build/GEDE01/src/game/game_fn_800096E0.o
[738/882] EXTERNALIZE build/GEDE01/src/game/game_fn_8000EFC4.o
[739/882] EXTERNALIZE build/GEDE01/src/game/game_fn_800098C0.o
[740/882] EXTERNALIZE build/GEDE01/src/game/game_fn_800099D8.o
[741/882] EXTERNALIZE build/GEDE01/src/game/game_fn_80009AB4.o
[742/882] EXTERNALIZE build/GEDE01/src/game/game_fn_8000A26C.o
[743/882] EXTERNALIZE build/GEDE01/src/game/game_fn_800171C0.o
[744/882] EXTERNALIZE build/GEDE01/src/game/game_fn_800176F0.o
[745/882] EXTERNALIZE build/GEDE01/src/game/game_fn_8000AEB4.o
[746/882] EXTERNALIZE build/GEDE01/src/game/game_fn_8000AC88.o
[747/882] EXTERNALIZE build/GEDE01/src/game/game_fn_8000AFB4.o
[748/882] EXTERNALIZE build/GEDE01/src/game/game_fn_8000B1B8.o
[749/882] EXTERNALIZE build/GEDE01/src/game/game_fn_8000B36C.o
[750/882] EXTERNALIZE build/GEDE01/src/game/game_fn_8000B630.o
[751/882] EXTERNALIZE build/GEDE01/src/game/game_fn_8000B7FC.o
[752/882] EXTERNALIZE build/GEDE01/src/game/game_fn_8000B900.o
[753/882] EXTERNALIZE build/GEDE01/src/game/game_fn_8000BA0C.o
[754/882] EXTERNALIZE build/GEDE01/src/game/game_fn_8000BAA0.o
[755/882] EXTERNALIZE build/GEDE01/src/game/game_fn_8000C06C.o
[756/882] EXTERNALIZE build/GEDE01/src/game/game_fn_8000BC40.o
[757/882] EXTERNALIZE build/GEDE01/src/game/game_fn_8000C17C.o
[758/882] EXTERNALIZE build/GEDE01/src/game/game_fn_8000C400.o
[759/882] EXTERNALIZE build/GEDE01/src/game/game_fn_8000C848.o
[760/882] EXTERNALIZE build/GEDE01/src/game/game_fn_8000C91C.o
[761/882] EXTERNALIZE build/GEDE01/src/game/game_fn_8000D0BC.o
[762/882] EXTERNALIZE build/GEDE01/src/game/game_fn_8000D3D4.o
[763/882] NAME SWITCH build/GEDE01/src/game/game_fn_8000D8A4.o
[764/882] EXTERNALIZE build/GEDE01/src/game/game_fn_8000E054.o
[765/882] EXTERNALIZE build/GEDE01/src/game/game_fn_8000E0AC.o
[766/882] EXTERNALIZE build/GEDE01/src/game/game_fn_8000E96C.o
[767/882] EXTERNALIZE build/GEDE01/src/game/game_fn_8000F774.o
[768/882] EXTERNALIZE build/GEDE01/src/game/game_fn_8000EB14.o
[769/882] EXTERNALIZE build/GEDE01/src/game/game_fn_8000EBD4.o
[770/882] EXTERNALIZE build/GEDE01/src/game/game_fn_8000ED44.o
[771/882] EXTERNALIZE build/GEDE01/src/game/game_fn_8000E138.o
[772/882] EXTERNALIZE build/GEDE01/src/game/game_fn_8000E1C4.o
[773/882] EXTERNALIZE build/GEDE01/src/game/game_fn_8000D590.o
[774/882] EXTERNALIZE build/GEDE01/src/game/game_fn_8000DA50.o
[775/882] EXTERNALIZE build/GEDE01/src/game/game_fn_8000DAF4.o
[776/882] EXTERNALIZE build/GEDE01/src/game/game_fn_80012DA8.o
[777/882] EXTERNALIZE build/GEDE01/src/game/game_fn_80012F40.o
[778/882] EXTERNALIZE build/GEDE01/src/game/game_fn_80012FD0.o
[779/882] EXTERNALIZE build/GEDE01/src/game/game_fn_800131E8.o
[780/882] EXTERNALIZE build/GEDE01/src/game/game_fn_80013340.o
[781/882] EXTERNALIZE build/GEDE01/src/game/game_fn_80013870.o
[782/882] EXTERNALIZE build/GEDE01/src/game/game_fn_80013CB0.o
[783/882] EXTERNALIZE build/GEDE01/src/game/game_fn_80013D54.o
[784/882] EXTERNALIZE build/GEDE01/src/game/game_fn_800142DC.o
[785/882] EXTERNALIZE build/GEDE01/src/game/game_fn_800144CC.o
[786/882] EXTERNALIZE build/GEDE01/src/game/game_fn_80014784.o
[787/882] EXTERNALIZE build/GEDE01/src/game/game_fn_800149D4.o
[788/882] EXTERNALIZE build/GEDE01/src/game/game_fn_80015320.o
[789/882] EXTERNALIZE build/GEDE01/src/game/game_fn_80015058.o
[790/882] EXTERNALIZE build/GEDE01/src/game/game_fn_80015568.o
[791/882] EXTERNALIZE build/GEDE01/src/game/game_fn_800156FC.o
[792/882] EXTERNALIZE build/GEDE01/src/game/game_fn_80015BE0.o
[793/882] EXTERNALIZE build/GEDE01/src/game/game_fn_80015D40.o
[794/882] EXTERNALIZE build/GEDE01/src/game/game_fn_80016128.o
[795/882] EXTERNALIZE build/GEDE01/src/game/game_fn_80015F04.o
[796/882] EXTERNALIZE build/GEDE01/src/game/game_fn_80016270.o
[797/882] EXTERNALIZE build/GEDE01/src/game/game_fn_80016904.o
[798/882] EXTERNALIZE build/GEDE01/src/game/game_fn_800173CC.o
[799/882] EXTERNALIZE build/GEDE01/src/game/game_fn_80016B24.o
[800/882] EXTERNALIZE build/GEDE01/src/game/game_fn_801BEF40.o
[801/882] EXTERNALIZE build/GEDE01/src/game/game_fn_801B86C0.o
[802/882] EXTERNALIZE STATIC POOL build/GEDE01/src/game/game_fn_801C4B5C.o
build/GEDE01/src/game/game_fn_801C4B5C.o: lbl_80628CB0 now undefined; section 6 emptied
[803/882] EXTERNALIZE build/GEDE01/src/game/game_fn_8001CA04.o
[804/882] EXTERNALIZE build/GEDE01/src/game/game_fn_801C8600.o
[805/882] EXTERNALIZE build/GEDE01/src/game/game_fn_80031544.o
[806/882] EXTERNALIZE build/GEDE01/src/game/game_fn_8006B0F0.o
[807/882] EXTERNALIZE build/GEDE01/src/game/game_fn_8007D4D8.o
[808/882] EXTERNALIZE build/GEDE01/src/game/game_fn_8007F770.o
[809/882] EXTERNALIZE build/GEDE01/src/game/game_fn_80088F4C.o
[810/882] EXTERNALIZE build/GEDE01/src/game/game_fn_8008A2E0.o
[811/882] EXTERNALIZE build/GEDE01/src/game/game_fn_80090004.o
[812/882] EXTERNALIZE build/GEDE01/src/game/game_fn_80095D10.o
[813/882] EXTERNALIZE build/GEDE01/src/game/game_fn_800A3180.o
[814/882] EXTERNALIZE build/GEDE01/src/game/game_fn_800BB7A8.o
[815/882] EXTERNALIZE build/GEDE01/src/game/game_fn_800BB5C4.o
[816/882] EXTERNALIZE build/GEDE01/src/game/game_fn_800BB9A4.o
[817/882] EXTERNALIZE build/GEDE01/src/game/game_fn_800BBAF0.o
[818/882] EXTERNALIZE build/GEDE01/src/game/game_fn_800D9064.o
[819/882] EXTERNALIZE build/GEDE01/src/game/game_fn_800D9E10.o
[820/882] EXTERNALIZE build/GEDE01/src/game/game_fn_8012976C.o
[821/882] EXTERNALIZE build/GEDE01/src/game/game_fn_8013DB8C.o
[822/882] EXTERNALIZE build/GEDE01/src/game/game_fn_8013CBE4.o
[823/882] EXTERNALIZE build/GEDE01/src/game/game_fn_8014CA98.o
[824/882] EXTERNALIZE build/GEDE01/src/game/game_fn_80153A24.o
[825/882] EXTERNALIZE build/GEDE01/src/game/game_fn_801535D8.o
[826/882] EXTERNALIZE build/GEDE01/src/game/game_fn_80174F2C.o
[827/882] EXTERNALIZE build/GEDE01/src/game/game_fn_8017AC20.o
[828/882] EXTERNALIZE build/GEDE01/src/game/game_fn_8018680C.o
[829/882] EXTERNALIZE build/GEDE01/src/game/game_fn_80186F70.o
[830/882] EXTERNALIZE build/GEDE01/src/game/game_fn_80187320.o
[831/882] EXTERNALIZE build/GEDE01/src/game/game_fn_801810A0.o
[832/882] EXTERNALIZE build/GEDE01/src/game/game_fn_801875FC.o
[833/882] EXTERNALIZE build/GEDE01/src/game/game_fn_800542D0.o
[834/882] EXTERNALIZE build/GEDE01/src/game/game_fn_80187BB4.o
[835/882] EXTERNALIZE build/GEDE01/src/game/game_fn_8018C2D0.o
[836/882] EXTERNALIZE build/GEDE01/src/game/game_fn_8018E0D8.o
[837/882] EXTERNALIZE build/GEDE01/src/game/game_fn_8018D400.o
[838/882] EXTERNALIZE build/GEDE01/src/game/game_fn_8019120C.o
[839/882] EXTERNALIZE build/GEDE01/src/game/game_fn_801926EC.o
[840/882] EXTERNALIZE build/GEDE01/src/game/game_fn_801916D0.o
[841/882] EXTERNALIZE build/GEDE01/src/game/game_fn_801929A4.o
[842/882] EXTERNALIZE build/GEDE01/src/game/game_fn_801A2A54.o
[843/882] EXTERNALIZE build/GEDE01/src/game/game_fn_801A34BC.o
[844/882] EXTERNALIZE build/GEDE01/src/game/game_fn_801A657C.o
[845/882] EXTERNALIZE build/GEDE01/src/game/game_fn_801D1F78.o
[846/882] EXTERNALIZE build/GEDE01/src/game/game_fn_801E2A48.o
[847/882] EXTERNALIZE build/GEDE01/src/game/game_fn_801E6814.o
[848/882] EXTERNALIZE build/GEDE01/src/game/game_fn_801E995C.o
[849/882] EXTERNALIZE build/GEDE01/src/game/game_fn_801F10BC.o
[850/882] EXTERNALIZE build/GEDE01/src/game/game_fn_801EF580.o
[851/882] EXTERNALIZE build/GEDE01/src/game/game_fn_801F35A8.o
[852/882] EXTERNALIZE build/GEDE01/src/game/game_fn_801ECD74.o
[853/882] EXTERNALIZE build/GEDE01/src/game/game_fn_801ED5F4.o
[854/882] EXTERNALIZE build/GEDE01/src/game/game_fn_801F69F0.o
[855/882] EXTERNALIZE build/GEDE01/src/game/game_fn_801F76EC.o
[856/882] EXTERNALIZE build/GEDE01/src/game/game_fn_801F8264.o
[857/882] EXTERNALIZE build/GEDE01/src/game/game_fn_801F89B4.o
[858/882] EXTERNALIZE build/GEDE01/src/game/game_fn_801F9AF8.o
[859/882] EXTERNALIZE build/GEDE01/src/game/game_fn_801F6BD8.o
[860/882] EXTERNALIZE build/GEDE01/src/game/game_fn_801FB6A4.o
[861/882] EXTERNALIZE JUMPTABLES build/GEDE01/src/game/game_fn_800361F8.o
[862/882] EXTERNALIZE JUMPTABLES build/GEDE01/src/game/game_fn_8006E53C.o
[863/882] EXTERNALIZE JUMPTABLES build/GEDE01/src/game/game_fn_800CF598.o
[864/882] EXTERNALIZE JUMPTABLES build/GEDE01/src/game/game_fn_801ACFE8.o
[865/882] EXTERNALIZE JUMPTABLES build/GEDE01/src/game/game_fn_801B1BA0.o
[866/882] EXTERNALIZE build/GEDE01/src/game/game_fn_80154F74.o
[867/882] EXTERNALIZE build/GEDE01/src/game/game_fn_8009E808.o
[868/882] EXTERNALIZE build/GEDE01/src/game/game_fn_801F1A38.o
[869/882] EXTERNALIZE build/GEDE01/src/game/game_fn_801F55A0.o
[870/882] EXTERNALIZE build/GEDE01/src/game/game_fn_801FFE78.o
[871/882] EXTERNALIZE build/GEDE01/src/game/game_fn_801F7510.o
[872/882] EXTERNALIZE build/GEDE01/src/game/game_fn_801F9CF4.o
[873/882] EXTERNALIZE build/GEDE01/src/game/game_fn_801FC034.o
[874/882] EXTERNALIZE build/GEDE01/src/game/game_fn_801FA9C8.o
[875/882] MWCC build/GEDE01/src/game/game_fn_800A1278.o
[876/882] MWCC build/GEDE01/src/game/game_fn_80131460.o
[877/882] MWCC build/GEDE01/src/game/game_fn_801697AC.o
[878/882] REPORT
 INFO Loading project .
 INFO Generating report for 7068 units (using 8 threads)
 INFO Report generated in 0.175s
 INFO Writing to build/GEDE01/report.json
[879/882] LINK build/GEDE01/main.elf
### mwldeppc.exe Linker Warning:
#   Section '.ignored' is unknown. Section ignored.
### mwldeppc.exe Linker Warning:
#   Section '.ignored' is unknown. Section ignored.
### mwldeppc.exe Linker Warning:
#   Section '.ignored' is unknown. Section ignored.
### mwldeppc.exe Linker Warning:
#   Section '.ignored' is unknown. Section ignored.
### mwldeppc.exe Linker Warning:
#   Section '.ignored' is unknown. Section ignored.
### mwldeppc.exe Linker Warning:
#   Section '.ignored' is unknown. Section ignored.
### mwldeppc.exe Linker Warning:
#   Section '.ignored' is unknown. Section ignored.
### mwldeppc.exe Linker Warning:
#   Section '.ignored' is unknown. Section ignored.
### mwldeppc.exe Linker Warning:
#   Section '.ignored' is unknown. Section ignored.
### mwldeppc.exe Linker Warning:
#   Section '.ignored' is unknown. Section ignored.
### mwldeppc.exe Linker Warning:
#   Section '.ignored' is unknown. Section ignored.
### mwldeppc.exe Linker Warning:
#   Section '.ignored' is unknown. Section ignored.
### mwldeppc.exe Linker Warning:
#   Section '.ignored' is unknown. Section ignored.
### mwldeppc.exe Linker Warning:
#   Section '.ignored' is unknown. Section ignored.
### mwldeppc.exe Linker Warning:
#   Section '.ignored' is unknown. Section ignored.
### mwldeppc.exe Linker Warning:
#   Section '.ignored' is unknown. Section ignored.
### mwldeppc.exe Linker Warning:
#   Section '.ignored' is unknown. Section ignored.
### mwldeppc.exe Linker Warning:
#   Section '.ignored' is unknown. Section ignored.
### mwldeppc.exe Linker Warning:
#   Section '.ignored' is unknown. Section ignored.
### mwldeppc.exe Linker Warning:
#   Section '.ignored' is unknown. Section ignored.
### mwldeppc.exe Linker Warning:
#   Section '.ignored' is unknown. Section ignored.
### mwldeppc.exe Linker Warning:
#   Section '.ignored' is unknown. Section ignored.
### mwldeppc.exe Linker Warning:
#   Section '.ignored' is unknown. Section ignored.
### mwldeppc.exe Linker Warning:
#   Section '.ignored' is unknown. Section ignored.
### mwldeppc.exe Linker Warning:
#   Section '.ignored' is unknown. Section ignored.
### mwldeppc.exe Linker Warning:
#   Section '.ignored' is unknown. Section ignored.
### mwldeppc.exe Linker Warning:
#   Section '.ignored' is unknown. Section ignored.
### mwldeppc.exe Linker Warning:
#   Section '.ignored' is unknown. Section ignored.
### mwldeppc.exe Linker Warning:
#   Section '.ignored' is unknown. Section ignored.
### mwldeppc.exe Linker Warning:
#   Section '.ignored' is unknown. Section ignored.
### mwldeppc.exe Linker Warning:
#   Section '.ignored' is unknown. Section ignored.
### mwldeppc.exe Linker Warning:
#   Section '.ignored' is unknown. Section ignored.
### mwldeppc.exe Linker Warning:
#   Section '.ignored' is unknown. Section ignored.
### mwldeppc.exe Linker Warning:
#   Section '.ignored' is unknown. Section ignored.
### mwldeppc.exe Linker Warning:
#   Section '.ignored' is unknown. Section ignored.
### mwldeppc.exe Linker Warning:
#   Section '.ignored' is unknown. Section ignored.
### mwldeppc.exe Linker Warning:
#   Section '.ignored' is unknown. Section ignored.
### mwldeppc.exe Linker Warning:
#   Section '.ignored' is unknown. Section ignored.
### mwldeppc.exe Linker Warning:
#   Section '.ignored' is unknown. Section ignored.
### mwldeppc.exe Linker Warning:
#   Section '.ignored' is unknown. Section ignored.
### mwldeppc.exe Linker Warning:
#   Section '.ignored' is unknown. Section ignored.
### mwldeppc.exe Linker Warning:
#   Section '.ignored' is unknown. Section ignored.
### mwldeppc.exe Linker Warning:
#   Section '.ignored' is unknown. Section ignored.
### mwldeppc.exe Linker Warning:
#   Section '.ignored' is unknown. Section ignored.
### mwldeppc.exe Linker Warning:
#   Section '.ignored' is unknown. Section ignored.
### mwldeppc.exe Linker Warning:
#   Section '.ignored' is unknown. Section ignored.
### mwldeppc.exe Linker Warning:
#   Section '.ignored' is unknown. Section ignored.
### mwldeppc.exe Linker Warning:
#   Section '.ignored' is unknown. Section ignored.
### mwldeppc.exe Linker Warning:
#   Section '.ignored' is unknown. Section ignored.
### mwldeppc.exe Linker Warning:
#   Section '.ignored' is unknown. Section ignored.
### mwldeppc.exe Linker Warning:
#   Section '.ignored' is unknown. Section ignored.
### mwldeppc.exe Linker Warning:
#   Section '.ignored' is unknown. Section ignored.
### mwldeppc.exe Linker Warning:
#   Section '.ignored' is unknown. Section ignored.
### mwldeppc.exe Linker Warning:
#   Section '.ignored' is unknown. Section ignored.
### mwldeppc.exe Linker Warning:
#   Section '.ignored' is unknown. Section ignored.
### mwldeppc.exe Linker Warning:
#   Section '.ignored' is unknown. Section ignored.
### mwldeppc.exe Linker Warning:
#   Section '.ignored' is unknown. Section ignored.
### mwldeppc.exe Linker Warning:
#   Section '.ignored' is unknown. Section ignored.
### mwldeppc.exe Linker Warning:
#   Section '.ignored' is unknown. Section ignored.
### mwldeppc.exe Linker Warning:
#   Section '.ignored' is unknown. Section ignored.
### mwldeppc.exe Linker Warning:
#   Section '.ignored' is unknown. Section ignored.
### mwldeppc.exe Linker Warning:
#   Section '.ignored' is unknown. Section ignored.
### mwldeppc.exe Linker Warning:
#   Section '.ignored' is unknown. Section ignored.
### mwldeppc.exe Linker Warning:
#   Section '.ignored' is unknown. Section ignored.
### mwldeppc.exe Linker Warning:
#   Section '.ignored' is unknown. Section ignored.
### mwldeppc.exe Linker Warning:
#   Section '.ignored' is unknown. Section ignored.
### mwldeppc.exe Linker Warning:
#   Section '.ignored' is unknown. Section ignored.
### mwldeppc.exe Linker Warning:
#   Section '.ignored' is unknown. Section ignored.
### mwldeppc.exe Linker Warning:
#   Section '.ignored' is unknown. Section ignored.
### mwldeppc.exe Linker Warning:
#   Section '.ignored' is unknown. Section ignored.
### mwldeppc.exe Linker Warning:
#   Section '.ignored' is unknown. Section ignored.
### mwldeppc.exe Linker Warning:
#   Section '.ignored' is unknown. Section ignored.
### mwldeppc.exe Linker Warning:
#   Section '.ignored' is unknown. Section ignored.
### mwldeppc.exe Linker Warning:
#   Section '.ignored' is unknown. Section ignored.
### mwldeppc.exe Linker Warning:
#   Section '.ignored' is unknown. Section ignored.
### mwldeppc.exe Linker Warning:
#   Section '.ignored' is unknown. Section ignored.
### mwldeppc.exe Linker Warning:
#   Section '.ignored' is unknown. Section ignored.
### mwldeppc.exe Linker Warning:
#   Section '.ignored' is unknown. Section ignored.
### mwldeppc.exe Linker Warning:
#   Section '.ignored' is unknown. Section ignored.
### mwldeppc.exe Linker Warning:
#   Section '.ignored' is unknown. Section ignored.
### mwldeppc.exe Linker Warning:
#   Section '.ignored' is unknown. Section ignored.
### mwldeppc.exe Linker Warning:
#   Section '.ignored' is unknown. Section ignored.
### mwldeppc.exe Linker Warning:
#   Section '.ignored' is unknown. Section ignored.
### mwldeppc.exe Linker Warning:
#   Section '.ignored' is unknown. Section ignored.
### mwldeppc.exe Linker Warning:
#   Section '.ignored' is unknown. Section ignored.
### mwldeppc.exe Linker Warning:
#   Section '.ignored' is unknown. Section ignored.
### mwldeppc.exe Linker Warning:
#   Section '.ignored' is unknown. Section ignored.
### mwldeppc.exe Linker Warning:
#   Section '.ignored' is unknown. Section ignored.
### mwldeppc.exe Linker Warning:
#   Section '.ignored' is unknown. Section ignored.
### mwldeppc.exe Linker Warning:
#   Section '.ignored' is unknown. Section ignored.
### mwldeppc.exe Linker Warning:
#   Section '.ignored' is unknown. Section ignored.
### mwldeppc.exe Linker Warning:
#   Section '.ignored' is unknown. Section ignored.
### mwldeppc.exe Linker Warning:
#   Section '.ignored' is unknown. Section ignored.
### mwldeppc.exe Linker Warning:
#   Section '.ignored' is unknown. Section ignored.
### mwldeppc.exe Linker Warning:
#   Section '.ignored' is unknown. Section ignored.
### mwldeppc.exe Linker Warning:
#   Section '.ignored' is unknown. Section ignored.
### mwldeppc.exe Linker Warning:
#   Section '.ignored' is unknown. Section ignored.
### mwldeppc.exe Linker Warning:
#   Section '.ignored' is unknown. Section ignored.
### mwldeppc.exe Linker Warning:
#   Section '.ignored' is unknown. Section ignored.
### mwldeppc.exe Linker Warning:
#   Section '.ignored' is unknown. Section ignored.
### mwldeppc.exe Linker Warning:
#   Section '.ignored' is unknown. Section ignored.
### mwldeppc.exe Linker Warning:
#   Section '.ignored' is unknown. Section ignored.
### mwldeppc.exe Linker Warning:
#   Section '.ignored' is unknown. Section ignored.
### mwldeppc.exe Linker Warning:
#   Section '.ignored' is unknown. Section ignored.
### mwldeppc.exe Linker Warning:
#   Section '.ignored' is unknown. Section ignored.
### mwldeppc.exe Linker Warning:
#   Section '.ignored' is unknown. Section ignored.
### mwldeppc.exe Linker Warning:
#   Section '.ignored' is unknown. Section ignored.
### mwldeppc.exe Linker Warning:
#   Section '.ignored' is unknown. Section ignored.
### mwldeppc.exe Linker Warning:
#   Section '.ignored' is unknown. Section ignored.
### mwldeppc.exe Linker Warning:
#   Section '.ignored' is unknown. Section ignored.
### mwldeppc.exe Linker Warning:
#   Section '.ignored' is unknown. Section ignored.
### mwldeppc.exe Linker Warning:
#   Section '.ignored' is unknown. Section ignored.
### mwldeppc.exe Linker Warning:
#   Section '.ignored' is unknown. Section ignored.
### mwldeppc.exe Linker Warning:
#   Section '.ignored' is unknown. Section ignored.
### mwldeppc.exe Linker Warning:
#   Section '.ignored' is unknown. Section ignored.
### mwldeppc.exe Linker Warning:
#   Section '.ignored' is unknown. Section ignored.
### mwldeppc.exe Linker Warning:
#   Section '.ignored' is unknown. Section ignored.
### mwldeppc.exe Linker Warning:
#   Section '.ignored' is unknown. Section ignored.
### mwldeppc.exe Linker Warning:
#   Section '.ignored' is unknown. Section ignored.
### mwldeppc.exe Linker Warning:
#   Section '.ignored' is unknown. Section ignored.
### mwldeppc.exe Linker Warning:
#   Section '.ignored' is unknown. Section ignored.
### mwldeppc.exe Linker Warning:
#   Section '.ignored' is unknown. Section ignored.
### mwldeppc.exe Linker Warning:
#   Section '.ignored' is unknown. Section ignored.
### mwldeppc.exe Linker Warning:
#   Section '.ignored' is unknown. Section ignored.
### mwldeppc.exe Linker Warning:
#   Section '.ignored' is unknown. Section ignored.
### mwldeppc.exe Linker Warning:
#   Section '.ignored' is unknown. Section ignored.
### mwldeppc.exe Linker Warning:
#   Section '.ignored' is unknown. Section ignored.
### mwldeppc.exe Linker Warning:
#   Section '.ignored' is unknown. Section ignored.
### mwldeppc.exe Linker Warning:
#   Section '.ignored' is unknown. Section ignored.
### mwldeppc.exe Linker Warning:
#   Section '.ignored' is unknown. Section ignored.
### mwldeppc.exe Linker Warning:
#   Section '.ignored' is unknown. Section ignored.
### mwldeppc.exe Linker Warning:
#   Section '.ignored' is unknown. Section ignored.
### mwldeppc.exe Linker Warning:
#   Section '.ignored' is unknown. Section ignored.
### mwldeppc.exe Linker Warning:
#   Section '.ignored' is unknown. Section ignored.
### mwldeppc.exe Linker Warning:
#   Section '.ignored' is unknown. Section ignored.
### mwldeppc.exe Linker Warning:
#   Section '.ignored' is unknown. Section ignored.
### mwldeppc.exe Linker Warning:
#   Section '.ignored' is unknown. Section ignored.
### mwldeppc.exe Linker Warning:
#   Section '.ignored' is unknown. Section ignored.
### mwldeppc.exe Linker Warning:
#   Section '.ignored' is unknown. Section ignored.
### mwldeppc.exe Linker Warning:
#   Section '.ignored' is unknown. Section ignored.
### mwldeppc.exe Linker Warning:
#   Section '.ignored' is unknown. Section ignored.
### mwldeppc.exe Linker Warning:
#   Section '.ignored' is unknown. Section ignored.
### mwldeppc.exe Linker Warning:
#   Section '.ignored' is unknown. Section ignored.
### mwldeppc.exe Linker Warning:
#   Section '.ignored' is unknown. Section ignored.
### mwldeppc.exe Linker Warning:
#   Section '.ignored' is unknown. Section ignored.
### mwldeppc.exe Linker Warning:
#   Section '.ignored' is unknown. Section ignored.
### mwldeppc.exe Linker Warning:
#   Section '.ignored' is unknown. Section ignored.
### mwldeppc.exe Linker Warning:
#   Section '.ignored' is unknown. Section ignored.
### mwldeppc.exe Linker Warning:
#   Section '.ignored' is unknown. Section ignored.
### mwldeppc.exe Linker Warning:
#   Section '.ignored' is unknown. Section ignored.
### mwldeppc.exe Linker Warning:
#   Section '.ignored' is unknown. Section ignored.
### mwldeppc.exe Linker Warning:
#   Section '.ignored' is unknown. Section ignored.
### mwldeppc.exe Linker Warning:
#   Section '.ignored' is unknown. Section ignored.
### mwldeppc.exe Linker Warning:
#   Section '.ignored' is unknown. Section ignored.
### mwldeppc.exe Linker Warning:
#   Section '.ignored' is unknown. Section ignored.
### mwldeppc.exe Linker Warning:
#   Section '.ignored' is unknown. Section ignored.
### mwldeppc.exe Linker Warning:
#   Section '.ignored' is unknown. Section ignored.
### mwldeppc.exe Linker Warning:
#   Section '.ignored' is unknown. Section ignored.
### mwldeppc.exe Linker Warning:
#   Section '.ignored' is unknown. Section ignored.
### mwldeppc.exe Linker Warning:
#   Section '.ignored' is unknown. Section ignored.
### mwldeppc.exe Linker Warning:
#   Section '.ignored' is unknown. Section ignored.
### mwldeppc.exe Linker Warning:
#   Section '.ignored' is unknown. Section ignored.
### mwldeppc.exe Linker Warning:
#   Section '.ignored' is unknown. Section ignored.
### mwldeppc.exe Linker Warning:
#   Section '.ignored' is unknown. Section ignored.
### mwldeppc.exe Linker Warning:
#   Section '.ignored' is unknown. Section ignored.
### mwldeppc.exe Linker Warning:
#   Section '.ignored' is unknown. Section ignored.
### mwldeppc.exe Linker Warning:
#   Section '.ignored' is unknown. Section ignored.
### mwldeppc.exe Linker Warning:
#   Section '.ignored' is unknown. Section ignored.
### mwldeppc.exe Linker Warning:
#   Section '.ignored' is unknown. Section ignored.
### mwldeppc.exe Linker Warning:
#   Section '.ignored' is unknown. Section ignored.
### mwldeppc.exe Linker Warning:
#   Section '.ignored' is unknown. Section ignored.
### mwldeppc.exe Linker Warning:
#   Section '.ignored' is unknown. Section ignored.
### mwldeppc.exe Linker Warning:
#   Section '.ignored' is unknown. Section ignored.
### mwldeppc.exe Linker Warning:
#   Section '.ignored' is unknown. Section ignored.
### mwldeppc.exe Linker Warning:
#   Section '.ignored' is unknown. Section ignored.
### mwldeppc.exe Linker Warning:
#   Section '.ignored' is unknown. Section ignored.
### mwldeppc.exe Linker Warning:
#   Section '.ignored' is unknown. Section ignored.
### mwldeppc.exe Linker Warning:
#   Section '.ignored' is unknown. Section ignored.
### mwldeppc.exe Linker Warning:
#   Section '.ignored' is unknown. Section ignored.
### mwldeppc.exe Linker Warning:
#   Section '.ignored' is unknown. Section ignored.
### mwldeppc.exe Linker Warning:
#   Section '.ignored' is unknown. Section ignored.
### mwldeppc.exe Linker Warning:
#   Section '.ignored' is unknown. Section ignored.
### mwldeppc.exe Linker Warning:
#   Section '.ignored' is unknown. Section ignored.
### mwldeppc.exe Linker Warning:
#   Section '.ignored' is unknown. Section ignored.
### mwldeppc.exe Linker Warning:
#   Section '.ignored' is unknown. Section ignored.
### mwldeppc.exe Linker Warning:
#   Section '.ignored' is unknown. Section ignored.
### mwldeppc.exe Linker Warning:
#   Section '.ignored' is unknown. Section ignored.
### mwldeppc.exe Linker Warning:
#   Section '.ignored' is unknown. Section ignored.
### mwldeppc.exe Linker Warning:
#   Section '.ignored' is unknown. Section ignored.
### mwldeppc.exe Linker Warning:
#   Section '.ignored' is unknown. Section ignored.
### mwldeppc.exe Linker Warning:
#   Section '.ignored' is unknown. Section ignored.
### mwldeppc.exe Linker Warning:
#   Section '.ignored' is unknown. Section ignored.
### mwldeppc.exe Linker Warning:
#   Section '.ignored' is unknown. Section ignored.
### mwldeppc.exe Linker Warning:
#   Section '.ignored' is unknown. Section ignored.
### mwldeppc.exe Linker Warning:
#   Section '.ignored' is unknown. Section ignored.
### mwldeppc.exe Linker Warning:
#   Section '.ignored' is unknown. Section ignored.
### mwldeppc.exe Linker Warning:
#   Section '.ignored' is unknown. Section ignored.
### mwldeppc.exe Linker Warning:
#   Section '.ignored' is unknown. Section ignored.
### mwldeppc.exe Linker Warning:
#   Section '.ignored' is unknown. Section ignored.
### mwldeppc.exe Linker Warning:
#   Section '.ignored' is unknown. Section ignored.
### mwldeppc.exe Linker Warning:
#   Section '.ignored' is unknown. Section ignored.
### mwldeppc.exe Linker Warning:
#   Section '.ignored' is unknown. Section ignored.
### mwldeppc.exe Linker Warning:
#   Section '.ignored' is unknown. Section ignored.
### mwldeppc.exe Linker Warning:
#   Section '.ignored' is unknown. Section ignored.
### mwldeppc.exe Linker Warning:
#   Section '.ignored' is unknown. Section ignored.
### mwldeppc.exe Linker Warning:
#   Section '.ignored' is unknown. Section ignored.
### mwldeppc.exe Linker Warning:
#   Section '.ignored' is unknown. Section ignored.
### mwldeppc.exe Linker Warning:
#   Section '.ignored' is unknown. Section ignored.
### mwldeppc.exe Linker Warning:
#   Section '.ignored' is unknown. Section ignored.
### mwldeppc.exe Linker Warning:
#   Section '.ignored' is unknown. Section ignored.
### mwldeppc.exe Linker Warning:
#   Section '.ignored' is unknown. Section ignored.
### mwldeppc.exe Linker Warning:
#   Section '.ignored' is unknown. Section ignored.
### mwldeppc.exe Linker Warning:
#   Section '.ignored' is unknown. Section ignored.
### mwldeppc.exe Linker Warning:
#   Section '.ignored' is unknown. Section ignored.
### mwldeppc.exe Linker Warning:
#   Section '.ignored' is unknown. Section ignored.
### mwldeppc.exe Linker Warning:
#   Section '.ignored' is unknown. Section ignored.
### mwldeppc.exe Linker Warning:
#   Section '.ignored' is unknown. Section ignored.
### mwldeppc.exe Linker Warning:
#   Section '.ignored' is unknown. Section ignored.
### mwldeppc.exe Linker Warning:
#   Section '.ignored' is unknown. Section ignored.
### mwldeppc.exe Linker Warning:
#   Section '.ignored' is unknown. Section ignored.
### mwldeppc.exe Linker Warning:
#   Section '.ignored' is unknown. Section ignored.
### mwldeppc.exe Linker Warning:
#   Section '.ignored' is unknown. Section ignored.
### mwldeppc.exe Linker Warning:
#   Section '.ignored' is unknown. Section ignored.
### mwldeppc.exe Linker Warning:
#   Section '.ignored' is unknown. Section ignored.
### mwldeppc.exe Linker Warning:
#   Section '.ignored' is unknown. Section ignored.
### mwldeppc.exe Linker Warning:
#   Section '.ignored' is unknown. Section ignored.
### mwldeppc.exe Linker Warning:
#   Section '.ignored' is unknown. Section ignored.
### mwldeppc.exe Linker Warning:
#   Section '.ignored' is unknown. Section ignored.
### mwldeppc.exe Linker Warning:
#   Section '.ignored' is unknown. Section ignored.
### mwldeppc.exe Linker Warning:
#   Section '.ignored' is unknown. Section ignored.
### mwldeppc.exe Linker Warning:
#   Section '.ignored' is unknown. Section ignored.
### mwldeppc.exe Linker Warning:
#   Section '.ignored' is unknown. Section ignored.
### mwldeppc.exe Linker Warning:
#   Section '.ignored' is unknown. Section ignored.
### mwldeppc.exe Linker Warning:
#   Section '.ignored' is unknown. Section ignored.
### mwldeppc.exe Linker Warning:
#   Section '.ignored' is unknown. Section ignored.
### mwldeppc.exe Linker Warning:
#   Section '.ignored' is unknown. Section ignored.
### mwldeppc.exe Linker Warning:
#   Section '.ignored' is unknown. Section ignored.
### mwldeppc.exe Linker Warning:
#   Section '.ignored' is unknown. Section ignored.
### mwldeppc.exe Linker Warning:
#   Section '.ignored' is unknown. Section ignored.
### mwldeppc.exe Linker Warning:
#   Section '.ignored' is unknown. Section ignored.
### mwldeppc.exe Linker Warning:
#   Section '.ignored' is unknown. Section ignored.
### mwldeppc.exe Linker Warning:
#   Section '.ignored' is unknown. Section ignored.
### mwldeppc.exe Linker Warning:
#   Section '.ignored' is unknown. Section ignored.
### mwldeppc.exe Linker Warning:
#   Section '.ignored' is unknown. Section ignored.
### mwldeppc.exe Linker Warning:
#   Section '.ignored' is unknown. Section ignored.
### mwldeppc.exe Linker Warning:
#   Section '.ignored' is unknown. Section ignored.
### mwldeppc.exe Linker Warning:
#   Section '.ignored' is unknown. Section ignored.
### mwldeppc.exe Linker Warning:
#   Section '.ignored' is unknown. Section ignored.
### mwldeppc.exe Linker Warning:
#   Section '.ignored' is unknown. Section ignored.
### mwldeppc.exe Linker Warning:
#   Section '.ignored' is unknown. Section ignored.
### mwldeppc.exe Linker Warning:
#   Section '.ignored' is unknown. Section ignored.
### mwldeppc.exe Linker Warning:
#   Section '.ignored' is unknown. Section ignored.
### mwldeppc.exe Linker Warning:
#   Section '.ignored' is unknown. Section ignored.
### mwldeppc.exe Linker Warning:
#   Section '.ignored' is unknown. Section ignored.
### mwldeppc.exe Linker Warning:
#   Section '.ignored' is unknown. Section ignored.
### mwldeppc.exe Linker Warning:
#   Section '.ignored' is unknown. Section ignored.
### mwldeppc.exe Linker Warning:
#   Section '.ignored' is unknown. Section ignored.
### mwldeppc.exe Linker Warning:
#   Section '.ignored' is unknown. Section ignored.
### mwldeppc.exe Linker Warning:
#   Section '.ignored' is unknown. Section ignored.
### mwldeppc.exe Linker Warning:
#   Section '.ignored' is unknown. Section ignored.
### mwldeppc.exe Linker Warning:
#   Section '.ignored' is unknown. Section ignored.
### mwldeppc.exe Linker Warning:
#   Section '.ignored' is unknown. Section ignored.
### mwldeppc.exe Linker Warning:
#   Section '.ignored' is unknown. Section ignored.
### mwldeppc.exe Linker Warning:
#   Section '.ignored' is unknown. Section ignored.
### mwldeppc.exe Linker Warning:
#   Section '.ignored' is unknown. Section ignored.
### mwldeppc.exe Linker Warning:
#   Section '.ignored' is unknown. Section ignored.
### mwldeppc.exe Linker Warning:
#   Section '.ignored' is unknown. Section ignored.
### mwldeppc.exe Linker Warning:
#   Section '.ignored' is unknown. Section ignored.
### mwldeppc.exe Linker Warning:
#   Section '.ignored' is unknown. Section ignored.
### mwldeppc.exe Linker Warning:
#   Section '.ignored' is unknown. Section ignored.
### mwldeppc.exe Linker Warning:
#   Section '.ignored' is unknown. Section ignored.
### mwldeppc.exe Linker Warning:
#   Section '.ignored' is unknown. Section ignored.
### mwldeppc.exe Linker Warning:
#   Section '.ignored' is unknown. Section ignored.
### mwldeppc.exe Linker Warning:
#   Section '.ignored' is unknown. Section ignored.
### mwldeppc.exe Linker Warning:
#   Section '.ignored' is unknown. Section ignored.
### mwldeppc.exe Linker Warning:
#   Section '.ignored' is unknown. Section ignored.
### mwldeppc.exe Linker Warning:
#   Section '.ignored' is unknown. Section ignored.
### mwldeppc.exe Linker Warning:
#   Section '.ignored' is unknown. Section ignored.
### mwldeppc.exe Linker Warning:
#   Section '.ignored' is unknown. Section ignored.
### mwldeppc.exe Linker Warning:
#   Section '.ignored' is unknown. Section ignored.
### mwldeppc.exe Linker Warning:
#   Section '.ignored' is unknown. Section ignored.
### mwldeppc.exe Linker Warning:
#   Section '.ignored' is unknown. Section ignored.
### mwldeppc.exe Linker Warning:
#   Section '.ignored' is unknown. Section ignored.
### mwldeppc.exe Linker Warning:
#   Section '.ignored' is unknown. Section ignored.
### mwldeppc.exe Linker Warning:
#   Section '.ignored' is unknown. Section ignored.
### mwldeppc.exe Linker Warning:
#   Section '.ignored' is unknown. Section ignored.
### mwldeppc.exe Linker Warning:
#   Section '.ignored' is unknown. Section ignored.
### mwldeppc.exe Linker Warning:
#   Section '.ignored' is unknown. Section ignored.
### mwldeppc.exe Linker Warning:
#   Section '.ignored' is unknown. Section ignored.
### mwldeppc.exe Linker Warning:
#   Section '.ignored' is unknown. Section ignored.
### mwldeppc.exe Linker Warning:
#   Section '.ignored' is unknown. Section ignored.
### mwldeppc.exe Linker Warning:
#   Section '.ignored' is unknown. Section ignored.
### mwldeppc.exe Linker Warning:
#   Section '.ignored' is unknown. Section ignored.
### mwldeppc.exe Linker Warning:
#   Section '.ignored' is unknown. Section ignored.
### mwldeppc.exe Linker Warning:
#   Section '.ignored' is unknown. Section ignored.
### mwldeppc.exe Linker Warning:
#   Section '.ignored' is unknown. Section ignored.
### mwldeppc.exe Linker Warning:
#   Section '.ignored' is unknown. Section ignored.
### mwldeppc.exe Linker Warning:
#   Section '.ignored' is unknown. Section ignored.
### mwldeppc.exe Linker Warning:
#   Section '.ignored' is unknown. Section ignored.
### mwldeppc.exe Linker Warning:
#   Section '.ignored' is unknown. Section ignored.
### mwldeppc.exe Linker Warning:
#   Section '.ignored' is unknown. Section ignored.
### mwldeppc.exe Linker Warning:
#   Section '.ignored' is unknown. Section ignored.
### mwldeppc.exe Linker Warning:
#   Section '.ignored' is unknown. Section ignored.
### mwldeppc.exe Linker Warning:
#   Section '.ignored' is unknown. Section ignored.
### mwldeppc.exe Linker Warning:
#   Section '.ignored' is unknown. Section ignored.
### mwldeppc.exe Linker Warning:
#   Section '.ignored' is unknown. Section ignored.
### mwldeppc.exe Linker Warning:
#   Section '.ignored' is unknown. Section ignored.
### mwldeppc.exe Linker Warning:
#   Section '.ignored' is unknown. Section ignored.
### mwldeppc.exe Linker Warning:
#   Section '.ignored' is unknown. Section ignored.
### mwldeppc.exe Linker Warning:
#   Section '.ignored' is unknown. Section ignored.
### mwldeppc.exe Linker Warning:
#   Section '.ignored' is unknown. Section ignored.
### mwldeppc.exe Linker Warning:
#   Section '.ignored' is unknown. Section ignored.
### mwldeppc.exe Linker Warning:
#   Section '.ignored' is unknown. Section ignored.
### mwldeppc.exe Linker Warning:
#   Section '.ignored' is unknown. Section ignored.
### mwldeppc.exe Linker Warning:
#   Section '.ignored' is unknown. Section ignored.
### mwldeppc.exe Linker Warning:
#   Section '.ignored' is unknown. Section ignored.
### mwldeppc.exe Linker Warning:
#   Section '.ignored' is unknown. Section ignored.
### mwldeppc.exe Linker Warning:
#   Section '.ignored' is unknown. Section ignored.
### mwldeppc.exe Linker Warning:
#   Section '.ignored' is unknown. Section ignored.
### mwldeppc.exe Linker Warning:
#   Section '.ignored' is unknown. Section ignored.
### mwldeppc.exe Linker Warning:
#   Section '.ignored' is unknown. Section ignored.
### mwldeppc.exe Linker Warning:
#   Section '.ignored' is unknown. Section ignored.
### mwldeppc.exe Linker Warning:
#   Section '.ignored' is unknown. Section ignored.
### mwldeppc.exe Linker Warning:
#   Section '.ignored' is unknown. Section ignored.
### mwldeppc.exe Linker Warning:
#   Section '.ignored' is unknown. Section ignored.
### mwldeppc.exe Linker Warning:
#   Section '.ignored' is unknown. Section ignored.
### mwldeppc.exe Linker Warning:
#   Section '.ignored' is unknown. Section ignored.
### mwldeppc.exe Linker Warning:
#   Section '.ignored' is unknown. Section ignored.
### mwldeppc.exe Linker Warning:
#   Section '.ignored' is unknown. Section ignored.
### mwldeppc.exe Linker Warning:
#   Section '.ignored' is unknown. Section ignored.
### mwldeppc.exe Linker Warning:
#   Section '.ignored' is unknown. Section ignored.
### mwldeppc.exe Linker Warning:
#   Section '.ignored' is unknown. Section ignored.
### mwldeppc.exe Linker Warning:
#   Section '.ignored' is unknown. Section ignored.
### mwldeppc.exe Linker Warning:
#   Section '.ignored' is unknown. Section ignored.
### mwldeppc.exe Linker Warning:
#   Section '.ignored' is unknown. Section ignored.
### mwldeppc.exe Linker Warning:
#   Section '.ignored' is unknown. Section ignored.
### mwldeppc.exe Linker Warning:
#   Section '.ignored' is unknown. Section ignored.
### mwldeppc.exe Linker Warning:
#   Section '.ignored' is unknown. Section ignored.
### mwldeppc.exe Linker Warning:
#   Section '.ignored' is unknown. Section ignored.
### mwldeppc.exe Linker Warning:
#   Section '.ignored' is unknown. Section ignored.
### mwldeppc.exe Linker Warning:
#   Section '.ignored' is unknown. Section ignored.
### mwldeppc.exe Linker Warning:
#   Section '.ignored' is unknown. Section ignored.
### mwldeppc.exe Linker Warning:
#   Section '.ignored' is unknown. Section ignored.
### mwldeppc.exe Linker Warning:
#   Section '.ignored' is unknown. Section ignored.
### mwldeppc.exe Linker Warning:
#   Section '.ignored' is unknown. Section ignored.
### mwldeppc.exe Linker Warning:
#   Section '.ignored' is unknown. Section ignored.
### mwldeppc.exe Linker Warning:
#   Section '.ignored' is unknown. Section ignored.
### mwldeppc.exe Linker Warning:
#   Section '.ignored' is unknown. Section ignored.
### mwldeppc.exe Linker Warning:
#   Section '.ignored' is unknown. Section ignored.
### mwldeppc.exe Linker Warning:
#   Section '.ignored' is unknown. Section ignored.
### mwldeppc.exe Linker Warning:
#   Section '.ignored' is unknown. Section ignored.
### mwldeppc.exe Linker Warning:
#   Section '.ignored' is unknown. Section ignored.
### mwldeppc.exe Linker Warning:
#   Section '.ignored' is unknown. Section ignored.
### mwldeppc.exe Linker Warning:
#   Section '.ignored' is unknown. Section ignored.
### mwldeppc.exe Linker Warning:
#   Section '.ignored' is unknown. Section ignored.
### mwldeppc.exe Linker Warning:
#   Section '.ignored' is unknown. Section ignored.
### mwldeppc.exe Linker Warning:
#   Section '.ignored' is unknown. Section ignored.
### mwldeppc.exe Linker Warning:
#   Section '.ignored' is unknown. Section ignored.
### mwldeppc.exe Linker Warning:
#   Section '.ignored' is unknown. Section ignored.
### mwldeppc.exe Linker Warning:
#   Section '.ignored' is unknown. Section ignored.
### mwldeppc.exe Linker Warning:
#   Section '.ignored' is unknown. Section ignored.
### mwldeppc.exe Linker Warning:
#   Section '.ignored' is unknown. Section ignored.
### mwldeppc.exe Linker Warning:
#   Section '.ignored' is unknown. Section ignored.
### mwldeppc.exe Linker Warning:
#   Section '.ignored' is unknown. Section ignored.
### mwldeppc.exe Linker Warning:
#   Section '.ignored' is unknown. Section ignored.
### mwldeppc.exe Linker Warning:
#   Section '.ignored' is unknown. Section ignored.
### mwldeppc.exe Linker Warning:
#   Section '.ignored' is unknown. Section ignored.
### mwldeppc.exe Linker Warning:
#   Section '.ignored' is unknown. Section ignored.
### mwldeppc.exe Linker Warning:
#   Section '.ignored' is unknown. Section ignored.
### mwldeppc.exe Linker Warning:
#   Section '.ignored' is unknown. Section ignored.
### mwldeppc.exe Linker Warning:
#   Section '.ignored' is unknown. Section ignored.
### mwldeppc.exe Linker Warning:
#   Section '.ignored' is unknown. Section ignored.
### mwldeppc.exe Linker Warning:
#   Section '.ignored' is unknown. Section ignored.
### mwldeppc.exe Linker Warning:
#   Section '.ignored' is unknown. Section ignored.
### mwldeppc.exe Linker Warning:
#   Section '.ignored' is unknown. Section ignored.
### mwldeppc.exe Linker Warning:
#   Section '.ignored' is unknown. Section ignored.
### mwldeppc.exe Linker Warning:
#   Section '.ignored' is unknown. Section ignored.
### mwldeppc.exe Linker Warning:
#   Section '.ignored' is unknown. Section ignored.
### mwldeppc.exe Linker Warning:
#   Section '.ignored' is unknown. Section ignored.
### mwldeppc.exe Linker Warning:
#   Section '.ignored' is unknown. Section ignored.
### mwldeppc.exe Linker Warning:
#   Section '.ignored' is unknown. Section ignored.
### mwldeppc.exe Linker Warning:
#   Section '.ignored' is unknown. Section ignored.
### mwldeppc.exe Linker Warning:
#   Section '.ignored' is unknown. Section ignored.
### mwldeppc.exe Linker Warning:
#   Section '.ignored' is unknown. Section ignored.
### mwldeppc.exe Linker Warning:
#   Section '.ignored' is unknown. Section ignored.
### mwldeppc.exe Linker Warning:
#   Section '.ignored' is unknown. Section ignored.
### mwldeppc.exe Linker Warning:
#   Section '.ignored' is unknown. Section ignored.
### mwldeppc.exe Linker Warning:
#   Section '.ignored' is unknown. Section ignored.
### mwldeppc.exe Linker Warning:
#   Section '.ignored' is unknown. Section ignored.
### mwldeppc.exe Linker Warning:
#   Section '.ignored' is unknown. Section ignored.
### mwldeppc.exe Linker Warning:
#   Section '.ignored' is unknown. Section ignored.
### mwldeppc.exe Linker Warning:
#   Section '.ignored' is unknown. Section ignored.
### mwldeppc.exe Linker Warning:
#   Section '.ignored' is unknown. Section ignored.
### mwldeppc.exe Linker Warning:
#   Section '.ignored' is unknown. Section ignored.
### mwldeppc.exe Linker Warning:
#   Section '.ignored' is unknown. Section ignored.
### mwldeppc.exe Linker Warning:
#   Section '.ignored' is unknown. Section ignored.
### mwldeppc.exe Linker Warning:
#   Section '.ignored' is unknown. Section ignored.
### mwldeppc.exe Linker Warning:
#   Section '.ignored' is unknown. Section ignored.
### mwldeppc.exe Linker Warning:
#   Section '.ignored' is unknown. Section ignored.
### mwldeppc.exe Linker Warning:
#   Section '.ignored' is unknown. Section ignored.
### mwldeppc.exe Linker Warning:
#   Section '.ignored' is unknown. Section ignored.
### mwldeppc.exe Linker Warning:
#   Section '.ignored' is unknown. Section ignored.
### mwldeppc.exe Linker Warning:
#   Section '.ignored' is unknown. Section ignored.
### mwldeppc.exe Linker Warning:
#   Section '.ignored' is unknown. Section ignored.
### mwldeppc.exe Linker Warning:
#   Section '.ignored' is unknown. Section ignored.
### mwldeppc.exe Linker Warning:
#   Section '.ignored' is unknown. Section ignored.
### mwldeppc.exe Linker Warning:
#   Section '.ignored' is unknown. Section ignored.
### mwldeppc.exe Linker Warning:
#   Section '.ignored' is unknown. Section ignored.
### mwldeppc.exe Linker Warning:
#   Section '.ignored' is unknown. Section ignored.
### mwldeppc.exe Linker Warning:
#   Section '.ignored' is unknown. Section ignored.
### mwldeppc.exe Linker Warning:
#   Section '.ignored' is unknown. Section ignored.
### mwldeppc.exe Linker Warning:
#   Section '.ignored' is unknown. Section ignored.
### mwldeppc.exe Linker Warning:
#   Section '.ignored' is unknown. Section ignored.
### mwldeppc.exe Linker Warning:
#   Section '.ignored' is unknown. Section ignored.
### mwldeppc.exe Linker Warning:
#   Section '.ignored' is unknown. Section ignored.
### mwldeppc.exe Linker Warning:
#   Section '.ignored' is unknown. Section ignored.
### mwldeppc.exe Linker Warning:
#   Section '.ignored' is unknown. Section ignored.
### mwldeppc.exe Linker Warning:
#   Section '.ignored' is unknown. Section ignored.
### mwldeppc.exe Linker Warning:
#   Section '.ignored' is unknown. Section ignored.
### mwldeppc.exe Linker Warning:
#   Section '.ignored' is unknown. Section ignored.
### mwldeppc.exe Linker Warning:
#   Section '.ignored' is unknown. Section ignored.
### mwldeppc.exe Linker Warning:
#   Section '.ignored' is unknown. Section ignored.
### mwldeppc.exe Linker Warning:
#   Section '.ignored' is unknown. Section ignored.
### mwldeppc.exe Linker Warning:
#   Section '.ignored' is unknown. Section ignored.
### mwldeppc.exe Linker Warning:
#   Section '.ignored' is unknown. Section ignored.
### mwldeppc.exe Linker Warning:
#   Section '.ignored' is unknown. Section ignored.
### mwldeppc.exe Linker Warning:
#   Section '.ignored' is unknown. Section ignored.
### mwldeppc.exe Linker Warning:
#   Section '.ignored' is unknown. Section ignored.
### mwldeppc.exe Linker Warning:
#   Section '.ignored' is unknown. Section ignored.
### mwldeppc.exe Linker Warning:
#   Section '.ignored' is unknown. Section ignored.
### mwldeppc.exe Linker Warning:
#   Section '.ignored' is unknown. Section ignored.
### mwldeppc.exe Linker Warning:
#   Section '.ignored' is unknown. Section ignored.
### mwldeppc.exe Linker Warning:
#   Section '.ignored' is unknown. Section ignored.
### mwldeppc.exe Linker Warning:
#   Section '.ignored' is unknown. Section ignored.
### mwldeppc.exe Linker Warning:
#   Section '.ignored' is unknown. Section ignored.
### mwldeppc.exe Linker Warning:
#   Section '.ignored' is unknown. Section ignored.
### mwldeppc.exe Linker Warning:
#   Section '.ignored' is unknown. Section ignored.
### mwldeppc.exe Linker Warning:
#   Section '.ignored' is unknown. Section ignored.
### mwldeppc.exe Linker Warning:
#   Section '.ignored' is unknown. Section ignored.
### mwldeppc.exe Linker Warning:
#   Section '.ignored' is unknown. Section ignored.
### mwldeppc.exe Linker Warning:
#   Section '.ignored' is unknown. Section ignored.
### mwldeppc.exe Linker Warning:
#   Section '.ignored' is unknown. Section ignored.
### mwldeppc.exe Linker Warning:
#   Section '.ignored' is unknown. Section ignored.
### mwldeppc.exe Linker Warning:
#   Section '.ignored' is unknown. Section ignored.
### mwldeppc.exe Linker Warning:
#   Section '.ignored' is unknown. Section ignored.
### mwldeppc.exe Linker Warning:
#   Section '.ignored' is unknown. Section ignored.
### mwldeppc.exe Linker Warning:
#   Section '.ignored' is unknown. Section ignored.
### mwldeppc.exe Linker Warning:
#   Section '.ignored' is unknown. Section ignored.
### mwldeppc.exe Linker Warning:
#   Section '.ignored' is unknown. Section ignored.
### mwldeppc.exe Linker Warning:
#   Section '.ignored' is unknown. Section ignored.
### mwldeppc.exe Linker Warning:
#   Section '.ignored' is unknown. Section ignored.
### mwldeppc.exe Linker Warning:
#   Section '.ignored' is unknown. Section ignored.
### mwldeppc.exe Linker Warning:
#   Section '.ignored' is unknown. Section ignored.
### mwldeppc.exe Linker Warning:
#   Section '.ignored' is unknown. Section ignored.
### mwldeppc.exe Linker Warning:
#   Section '.ignored' is unknown. Section ignored.
### mwldeppc.exe Linker Warning:
#   Section '.ignored' is unknown. Section ignored.
### mwldeppc.exe Linker Warning:
#   Section '.ignored' is unknown. Section ignored.
### mwldeppc.exe Linker Warning:
#   Section '.ignored' is unknown. Section ignored.
### mwldeppc.exe Linker Warning:
#   Section '.ignored' is unknown. Section ignored.
### mwldeppc.exe Linker Warning:
#   Section '.ignored' is unknown. Section ignored.
### mwldeppc.exe Linker Warning:
#   Section '.ignored' is unknown. Section ignored.
### mwldeppc.exe Linker Warning:
#   Section '.ignored' is unknown. Section ignored.
### mwldeppc.exe Linker Warning:
#   Section '.ignored' is unknown. Section ignored.
### mwldeppc.exe Linker Warning:
#   Section '.ignored' is unknown. Section ignored.
### mwldeppc.exe Linker Warning:
#   Section '.ignored' is unknown. Section ignored.
### mwldeppc.exe Linker Warning:
#   Section '.ignored' is unknown. Section ignored.
### mwldeppc.exe Linker Warning:
#   Section '.ignored' is unknown. Section ignored.
### mwldeppc.exe Linker Warning:
#   Section '.ignored' is unknown. Section ignored.
### mwldeppc.exe Linker Warning:
#   Section '.ignored' is unknown. Section ignored.
### mwldeppc.exe Linker Warning:
#   Section '.ignored' is unknown. Section ignored.
### mwldeppc.exe Linker Warning:
#   Section '.ignored' is unknown. Section ignored.
### mwldeppc.exe Linker Warning:
#   Section '.ignored' is unknown. Section ignored.
### mwldeppc.exe Linker Warning:
#   Section '.ignored' is unknown. Section ignored.
### mwldeppc.exe Linker Warning:
#   Section '.ignored' is unknown. Section ignored.
### mwldeppc.exe Linker Warning:
#   Section '.ignored' is unknown. Section ignored.
### mwldeppc.exe Linker Warning:
#   Section '.ignored' is unknown. Section ignored.
### mwldeppc.exe Linker Warning:
#   Section '.ignored' is unknown. Section ignored.
### mwldeppc.exe Linker Warning:
#   Section '.ignored' is unknown. Section ignored.
### mwldeppc.exe Linker Warning:
#   Section '.ignored' is unknown. Section ignored.
### mwldeppc.exe Linker Warning:
#   Section '.ignored' is unknown. Section ignored.
### mwldeppc.exe Linker Warning:
#   Section '.ignored' is unknown. Section ignored.
### mwldeppc.exe Linker Warning:
#   Section '.ignored' is unknown. Section ignored.
### mwldeppc.exe Linker Warning:
#   Section '.ignored' is unknown. Section ignored.
### mwldeppc.exe Linker Warning:
#   Section '.ignored' is unknown. Section ignored.
### mwldeppc.exe Linker Warning:
#   Section '.ignored' is unknown. Section ignored.
### mwldeppc.exe Linker Warning:
#   Section '.ignored' is unknown. Section ignored.
### mwldeppc.exe Linker Warning:
#   Section '.ignored' is unknown. Section ignored.
### mwldeppc.exe Linker Warning:
#   Section '.ignored' is unknown. Section ignored.
### mwldeppc.exe Linker Warning:
#   Section '.ignored' is unknown. Section ignored.
### mwldeppc.exe Linker Warning:
#   Section '.ignored' is unknown. Section ignored.
### mwldeppc.exe Linker Warning:
#   Section '.ignored' is unknown. Section ignored.
### mwldeppc.exe Linker Warning:
#   Section '.ignored' is unknown. Section ignored.
### mwldeppc.exe Linker Warning:
#   Section '.ignored' is unknown. Section ignored.
### mwldeppc.exe Linker Warning:
#   Section '.ignored' is unknown. Section ignored.
### mwldeppc.exe Linker Warning:
#   Section '.ignored' is unknown. Section ignored.
### mwldeppc.exe Linker Warning:
#   Section '.ignored' is unknown. Section ignored.
### mwldeppc.exe Linker Warning:
#   Section '.ignored' is unknown. Section ignored.
### mwldeppc.exe Linker Warning:
#   Section '.ignored' is unknown. Section ignored.
### mwldeppc.exe Linker Warning:
#   Section '.ignored' is unknown. Section ignored.
### mwldeppc.exe Linker Warning:
#   Section '.ignored' is unknown. Section ignored.
### mwldeppc.exe Linker Warning:
#   Section '.ignored' is unknown. Section ignored.
### mwldeppc.exe Linker Warning:
#   Section '.ignored' is unknown. Section ignored.
### mwldeppc.exe Linker Warning:
#   Section '.ignored' is unknown. Section ignored.
### mwldeppc.exe Linker Warning:
#   Section '.ignored' is unknown. Section ignored.
### mwldeppc.exe Linker Warning:
#   Section '.ignored' is unknown. Section ignored.
### mwldeppc.exe Linker Warning:
#   Section '.ignored' is unknown. Section ignored.
### mwldeppc.exe Linker Warning:
#   Section '.ignored' is unknown. Section ignored.
### mwldeppc.exe Linker Warning:
#   Section '.ignored' is unknown. Section ignored.
### mwldeppc.exe Linker Warning:
#   Section '.ignored' is unknown. Section ignored.
### mwldeppc.exe Linker Warning:
#   Section '.ignored' is unknown. Section ignored.
### mwldeppc.exe Linker Warning:
#   Section '.ignored' is unknown. Section ignored.
### mwldeppc.exe Linker Warning:
#   Section '.ignored' is unknown. Section ignored.
### mwldeppc.exe Linker Warning:
#   Section '.ignored' is unknown. Section ignored.
### mwldeppc.exe Linker Warning:
#   Section '.ignored' is unknown. Section ignored.
### mwldeppc.exe Linker Warning:
#   Section '.ignored' is unknown. Section ignored.
### mwldeppc.exe Linker Warning:
#   Section '.ignored' is unknown. Section ignored.
### mwldeppc.exe Linker Warning:
#   Section '.ignored' is unknown. Section ignored.
### mwldeppc.exe Linker Warning:
#   Section '.ignored' is unknown. Section ignored.
[880/882] DOL build/GEDE01/main.dol
[881/882] CHECK config/GEDE01/build.sha1
build/GEDE01/main.dol: OK
[882/882] PROGRESS
Progress:
  All: 57.61% fuzzy, 47.01% matched, 46.98% linked (6246 / 7068 files)
    Code: 1081652 / 2300692 bytes (6012 / 8214 functions)
    Data: 39594 / 4305642 bytes (0.92%)
  Game Code: 92.79% fuzzy, 75.69% matched, 75.64% linked (6228 / 6633 files)
    Code: 1078624 / 1425104 bytes (5950 / 6354 functions)
    Data: 39370 / 40426 bytes (97.39%)
  SDK/Runtime: 100.00% fuzzy, 100.00% matched, 100.00% linked (18 / 18 files)
    Code: 3028 / 3028 bytes (62 / 62 functions)
    Data: 224 / 224 bytes (100.00%)
