cwd: eternal-darkness-decomp
argv: ["python3", "configure.py"]

exit_status: 0

cwd: eternal-darkness-decomp
argv: [".tools/bin/ninja", "-j2"]
[1/911] MWCC build/GEDE01/src/game/game_fn_80008014.o
[2/911] MWCC build/GEDE01/src/game/game_fn_800094C0.o
[3/911] MWCC build/GEDE01/src/game/game_fn_800096E0.o
[4/911] MWCC build/GEDE01/src/game/game_fn_800098C0.o
[5/911] MWCC build/GEDE01/src/game/game_fn_800099D8.o
[6/911] MWCC build/GEDE01/src/game/game_fn_80009AB4.o
[7/911] MWCC build/GEDE01/src/game/game_fn_8000A26C.o
[8/911] MWCC build/GEDE01/src/game/game_fn_8000AC88.o
[9/911] MWCC build/GEDE01/src/game/game_fn_8000AEB4.o
[10/911] MWCC build/GEDE01/src/game/game_fn_8000AFB4.o
[11/911] MWCC build/GEDE01/src/game/game_fn_8000B36C.o
[12/911] MWCC build/GEDE01/src/game/game_fn_8000B1B8.o
[13/911] MWCC build/GEDE01/src/game/game_fn_8000B630.o
[14/911] MWCC build/GEDE01/src/game/game_fn_8000B7FC.o
[15/911] MWCC build/GEDE01/src/game/game_fn_8000B900.o
[16/911] MWCC build/GEDE01/src/game/game_fn_8000BA0C.o
[17/911] MWCC build/GEDE01/src/game/game_fn_8000BC40.o
[18/911] MWCC build/GEDE01/src/game/game_fn_8000BAA0.o
[19/911] MWCC build/GEDE01/src/game/game_fn_8000C17C.o
[20/911] MWCC build/GEDE01/src/game/game_fn_8000C06C.o
[21/911] MWCC build/GEDE01/src/game/game_fn_8000C848.o
[22/911] MWCC build/GEDE01/src/game/game_fn_8000C400.o
[23/911] MWCC build/GEDE01/src/game/game_fn_8000D0BC.o
[24/911] MWCC build/GEDE01/src/game/game_fn_8000C91C.o
[25/911] MWCC build/GEDE01/src/game/game_fn_8000D3D4.o
[26/911] MWCC build/GEDE01/src/game/game_fn_8000D590.o
[27/911] MWCC build/GEDE01/src/game/game_fn_8000D8A4.o
[28/911] MWCC build/GEDE01/src/game/game_fn_8000DA50.o
[29/911] MWCC build/GEDE01/src/game/game_fn_8000DAF4.o
[30/911] MWCC build/GEDE01/src/game/game_fn_8000E054.o
[31/911] MWCC build/GEDE01/src/game/game_fn_8000E0AC.o
[32/911] MWCC build/GEDE01/src/game/game_fn_8000E138.o
[33/911] MWCC build/GEDE01/src/game/game_fn_8000E1C4.o
[34/911] MWCC build/GEDE01/src/game/game_fn_8000E96C.o
[35/911] MWCC build/GEDE01/src/game/game_fn_8000EB14.o
[36/911] MWCC build/GEDE01/src/game/game_fn_8000EBD4.o
[37/911] MWCC build/GEDE01/src/game/game_fn_8000ED44.o
[38/911] MWCC build/GEDE01/src/game/game_fn_8000EFC4.o
[39/911] MWCC build/GEDE01/src/game/game_fn_8000F4B0.o
[40/911] MWCC build/GEDE01/src/game/game_fn_8000F774.o
[41/911] MWCC build/GEDE01/src/game/game_fn_8000FDE8.o
[42/911] MWCC build/GEDE01/src/game/game_fn_8000FFD8.o
[43/911] MWCC build/GEDE01/src/game/game_fn_800119FC.o
[44/911] MWCC build/GEDE01/src/game/game_fn_80012DA8.o
[45/911] MWCC build/GEDE01/src/game/game_fn_80012F40.o
[46/911] MWCC build/GEDE01/src/game/game_fn_80012FD0.o
[47/911] MWCC build/GEDE01/src/game/game_fn_800131E8.o
[48/911] MWCC build/GEDE01/src/game/game_fn_80013340.o
[49/911] MWCC build/GEDE01/src/game/game_fn_80013870.o
[50/911] MWCC build/GEDE01/src/game/game_fn_80013CB0.o
[51/911] MWCC build/GEDE01/src/game/game_fn_80013D54.o
[52/911] MWCC build/GEDE01/src/game/game_fn_800142DC.o
[53/911] MWCC build/GEDE01/src/game/game_fn_800144CC.o
[54/911] MWCC build/GEDE01/src/game/game_fn_80014784.o
[55/911] MWCC build/GEDE01/src/game/game_fn_800149D4.o
[56/911] MWCC build/GEDE01/src/game/game_fn_80015058.o
[57/911] MWCC build/GEDE01/src/game/game_fn_80015320.o
[58/911] MWCC build/GEDE01/src/game/game_fn_80015568.o
[59/911] MWCC build/GEDE01/src/game/game_fn_800156FC.o
[60/911] MWCC build/GEDE01/src/game/game_fn_80015BE0.o
[61/911] MWCC build/GEDE01/src/game/game_fn_80015D40.o
[62/911] MWCC build/GEDE01/src/game/game_fn_80015F04.o
[63/911] MWCC build/GEDE01/src/game/game_fn_80016128.o
[64/911] MWCC build/GEDE01/src/game/game_fn_80016270.o
[65/911] MWCC build/GEDE01/src/game/game_fn_80016904.o
[66/911] MWCC build/GEDE01/src/game/game_fn_80016B24.o
[67/911] MWCC build/GEDE01/src/game/game_fn_800171C0.o
[68/911] MWCC build/GEDE01/src/game/game_fn_800173CC.o
[69/911] MWCC build/GEDE01/src/game/game_fn_800176F0.o
[70/911] MWCC build/GEDE01/src/game/game_fn_80017910.o
[71/911] MWCC build/GEDE01/src/game/game_fn_800179AC.o
[72/911] MWCC build/GEDE01/src/game/game_fn_80017A3C.o
[73/911] MWCC build/GEDE01/src/game/game_fn_80017AE4.o
[74/911] MWCC build/GEDE01/src/game/game_fn_80017C3C.o
[75/911] MWCC build/GEDE01/src/game/game_fn_80017CC8.o
[76/911] MWCC build/GEDE01/src/game/game_fn_80017DB0.o
[77/911] MWCC build/GEDE01/src/game/game_fn_80018EF4.o
[78/911] MWCC build/GEDE01/src/game/game_fn_80019054.o
[79/911] MWCC build/GEDE01/src/game/game_fn_80019244.o
[80/911] MWCC build/GEDE01/src/game/game_fn_800194D0.o
[81/911] MWCC build/GEDE01/src/game/game_fn_80019940.o
[82/911] MWCC build/GEDE01/src/game/game_fn_80019C10.o
[83/911] MWCC build/GEDE01/src/game/game_fn_80019D2C.o
[84/911] MWCC build/GEDE01/src/game/game_fn_80019F98.o
[85/911] MWCC build/GEDE01/src/game/game_fn_8001A6C4.o
[86/911] MWCC build/GEDE01/src/game/game_fn_8001AAB8.o
[87/911] MWCC build/GEDE01/src/game/game_fn_8001ADF8.o
[88/911] MWCC build/GEDE01/src/game/game_fn_8001AF68.o
[89/911] MWCC build/GEDE01/src/game/game_fn_8001B124.o
[90/911] MWCC build/GEDE01/src/game/game_fn_8001B294.o
[91/911] MWCC build/GEDE01/src/game/game_fn_8001B808.o
[92/911] MWCC build/GEDE01/src/game/game_fn_8001B874.o
[93/911] MWCC build/GEDE01/src/game/game_fn_8001CA04.o
[94/911] MWCC build/GEDE01/src/game/game_fn_8001C078.o
[95/911] MWCC build/GEDE01/src/game/game_fn_8001CD58.o
[96/911] MWCC build/GEDE01/src/game/game_fn_8001CE94.o
[97/911] MWCC build/GEDE01/src/game/game_fn_8001E644.o
[98/911] MWCC build/GEDE01/src/game/game_fn_8001FE1C.o
[99/911] MWCC build/GEDE01/src/game/game_fn_80020E94.o
[100/911] MWCC build/GEDE01/src/game/game_fn_80024F28.o
[101/911] MWCC build/GEDE01/src/game/game_fn_800272B4.o
[102/911] MWCC build/GEDE01/src/game/game_fn_8002B748.o
[103/911] MWCC build/GEDE01/src/game/game_fn_8002DAE0.o
[104/911] MWCC build/GEDE01/src/game/game_fn_8002E3F0.o
[105/911] MWCC build/GEDE01/src/game/game_fn_8002EA68.o
[106/911] MWCC build/GEDE01/src/game/game_fn_8002F428.o
[107/911] MWCC build/GEDE01/src/game/game_fn_80031544.o
[108/911] MWCC build/GEDE01/src/game/game_fn_8003232C.o
[109/911] MWCC build/GEDE01/src/game/game_fn_80032B84.o
[110/911] MWCC build/GEDE01/src/game/game_fn_80033038.o
[111/911] MWCC build/GEDE01/src/game/game_fn_80033180.o
[112/911] MWCC build/GEDE01/src/game/game_fn_800359A0.o
[113/911] MWCC build/GEDE01/src/game/game_fn_800361F8.o
[114/911] MWCC build/GEDE01/src/game/game_fn_80036C40.o
[115/911] MWCC build/GEDE01/src/game/game_fn_80038878.o
[116/911] MWCC build/GEDE01/src/game/game_fn_80048ADC.o
[117/911] MWCC build/GEDE01/src/game/game_fn_80048B24.o
[118/911] MWCC build/GEDE01/src/game/game_fn_8004998C.o
[119/911] MWCC build/GEDE01/src/game/game_fn_80052310.o
[120/911] MWCC build/GEDE01/src/game/game_fn_80050B08.o
[121/911] MWCC build/GEDE01/src/game/game_fn_8005EC6C.o
[122/911] MWCC build/GEDE01/src/game/game_fn_800542D0.o
[123/911] MWCC build/GEDE01/src/game/game_fn_8005EE9C.o
[124/911] MWCC build/GEDE01/src/game/game_data_80239E10.o
[125/911] MWCC build/GEDE01/src/game/game_data_80239E18.o
[126/911] MWCC build/GEDE01/src/game/game_fn_8005FD84.o
[127/911] MWCC build/GEDE01/src/game/game_fn_80066888.o
[128/911] MWCC build/GEDE01/src/game/game_fn_80066E78.o
[129/911] MWCC build/GEDE01/src/game/game_fn_8006B0F0.o
[130/911] MWCC build/GEDE01/src/game/game_fn_8006B620.o
[131/911] MWCC build/GEDE01/src/game/game_fn_80071A58.o
[132/911] MWCC build/GEDE01/src/game/game_fn_8006E53C.o
[133/911] MWCC build/GEDE01/src/game/game_fn_80074310.o
[134/911] MWCC build/GEDE01/src/game/game_fn_80078500.o
[135/911] MWCC build/GEDE01/src/game/game_fn_80079AA4.o
[136/911] MWCC build/GEDE01/src/game/game_fn_80079908.o
[137/911] MWCC build/GEDE01/src/game/game_fn_8007B540.o
[138/911] MWCC build/GEDE01/src/game/game_fn_8007B2F4.o
[139/911] MWCC build/GEDE01/src/game/game_fn_8007B640.o
[140/911] MWCC build/GEDE01/src/game/game_fn_8007B828.o
[141/911] MWCC build/GEDE01/src/game/game_fn_8007BA3C.o
[142/911] MWCC build/GEDE01/src/game/game_fn_8007D4D8.o
[143/911] MWCC build/GEDE01/src/game/game_fn_8007F770.o
[144/911] MWCC build/GEDE01/src/game/game_fn_800886D8.o
[145/911] MWCC build/GEDE01/src/game/game_fn_80088F4C.o
[146/911] MWCC build/GEDE01/src/game/game_fn_80089A34.o
[147/911] MWCC build/GEDE01/src/game/game_fn_8008A2E0.o
[148/911] MWCC build/GEDE01/src/game/game_fn_8008F224.o
[149/911] MWCC build/GEDE01/src/game/game_fn_8008F890.o
[150/911] MWCC build/GEDE01/src/game/game_fn_80090004.o
[151/911] MWCC build/GEDE01/src/game/game_fn_800934A0.o
[152/911] MWCC build/GEDE01/src/game/game_fn_80095D10.o
[153/911] MWCC build/GEDE01/src/game/game_fn_80095FDC.o
[154/911] MWCC build/GEDE01/src/game/game_fn_80096830.o
[155/911] MWCC build/GEDE01/src/game/game_fn_8009C424.o
[156/911] MWCC build/GEDE01/src/game/game_fn_8009E808.o
[157/911] MWCC build/GEDE01/src/game/game_fn_800A2130.o
[158/911] MWCC build/GEDE01/src/game/game_fn_800A2FCC.o
[159/911] MWCC build/GEDE01/src/game/game_fn_800A3180.o
[160/911] MWCC build/GEDE01/src/game/game_fn_800A3894.o
[161/911] MWCC build/GEDE01/src/game/game_fn_800A4428.o
[162/911] MWCC build/GEDE01/src/game/game_fn_800A4798.o
[163/911] MWCC build/GEDE01/src/game/game_fn_800A7E88.o
[164/911] MWCC build/GEDE01/src/game/game_fn_800AF230.o
[165/911] MWCC build/GEDE01/src/game/game_fn_800B2EC0.o
[166/911] MWCC build/GEDE01/src/game/game_fn_800BB5C4.o
[167/911] MWCC build/GEDE01/src/game/game_fn_800BB7A8.o
[168/911] MWCC build/GEDE01/src/game/game_fn_800BB9A4.o
[169/911] MWCC build/GEDE01/src/game/game_fn_800BBAF0.o
[170/911] MWCC build/GEDE01/src/game/game_fn_800C030C.o
[171/911] MWCC build/GEDE01/src/game/game_fn_800C17EC.o
[172/911] MWCC build/GEDE01/src/game/game_fn_800C59F0.o
[173/911] MWCC build/GEDE01/src/game/game_fn_800C644C.o
[174/911] MWCC build/GEDE01/src/game/game_fn_800C65FC.o
[175/911] MWCC build/GEDE01/src/game/game_fn_800C9C60.o
[176/911] MWCC build/GEDE01/src/game/game_fn_800CB760.o
[177/911] MWCC build/GEDE01/src/game/game_fn_800CB8F4.o
[178/911] MWCC build/GEDE01/src/game/game_fn_800CF598.o
[179/911] MWCC build/GEDE01/src/game/game_fn_800D9064.o
[180/911] MWCC build/GEDE01/src/game/game_fn_800D9E10.o
[181/911] MWCC build/GEDE01/src/game/game_fn_800DC4D4.o
[182/911] MWCC build/GEDE01/src/game/game_fn_800E4980.o
[183/911] MWCC build/GEDE01/src/game/game_TRKNubWelcome.o
[184/911] MWCC build/GEDE01/src/game/game_TRK_main.o
[185/911] MWCC build/GEDE01/src/game/game_InitMetroTRKCommTable.o
[186/911] MWCC build/GEDE01/src/game/game_fn_800FD0C8.o
[187/911] MWCC build/GEDE01/src/game/game_fn_8010242C.o
[188/911] MWCC build/GEDE01/src/game/game_fn_801098C0.o
[189/911] MWCC build/GEDE01/src/game/game_fn_8010F184.o
[190/911] MWCC build/GEDE01/src/game/game_fn_801126E0.o
[191/911] MWCC build/GEDE01/src/game/game_fn_801128E4.o
[192/911] MWCC build/GEDE01/src/game/game_fn_801141B8.o
[193/911] MWCC build/GEDE01/src/game/game_fn_8011F140.o
[194/911] MWCC build/GEDE01/src/game/game_fn_801247F8.o
[195/911] MWCC build/GEDE01/src/game/game_fn_80126A00.o
[196/911] MWCC build/GEDE01/src/game/game_fn_8012976C.o
[197/911] MWCC build/GEDE01/src/game/game_fn_8012DB28.o
[198/911] MWCC build/GEDE01/src/game/game_fn_8013CBE4.o
[199/911] MWCC build/GEDE01/src/game/game_fn_8013D6A4.o
[200/911] MWCC build/GEDE01/src/game/game_fn_8013DB8C.o
[201/911] MWCC build/GEDE01/src/game/game_fn_8014549C.o
[202/911] MWCC build/GEDE01/src/game/game_fn_8014AF38.o
[203/911] MWCC build/GEDE01/src/game/game_fn_8014B494.o
[204/911] MWCC build/GEDE01/src/game/game_fn_8014BA14.o
[205/911] MWCC build/GEDE01/src/game/game_fn_8014CA98.o
[206/911] MWCC build/GEDE01/src/game/game_fn_801535D8.o
[207/911] MWCC build/GEDE01/src/game/game_fn_80153898.o
[208/911] MWCC build/GEDE01/src/game/game_fn_80153A24.o
[209/911] MWCC build/GEDE01/src/game/game_fn_80154F74.o
[210/911] MWCC build/GEDE01/src/game/game_fn_80155814.o
[211/911] MWCC build/GEDE01/src/game/game_fn_80157C0C.o
[212/911] MWCC build/GEDE01/src/game/game_fn_80158B20.o
[213/911] MWCC build/GEDE01/src/game/game_fn_80158D38.o
[214/911] MWCC build/GEDE01/src/game/game_fn_8015DB84.o
[215/911] MWCC build/GEDE01/src/game/game_fn_8015DC54.o
[216/911] MWCC build/GEDE01/src/game/game_fn_8015EDC0.o
[217/911] MWCC build/GEDE01/src/game/game_fn_80167454.o
[218/911] MWCC build/GEDE01/src/game/game_fn_80167B5C.o
[219/911] MWCC build/GEDE01/src/game/game_fn_80169650.o
[220/911] MWCC build/GEDE01/src/game/game_fn_8016BD0C.o
[221/911] MWCC build/GEDE01/src/game/game_fn_8016BE1C.o
[222/911] MWCC build/GEDE01/src/game/game_fn_8016BF60.o
[223/911] MWCC build/GEDE01/src/game/game_fn_8016C0BC.o
[224/911] MWCC build/GEDE01/src/game/game_fn_8016C164.o
[225/911] MWCC build/GEDE01/src/game/game_fn_8016C238.o
[226/911] MWCC build/GEDE01/src/game/game_fn_8016C4BC.o
[227/911] MWCC build/GEDE01/src/game/game_fn_8016C774.o
[228/911] MWCC build/GEDE01/src/game/game_fn_8016D040.o
[229/911] MWCC build/GEDE01/src/game/game_fn_8016D1F8.o
[230/911] MWCC build/GEDE01/src/game/game_fn_8016D2B8.o
[231/911] MWCC build/GEDE01/src/game/game_fn_8016D9C0.o
[232/911] MWCC build/GEDE01/src/game/game_fn_8016DF4C.o
[233/911] MWCC build/GEDE01/src/game/game_fn_8016E8F8.o
[234/911] MWCC build/GEDE01/src/game/game_fn_8016FEF8.o
[235/911] MWCC build/GEDE01/src/game/game_fn_8017038C.o
[236/911] MWCC build/GEDE01/src/game/game_fn_801704F8.o
[237/911] MWCC build/GEDE01/src/game/game_fn_801706DC.o
[238/911] MWCC build/GEDE01/src/game/game_fn_80170A40.o
[239/911] MWCC build/GEDE01/src/game/game_fn_80170DF4.o
[240/911] MWCC build/GEDE01/src/game/game_fn_80170E9C.o
[241/911] MWCC build/GEDE01/src/game/game_fn_8017138C.o
[242/911] MWCC build/GEDE01/src/game/game_fn_80171664.o
[243/911] MWCC build/GEDE01/src/game/game_fn_801718F4.o
[244/911] MWCC build/GEDE01/src/game/game_fn_801719B4.o
[245/911] MWCC build/GEDE01/src/game/game_fn_80171F30.o
[246/911] MWCC build/GEDE01/src/game/game_fn_8017250C.o
[247/911] MWCC build/GEDE01/src/game/game_fn_801726EC.o
[248/911] MWCC build/GEDE01/src/game/game_fn_80172BB0.o
[249/911] MWCC build/GEDE01/src/game/game_fn_80172C78.o
[250/911] MWCC build/GEDE01/src/game/game_fn_80172DB8.o
[251/911] MWCC build/GEDE01/src/game/game_fn_80173270.o
[252/911] MWCC build/GEDE01/src/game/game_fn_801734B4.o
[253/911] MWCC build/GEDE01/src/game/game_fn_80173770.o
[254/911] MWCC build/GEDE01/src/game/game_fn_80173D44.o
[255/911] MWCC build/GEDE01/src/game/game_fn_80173F04.o
[256/911] MWCC build/GEDE01/src/game/game_fn_80174184.o
[257/911] MWCC build/GEDE01/src/game/game_fn_80174358.o
[258/911] MWCC build/GEDE01/src/game/game_fn_80174F2C.o
[259/911] MWCC build/GEDE01/src/game/game_fn_801752B0.o
[260/911] MWCC build/GEDE01/src/game/game_fn_8017553C.o
[261/911] MWCC build/GEDE01/src/game/game_fn_80175A08.o
[262/911] MWCC build/GEDE01/src/game/game_fn_80175E64.o
[263/911] MWCC build/GEDE01/src/game/game_fn_80175F0C.o
[264/911] MWCC build/GEDE01/src/game/game_fn_80175FD4.o
[265/911] MWCC build/GEDE01/src/game/game_fn_80176098.o
[266/911] MWCC build/GEDE01/src/game/game_fn_80176160.o
[267/911] MWCC build/GEDE01/src/game/game_fn_80176220.o
[268/911] MWCC build/GEDE01/src/game/game_fn_801762E8.o
[269/911] MWCC build/GEDE01/src/game/game_fn_8017652C.o
[270/911] MWCC build/GEDE01/src/game/game_fn_80176DF4.o
[271/911] MWCC build/GEDE01/src/game/game_fn_80176FA0.o
[272/911] MWCC build/GEDE01/src/game/game_fn_801770F8.o
[273/911] MWCC build/GEDE01/src/game/game_fn_8017718C.o
[274/911] MWCC build/GEDE01/src/game/game_fn_80178F88.o
[275/911] MWCC build/GEDE01/src/game/game_fn_80177434.o
[276/911] MWCC build/GEDE01/src/game/game_fn_80179398.o
[277/911] MWCC build/GEDE01/src/game/game_fn_8017960C.o
[278/911] MWCC build/GEDE01/src/game/game_fn_8017974C.o
[279/911] MWCC build/GEDE01/src/game/game_fn_80179904.o
[280/911] MWCC build/GEDE01/src/game/game_fn_80179A18.o
[281/911] MWCC build/GEDE01/src/game/game_fn_80179A74.o
[282/911] MWCC build/GEDE01/src/game/game_fn_80179EB8.o
[283/911] MWCC build/GEDE01/src/game/game_fn_80179F20.o
[284/911] MWCC build/GEDE01/src/game/game_fn_8017A010.o
[285/911] MWCC build/GEDE01/src/game/game_fn_8017A12C.o
[286/911] MWCC build/GEDE01/src/game/game_fn_8017A1C0.o
[287/911] MWCC build/GEDE01/src/game/game_fn_8017A9B8.o
[288/911] MWCC build/GEDE01/src/game/game_fn_8017AC20.o
[289/911] MWCC build/GEDE01/src/game/game_fn_8017E850.o
[290/911] MWCC build/GEDE01/src/game/game_fn_8017E958.o
[291/911] MWCC build/GEDE01/src/game/game_fn_80180DDC.o
[292/911] MWCC build/GEDE01/src/game/game_fn_801810A0.o
[293/911] MWCC build/GEDE01/src/game/game_fn_801816D4.o
[294/911] MWCC build/GEDE01/src/game/game_fn_801859FC.o
[295/911] MWCC build/GEDE01/src/game/game_fn_80185AE8.o
[296/911] MWCC build/GEDE01/src/game/game_fn_80185F10.o
[297/911] MWCC build/GEDE01/src/game/game_fn_801861C4.o
[298/911] MWCC build/GEDE01/src/game/game_fn_801865EC.o
[299/911] MWCC build/GEDE01/src/game/game_fn_8018680C.o
[300/911] MWCC build/GEDE01/src/game/game_fn_80186E10.o
[301/911] MWCC build/GEDE01/src/game/game_fn_80186F70.o
[302/911] MWCC build/GEDE01/src/game/game_fn_80187120.o
[303/911] MWCC build/GEDE01/src/game/game_fn_80187320.o
[304/911] MWCC build/GEDE01/src/game/game_fn_801875FC.o
[305/911] MWCC build/GEDE01/src/game/game_fn_801878E0.o
[306/911] MWCC build/GEDE01/src/game/game_fn_80187BB4.o
[307/911] MWCC build/GEDE01/src/game/game_fn_80188A7C.o
[308/911] MWCC build/GEDE01/src/game/game_fn_80188B44.o
[309/911] MWCC build/GEDE01/src/game/game_fn_80188C1C.o
[310/911] MWCC build/GEDE01/src/game/game_fn_80188E28.o
[311/911] MWCC build/GEDE01/src/game/game_fn_80189028.o
[312/911] MWCC build/GEDE01/src/game/game_fn_801891D8.o
[313/911] MWCC build/GEDE01/src/game/game_fn_80189390.o
[314/911] MWCC build/GEDE01/src/game/game_fn_801895E8.o
[315/911] MWCC build/GEDE01/src/game/game_fn_801896A0.o
[316/911] MWCC build/GEDE01/src/game/game_fn_80189760.o
[317/911] MWCC build/GEDE01/src/game/game_fn_80189968.o
[318/911] MWCC build/GEDE01/src/game/game_fn_80189C14.o
[319/911] MWCC build/GEDE01/src/game/game_fn_8018C2D0.o
[320/911] MWCC build/GEDE01/src/game/game_fn_8018D1F0.o
[321/911] MWCC build/GEDE01/src/game/game_fn_8018D2E0.o
[322/911] MWCC build/GEDE01/src/game/game_fn_8018D400.o
[323/911] MWCC build/GEDE01/src/game/game_fn_8018D688.o
[324/911] MWCC build/GEDE01/src/game/game_fn_8018DC24.o
[325/911] MWCC build/GEDE01/src/game/game_fn_8018E0D8.o
[326/911] MWCC build/GEDE01/src/game/game_fn_8018F1D0.o
[327/911] MWCC build/GEDE01/src/game/game_fn_8018F81C.o
[328/911] MWCC build/GEDE01/src/game/game_fn_8018FEDC.o
[329/911] MWCC build/GEDE01/src/game/game_fn_8019120C.o
[330/911] MWCC build/GEDE01/src/game/game_fn_80191360.o
[331/911] MWCC build/GEDE01/src/game/game_fn_801916D0.o
[332/911] MWCC build/GEDE01/src/game/game_fn_8019197C.o
[333/911] MWCC build/GEDE01/src/game/game_fn_80191F58.o
[334/911] MWCC build/GEDE01/src/game/game_fn_801926EC.o
[335/911] MWCC build/GEDE01/src/game/game_fn_801929A4.o
[336/911] MWCC build/GEDE01/src/game/game_fn_80192F54.o
[337/911] MWCC build/GEDE01/src/game/game_fn_801931C4.o
[338/911] MWCC build/GEDE01/src/game/game_fn_80193E1C.o
[339/911] MWCC build/GEDE01/src/game/game_fn_80193F3C.o
[340/911] MWCC build/GEDE01/src/game/game_fn_80194F80.o
[341/911] MWCC build/GEDE01/src/game/game_fn_801952E8.o
[342/911] MWCC build/GEDE01/src/game/game_fn_80197910.o
[343/911] MWCC build/GEDE01/src/game/game_fn_80198154.o
[344/911] MWCC build/GEDE01/src/game/game_fn_80198AAC.o
[345/911] MWCC build/GEDE01/src/game/game_fn_80198BF4.o
[346/911] MWCC build/GEDE01/src/game/game_fn_801991E0.o
[347/911] MWCC build/GEDE01/src/game/game_fn_8019B1BC.o
[348/911] MWCC build/GEDE01/src/game/game_fn_8019CC28.o
[349/911] MWCC build/GEDE01/src/game/game_fn_8019CFC4.o
[350/911] MWCC build/GEDE01/src/game/game_fn_8019E5E4.o
[351/911] MWCC build/GEDE01/src/game/game_fn_8019E8C8.o
[352/911] MWCC build/GEDE01/src/game/game_fn_801A1F18.o
[353/911] MWCC build/GEDE01/src/game/game_fn_801A2A54.o
[354/911] MWCC build/GEDE01/src/game/game_fn_801A34BC.o
[355/911] MWCC build/GEDE01/src/game/game_fn_801A3A78.o
[356/911] MWCC build/GEDE01/src/game/game_fn_801A4430.o
[357/911] MWCC build/GEDE01/src/game/game_fn_801A4CE0.o
[358/911] MWCC build/GEDE01/src/game/game_fn_801A5FB0.o
[359/911] MWCC build/GEDE01/src/game/game_fn_801A6410.o
[360/911] MWCC build/GEDE01/src/game/game_fn_801A657C.o
[361/911] MWCC build/GEDE01/src/game/game_fn_801A6ADC.o
[362/911] MWCC build/GEDE01/src/game/game_fn_801A6C58.o
[363/911] MWCC build/GEDE01/src/game/game_fn_801A6CB4.o
[364/911] MWCC build/GEDE01/src/game/game_fn_801A7E04.o
[365/911] MWCC build/GEDE01/src/game/game_fn_801A7EA8.o
[366/911] MWCC build/GEDE01/src/game/game_fn_801A93E8.o
[367/911] MWCC build/GEDE01/src/game/game_fn_801AB154.o
[368/911] MWCC build/GEDE01/src/game/game_fn_801ABD3C.o
[369/911] MWCC build/GEDE01/src/game/game_fn_801AC8AC.o
[370/911] MWCC build/GEDE01/src/game/game_fn_801ACFE8.o
[371/911] MWCC build/GEDE01/src/game/game_fn_801AD08C.o
[372/911] MWCC build/GEDE01/src/game/game_fn_801AFA74.o
[373/911] MWCC build/GEDE01/src/game/game_fn_801B02F0.o
[374/911] MWCC build/GEDE01/src/game/game_fn_801B1BA0.o
[375/911] MWCC build/GEDE01/src/game/game_fn_801B35BC.o
[376/911] MWCC build/GEDE01/src/game/game_fn_801B46C8.o
[377/911] MWCC build/GEDE01/src/game/game_fn_801B4FB4.o
[378/911] MWCC build/GEDE01/src/game/game_fn_801B5228.o
[379/911] MWCC build/GEDE01/src/game/game_fn_801B58F0.o
[380/911] MWCC build/GEDE01/src/game/game_fn_801B6F1C.o
[381/911] MWCC build/GEDE01/src/game/game_fn_801B86C0.o
[382/911] MWCC build/GEDE01/src/game/game_fn_801B941C.o
[383/911] MWCC build/GEDE01/src/game/game_fn_801B9E7C.o
[384/911] MWCC build/GEDE01/src/game/game_fn_801BA15C.o
[385/911] MWCC build/GEDE01/src/game/game_fn_801BA708.o
[386/911] MWCC build/GEDE01/src/game/game_fn_801BB1A0.o
[387/911] MWCC build/GEDE01/src/game/game_fn_801BC0D4.o
[388/911] MWCC build/GEDE01/src/game/game_fn_801BC240.o
[389/911] MWCC build/GEDE01/src/game/game_fn_801BC8F4.o
[390/911] MWCC build/GEDE01/src/game/game_fn_801BCC04.o
[391/911] MWCC build/GEDE01/src/game/game_fn_801BD990.o
[392/911] MWCC build/GEDE01/src/game/game_fn_801BDE7C.o
[393/911] MWCC build/GEDE01/src/game/game_fn_801BE0D4.o
[394/911] MWCC build/GEDE01/src/game/game_fn_801C1CB0.o
[395/911] MWCC build/GEDE01/src/game/game_fn_801BEF40.o
[396/911] MWCC build/GEDE01/src/game/game_fn_801C2980.o
[397/911] MWCC build/GEDE01/src/game/game_fn_801C29BC.o
[398/911] MWCC build/GEDE01/src/game/game_fn_801C2AAC.o
[399/911] MWCC build/GEDE01/src/game/game_fn_801C2D9C.o
[400/911] MWCC build/GEDE01/src/game/game_fn_801C8160.o
[401/911] MWCC build/GEDE01/src/game/game_fn_801C8224.o
[402/911] MWCC build/GEDE01/src/game/game_fn_801C8600.o
[403/911] MWCC build/GEDE01/src/game/game_fn_801C4B5C.o
[404/911] MWCC build/GEDE01/src/game/game_fn_801C87DC.o
[405/911] MWCC build/GEDE01/src/game/game_fn_801C8CC0.o
[406/911] MWCC build/GEDE01/src/game/game_fn_801C8F50.o
[407/911] MWCC build/GEDE01/src/game/game_fn_801C90A4.o
[408/911] MWCC build/GEDE01/src/game/game_fn_801C9510.o
[409/911] MWCC build/GEDE01/src/game/game_fn_801C970C.o
[410/911] MWCC build/GEDE01/src/game/game_fn_801C9A08.o
[411/911] MWCC build/GEDE01/src/game/game_fn_801C9B1C.o
[412/911] MWCC build/GEDE01/src/game/game_fn_801CB4F8.o
[413/911] MWCC build/GEDE01/src/game/game_fn_801CD228.o
[414/911] MWCC build/GEDE01/src/game/game_fn_801CE09C.o
[415/911] MWCC build/GEDE01/src/game/game_fn_801CE594.o
[416/911] MWCC build/GEDE01/src/game/game_fn_801D1B10.o
[417/911] MWCC build/GEDE01/src/game/game_fn_801D1F78.o
[418/911] MWCC build/GEDE01/src/game/game_fn_801D3988.o
[419/911] MWCC build/GEDE01/src/game/game_fn_801D76A8.o
[420/911] MWCC build/GEDE01/src/game/game_fn_801D7C24.o
[421/911] MWCC build/GEDE01/src/game/game_fn_801D8050.o
[422/911] MWCC build/GEDE01/src/game/game_fn_801D9FE4.o
[423/911] MWCC build/GEDE01/src/game/game_fn_801E2A48.o
[424/911] MWCC build/GEDE01/src/game/game_fn_801E41AC.o
[425/911] MWCC build/GEDE01/src/game/game_fn_801E504C.o
[426/911] MWCC build/GEDE01/src/game/game_fn_801E6814.o
[427/911] MWCC build/GEDE01/src/game/game_fn_801E7014.o
[428/911] MWCC build/GEDE01/src/game/game_fn_801EB09C.o
[429/911] MWCC build/GEDE01/src/game/game_fn_801E995C.o
[430/911] MWCC build/GEDE01/src/game/game_fn_801EB11C.o
[431/911] MWCC build/GEDE01/src/game/game_fn_801ECD74.o
[432/911] MWCC build/GEDE01/src/game/game_fn_801ECF50.o
[433/911] MWCC build/GEDE01/src/game/game_fn_801ED5F4.o
[434/911] MWCC build/GEDE01/src/game/game_fn_801EF580.o
[435/911] MWCC build/GEDE01/src/game/game_fn_801EF910.o
[436/911] MWCC build/GEDE01/src/game/game_fn_801F0CB0.o
[437/911] MWCC build/GEDE01/src/game/game_fn_801F10BC.o
[438/911] MWCC build/GEDE01/src/game/game_fn_801F35A8.o
[439/911] MWCC build/GEDE01/src/game/game_fn_801F1A38.o
[440/911] MWCC build/GEDE01/src/game/game_fn_801F55A0.o
[441/911] MWCC build/GEDE01/src/game/game_fn_801F69F0.o
[442/911] MWCC build/GEDE01/src/game/game_fn_801F6BD8.o
[443/911] MWCC build/GEDE01/src/game/game_fn_801F7510.o
[444/911] MWCC build/GEDE01/src/game/game_fn_801F76EC.o
[445/911] MWCC build/GEDE01/src/game/game_fn_801F8264.o
[446/911] MWCC build/GEDE01/src/game/game_fn_801F9AF8.o
[447/911] MWCC build/GEDE01/src/game/game_fn_801F89B4.o
[448/911] MWCC build/GEDE01/src/game/game_fn_801F9CF4.o
[449/911] MWCC build/GEDE01/src/game/game_fn_801FA9C8.o
[450/911] MWCC build/GEDE01/src/game/game_fn_801FC034.o
[451/911] MWCC build/GEDE01/src/game/game_fn_801FB6A4.o
[452/911] MWCC build/GEDE01/src/game/game_fn_801FC204.o
[453/911] MWCC build/GEDE01/src/game/game_fn_801FFE78.o
[454/911] EXTERNALIZE build/GEDE01/src/game/game_fn_800DC4D4.o
[455/911] EXTERNALIZE build/GEDE01/src/game/game_fn_80175A08.o
[456/911] EXTERNALIZE build/GEDE01/src/game/game_fn_80066E78.o
[457/911] EXTERNALIZE build/GEDE01/src/game/game_fn_801247F8.o
[458/911] EXTERNALIZE build/GEDE01/src/game/game_fn_801EF910.o
[459/911] EXTERNALIZE build/GEDE01/src/game/game_fn_801ECF50.o
[460/911] EXTERNALIZE build/GEDE01/src/game/game_fn_801FC204.o
[461/911] EXTERNALIZE build/GEDE01/src/game/game_fn_801EB09C.o
[462/911] EXTERNALIZE build/GEDE01/src/game/game_fn_801EB11C.o
[463/911] EXTERNALIZE JUMPTABLES build/GEDE01/src/game/game_fn_80050B08.o
[464/911] EXTERNALIZE build/GEDE01/src/game/game_fn_801E41AC.o
[465/911] EXTERNALIZE build/GEDE01/src/game/game_fn_801D9FE4.o
[466/911] EXTERNALIZE build/GEDE01/src/game/game_fn_801D76A8.o
[467/911] EXTERNALIZE build/GEDE01/src/game/game_fn_801D8050.o
[468/911] EXTERNALIZE build/GEDE01/src/game/game_fn_801D7C24.o
[469/911] EXTERNALIZE build/GEDE01/src/game/game_fn_8019B1BC.o
[470/911] EXTERNALIZE build/GEDE01/src/game/game_fn_80178F88.o
[471/911] EXTERNALIZE build/GEDE01/src/game/game_fn_801CD228.o
[472/911] EXTERNALIZE build/GEDE01/src/game/game_fn_801C970C.o
[473/911] EXTERNALIZE build/GEDE01/src/game/game_fn_801BA15C.o
[474/911] EXTERNALIZE build/GEDE01/src/game/game_fn_801C9510.o
[475/911] EXTERNALIZE build/GEDE01/src/game/game_fn_80126A00.o
[476/911] EXTERNALIZE build/GEDE01/src/game/game_fn_8013D6A4.o
[477/911] EXTERNALIZE build/GEDE01/src/game/game_fn_800C9C60.o
[478/911] EXTERNALIZE build/GEDE01/src/game/game_fn_801B5228.o
[479/911] EXTERNALIZE build/GEDE01/src/game/game_fn_801B4FB4.o
[480/911] EXTERNALIZE build/GEDE01/src/game/game_fn_801C87DC.o
[481/911] EXTERNALIZE build/GEDE01/src/game/game_fn_801B6F1C.o
[482/911] EXTERNALIZE build/GEDE01/src/game/game_fn_801C8CC0.o
[483/911] EXTERNALIZE build/GEDE01/src/game/game_fn_800FD0C8.o
[484/911] EXTERNALIZE build/GEDE01/src/game/game_fn_801BDE7C.o
[485/911] EXTERNALIZE build/GEDE01/src/game/game_fn_801BE0D4.o
[486/911] EXTERNALIZE STATIC POOL build/GEDE01/src/game/game_fn_801C9A08.o
build/GEDE01/src/game/game_fn_801C9A08.o: lbl_80629390 now undefined; section 3 emptied
[487/911] EXTERNALIZE STATIC POOL build/GEDE01/src/game/game_fn_801C9B1C.o
build/GEDE01/src/game/game_fn_801C9B1C.o: lbl_80629390 now undefined; section 3 emptied
[488/911] EXTERNALIZE build/GEDE01/src/game/game_fn_801B941C.o
[489/911] EXTERNALIZE STATIC POOL build/GEDE01/src/game/game_fn_801BD990.o
build/GEDE01/src/game/game_fn_801BD990.o: lbl_80626D80 now undefined; section 6 emptied
[490/911] EXTERNALIZE STATIC POOL build/GEDE01/src/game/game_fn_801B58F0.o
build/GEDE01/src/game/game_fn_801B58F0.o: lbl_8060C020 now undefined; section 3 emptied
[491/911] EXTERNALIZE STATIC POOL build/GEDE01/src/game/game_fn_801B9E7C.o
build/GEDE01/src/game/game_fn_801B9E7C.o: 0 relocation(s) moved from streamInfo to ...bss.0
build/GEDE01/src/game/game_fn_801B9E7C.o: lbl_8061AE48 now undefined; section 6 emptied
[492/911] EXTERNALIZE STATIC POOL build/GEDE01/src/game/game_fn_801BB1A0.o
build/GEDE01/src/game/game_fn_801BB1A0.o: 0 relocation(s) moved from streamInfo to ...bss.0
build/GEDE01/src/game/game_fn_801BB1A0.o: lbl_8061AE48 now undefined; section 6 emptied
[493/911] EXTERNALIZE STATIC build/GEDE01/src/game/game_fn_801B35BC.o
build/GEDE01/src/game/game_fn_801B35BC.o: lbl_8060D420 now undefined; section 6 emptied
[494/911] EXTERNALIZE STATIC POOL build/GEDE01/src/game/game_fn_801BA708.o
build/GEDE01/src/game/game_fn_801BA708.o: 0 relocation(s) moved from streamInfo to ...bss.0
build/GEDE01/src/game/game_fn_801BA708.o: lbl_8061AE48 now undefined; section 6 emptied
[495/911] EXTERNALIZE STATIC POOL build/GEDE01/src/game/game_fn_801BC8F4.o
build/GEDE01/src/game/game_fn_801BC8F4.o: lbl_8061C748 now undefined; section 6 emptied
[496/911] EXTERNALIZE STATIC build/GEDE01/src/game/game_fn_801BC240.o
build/GEDE01/src/game/game_fn_801BC240.o: lbl_8061C748 now undefined; section 6 emptied
[497/911] EXTERNALIZE STATIC POOL build/GEDE01/src/game/game_fn_801BCC04.o
build/GEDE01/src/game/game_fn_801BCC04.o: lbl_8061C748 now undefined; section 6 emptied
[498/911] EXTERNALIZE STATIC POOL build/GEDE01/src/game/game_fn_801BC0D4.o
build/GEDE01/src/game/game_fn_801BC0D4.o: lbl_8061C748 now undefined; section 6 emptied
[499/911] EXTERNALIZE STATIC POOL build/GEDE01/src/game/game_fn_801C1CB0.o
build/GEDE01/src/game/game_fn_801C1CB0.o: lbl_80626DA0 now undefined; section 3 emptied
[500/911] RENAME build/GEDE01/src/game/game_InitMetroTRKCommTable.o
[501/911] EXTERNALIZE STATIC POOL build/GEDE01/src/game/game_fn_801CE09C.o
build/GEDE01/src/game/game_fn_801CE09C.o: lbl_80631340 now undefined; section 6 emptied
[502/911] RENAME RUNTIME INTRINSICS build/GEDE01/src/game/game_fn_801CB4F8.o
[503/911] EXTERNALIZE STATIC POOL build/GEDE01/src/game/game_fn_8010242C.o
build/GEDE01/src/game/game_fn_8010242C.o: lbl_8032CC08 now undefined; section 3 emptied
[504/911] EXTERNALIZE build/GEDE01/src/game/game_fn_801D3988.o
[505/911] EXTERNALIZE build/GEDE01/src/game/game_fn_801D1B10.o
[506/911] ALIGN DATA build/GEDE01/src/game/game_fn_80008014.o
[507/911] EXTERNALIZE build/GEDE01/src/game/game_fn_801CE594.o
[508/911] EXTERNALIZE build/GEDE01/src/game/game_fn_8014549C.o
[509/911] EXTERNALIZE build/GEDE01/src/game/game_fn_801C8224.o
[510/911] EXTERNALIZE build/GEDE01/src/game/game_fn_801098C0.o
[511/911] EXTERNALIZE build/GEDE01/src/game/game_fn_8000FDE8.o
[512/911] EXTERNALIZE build/GEDE01/src/game/game_fn_80185F10.o
[513/911] EXTERNALIZE build/GEDE01/src/game/game_fn_801C29BC.o
[514/911] EXTERNALIZE build/GEDE01/src/game/game_fn_801C8F50.o
[515/911] EXTERNALIZE build/GEDE01/src/game/game_fn_8007B828.o
[516/911] EXTERNALIZE build/GEDE01/src/game/game_fn_801C90A4.o
[517/911] EXTERNALIZE build/GEDE01/src/game/game_fn_801C8160.o
[518/911] EXTERNALIZE build/GEDE01/src/game/game_fn_801C2AAC.o
[519/911] EXTERNALIZE build/GEDE01/src/game/game_fn_801C2D9C.o
[520/911] EXTERNALIZE build/GEDE01/src/game/game_fn_801C2980.o
[521/911] EXTERNALIZE build/GEDE01/src/game/game_fn_801B02F0.o
[522/911] EXTERNALIZE build/GEDE01/src/game/game_fn_801AFA74.o
[523/911] EXTERNALIZE build/GEDE01/src/game/game_fn_801AC8AC.o
[524/911] EXTERNALIZE build/GEDE01/src/game/game_fn_801ABD3C.o
[525/911] EXTERNALIZE build/GEDE01/src/game/game_fn_801816D4.o
[526/911] EXTERNALIZE build/GEDE01/src/game/game_fn_8011F140.o
[527/911] EXTERNALIZE build/GEDE01/src/game/game_fn_801AD08C.o
[528/911] EXTERNALIZE build/GEDE01/src/game/game_fn_8004998C.o
[529/911] EXTERNALIZE build/GEDE01/src/game/game_fn_80079AA4.o
[530/911] EXTERNALIZE build/GEDE01/src/game/game_fn_80158D38.o
[531/911] EXTERNALIZE build/GEDE01/src/game/game_fn_801A3A78.o
[532/911] EXTERNALIZE build/GEDE01/src/game/game_fn_8008F224.o
[533/911] EXTERNALIZE build/GEDE01/src/game/game_fn_80167454.o
[534/911] EXTERNALIZE build/GEDE01/src/game/game_fn_800AF230.o
[535/911] EXTERNALIZE build/GEDE01/src/game/game_fn_801A93E8.o
[536/911] EXTERNALIZE build/GEDE01/src/game/game_fn_801AB154.o
[537/911] EXTERNALIZE build/GEDE01/src/game/game_fn_801A7E04.o
[538/911] EXTERNALIZE build/GEDE01/src/game/game_fn_801A7EA8.o
[539/911] EXTERNALIZE build/GEDE01/src/game/game_fn_801A6CB4.o
[540/911] EXTERNALIZE build/GEDE01/src/game/game_fn_801A4CE0.o
[541/911] EXTERNALIZE build/GEDE01/src/game/game_fn_801A6C58.o
[542/911] NAME JUMPTABLE build/GEDE01/src/game/game_fn_801A6ADC.o
[543/911] EXTERNALIZE build/GEDE01/src/game/game_fn_801A6410.o
[544/911] EXTERNALIZE build/GEDE01/src/game/game_fn_801A5FB0.o
[545/911] EXTERNALIZE build/GEDE01/src/game/game_fn_801A1F18.o
[546/911] EXTERNALIZE build/GEDE01/src/game/game_fn_8019E8C8.o
[547/911] EXTERNALIZE build/GEDE01/src/game/game_fn_8019E5E4.o
[548/911] EXTERNALIZE build/GEDE01/src/game/game_fn_8019CFC4.o
[549/911] EXTERNALIZE build/GEDE01/src/game/game_fn_8019CC28.o
[550/911] EXTERNALIZE build/GEDE01/src/game/game_fn_801991E0.o
[551/911] EXTERNALIZE build/GEDE01/src/game/game_fn_80198BF4.o
[552/911] EXTERNALIZE build/GEDE01/src/game/game_fn_80198AAC.o
[553/911] EXTERNALIZE build/GEDE01/src/game/game_fn_80198154.o
[554/911] EXTERNALIZE build/GEDE01/src/game/game_fn_80194F80.o
[555/911] EXTERNALIZE build/GEDE01/src/game/game_fn_80197910.o
[556/911] EXTERNALIZE build/GEDE01/src/game/game_fn_80177434.o
repointed 2 relocations to lbl_80250588
[557/911] EXTERNALIZE build/GEDE01/src/game/game_fn_80193E1C.o
[558/911] EXTERNALIZE build/GEDE01/src/game/game_fn_801931C4.o
[559/911] EXTERNALIZE build/GEDE01/src/game/game_fn_80193F3C.o
[560/911] EXTERNALIZE build/GEDE01/src/game/game_fn_80192F54.o
[561/911] EXTERNALIZE build/GEDE01/src/game/game_fn_80191F58.o
[562/911] EXTERNALIZE build/GEDE01/src/game/game_fn_8019197C.o
[563/911] EXTERNALIZE build/GEDE01/src/game/game_fn_80191360.o
[564/911] GLOBALIZE build/GEDE01/src/game/game_fn_8018F1D0.o
[565/911] EXTERNALIZE build/GEDE01/src/game/game_fn_8018D688.o
[566/911] EXTERNALIZE build/GEDE01/src/game/game_fn_8018F81C.o
[567/911] EXTERNALIZE build/GEDE01/src/game/game_fn_8018D2E0.o
[568/911] EXTERNALIZE build/GEDE01/src/game/game_fn_80189968.o
[569/911] EXTERNALIZE build/GEDE01/src/game/game_fn_80189760.o
[570/911] EXTERNALIZE build/GEDE01/src/game/game_fn_8018D1F0.o
[571/911] EXTERNALIZE build/GEDE01/src/game/game_fn_801896A0.o
[572/911] EXTERNALIZE build/GEDE01/src/game/game_fn_801895E8.o
[573/911] EXTERNALIZE build/GEDE01/src/game/game_fn_80189390.o
[574/911] EXTERNALIZE build/GEDE01/src/game/game_fn_801891D8.o
[575/911] EXTERNALIZE build/GEDE01/src/game/game_fn_80188E28.o
[576/911] EXTERNALIZE build/GEDE01/src/game/game_fn_80189028.o
[577/911] EXTERNALIZE build/GEDE01/src/game/game_fn_80188B44.o
[578/911] EXTERNALIZE build/GEDE01/src/game/game_fn_80188C1C.o
[579/911] EXTERNALIZE build/GEDE01/src/game/game_fn_80188A7C.o
[580/911] EXTERNALIZE build/GEDE01/src/game/game_fn_801878E0.o
[581/911] EXTERNALIZE build/GEDE01/src/game/game_fn_80187120.o
[582/911] EXTERNALIZE build/GEDE01/src/game/game_fn_8018FEDC.o
[583/911] EXTERNALIZE build/GEDE01/src/game/game_fn_80186E10.o
[584/911] EXTERNALIZE build/GEDE01/src/game/game_fn_801865EC.o
[585/911] EXTERNALIZE build/GEDE01/src/game/game_fn_80185AE8.o
[586/911] EXTERNALIZE build/GEDE01/src/game/game_fn_801859FC.o
[587/911] EXTERNALIZE build/GEDE01/src/game/game_fn_80180DDC.o
[588/911] EXTERNALIZE build/GEDE01/src/game/game_fn_8017E958.o
[589/911] EXTERNALIZE build/GEDE01/src/game/game_fn_8017E850.o
[590/911] EXTERNALIZE build/GEDE01/src/game/game_fn_8017718C.o
[591/911] EXTERNALIZE build/GEDE01/src/game/game_fn_801770F8.o
[592/911] EXTERNALIZE build/GEDE01/src/game/game_fn_80176FA0.o
[593/911] EXTERNALIZE build/GEDE01/src/game/game_fn_80176DF4.o
[594/911] EXTERNALIZE build/GEDE01/src/game/game_fn_80174358.o
[595/911] EXTERNALIZE build/GEDE01/src/game/game_fn_80173F04.o
[596/911] EXTERNALIZE build/GEDE01/src/game/game_fn_80174184.o
[597/911] EXTERNALIZE build/GEDE01/src/game/game_fn_8017553C.o
[598/911] EXTERNALIZE build/GEDE01/src/game/game_fn_80173D44.o
[599/911] EXTERNALIZE build/GEDE01/src/game/game_fn_80173770.o
[600/911] EXTERNALIZE build/GEDE01/src/game/game_fn_801734B4.o
[601/911] EXTERNALIZE build/GEDE01/src/game/game_fn_80173270.o
[602/911] EXTERNALIZE build/GEDE01/src/game/game_fn_80172DB8.o
[603/911] EXTERNALIZE build/GEDE01/src/game/game_fn_80172C78.o
[604/911] EXTERNALIZE build/GEDE01/src/game/game_fn_80172BB0.o
[605/911] EXTERNALIZE build/GEDE01/src/game/game_fn_801726EC.o
[606/911] EXTERNALIZE build/GEDE01/src/game/game_fn_8017250C.o
[607/911] EXTERNALIZE build/GEDE01/src/game/game_fn_80171F30.o
[608/911] EXTERNALIZE build/GEDE01/src/game/game_fn_801719B4.o
[609/911] EXTERNALIZE build/GEDE01/src/game/game_fn_801718F4.o
[610/911] EXTERNALIZE build/GEDE01/src/game/game_fn_80171664.o
[611/911] EXTERNALIZE build/GEDE01/src/game/game_fn_8017138C.o
[612/911] EXTERNALIZE build/GEDE01/src/game/game_fn_80170A40.o
[613/911] NORMALIZE build/GEDE01/src/game/game_TRKNubWelcome.o
[614/911] NORMALIZE build/GEDE01/src/game/game_TRK_main.o
[615/911] NORMALIZE build/GEDE01/src/game/game_data_80239E10.o
[616/911] NORMALIZE build/GEDE01/src/game/game_data_80239E18.o
[617/911] EXTERNALIZE build/GEDE01/src/game/game_fn_801706DC.o
[618/911] EXTERNALIZE build/GEDE01/src/game/game_fn_8017652C.o
[619/911] EXTERNALIZE build/GEDE01/src/game/game_fn_80170E9C.o
[620/911] EXTERNALIZE build/GEDE01/src/game/game_fn_80175F0C.o
[621/911] EXTERNALIZE build/GEDE01/src/game/game_fn_80175E64.o
[622/911] EXTERNALIZE build/GEDE01/src/game/game_fn_80175FD4.o
[623/911] EXTERNALIZE build/GEDE01/src/game/game_fn_80176098.o
[624/911] EXTERNALIZE build/GEDE01/src/game/game_fn_80176160.o
[625/911] EXTERNALIZE build/GEDE01/src/game/game_fn_80176220.o
[626/911] EXTERNALIZE build/GEDE01/src/game/game_fn_80170DF4.o
[627/911] EXTERNALIZE build/GEDE01/src/game/game_fn_801762E8.o
[628/911] EXTERNALIZE build/GEDE01/src/game/game_fn_8016E8F8.o
[629/911] EXTERNALIZE build/GEDE01/src/game/game_fn_801704F8.o
[630/911] EXTERNALIZE build/GEDE01/src/game/game_fn_8016FEF8.o
[631/911] EXTERNALIZE build/GEDE01/src/game/game_fn_8016D2B8.o
[632/911] NORMALIZE build/GEDE01/src/game/game_fn_8016DF4C.o
[633/911] EXTERNALIZE build/GEDE01/src/game/game_fn_8016D040.o
[634/911] EXTERNALIZE build/GEDE01/src/game/game_fn_8016D1F8.o
[635/911] EXTERNALIZE build/GEDE01/src/game/game_fn_8016C774.o
[636/911] EXTERNALIZE build/GEDE01/src/game/game_fn_8016C4BC.o
[637/911] EXTERNALIZE build/GEDE01/src/game/game_fn_8016C238.o
[638/911] EXTERNALIZE build/GEDE01/src/game/game_fn_8016C164.o
[639/911] EXTERNALIZE build/GEDE01/src/game/game_fn_8016C0BC.o
[640/911] EXTERNALIZE build/GEDE01/src/game/game_fn_8017038C.o
[641/911] EXTERNALIZE build/GEDE01/src/game/game_fn_8016BE1C.o
[642/911] EXTERNALIZE build/GEDE01/src/game/game_fn_8016BF60.o
[643/911] EXTERNALIZE build/GEDE01/src/game/game_fn_8016BD0C.o
[644/911] EXTERNALIZE build/GEDE01/src/game/game_fn_80169650.o
[645/911] EXTERNALIZE build/GEDE01/src/game/game_fn_8015EDC0.o
[646/911] EXTERNALIZE build/GEDE01/src/game/game_fn_80167B5C.o
[647/911] EXTERNALIZE build/GEDE01/src/game/game_fn_8015DB84.o
[648/911] EXTERNALIZE build/GEDE01/src/game/game_fn_8015DC54.o
[649/911] EXTERNALIZE build/GEDE01/src/game/game_fn_80158B20.o
[650/911] EXTERNALIZE build/GEDE01/src/game/game_fn_80179398.o
[651/911] EXTERNALIZE build/GEDE01/src/game/game_fn_8017960C.o
[652/911] EXTERNALIZE build/GEDE01/src/game/game_fn_8017974C.o
[653/911] EXTERNALIZE build/GEDE01/src/game/game_fn_80179904.o
[654/911] EXTERNALIZE build/GEDE01/src/game/game_fn_8017A9B8.o
[655/911] EXTERNALIZE build/GEDE01/src/game/game_fn_80179A74.o
[656/911] EXTERNALIZE build/GEDE01/src/game/game_fn_80179A18.o
[657/911] EXTERNALIZE build/GEDE01/src/game/game_fn_80179EB8.o
[658/911] EXTERNALIZE build/GEDE01/src/game/game_fn_80179F20.o
[659/911] EXTERNALIZE build/GEDE01/src/game/game_fn_8017A010.o
[660/911] EXTERNALIZE build/GEDE01/src/game/game_fn_8017A12C.o
[661/911] EXTERNALIZE build/GEDE01/src/game/game_fn_80157C0C.o
[662/911] EXTERNALIZE build/GEDE01/src/game/game_fn_8017A1C0.o
[663/911] EXTERNALIZE build/GEDE01/src/game/game_fn_80155814.o
[664/911] EXTERNALIZE build/GEDE01/src/game/game_fn_80153898.o
[665/911] EXTERNALIZE build/GEDE01/src/game/game_fn_8014B494.o
[666/911] EXTERNALIZE build/GEDE01/src/game/game_fn_8014AF38.o
[667/911] EXTERNALIZE build/GEDE01/src/game/game_fn_8012DB28.o
[668/911] EXTERNALIZE build/GEDE01/src/game/game_fn_801141B8.o
[669/911] EXTERNALIZE build/GEDE01/src/game/game_fn_801128E4.o
[670/911] EXTERNALIZE build/GEDE01/src/game/game_fn_801126E0.o
[671/911] EXTERNALIZE build/GEDE01/src/game/game_fn_8010F184.o
[672/911] EXTERNALIZE build/GEDE01/src/game/game_fn_800E4980.o
[673/911] EXTERNALIZE build/GEDE01/src/game/game_fn_800C17EC.o
[674/911] EXTERNALIZE build/GEDE01/src/game/game_fn_800C030C.o
[675/911] EXTERNALIZE build/GEDE01/src/game/game_fn_800C59F0.o
[676/911] EXTERNALIZE build/GEDE01/src/game/game_fn_800C644C.o
[677/911] EXTERNALIZE build/GEDE01/src/game/game_fn_800C65FC.o
[678/911] EXTERNALIZE build/GEDE01/src/game/game_fn_800CB760.o
[679/911] EXTERNALIZE build/GEDE01/src/game/game_fn_800CB8F4.o
[680/911] EXTERNALIZE build/GEDE01/src/game/game_fn_80079908.o
[681/911] EXTERNALIZE build/GEDE01/src/game/game_fn_80078500.o
[682/911] EXTERNALIZE build/GEDE01/src/game/game_fn_8007B2F4.o
[683/911] EXTERNALIZE build/GEDE01/src/game/game_fn_8007B540.o
[684/911] EXTERNALIZE build/GEDE01/src/game/game_fn_8007B640.o
[685/911] EXTERNALIZE build/GEDE01/src/game/game_fn_800886D8.o
[686/911] EXTERNALIZE build/GEDE01/src/game/game_fn_8007BA3C.o
[687/911] EXTERNALIZE build/GEDE01/src/game/game_fn_800A3894.o
[688/911] EXTERNALIZE build/GEDE01/src/game/game_fn_800934A0.o
[689/911] EXTERNALIZE build/GEDE01/src/game/game_fn_800A7E88.o
[690/911] EXTERNALIZE build/GEDE01/src/game/game_fn_800A4798.o
[691/911] GLOBALIZE build/GEDE01/src/game/game_fn_800A2130.o
[692/911] EXTERNALIZE build/GEDE01/src/game/game_fn_800A2FCC.o
[693/911] EXTERNALIZE build/GEDE01/src/game/game_fn_8009C424.o
[694/911] EXTERNALIZE SWITCHES build/GEDE01/src/game/game_fn_80095FDC.o
[695/911] EXTERNALIZE build/GEDE01/src/game/game_fn_80096830.o
[696/911] GLOBALIZE build/GEDE01/src/game/game_fn_8008F890.o
[697/911] EXTERNALIZE build/GEDE01/src/game/game_fn_800A4428.o
[698/911] EXTERNALIZE build/GEDE01/src/game/game_fn_80074310.o
[699/911] GLOBALIZE build/GEDE01/src/game/game_fn_8005FD84.o
[700/911] EXTERNALIZE build/GEDE01/src/game/game_fn_80066888.o
[701/911] EXTERNALIZE build/GEDE01/src/game/game_fn_8005EC6C.o
[702/911] EXTERNALIZE build/GEDE01/src/game/game_fn_80052310.o
[703/911] EXTERNALIZE build/GEDE01/src/game/game_fn_80048B24.o
[704/911] NAME SWITCH build/GEDE01/src/game/game_fn_80020E94.o
[705/911] NAME SWITCH build/GEDE01/src/game/game_fn_8005EE9C.o
[706/911] NAME SWITCH build/GEDE01/src/game/game_fn_8016D9C0.o
[707/911] NAME SWITCH build/GEDE01/src/game/game_fn_80071A58.o
[708/911] EXTERNALIZE build/GEDE01/src/game/game_fn_80048ADC.o
[709/911] NAME SWITCH build/GEDE01/src/game/game_fn_8006B620.o
[710/911] NAME SWITCH build/GEDE01/src/game/game_fn_8001FE1C.o
[711/911] NAME SWITCH build/GEDE01/src/game/game_fn_8001E644.o
[712/911] EXTERNALIZE build/GEDE01/src/game/game_fn_80038878.o
[713/911] EXTERNALIZE build/GEDE01/src/game/game_fn_801B46C8.o
build/GEDE01/src/game/game_fn_801B46C8.o: lbl_8060C020 now undefined; section 6 emptied
[714/911] EXTERNALIZE build/GEDE01/src/game/game_fn_80036C40.o
[715/911] EXTERNALIZE build/GEDE01/src/game/game_fn_800359A0.o
[716/911] EXTERNALIZE build/GEDE01/src/game/game_fn_80033180.o
[717/911] EXTERNALIZE build/GEDE01/src/game/game_fn_80033038.o
[718/911] EXTERNALIZE build/GEDE01/src/game/game_fn_80032B84.o
[719/911] EXTERNALIZE build/GEDE01/src/game/game_fn_8003232C.o
[720/911] EXTERNALIZE build/GEDE01/src/game/game_fn_8002E3F0.o
[721/911] EXTERNALIZE build/GEDE01/src/game/game_fn_8002DAE0.o
[722/911] EXTERNALIZE build/GEDE01/src/game/game_fn_8002F428.o
[723/911] EXTERNALIZE build/GEDE01/src/game/game_fn_8002EA68.o
[724/911] GLOBALIZE build/GEDE01/src/game/game_fn_8002B748.o
[725/911] NAME SWITCHES build/GEDE01/src/game/game_fn_80024F28.o
[726/911] EXTERNALIZE build/GEDE01/src/game/game_fn_800272B4.o
[727/911] EXTERNALIZE build/GEDE01/src/game/game_fn_8001CE94.o
[728/911] EXTERNALIZE build/GEDE01/src/game/game_fn_8001CD58.o
[729/911] EXTERNALIZE build/GEDE01/src/game/game_fn_8001C078.o
[730/911] EXTERNALIZE build/GEDE01/src/game/game_fn_8001B874.o
[731/911] EXTERNALIZE build/GEDE01/src/game/game_fn_8001B808.o
[732/911] EXTERNALIZE build/GEDE01/src/game/game_fn_8001B294.o
[733/911] EXTERNALIZE build/GEDE01/src/game/game_fn_8001B124.o
[734/911] EXTERNALIZE build/GEDE01/src/game/game_fn_8001ADF8.o
[735/911] EXTERNALIZE build/GEDE01/src/game/game_fn_8001AF68.o
[736/911] EXTERNALIZE build/GEDE01/src/game/game_fn_8001AAB8.o
[737/911] EXTERNALIZE build/GEDE01/src/game/game_fn_8001A6C4.o
[738/911] EXTERNALIZE build/GEDE01/src/game/game_fn_80019F98.o
[739/911] EXTERNALIZE build/GEDE01/src/game/game_fn_80019D2C.o
[740/911] EXTERNALIZE build/GEDE01/src/game/game_fn_80019C10.o
[741/911] EXTERNALIZE build/GEDE01/src/game/game_fn_80019940.o
[742/911] EXTERNALIZE build/GEDE01/src/game/game_fn_800194D0.o
[743/911] EXTERNALIZE build/GEDE01/src/game/game_fn_80019054.o
[744/911] EXTERNALIZE build/GEDE01/src/game/game_fn_80019244.o
[745/911] EXTERNALIZE build/GEDE01/src/game/game_fn_80018EF4.o
[746/911] EXTERNALIZE build/GEDE01/src/game/game_fn_80017DB0.o
[747/911] EXTERNALIZE build/GEDE01/src/game/game_fn_80017CC8.o
[748/911] EXTERNALIZE build/GEDE01/src/game/game_fn_80017C3C.o
[749/911] EXTERNALIZE build/GEDE01/src/game/game_fn_80017A3C.o
[750/911] EXTERNALIZE build/GEDE01/src/game/game_fn_80017AE4.o
[751/911] EXTERNALIZE build/GEDE01/src/game/game_fn_800179AC.o
[752/911] EXTERNALIZE build/GEDE01/src/game/game_fn_80017910.o
[753/911] EXTERNALIZE FLAGS build/GEDE01/src/game/game_fn_800119FC.o
[754/911] EXTERNALIZE build/GEDE01/src/game/game_fn_8000FFD8.o
[755/911] EXTERNALIZE build/GEDE01/src/game/game_fn_8000F4B0.o
[756/911] EXTERNALIZE build/GEDE01/src/game/game_fn_8000EFC4.o
[757/911] GLOBALIZE build/GEDE01/src/game/game_fn_800094C0.o
[758/911] EXTERNALIZE build/GEDE01/src/game/game_fn_800096E0.o
[759/911] EXTERNALIZE build/GEDE01/src/game/game_fn_800098C0.o
[760/911] EXTERNALIZE build/GEDE01/src/game/game_fn_800099D8.o
[761/911] EXTERNALIZE build/GEDE01/src/game/game_fn_80009AB4.o
[762/911] EXTERNALIZE build/GEDE01/src/game/game_fn_8000A26C.o
[763/911] EXTERNALIZE build/GEDE01/src/game/game_fn_800171C0.o
[764/911] EXTERNALIZE build/GEDE01/src/game/game_fn_800176F0.o
[765/911] EXTERNALIZE build/GEDE01/src/game/game_fn_8000AC88.o
[766/911] EXTERNALIZE build/GEDE01/src/game/game_fn_8000AFB4.o
[767/911] EXTERNALIZE build/GEDE01/src/game/game_fn_8000AEB4.o
[768/911] EXTERNALIZE build/GEDE01/src/game/game_fn_8000B1B8.o
[769/911] EXTERNALIZE build/GEDE01/src/game/game_fn_8000B36C.o
[770/911] EXTERNALIZE build/GEDE01/src/game/game_fn_8000B7FC.o
[771/911] EXTERNALIZE build/GEDE01/src/game/game_fn_8000B630.o
[772/911] EXTERNALIZE build/GEDE01/src/game/game_fn_8000BA0C.o
[773/911] EXTERNALIZE build/GEDE01/src/game/game_fn_8000B900.o
[774/911] EXTERNALIZE build/GEDE01/src/game/game_fn_8000BAA0.o
[775/911] EXTERNALIZE build/GEDE01/src/game/game_fn_8000BC40.o
[776/911] EXTERNALIZE build/GEDE01/src/game/game_fn_8000C06C.o
[777/911] EXTERNALIZE build/GEDE01/src/game/game_fn_8000C17C.o
[778/911] EXTERNALIZE build/GEDE01/src/game/game_fn_8000C400.o
[779/911] EXTERNALIZE build/GEDE01/src/game/game_fn_8000C848.o
[780/911] EXTERNALIZE build/GEDE01/src/game/game_fn_8000C91C.o
[781/911] EXTERNALIZE build/GEDE01/src/game/game_fn_8000D0BC.o
[782/911] NAME SWITCH build/GEDE01/src/game/game_fn_8000D8A4.o
[783/911] EXTERNALIZE build/GEDE01/src/game/game_fn_8000D3D4.o
[784/911] EXTERNALIZE build/GEDE01/src/game/game_fn_8000E054.o
[785/911] EXTERNALIZE build/GEDE01/src/game/game_fn_8000E0AC.o
[786/911] EXTERNALIZE build/GEDE01/src/game/game_fn_8000E96C.o
[787/911] EXTERNALIZE build/GEDE01/src/game/game_fn_8000F774.o
[788/911] EXTERNALIZE build/GEDE01/src/game/game_fn_8000EB14.o
[789/911] EXTERNALIZE build/GEDE01/src/game/game_fn_8000EBD4.o
[790/911] EXTERNALIZE build/GEDE01/src/game/game_fn_8000ED44.o
[791/911] EXTERNALIZE build/GEDE01/src/game/game_fn_8000E138.o
[792/911] EXTERNALIZE build/GEDE01/src/game/game_fn_8000E1C4.o
[793/911] EXTERNALIZE build/GEDE01/src/game/game_fn_8000D590.o
[794/911] EXTERNALIZE build/GEDE01/src/game/game_fn_8000DA50.o
[795/911] EXTERNALIZE build/GEDE01/src/game/game_fn_8000DAF4.o
[796/911] EXTERNALIZE build/GEDE01/src/game/game_fn_80012DA8.o
[797/911] EXTERNALIZE build/GEDE01/src/game/game_fn_80012F40.o
[798/911] EXTERNALIZE build/GEDE01/src/game/game_fn_80012FD0.o
[799/911] EXTERNALIZE build/GEDE01/src/game/game_fn_800131E8.o
[800/911] EXTERNALIZE build/GEDE01/src/game/game_fn_80013340.o
[801/911] EXTERNALIZE build/GEDE01/src/game/game_fn_80013870.o
[802/911] EXTERNALIZE build/GEDE01/src/game/game_fn_80013CB0.o
[803/911] EXTERNALIZE build/GEDE01/src/game/game_fn_80013D54.o
[804/911] EXTERNALIZE build/GEDE01/src/game/game_fn_800142DC.o
[805/911] EXTERNALIZE build/GEDE01/src/game/game_fn_800144CC.o
[806/911] EXTERNALIZE build/GEDE01/src/game/game_fn_80014784.o
[807/911] EXTERNALIZE build/GEDE01/src/game/game_fn_800149D4.o
[808/911] EXTERNALIZE build/GEDE01/src/game/game_fn_80015058.o
[809/911] EXTERNALIZE build/GEDE01/src/game/game_fn_80015320.o
[810/911] EXTERNALIZE build/GEDE01/src/game/game_fn_80015568.o
[811/911] EXTERNALIZE build/GEDE01/src/game/game_fn_800156FC.o
[812/911] EXTERNALIZE build/GEDE01/src/game/game_fn_80015BE0.o
[813/911] EXTERNALIZE build/GEDE01/src/game/game_fn_80015D40.o
[814/911] EXTERNALIZE build/GEDE01/src/game/game_fn_80015F04.o
[815/911] EXTERNALIZE build/GEDE01/src/game/game_fn_80016128.o
[816/911] EXTERNALIZE build/GEDE01/src/game/game_fn_80016270.o
[817/911] EXTERNALIZE build/GEDE01/src/game/game_fn_80016904.o
[818/911] EXTERNALIZE build/GEDE01/src/game/game_fn_800173CC.o
[819/911] EXTERNALIZE build/GEDE01/src/game/game_fn_80016B24.o
[820/911] EXTERNALIZE build/GEDE01/src/game/game_fn_801BEF40.o
[821/911] EXTERNALIZE build/GEDE01/src/game/game_fn_801B86C0.o
[822/911] EXTERNALIZE STATIC POOL build/GEDE01/src/game/game_fn_801C4B5C.o
build/GEDE01/src/game/game_fn_801C4B5C.o: lbl_80628CB0 now undefined; section 6 emptied
[823/911] EXTERNALIZE build/GEDE01/src/game/game_fn_801C8600.o
[824/911] EXTERNALIZE build/GEDE01/src/game/game_fn_801E7014.o
[825/911] EXTERNALIZE build/GEDE01/src/game/game_fn_8014BA14.o
[826/911] EXTERNALIZE build/GEDE01/src/game/game_fn_801A4430.o
[827/911] EXTERNALIZE build/GEDE01/src/game/game_fn_800B2EC0.o
[828/911] EXTERNALIZE build/GEDE01/src/game/game_fn_8001CA04.o
[829/911] EXTERNALIZE build/GEDE01/src/game/game_fn_80031544.o
[830/911] EXTERNALIZE build/GEDE01/src/game/game_fn_8006B0F0.o
[831/911] EXTERNALIZE build/GEDE01/src/game/game_fn_8007D4D8.o
[832/911] EXTERNALIZE build/GEDE01/src/game/game_fn_80088F4C.o
[833/911] EXTERNALIZE build/GEDE01/src/game/game_fn_8007F770.o
[834/911] EXTERNALIZE build/GEDE01/src/game/game_fn_8008A2E0.o
[835/911] EXTERNALIZE build/GEDE01/src/game/game_fn_80089A34.o
[836/911] EXTERNALIZE build/GEDE01/src/game/game_fn_80090004.o
[837/911] EXTERNALIZE build/GEDE01/src/game/game_fn_80095D10.o
[838/911] EXTERNALIZE build/GEDE01/src/game/game_fn_800A3180.o
[839/911] EXTERNALIZE build/GEDE01/src/game/game_fn_800BB7A8.o
[840/911] EXTERNALIZE build/GEDE01/src/game/game_fn_800BB5C4.o
[841/911] EXTERNALIZE build/GEDE01/src/game/game_fn_800BB9A4.o
[842/911] EXTERNALIZE build/GEDE01/src/game/game_fn_800BBAF0.o
[843/911] EXTERNALIZE build/GEDE01/src/game/game_fn_800D9064.o
[844/911] EXTERNALIZE build/GEDE01/src/game/game_fn_800D9E10.o
[845/911] EXTERNALIZE build/GEDE01/src/game/game_fn_8012976C.o
[846/911] EXTERNALIZE build/GEDE01/src/game/game_fn_8013DB8C.o
[847/911] EXTERNALIZE build/GEDE01/src/game/game_fn_8013CBE4.o
[848/911] EXTERNALIZE build/GEDE01/src/game/game_fn_8014CA98.o
[849/911] EXTERNALIZE build/GEDE01/src/game/game_fn_80153A24.o
[850/911] EXTERNALIZE build/GEDE01/src/game/game_fn_801535D8.o
[851/911] EXTERNALIZE build/GEDE01/src/game/game_fn_80174F2C.o
[852/911] EXTERNALIZE build/GEDE01/src/game/game_fn_801752B0.o
[853/911] EXTERNALIZE build/GEDE01/src/game/game_fn_8017AC20.o
[854/911] EXTERNALIZE build/GEDE01/src/game/game_fn_801861C4.o
[855/911] EXTERNALIZE build/GEDE01/src/game/game_fn_8018680C.o
[856/911] EXTERNALIZE build/GEDE01/src/game/game_fn_80186F70.o
[857/911] EXTERNALIZE build/GEDE01/src/game/game_fn_80187320.o
[858/911] EXTERNALIZE build/GEDE01/src/game/game_fn_801875FC.o
[859/911] EXTERNALIZE build/GEDE01/src/game/game_fn_801810A0.o
[860/911] EXTERNALIZE build/GEDE01/src/game/game_fn_800542D0.o
[861/911] EXTERNALIZE build/GEDE01/src/game/game_fn_80187BB4.o
[862/911] EXTERNALIZE build/GEDE01/src/game/game_fn_80189C14.o
[863/911] EXTERNALIZE build/GEDE01/src/game/game_fn_8018C2D0.o
[864/911] EXTERNALIZE build/GEDE01/src/game/game_fn_8018D400.o
[865/911] EXTERNALIZE build/GEDE01/src/game/game_fn_8018E0D8.o
[866/911] EXTERNALIZE build/GEDE01/src/game/game_fn_8019120C.o
[867/911] EXTERNALIZE build/GEDE01/src/game/game_fn_8018DC24.o
[868/911] EXTERNALIZE build/GEDE01/src/game/game_fn_801916D0.o
[869/911] EXTERNALIZE build/GEDE01/src/game/game_fn_801926EC.o
[870/911] EXTERNALIZE build/GEDE01/src/game/game_fn_801929A4.o
[871/911] EXTERNALIZE build/GEDE01/src/game/game_fn_801A2A54.o
[872/911] EXTERNALIZE build/GEDE01/src/game/game_fn_801952E8.o
[873/911] EXTERNALIZE build/GEDE01/src/game/game_fn_801A34BC.o
[874/911] EXTERNALIZE build/GEDE01/src/game/game_fn_801A657C.o
[875/911] EXTERNALIZE build/GEDE01/src/game/game_fn_801D1F78.o
[876/911] EXTERNALIZE build/GEDE01/src/game/game_fn_801E2A48.o
[877/911] EXTERNALIZE build/GEDE01/src/game/game_fn_801E6814.o
[878/911] EXTERNALIZE build/GEDE01/src/game/game_fn_801E995C.o
[879/911] EXTERNALIZE build/GEDE01/src/game/game_fn_801EF580.o
[880/911] EXTERNALIZE build/GEDE01/src/game/game_fn_801F0CB0.o
[881/911] EXTERNALIZE build/GEDE01/src/game/game_fn_801F35A8.o
[882/911] EXTERNALIZE build/GEDE01/src/game/game_fn_801F10BC.o
[883/911] EXTERNALIZE build/GEDE01/src/game/game_fn_801ECD74.o
[884/911] EXTERNALIZE build/GEDE01/src/game/game_fn_801ED5F4.o
[885/911] EXTERNALIZE build/GEDE01/src/game/game_fn_801F69F0.o
[886/911] EXTERNALIZE build/GEDE01/src/game/game_fn_801F76EC.o
[887/911] EXTERNALIZE build/GEDE01/src/game/game_fn_801F8264.o
[888/911] EXTERNALIZE build/GEDE01/src/game/game_fn_801F89B4.o
[889/911] EXTERNALIZE build/GEDE01/src/game/game_fn_801F9AF8.o
[890/911] EXTERNALIZE build/GEDE01/src/game/game_fn_801F6BD8.o
[891/911] EXTERNALIZE JUMPTABLES build/GEDE01/src/game/game_fn_800361F8.o
[892/911] EXTERNALIZE JUMPTABLES build/GEDE01/src/game/game_fn_8006E53C.o
[893/911] EXTERNALIZE build/GEDE01/src/game/game_fn_801FB6A4.o
[894/911] EXTERNALIZE JUMPTABLES build/GEDE01/src/game/game_fn_800CF598.o
[895/911] EXTERNALIZE JUMPTABLES build/GEDE01/src/game/game_fn_801ACFE8.o
[896/911] EXTERNALIZE JUMPTABLES build/GEDE01/src/game/game_fn_801B1BA0.o
[897/911] EXTERNALIZE build/GEDE01/src/game/game_fn_80154F74.o
[898/911] EXTERNALIZE build/GEDE01/src/game/game_fn_801E504C.o
[899/911] EXTERNALIZE build/GEDE01/src/game/game_fn_8009E808.o
[900/911] EXTERNALIZE build/GEDE01/src/game/game_fn_801F1A38.o
[901/911] EXTERNALIZE build/GEDE01/src/game/game_fn_801F55A0.o
[902/911] EXTERNALIZE build/GEDE01/src/game/game_fn_801FFE78.o
[903/911] EXTERNALIZE build/GEDE01/src/game/game_fn_801F7510.o
[904/911] EXTERNALIZE build/GEDE01/src/game/game_fn_801F9CF4.o
[905/911] EXTERNALIZE build/GEDE01/src/game/game_fn_801FC034.o
[906/911] EXTERNALIZE build/GEDE01/src/game/game_fn_801FA9C8.o
[907/911] REPORT
 INFO Loading project .
 INFO Generating report for 7068 units (using 8 threads)
 INFO Report generated in 0.190s
 INFO Writing to build/GEDE01/report.json
[908/911] LINK build/GEDE01/main.elf
### mwldeppc.exe Linker Warning:
#   Section '.ignored' is unknown. Section ignored.
### mwldeppc.exe Linker Warning:
#   Section '.ignored' is unknown. Section ignored.
### mwldeppc.exe Linker Warning:
#   Section '.ignored' is unknown. Section ignored.
### mwldeppc.exe Linker Warning:
#   Section '.ignored' is unknown. Section ignored.
### mwldeppc.exe Linker Warning:
#   Section '.ignored' is unknown. Section ignored.
### mwldeppc.exe Linker Warning:
#   Section '.ignored' is unknown. Section ignored.
### mwldeppc.exe Linker Warning:
#   Section '.ignored' is unknown. Section ignored.
### mwldeppc.exe Linker Warning:
#   Section '.ignored' is unknown. Section ignored.
### mwldeppc.exe Linker Warning:
#   Section '.ignored' is unknown. Section ignored.
### mwldeppc.exe Linker Warning:
#   Section '.ignored' is unknown. Section ignored.
### mwldeppc.exe Linker Warning:
#   Section '.ignored' is unknown. Section ignored.
### mwldeppc.exe Linker Warning:
#   Section '.ignored' is unknown. Section ignored.
### mwldeppc.exe Linker Warning:
#   Section '.ignored' is unknown. Section ignored.
### mwldeppc.exe Linker Warning:
#   Section '.ignored' is unknown. Section ignored.
### mwldeppc.exe Linker Warning:
#   Section '.ignored' is unknown. Section ignored.
### mwldeppc.exe Linker Warning:
#   Section '.ignored' is unknown. Section ignored.
### mwldeppc.exe Linker Warning:
#   Section '.ignored' is unknown. Section ignored.
### mwldeppc.exe Linker Warning:
#   Section '.ignored' is unknown. Section ignored.
### mwldeppc.exe Linker Warning:
#   Section '.ignored' is unknown. Section ignored.
### mwldeppc.exe Linker Warning:
#   Section '.ignored' is unknown. Section ignored.
### mwldeppc.exe Linker Warning:
#   Section '.ignored' is unknown. Section ignored.
### mwldeppc.exe Linker Warning:
#   Section '.ignored' is unknown. Section ignored.
### mwldeppc.exe Linker Warning:
#   Section '.ignored' is unknown. Section ignored.
### mwldeppc.exe Linker Warning:
#   Section '.ignored' is unknown. Section ignored.
### mwldeppc.exe Linker Warning:
#   Section '.ignored' is unknown. Section ignored.
### mwldeppc.exe Linker Warning:
#   Section '.ignored' is unknown. Section ignored.
### mwldeppc.exe Linker Warning:
#   Section '.ignored' is unknown. Section ignored.
### mwldeppc.exe Linker Warning:
#   Section '.ignored' is unknown. Section ignored.
### mwldeppc.exe Linker Warning:
#   Section '.ignored' is unknown. Section ignored.
### mwldeppc.exe Linker Warning:
#   Section '.ignored' is unknown. Section ignored.
### mwldeppc.exe Linker Warning:
#   Section '.ignored' is unknown. Section ignored.
### mwldeppc.exe Linker Warning:
#   Section '.ignored' is unknown. Section ignored.
### mwldeppc.exe Linker Warning:
#   Section '.ignored' is unknown. Section ignored.
### mwldeppc.exe Linker Warning:
#   Section '.ignored' is unknown. Section ignored.
### mwldeppc.exe Linker Warning:
#   Section '.ignored' is unknown. Section ignored.
### mwldeppc.exe Linker Warning:
#   Section '.ignored' is unknown. Section ignored.
### mwldeppc.exe Linker Warning:
#   Section '.ignored' is unknown. Section ignored.
### mwldeppc.exe Linker Warning:
#   Section '.ignored' is unknown. Section ignored.
### mwldeppc.exe Linker Warning:
#   Section '.ignored' is unknown. Section ignored.
### mwldeppc.exe Linker Warning:
#   Section '.ignored' is unknown. Section ignored.
### mwldeppc.exe Linker Warning:
#   Section '.ignored' is unknown. Section ignored.
### mwldeppc.exe Linker Warning:
#   Section '.ignored' is unknown. Section ignored.
### mwldeppc.exe Linker Warning:
#   Section '.ignored' is unknown. Section ignored.
### mwldeppc.exe Linker Warning:
#   Section '.ignored' is unknown. Section ignored.
### mwldeppc.exe Linker Warning:
#   Section '.ignored' is unknown. Section ignored.
### mwldeppc.exe Linker Warning:
#   Section '.ignored' is unknown. Section ignored.
### mwldeppc.exe Linker Warning:
#   Section '.ignored' is unknown. Section ignored.
### mwldeppc.exe Linker Warning:
#   Section '.ignored' is unknown. Section ignored.
### mwldeppc.exe Linker Warning:
#   Section '.ignored' is unknown. Section ignored.
### mwldeppc.exe Linker Warning:
#   Section '.ignored' is unknown. Section ignored.
### mwldeppc.exe Linker Warning:
#   Section '.ignored' is unknown. Section ignored.
### mwldeppc.exe Linker Warning:
#   Section '.ignored' is unknown. Section ignored.
### mwldeppc.exe Linker Warning:
#   Section '.ignored' is unknown. Section ignored.
### mwldeppc.exe Linker Warning:
#   Section '.ignored' is unknown. Section ignored.
### mwldeppc.exe Linker Warning:
#   Section '.ignored' is unknown. Section ignored.
### mwldeppc.exe Linker Warning:
#   Section '.ignored' is unknown. Section ignored.
### mwldeppc.exe Linker Warning:
#   Section '.ignored' is unknown. Section ignored.
### mwldeppc.exe Linker Warning:
#   Section '.ignored' is unknown. Section ignored.
### mwldeppc.exe Linker Warning:
#   Section '.ignored' is unknown. Section ignored.
### mwldeppc.exe Linker Warning:
#   Section '.ignored' is unknown. Section ignored.
### mwldeppc.exe Linker Warning:
#   Section '.ignored' is unknown. Section ignored.
### mwldeppc.exe Linker Warning:
#   Section '.ignored' is unknown. Section ignored.
### mwldeppc.exe Linker Warning:
#   Section '.ignored' is unknown. Section ignored.
### mwldeppc.exe Linker Warning:
#   Section '.ignored' is unknown. Section ignored.
### mwldeppc.exe Linker Warning:
#   Section '.ignored' is unknown. Section ignored.
### mwldeppc.exe Linker Warning:
#   Section '.ignored' is unknown. Section ignored.
### mwldeppc.exe Linker Warning:
#   Section '.ignored' is unknown. Section ignored.
### mwldeppc.exe Linker Warning:
#   Section '.ignored' is unknown. Section ignored.
### mwldeppc.exe Linker Warning:
#   Section '.ignored' is unknown. Section ignored.
### mwldeppc.exe Linker Warning:
#   Section '.ignored' is unknown. Section ignored.
### mwldeppc.exe Linker Warning:
#   Section '.ignored' is unknown. Section ignored.
### mwldeppc.exe Linker Warning:
#   Section '.ignored' is unknown. Section ignored.
### mwldeppc.exe Linker Warning:
#   Section '.ignored' is unknown. Section ignored.
### mwldeppc.exe Linker Warning:
#   Section '.ignored' is unknown. Section ignored.
### mwldeppc.exe Linker Warning:
#   Section '.ignored' is unknown. Section ignored.
### mwldeppc.exe Linker Warning:
#   Section '.ignored' is unknown. Section ignored.
### mwldeppc.exe Linker Warning:
#   Section '.ignored' is unknown. Section ignored.
### mwldeppc.exe Linker Warning:
#   Section '.ignored' is unknown. Section ignored.
### mwldeppc.exe Linker Warning:
#   Section '.ignored' is unknown. Section ignored.
### mwldeppc.exe Linker Warning:
#   Section '.ignored' is unknown. Section ignored.
### mwldeppc.exe Linker Warning:
#   Section '.ignored' is unknown. Section ignored.
### mwldeppc.exe Linker Warning:
#   Section '.ignored' is unknown. Section ignored.
### mwldeppc.exe Linker Warning:
#   Section '.ignored' is unknown. Section ignored.
### mwldeppc.exe Linker Warning:
#   Section '.ignored' is unknown. Section ignored.
### mwldeppc.exe Linker Warning:
#   Section '.ignored' is unknown. Section ignored.
### mwldeppc.exe Linker Warning:
#   Section '.ignored' is unknown. Section ignored.
### mwldeppc.exe Linker Warning:
#   Section '.ignored' is unknown. Section ignored.
### mwldeppc.exe Linker Warning:
#   Section '.ignored' is unknown. Section ignored.
### mwldeppc.exe Linker Warning:
#   Section '.ignored' is unknown. Section ignored.
### mwldeppc.exe Linker Warning:
#   Section '.ignored' is unknown. Section ignored.
### mwldeppc.exe Linker Warning:
#   Section '.ignored' is unknown. Section ignored.
### mwldeppc.exe Linker Warning:
#   Section '.ignored' is unknown. Section ignored.
### mwldeppc.exe Linker Warning:
#   Section '.ignored' is unknown. Section ignored.
### mwldeppc.exe Linker Warning:
#   Section '.ignored' is unknown. Section ignored.
### mwldeppc.exe Linker Warning:
#   Section '.ignored' is unknown. Section ignored.
### mwldeppc.exe Linker Warning:
#   Section '.ignored' is unknown. Section ignored.
### mwldeppc.exe Linker Warning:
#   Section '.ignored' is unknown. Section ignored.
### mwldeppc.exe Linker Warning:
#   Section '.ignored' is unknown. Section ignored.
### mwldeppc.exe Linker Warning:
#   Section '.ignored' is unknown. Section ignored.
### mwldeppc.exe Linker Warning:
#   Section '.ignored' is unknown. Section ignored.
### mwldeppc.exe Linker Warning:
#   Section '.ignored' is unknown. Section ignored.
### mwldeppc.exe Linker Warning:
#   Section '.ignored' is unknown. Section ignored.
### mwldeppc.exe Linker Warning:
#   Section '.ignored' is unknown. Section ignored.
### mwldeppc.exe Linker Warning:
#   Section '.ignored' is unknown. Section ignored.
### mwldeppc.exe Linker Warning:
#   Section '.ignored' is unknown. Section ignored.
### mwldeppc.exe Linker Warning:
#   Section '.ignored' is unknown. Section ignored.
### mwldeppc.exe Linker Warning:
#   Section '.ignored' is unknown. Section ignored.
### mwldeppc.exe Linker Warning:
#   Section '.ignored' is unknown. Section ignored.
### mwldeppc.exe Linker Warning:
#   Section '.ignored' is unknown. Section ignored.
### mwldeppc.exe Linker Warning:
#   Section '.ignored' is unknown. Section ignored.
### mwldeppc.exe Linker Warning:
#   Section '.ignored' is unknown. Section ignored.
### mwldeppc.exe Linker Warning:
#   Section '.ignored' is unknown. Section ignored.
### mwldeppc.exe Linker Warning:
#   Section '.ignored' is unknown. Section ignored.
### mwldeppc.exe Linker Warning:
#   Section '.ignored' is unknown. Section ignored.
### mwldeppc.exe Linker Warning:
#   Section '.ignored' is unknown. Section ignored.
### mwldeppc.exe Linker Warning:
#   Section '.ignored' is unknown. Section ignored.
### mwldeppc.exe Linker Warning:
#   Section '.ignored' is unknown. Section ignored.
### mwldeppc.exe Linker Warning:
#   Section '.ignored' is unknown. Section ignored.
### mwldeppc.exe Linker Warning:
#   Section '.ignored' is unknown. Section ignored.
### mwldeppc.exe Linker Warning:
#   Section '.ignored' is unknown. Section ignored.
### mwldeppc.exe Linker Warning:
#   Section '.ignored' is unknown. Section ignored.
### mwldeppc.exe Linker Warning:
#   Section '.ignored' is unknown. Section ignored.
### mwldeppc.exe Linker Warning:
#   Section '.ignored' is unknown. Section ignored.
### mwldeppc.exe Linker Warning:
#   Section '.ignored' is unknown. Section ignored.
### mwldeppc.exe Linker Warning:
#   Section '.ignored' is unknown. Section ignored.
### mwldeppc.exe Linker Warning:
#   Section '.ignored' is unknown. Section ignored.
### mwldeppc.exe Linker Warning:
#   Section '.ignored' is unknown. Section ignored.
### mwldeppc.exe Linker Warning:
#   Section '.ignored' is unknown. Section ignored.
### mwldeppc.exe Linker Warning:
#   Section '.ignored' is unknown. Section ignored.
### mwldeppc.exe Linker Warning:
#   Section '.ignored' is unknown. Section ignored.
### mwldeppc.exe Linker Warning:
#   Section '.ignored' is unknown. Section ignored.
### mwldeppc.exe Linker Warning:
#   Section '.ignored' is unknown. Section ignored.
### mwldeppc.exe Linker Warning:
#   Section '.ignored' is unknown. Section ignored.
### mwldeppc.exe Linker Warning:
#   Section '.ignored' is unknown. Section ignored.
### mwldeppc.exe Linker Warning:
#   Section '.ignored' is unknown. Section ignored.
### mwldeppc.exe Linker Warning:
#   Section '.ignored' is unknown. Section ignored.
### mwldeppc.exe Linker Warning:
#   Section '.ignored' is unknown. Section ignored.
### mwldeppc.exe Linker Warning:
#   Section '.ignored' is unknown. Section ignored.
### mwldeppc.exe Linker Warning:
#   Section '.ignored' is unknown. Section ignored.
### mwldeppc.exe Linker Warning:
#   Section '.ignored' is unknown. Section ignored.
### mwldeppc.exe Linker Warning:
#   Section '.ignored' is unknown. Section ignored.
### mwldeppc.exe Linker Warning:
#   Section '.ignored' is unknown. Section ignored.
### mwldeppc.exe Linker Warning:
#   Section '.ignored' is unknown. Section ignored.
### mwldeppc.exe Linker Warning:
#   Section '.ignored' is unknown. Section ignored.
### mwldeppc.exe Linker Warning:
#   Section '.ignored' is unknown. Section ignored.
### mwldeppc.exe Linker Warning:
#   Section '.ignored' is unknown. Section ignored.
### mwldeppc.exe Linker Warning:
#   Section '.ignored' is unknown. Section ignored.
### mwldeppc.exe Linker Warning:
#   Section '.ignored' is unknown. Section ignored.
### mwldeppc.exe Linker Warning:
#   Section '.ignored' is unknown. Section ignored.
### mwldeppc.exe Linker Warning:
#   Section '.ignored' is unknown. Section ignored.
### mwldeppc.exe Linker Warning:
#   Section '.ignored' is unknown. Section ignored.
### mwldeppc.exe Linker Warning:
#   Section '.ignored' is unknown. Section ignored.
### mwldeppc.exe Linker Warning:
#   Section '.ignored' is unknown. Section ignored.
### mwldeppc.exe Linker Warning:
#   Section '.ignored' is unknown. Section ignored.
### mwldeppc.exe Linker Warning:
#   Section '.ignored' is unknown. Section ignored.
### mwldeppc.exe Linker Warning:
#   Section '.ignored' is unknown. Section ignored.
### mwldeppc.exe Linker Warning:
#   Section '.ignored' is unknown. Section ignored.
### mwldeppc.exe Linker Warning:
#   Section '.ignored' is unknown. Section ignored.
### mwldeppc.exe Linker Warning:
#   Section '.ignored' is unknown. Section ignored.
### mwldeppc.exe Linker Warning:
#   Section '.ignored' is unknown. Section ignored.
### mwldeppc.exe Linker Warning:
#   Section '.ignored' is unknown. Section ignored.
### mwldeppc.exe Linker Warning:
#   Section '.ignored' is unknown. Section ignored.
### mwldeppc.exe Linker Warning:
#   Section '.ignored' is unknown. Section ignored.
### mwldeppc.exe Linker Warning:
#   Section '.ignored' is unknown. Section ignored.
### mwldeppc.exe Linker Warning:
#   Section '.ignored' is unknown. Section ignored.
### mwldeppc.exe Linker Warning:
#   Section '.ignored' is unknown. Section ignored.
### mwldeppc.exe Linker Warning:
#   Section '.ignored' is unknown. Section ignored.
### mwldeppc.exe Linker Warning:
#   Section '.ignored' is unknown. Section ignored.
### mwldeppc.exe Linker Warning:
#   Section '.ignored' is unknown. Section ignored.
### mwldeppc.exe Linker Warning:
#   Section '.ignored' is unknown. Section ignored.
### mwldeppc.exe Linker Warning:
#   Section '.ignored' is unknown. Section ignored.
### mwldeppc.exe Linker Warning:
#   Section '.ignored' is unknown. Section ignored.
### mwldeppc.exe Linker Warning:
#   Section '.ignored' is unknown. Section ignored.
### mwldeppc.exe Linker Warning:
#   Section '.ignored' is unknown. Section ignored.
### mwldeppc.exe Linker Warning:
#   Section '.ignored' is unknown. Section ignored.
### mwldeppc.exe Linker Warning:
#   Section '.ignored' is unknown. Section ignored.
### mwldeppc.exe Linker Warning:
#   Section '.ignored' is unknown. Section ignored.
### mwldeppc.exe Linker Warning:
#   Section '.ignored' is unknown. Section ignored.
### mwldeppc.exe Linker Warning:
#   Section '.ignored' is unknown. Section ignored.
### mwldeppc.exe Linker Warning:
#   Section '.ignored' is unknown. Section ignored.
### mwldeppc.exe Linker Warning:
#   Section '.ignored' is unknown. Section ignored.
### mwldeppc.exe Linker Warning:
#   Section '.ignored' is unknown. Section ignored.
### mwldeppc.exe Linker Warning:
#   Section '.ignored' is unknown. Section ignored.
### mwldeppc.exe Linker Warning:
#   Section '.ignored' is unknown. Section ignored.
### mwldeppc.exe Linker Warning:
#   Section '.ignored' is unknown. Section ignored.
### mwldeppc.exe Linker Warning:
#   Section '.ignored' is unknown. Section ignored.
### mwldeppc.exe Linker Warning:
#   Section '.ignored' is unknown. Section ignored.
### mwldeppc.exe Linker Warning:
#   Section '.ignored' is unknown. Section ignored.
### mwldeppc.exe Linker Warning:
#   Section '.ignored' is unknown. Section ignored.
### mwldeppc.exe Linker Warning:
#   Section '.ignored' is unknown. Section ignored.
### mwldeppc.exe Linker Warning:
#   Section '.ignored' is unknown. Section ignored.
### mwldeppc.exe Linker Warning:
#   Section '.ignored' is unknown. Section ignored.
### mwldeppc.exe Linker Warning:
#   Section '.ignored' is unknown. Section ignored.
### mwldeppc.exe Linker Warning:
#   Section '.ignored' is unknown. Section ignored.
### mwldeppc.exe Linker Warning:
#   Section '.ignored' is unknown. Section ignored.
### mwldeppc.exe Linker Warning:
#   Section '.ignored' is unknown. Section ignored.
### mwldeppc.exe Linker Warning:
#   Section '.ignored' is unknown. Section ignored.
### mwldeppc.exe Linker Warning:
#   Section '.ignored' is unknown. Section ignored.
### mwldeppc.exe Linker Warning:
#   Section '.ignored' is unknown. Section ignored.
### mwldeppc.exe Linker Warning:
#   Section '.ignored' is unknown. Section ignored.
### mwldeppc.exe Linker Warning:
#   Section '.ignored' is unknown. Section ignored.
### mwldeppc.exe Linker Warning:
#   Section '.ignored' is unknown. Section ignored.
### mwldeppc.exe Linker Warning:
#   Section '.ignored' is unknown. Section ignored.
### mwldeppc.exe Linker Warning:
#   Section '.ignored' is unknown. Section ignored.
### mwldeppc.exe Linker Warning:
#   Section '.ignored' is unknown. Section ignored.
### mwldeppc.exe Linker Warning:
#   Section '.ignored' is unknown. Section ignored.
### mwldeppc.exe Linker Warning:
#   Section '.ignored' is unknown. Section ignored.
### mwldeppc.exe Linker Warning:
#   Section '.ignored' is unknown. Section ignored.
### mwldeppc.exe Linker Warning:
#   Section '.ignored' is unknown. Section ignored.
### mwldeppc.exe Linker Warning:
#   Section '.ignored' is unknown. Section ignored.
### mwldeppc.exe Linker Warning:
#   Section '.ignored' is unknown. Section ignored.
### mwldeppc.exe Linker Warning:
#   Section '.ignored' is unknown. Section ignored.
### mwldeppc.exe Linker Warning:
#   Section '.ignored' is unknown. Section ignored.
### mwldeppc.exe Linker Warning:
#   Section '.ignored' is unknown. Section ignored.
### mwldeppc.exe Linker Warning:
#   Section '.ignored' is unknown. Section ignored.
### mwldeppc.exe Linker Warning:
#   Section '.ignored' is unknown. Section ignored.
### mwldeppc.exe Linker Warning:
#   Section '.ignored' is unknown. Section ignored.
### mwldeppc.exe Linker Warning:
#   Section '.ignored' is unknown. Section ignored.
### mwldeppc.exe Linker Warning:
#   Section '.ignored' is unknown. Section ignored.
### mwldeppc.exe Linker Warning:
#   Section '.ignored' is unknown. Section ignored.
### mwldeppc.exe Linker Warning:
#   Section '.ignored' is unknown. Section ignored.
### mwldeppc.exe Linker Warning:
#   Section '.ignored' is unknown. Section ignored.
### mwldeppc.exe Linker Warning:
#   Section '.ignored' is unknown. Section ignored.
### mwldeppc.exe Linker Warning:
#   Section '.ignored' is unknown. Section ignored.
### mwldeppc.exe Linker Warning:
#   Section '.ignored' is unknown. Section ignored.
### mwldeppc.exe Linker Warning:
#   Section '.ignored' is unknown. Section ignored.
### mwldeppc.exe Linker Warning:
#   Section '.ignored' is unknown. Section ignored.
### mwldeppc.exe Linker Warning:
#   Section '.ignored' is unknown. Section ignored.
### mwldeppc.exe Linker Warning:
#   Section '.ignored' is unknown. Section ignored.
### mwldeppc.exe Linker Warning:
#   Section '.ignored' is unknown. Section ignored.
### mwldeppc.exe Linker Warning:
#   Section '.ignored' is unknown. Section ignored.
### mwldeppc.exe Linker Warning:
#   Section '.ignored' is unknown. Section ignored.
### mwldeppc.exe Linker Warning:
#   Section '.ignored' is unknown. Section ignored.
### mwldeppc.exe Linker Warning:
#   Section '.ignored' is unknown. Section ignored.
### mwldeppc.exe Linker Warning:
#   Section '.ignored' is unknown. Section ignored.
### mwldeppc.exe Linker Warning:
#   Section '.ignored' is unknown. Section ignored.
### mwldeppc.exe Linker Warning:
#   Section '.ignored' is unknown. Section ignored.
### mwldeppc.exe Linker Warning:
#   Section '.ignored' is unknown. Section ignored.
### mwldeppc.exe Linker Warning:
#   Section '.ignored' is unknown. Section ignored.
### mwldeppc.exe Linker Warning:
#   Section '.ignored' is unknown. Section ignored.
### mwldeppc.exe Linker Warning:
#   Section '.ignored' is unknown. Section ignored.
### mwldeppc.exe Linker Warning:
#   Section '.ignored' is unknown. Section ignored.
### mwldeppc.exe Linker Warning:
#   Section '.ignored' is unknown. Section ignored.
### mwldeppc.exe Linker Warning:
#   Section '.ignored' is unknown. Section ignored.
### mwldeppc.exe Linker Warning:
#   Section '.ignored' is unknown. Section ignored.
### mwldeppc.exe Linker Warning:
#   Section '.ignored' is unknown. Section ignored.
### mwldeppc.exe Linker Warning:
#   Section '.ignored' is unknown. Section ignored.
### mwldeppc.exe Linker Warning:
#   Section '.ignored' is unknown. Section ignored.
### mwldeppc.exe Linker Warning:
#   Section '.ignored' is unknown. Section ignored.
### mwldeppc.exe Linker Warning:
#   Section '.ignored' is unknown. Section ignored.
### mwldeppc.exe Linker Warning:
#   Section '.ignored' is unknown. Section ignored.
### mwldeppc.exe Linker Warning:
#   Section '.ignored' is unknown. Section ignored.
### mwldeppc.exe Linker Warning:
#   Section '.ignored' is unknown. Section ignored.
### mwldeppc.exe Linker Warning:
#   Section '.ignored' is unknown. Section ignored.
### mwldeppc.exe Linker Warning:
#   Section '.ignored' is unknown. Section ignored.
### mwldeppc.exe Linker Warning:
#   Section '.ignored' is unknown. Section ignored.
### mwldeppc.exe Linker Warning:
#   Section '.ignored' is unknown. Section ignored.
### mwldeppc.exe Linker Warning:
#   Section '.ignored' is unknown. Section ignored.
### mwldeppc.exe Linker Warning:
#   Section '.ignored' is unknown. Section ignored.
### mwldeppc.exe Linker Warning:
#   Section '.ignored' is unknown. Section ignored.
### mwldeppc.exe Linker Warning:
#   Section '.ignored' is unknown. Section ignored.
### mwldeppc.exe Linker Warning:
#   Section '.ignored' is unknown. Section ignored.
### mwldeppc.exe Linker Warning:
#   Section '.ignored' is unknown. Section ignored.
### mwldeppc.exe Linker Warning:
#   Section '.ignored' is unknown. Section ignored.
### mwldeppc.exe Linker Warning:
#   Section '.ignored' is unknown. Section ignored.
### mwldeppc.exe Linker Warning:
#   Section '.ignored' is unknown. Section ignored.
### mwldeppc.exe Linker Warning:
#   Section '.ignored' is unknown. Section ignored.
### mwldeppc.exe Linker Warning:
#   Section '.ignored' is unknown. Section ignored.
### mwldeppc.exe Linker Warning:
#   Section '.ignored' is unknown. Section ignored.
### mwldeppc.exe Linker Warning:
#   Section '.ignored' is unknown. Section ignored.
### mwldeppc.exe Linker Warning:
#   Section '.ignored' is unknown. Section ignored.
### mwldeppc.exe Linker Warning:
#   Section '.ignored' is unknown. Section ignored.
### mwldeppc.exe Linker Warning:
#   Section '.ignored' is unknown. Section ignored.
### mwldeppc.exe Linker Warning:
#   Section '.ignored' is unknown. Section ignored.
### mwldeppc.exe Linker Warning:
#   Section '.ignored' is unknown. Section ignored.
### mwldeppc.exe Linker Warning:
#   Section '.ignored' is unknown. Section ignored.
### mwldeppc.exe Linker Warning:
#   Section '.ignored' is unknown. Section ignored.
### mwldeppc.exe Linker Warning:
#   Section '.ignored' is unknown. Section ignored.
### mwldeppc.exe Linker Warning:
#   Section '.ignored' is unknown. Section ignored.
### mwldeppc.exe Linker Warning:
#   Section '.ignored' is unknown. Section ignored.
### mwldeppc.exe Linker Warning:
#   Section '.ignored' is unknown. Section ignored.
### mwldeppc.exe Linker Warning:
#   Section '.ignored' is unknown. Section ignored.
### mwldeppc.exe Linker Warning:
#   Section '.ignored' is unknown. Section ignored.
### mwldeppc.exe Linker Warning:
#   Section '.ignored' is unknown. Section ignored.
### mwldeppc.exe Linker Warning:
#   Section '.ignored' is unknown. Section ignored.
### mwldeppc.exe Linker Warning:
#   Section '.ignored' is unknown. Section ignored.
### mwldeppc.exe Linker Warning:
#   Section '.ignored' is unknown. Section ignored.
### mwldeppc.exe Linker Warning:
#   Section '.ignored' is unknown. Section ignored.
### mwldeppc.exe Linker Warning:
#   Section '.ignored' is unknown. Section ignored.
### mwldeppc.exe Linker Warning:
#   Section '.ignored' is unknown. Section ignored.
### mwldeppc.exe Linker Warning:
#   Section '.ignored' is unknown. Section ignored.
### mwldeppc.exe Linker Warning:
#   Section '.ignored' is unknown. Section ignored.
### mwldeppc.exe Linker Warning:
#   Section '.ignored' is unknown. Section ignored.
### mwldeppc.exe Linker Warning:
#   Section '.ignored' is unknown. Section ignored.
### mwldeppc.exe Linker Warning:
#   Section '.ignored' is unknown. Section ignored.
### mwldeppc.exe Linker Warning:
#   Section '.ignored' is unknown. Section ignored.
### mwldeppc.exe Linker Warning:
#   Section '.ignored' is unknown. Section ignored.
### mwldeppc.exe Linker Warning:
#   Section '.ignored' is unknown. Section ignored.
### mwldeppc.exe Linker Warning:
#   Section '.ignored' is unknown. Section ignored.
### mwldeppc.exe Linker Warning:
#   Section '.ignored' is unknown. Section ignored.
### mwldeppc.exe Linker Warning:
#   Section '.ignored' is unknown. Section ignored.
### mwldeppc.exe Linker Warning:
#   Section '.ignored' is unknown. Section ignored.
### mwldeppc.exe Linker Warning:
#   Section '.ignored' is unknown. Section ignored.
### mwldeppc.exe Linker Warning:
#   Section '.ignored' is unknown. Section ignored.
### mwldeppc.exe Linker Warning:
#   Section '.ignored' is unknown. Section ignored.
### mwldeppc.exe Linker Warning:
#   Section '.ignored' is unknown. Section ignored.
### mwldeppc.exe Linker Warning:
#   Section '.ignored' is unknown. Section ignored.
### mwldeppc.exe Linker Warning:
#   Section '.ignored' is unknown. Section ignored.
### mwldeppc.exe Linker Warning:
#   Section '.ignored' is unknown. Section ignored.
### mwldeppc.exe Linker Warning:
#   Section '.ignored' is unknown. Section ignored.
### mwldeppc.exe Linker Warning:
#   Section '.ignored' is unknown. Section ignored.
### mwldeppc.exe Linker Warning:
#   Section '.ignored' is unknown. Section ignored.
### mwldeppc.exe Linker Warning:
#   Section '.ignored' is unknown. Section ignored.
### mwldeppc.exe Linker Warning:
#   Section '.ignored' is unknown. Section ignored.
### mwldeppc.exe Linker Warning:
#   Section '.ignored' is unknown. Section ignored.
### mwldeppc.exe Linker Warning:
#   Section '.ignored' is unknown. Section ignored.
### mwldeppc.exe Linker Warning:
#   Section '.ignored' is unknown. Section ignored.
### mwldeppc.exe Linker Warning:
#   Section '.ignored' is unknown. Section ignored.
### mwldeppc.exe Linker Warning:
#   Section '.ignored' is unknown. Section ignored.
### mwldeppc.exe Linker Warning:
#   Section '.ignored' is unknown. Section ignored.
### mwldeppc.exe Linker Warning:
#   Section '.ignored' is unknown. Section ignored.
### mwldeppc.exe Linker Warning:
#   Section '.ignored' is unknown. Section ignored.
### mwldeppc.exe Linker Warning:
#   Section '.ignored' is unknown. Section ignored.
### mwldeppc.exe Linker Warning:
#   Section '.ignored' is unknown. Section ignored.
### mwldeppc.exe Linker Warning:
#   Section '.ignored' is unknown. Section ignored.
### mwldeppc.exe Linker Warning:
#   Section '.ignored' is unknown. Section ignored.
### mwldeppc.exe Linker Warning:
#   Section '.ignored' is unknown. Section ignored.
### mwldeppc.exe Linker Warning:
#   Section '.ignored' is unknown. Section ignored.
### mwldeppc.exe Linker Warning:
#   Section '.ignored' is unknown. Section ignored.
### mwldeppc.exe Linker Warning:
#   Section '.ignored' is unknown. Section ignored.
### mwldeppc.exe Linker Warning:
#   Section '.ignored' is unknown. Section ignored.
### mwldeppc.exe Linker Warning:
#   Section '.ignored' is unknown. Section ignored.
### mwldeppc.exe Linker Warning:
#   Section '.ignored' is unknown. Section ignored.
### mwldeppc.exe Linker Warning:
#   Section '.ignored' is unknown. Section ignored.
### mwldeppc.exe Linker Warning:
#   Section '.ignored' is unknown. Section ignored.
### mwldeppc.exe Linker Warning:
#   Section '.ignored' is unknown. Section ignored.
### mwldeppc.exe Linker Warning:
#   Section '.ignored' is unknown. Section ignored.
### mwldeppc.exe Linker Warning:
#   Section '.ignored' is unknown. Section ignored.
### mwldeppc.exe Linker Warning:
#   Section '.ignored' is unknown. Section ignored.
### mwldeppc.exe Linker Warning:
#   Section '.ignored' is unknown. Section ignored.
### mwldeppc.exe Linker Warning:
#   Section '.ignored' is unknown. Section ignored.
### mwldeppc.exe Linker Warning:
#   Section '.ignored' is unknown. Section ignored.
### mwldeppc.exe Linker Warning:
#   Section '.ignored' is unknown. Section ignored.
### mwldeppc.exe Linker Warning:
#   Section '.ignored' is unknown. Section ignored.
### mwldeppc.exe Linker Warning:
#   Section '.ignored' is unknown. Section ignored.
### mwldeppc.exe Linker Warning:
#   Section '.ignored' is unknown. Section ignored.
### mwldeppc.exe Linker Warning:
#   Section '.ignored' is unknown. Section ignored.
### mwldeppc.exe Linker Warning:
#   Section '.ignored' is unknown. Section ignored.
### mwldeppc.exe Linker Warning:
#   Section '.ignored' is unknown. Section ignored.
### mwldeppc.exe Linker Warning:
#   Section '.ignored' is unknown. Section ignored.
### mwldeppc.exe Linker Warning:
#   Section '.ignored' is unknown. Section ignored.
### mwldeppc.exe Linker Warning:
#   Section '.ignored' is unknown. Section ignored.
### mwldeppc.exe Linker Warning:
#   Section '.ignored' is unknown. Section ignored.
### mwldeppc.exe Linker Warning:
#   Section '.ignored' is unknown. Section ignored.
### mwldeppc.exe Linker Warning:
#   Section '.ignored' is unknown. Section ignored.
### mwldeppc.exe Linker Warning:
#   Section '.ignored' is unknown. Section ignored.
### mwldeppc.exe Linker Warning:
#   Section '.ignored' is unknown. Section ignored.
### mwldeppc.exe Linker Warning:
#   Section '.ignored' is unknown. Section ignored.
### mwldeppc.exe Linker Warning:
#   Section '.ignored' is unknown. Section ignored.
### mwldeppc.exe Linker Warning:
#   Section '.ignored' is unknown. Section ignored.
### mwldeppc.exe Linker Warning:
#   Section '.ignored' is unknown. Section ignored.
### mwldeppc.exe Linker Warning:
#   Section '.ignored' is unknown. Section ignored.
### mwldeppc.exe Linker Warning:
#   Section '.ignored' is unknown. Section ignored.
### mwldeppc.exe Linker Warning:
#   Section '.ignored' is unknown. Section ignored.
### mwldeppc.exe Linker Warning:
#   Section '.ignored' is unknown. Section ignored.
### mwldeppc.exe Linker Warning:
#   Section '.ignored' is unknown. Section ignored.
### mwldeppc.exe Linker Warning:
#   Section '.ignored' is unknown. Section ignored.
### mwldeppc.exe Linker Warning:
#   Section '.ignored' is unknown. Section ignored.
### mwldeppc.exe Linker Warning:
#   Section '.ignored' is unknown. Section ignored.
### mwldeppc.exe Linker Warning:
#   Section '.ignored' is unknown. Section ignored.
### mwldeppc.exe Linker Warning:
#   Section '.ignored' is unknown. Section ignored.
### mwldeppc.exe Linker Warning:
#   Section '.ignored' is unknown. Section ignored.
### mwldeppc.exe Linker Warning:
#   Section '.ignored' is unknown. Section ignored.
### mwldeppc.exe Linker Warning:
#   Section '.ignored' is unknown. Section ignored.
### mwldeppc.exe Linker Warning:
#   Section '.ignored' is unknown. Section ignored.
### mwldeppc.exe Linker Warning:
#   Section '.ignored' is unknown. Section ignored.
### mwldeppc.exe Linker Warning:
#   Section '.ignored' is unknown. Section ignored.
### mwldeppc.exe Linker Warning:
#   Section '.ignored' is unknown. Section ignored.
### mwldeppc.exe Linker Warning:
#   Section '.ignored' is unknown. Section ignored.
### mwldeppc.exe Linker Warning:
#   Section '.ignored' is unknown. Section ignored.
### mwldeppc.exe Linker Warning:
#   Section '.ignored' is unknown. Section ignored.
### mwldeppc.exe Linker Warning:
#   Section '.ignored' is unknown. Section ignored.
### mwldeppc.exe Linker Warning:
#   Section '.ignored' is unknown. Section ignored.
### mwldeppc.exe Linker Warning:
#   Section '.ignored' is unknown. Section ignored.
### mwldeppc.exe Linker Warning:
#   Section '.ignored' is unknown. Section ignored.
### mwldeppc.exe Linker Warning:
#   Section '.ignored' is unknown. Section ignored.
### mwldeppc.exe Linker Warning:
#   Section '.ignored' is unknown. Section ignored.
### mwldeppc.exe Linker Warning:
#   Section '.ignored' is unknown. Section ignored.
### mwldeppc.exe Linker Warning:
#   Section '.ignored' is unknown. Section ignored.
### mwldeppc.exe Linker Warning:
#   Section '.ignored' is unknown. Section ignored.
### mwldeppc.exe Linker Warning:
#   Section '.ignored' is unknown. Section ignored.
### mwldeppc.exe Linker Warning:
#   Section '.ignored' is unknown. Section ignored.
### mwldeppc.exe Linker Warning:
#   Section '.ignored' is unknown. Section ignored.
### mwldeppc.exe Linker Warning:
#   Section '.ignored' is unknown. Section ignored.
### mwldeppc.exe Linker Warning:
#   Section '.ignored' is unknown. Section ignored.
### mwldeppc.exe Linker Warning:
#   Section '.ignored' is unknown. Section ignored.
### mwldeppc.exe Linker Warning:
#   Section '.ignored' is unknown. Section ignored.
### mwldeppc.exe Linker Warning:
#   Section '.ignored' is unknown. Section ignored.
### mwldeppc.exe Linker Warning:
#   Section '.ignored' is unknown. Section ignored.
### mwldeppc.exe Linker Warning:
#   Section '.ignored' is unknown. Section ignored.
### mwldeppc.exe Linker Warning:
#   Section '.ignored' is unknown. Section ignored.
### mwldeppc.exe Linker Warning:
#   Section '.ignored' is unknown. Section ignored.
### mwldeppc.exe Linker Warning:
#   Section '.ignored' is unknown. Section ignored.
### mwldeppc.exe Linker Warning:
#   Section '.ignored' is unknown. Section ignored.
### mwldeppc.exe Linker Warning:
#   Section '.ignored' is unknown. Section ignored.
### mwldeppc.exe Linker Warning:
#   Section '.ignored' is unknown. Section ignored.
### mwldeppc.exe Linker Warning:
#   Section '.ignored' is unknown. Section ignored.
### mwldeppc.exe Linker Warning:
#   Section '.ignored' is unknown. Section ignored.
### mwldeppc.exe Linker Warning:
#   Section '.ignored' is unknown. Section ignored.
### mwldeppc.exe Linker Warning:
#   Section '.ignored' is unknown. Section ignored.
### mwldeppc.exe Linker Warning:
#   Section '.ignored' is unknown. Section ignored.
### mwldeppc.exe Linker Warning:
#   Section '.ignored' is unknown. Section ignored.
### mwldeppc.exe Linker Warning:
#   Section '.ignored' is unknown. Section ignored.
### mwldeppc.exe Linker Warning:
#   Section '.ignored' is unknown. Section ignored.
### mwldeppc.exe Linker Warning:
#   Section '.ignored' is unknown. Section ignored.
### mwldeppc.exe Linker Warning:
#   Section '.ignored' is unknown. Section ignored.
### mwldeppc.exe Linker Warning:
#   Section '.ignored' is unknown. Section ignored.
### mwldeppc.exe Linker Warning:
#   Section '.ignored' is unknown. Section ignored.
### mwldeppc.exe Linker Warning:
#   Section '.ignored' is unknown. Section ignored.
### mwldeppc.exe Linker Warning:
#   Section '.ignored' is unknown. Section ignored.
### mwldeppc.exe Linker Warning:
#   Section '.ignored' is unknown. Section ignored.
### mwldeppc.exe Linker Warning:
#   Section '.ignored' is unknown. Section ignored.
### mwldeppc.exe Linker Warning:
#   Section '.ignored' is unknown. Section ignored.
### mwldeppc.exe Linker Warning:
#   Section '.ignored' is unknown. Section ignored.
### mwldeppc.exe Linker Warning:
#   Section '.ignored' is unknown. Section ignored.
### mwldeppc.exe Linker Warning:
#   Section '.ignored' is unknown. Section ignored.
### mwldeppc.exe Linker Warning:
#   Section '.ignored' is unknown. Section ignored.
### mwldeppc.exe Linker Warning:
#   Section '.ignored' is unknown. Section ignored.
### mwldeppc.exe Linker Warning:
#   Section '.ignored' is unknown. Section ignored.
### mwldeppc.exe Linker Warning:
#   Section '.ignored' is unknown. Section ignored.
### mwldeppc.exe Linker Warning:
#   Section '.ignored' is unknown. Section ignored.
### mwldeppc.exe Linker Warning:
#   Section '.ignored' is unknown. Section ignored.
### mwldeppc.exe Linker Warning:
#   Section '.ignored' is unknown. Section ignored.
### mwldeppc.exe Linker Warning:
#   Section '.ignored' is unknown. Section ignored.
### mwldeppc.exe Linker Warning:
#   Section '.ignored' is unknown. Section ignored.
### mwldeppc.exe Linker Warning:
#   Section '.ignored' is unknown. Section ignored.
### mwldeppc.exe Linker Warning:
#   Section '.ignored' is unknown. Section ignored.
### mwldeppc.exe Linker Warning:
#   Section '.ignored' is unknown. Section ignored.
### mwldeppc.exe Linker Warning:
#   Section '.ignored' is unknown. Section ignored.
### mwldeppc.exe Linker Warning:
#   Section '.ignored' is unknown. Section ignored.
### mwldeppc.exe Linker Warning:
#   Section '.ignored' is unknown. Section ignored.
### mwldeppc.exe Linker Warning:
#   Section '.ignored' is unknown. Section ignored.
### mwldeppc.exe Linker Warning:
#   Section '.ignored' is unknown. Section ignored.
### mwldeppc.exe Linker Warning:
#   Section '.ignored' is unknown. Section ignored.
### mwldeppc.exe Linker Warning:
#   Section '.ignored' is unknown. Section ignored.
### mwldeppc.exe Linker Warning:
#   Section '.ignored' is unknown. Section ignored.
### mwldeppc.exe Linker Warning:
#   Section '.ignored' is unknown. Section ignored.
### mwldeppc.exe Linker Warning:
#   Section '.ignored' is unknown. Section ignored.
### mwldeppc.exe Linker Warning:
#   Section '.ignored' is unknown. Section ignored.
### mwldeppc.exe Linker Warning:
#   Section '.ignored' is unknown. Section ignored.
### mwldeppc.exe Linker Warning:
#   Section '.ignored' is unknown. Section ignored.
### mwldeppc.exe Linker Warning:
#   Section '.ignored' is unknown. Section ignored.
### mwldeppc.exe Linker Warning:
#   Section '.ignored' is unknown. Section ignored.
### mwldeppc.exe Linker Warning:
#   Section '.ignored' is unknown. Section ignored.
### mwldeppc.exe Linker Warning:
#   Section '.ignored' is unknown. Section ignored.
### mwldeppc.exe Linker Warning:
#   Section '.ignored' is unknown. Section ignored.
### mwldeppc.exe Linker Warning:
#   Section '.ignored' is unknown. Section ignored.
### mwldeppc.exe Linker Warning:
#   Section '.ignored' is unknown. Section ignored.
### mwldeppc.exe Linker Warning:
#   Section '.ignored' is unknown. Section ignored.
### mwldeppc.exe Linker Warning:
#   Section '.ignored' is unknown. Section ignored.
### mwldeppc.exe Linker Warning:
#   Section '.ignored' is unknown. Section ignored.
### mwldeppc.exe Linker Warning:
#   Section '.ignored' is unknown. Section ignored.
### mwldeppc.exe Linker Warning:
#   Section '.ignored' is unknown. Section ignored.
### mwldeppc.exe Linker Warning:
#   Section '.ignored' is unknown. Section ignored.
### mwldeppc.exe Linker Warning:
#   Section '.ignored' is unknown. Section ignored.
### mwldeppc.exe Linker Warning:
#   Section '.ignored' is unknown. Section ignored.
### mwldeppc.exe Linker Warning:
#   Section '.ignored' is unknown. Section ignored.
### mwldeppc.exe Linker Warning:
#   Section '.ignored' is unknown. Section ignored.
### mwldeppc.exe Linker Warning:
#   Section '.ignored' is unknown. Section ignored.
### mwldeppc.exe Linker Warning:
#   Section '.ignored' is unknown. Section ignored.
### mwldeppc.exe Linker Warning:
#   Section '.ignored' is unknown. Section ignored.
### mwldeppc.exe Linker Warning:
#   Section '.ignored' is unknown. Section ignored.
### mwldeppc.exe Linker Warning:
#   Section '.ignored' is unknown. Section ignored.
### mwldeppc.exe Linker Warning:
#   Section '.ignored' is unknown. Section ignored.
### mwldeppc.exe Linker Warning:
#   Section '.ignored' is unknown. Section ignored.
### mwldeppc.exe Linker Warning:
#   Section '.ignored' is unknown. Section ignored.
### mwldeppc.exe Linker Warning:
#   Section '.ignored' is unknown. Section ignored.
### mwldeppc.exe Linker Warning:
#   Section '.ignored' is unknown. Section ignored.
### mwldeppc.exe Linker Warning:
#   Section '.ignored' is unknown. Section ignored.
### mwldeppc.exe Linker Warning:
#   Section '.ignored' is unknown. Section ignored.
### mwldeppc.exe Linker Warning:
#   Section '.ignored' is unknown. Section ignored.
### mwldeppc.exe Linker Warning:
#   Section '.ignored' is unknown. Section ignored.
### mwldeppc.exe Linker Warning:
#   Section '.ignored' is unknown. Section ignored.
### mwldeppc.exe Linker Warning:
#   Section '.ignored' is unknown. Section ignored.
### mwldeppc.exe Linker Warning:
#   Section '.ignored' is unknown. Section ignored.
### mwldeppc.exe Linker Warning:
#   Section '.ignored' is unknown. Section ignored.
### mwldeppc.exe Linker Warning:
#   Section '.ignored' is unknown. Section ignored.
### mwldeppc.exe Linker Warning:
#   Section '.ignored' is unknown. Section ignored.
### mwldeppc.exe Linker Warning:
#   Section '.ignored' is unknown. Section ignored.
### mwldeppc.exe Linker Warning:
#   Section '.ignored' is unknown. Section ignored.
### mwldeppc.exe Linker Warning:
#   Section '.ignored' is unknown. Section ignored.
### mwldeppc.exe Linker Warning:
#   Section '.ignored' is unknown. Section ignored.
### mwldeppc.exe Linker Warning:
#   Section '.ignored' is unknown. Section ignored.
### mwldeppc.exe Linker Warning:
#   Section '.ignored' is unknown. Section ignored.
### mwldeppc.exe Linker Warning:
#   Section '.ignored' is unknown. Section ignored.
### mwldeppc.exe Linker Warning:
#   Section '.ignored' is unknown. Section ignored.
### mwldeppc.exe Linker Warning:
#   Section '.ignored' is unknown. Section ignored.
### mwldeppc.exe Linker Warning:
#   Section '.ignored' is unknown. Section ignored.
### mwldeppc.exe Linker Warning:
#   Section '.ignored' is unknown. Section ignored.
### mwldeppc.exe Linker Warning:
#   Section '.ignored' is unknown. Section ignored.
### mwldeppc.exe Linker Warning:
#   Section '.ignored' is unknown. Section ignored.
### mwldeppc.exe Linker Warning:
#   Section '.ignored' is unknown. Section ignored.
### mwldeppc.exe Linker Warning:
#   Section '.ignored' is unknown. Section ignored.
### mwldeppc.exe Linker Warning:
#   Section '.ignored' is unknown. Section ignored.
### mwldeppc.exe Linker Warning:
#   Section '.ignored' is unknown. Section ignored.
### mwldeppc.exe Linker Warning:
#   Section '.ignored' is unknown. Section ignored.
### mwldeppc.exe Linker Warning:
#   Section '.ignored' is unknown. Section ignored.
### mwldeppc.exe Linker Warning:
#   Section '.ignored' is unknown. Section ignored.
### mwldeppc.exe Linker Warning:
#   Section '.ignored' is unknown. Section ignored.
### mwldeppc.exe Linker Warning:
#   Section '.ignored' is unknown. Section ignored.
### mwldeppc.exe Linker Warning:
#   Section '.ignored' is unknown. Section ignored.
### mwldeppc.exe Linker Warning:
#   Section '.ignored' is unknown. Section ignored.
### mwldeppc.exe Linker Warning:
#   Section '.ignored' is unknown. Section ignored.
### mwldeppc.exe Linker Warning:
#   Section '.ignored' is unknown. Section ignored.
### mwldeppc.exe Linker Warning:
#   Section '.ignored' is unknown. Section ignored.
### mwldeppc.exe Linker Warning:
#   Section '.ignored' is unknown. Section ignored.
### mwldeppc.exe Linker Warning:
#   Section '.ignored' is unknown. Section ignored.
### mwldeppc.exe Linker Warning:
#   Section '.ignored' is unknown. Section ignored.
### mwldeppc.exe Linker Warning:
#   Section '.ignored' is unknown. Section ignored.
### mwldeppc.exe Linker Warning:
#   Section '.ignored' is unknown. Section ignored.
### mwldeppc.exe Linker Warning:
#   Section '.ignored' is unknown. Section ignored.
### mwldeppc.exe Linker Warning:
#   Section '.ignored' is unknown. Section ignored.
### mwldeppc.exe Linker Warning:
#   Section '.ignored' is unknown. Section ignored.
### mwldeppc.exe Linker Warning:
#   Section '.ignored' is unknown. Section ignored.
### mwldeppc.exe Linker Warning:
#   Section '.ignored' is unknown. Section ignored.
### mwldeppc.exe Linker Warning:
#   Section '.ignored' is unknown. Section ignored.
### mwldeppc.exe Linker Warning:
#   Section '.ignored' is unknown. Section ignored.
### mwldeppc.exe Linker Warning:
#   Section '.ignored' is unknown. Section ignored.
### mwldeppc.exe Linker Warning:
#   Section '.ignored' is unknown. Section ignored.
[909/911] DOL build/GEDE01/main.dol
[910/911] CHECK config/GEDE01/build.sha1
build/GEDE01/main.dol: OK
[911/911] PROGRESS
Progress:
  All: 58.27% fuzzy, 49.01% matched, 48.94% linked (6301 / 7068 files)
    Code: 1127652 / 2300692 bytes (6068 / 8214 functions)
    Data: 39606 / 4305642 bytes (0.92%)
  Game Code: 93.86% fuzzy, 78.92% matched, 78.79% linked (6283 / 6633 files)
    Code: 1124624 / 1425104 bytes (6006 / 6354 functions)
    Data: 39382 / 40426 bytes (97.42%)
  SDK/Runtime: 100.00% fuzzy, 100.00% matched, 100.00% linked (18 / 18 files)
    Code: 3028 / 3028 bytes (62 / 62 functions)
    Data: 224 / 224 bytes (100.00%)

exit_status: 0

cwd: eternal-darkness-decomp
argv: ["build/tools/objdiff-cli", "diff", "-p", ".", "-u", "main/game/game_fn_801BACE8", "fn_801BACE8", "-o", "reports/GEDE01/objdiff-148b17fd-5a74-4da9-bee9-f4367f5a76d6-baseline-canonical.json", "--format", "json-pretty"]
 INFO Writing to reports/GEDE01/objdiff-148b17fd-5a74-4da9-bee9-f4367f5a76d6-baseline-canonical.json

exit_status: 0

cwd: eternal-darkness-decomp
argv: ["build/tools/objdiff-cli", "diff", "-p", ".", "-u", "main/game/game_fn_801BACE8", "fn_801BACE8", "-o", "reports/GEDE01/objdiff-148b17fd-5a74-4da9-bee9-f4367f5a76d6-baseline-strict.json", "--format", "json-pretty", "-c", "function_reloc_diffs=name_address"]
 INFO Writing to reports/GEDE01/objdiff-148b17fd-5a74-4da9-bee9-f4367f5a76d6-baseline-strict.json

exit_status: 0

cwd: eternal-darkness-decomp
argv: ["sha1sum", "build/GEDE01/main.dol", "orig/GEDE01/sys/main.dol"]
ea24b6af954876ce072562ff39cdb4c81d32be1f  build/GEDE01/main.dol
ea24b6af954876ce072562ff39cdb4c81d32be1f  orig/GEDE01/sys/main.dol

exit_status: 0

cwd: eternal-darkness-decomp
argv: ["python3", "tools/legal_audit.py"]
legal audit passed (21143 tracked project files inspected)

exit_status: 0

