$ python3 tools/legal_audit.py
legal audit passed (21377 tracked project files inspected)

exit_code=0
$ sha1sum build/GEDE01/main.dol
ea24b6af954876ce072562ff39cdb4c81d32be1f  build/GEDE01/main.dol

exit_code=0
$ .tools/bin/ninja -j2
[1/915] MWCC build/GEDE01/src/game/game_fn_80008014.o
[2/915] MWCC build/GEDE01/src/game/game_fn_800094C0.o
[3/915] MWCC build/GEDE01/src/game/game_fn_800096E0.o
[4/915] MWCC build/GEDE01/src/game/game_fn_800098C0.o
[5/915] MWCC build/GEDE01/src/game/game_fn_800099D8.o
[6/915] MWCC build/GEDE01/src/game/game_fn_80009AB4.o
[7/915] MWCC build/GEDE01/src/game/game_fn_8000A26C.o
[8/915] MWCC build/GEDE01/src/game/game_fn_8000AC88.o
[9/915] MWCC build/GEDE01/src/game/game_fn_8000AEB4.o
[10/915] MWCC build/GEDE01/src/game/game_fn_8000AFB4.o
[11/915] MWCC build/GEDE01/src/game/game_fn_8000B1B8.o
[12/915] MWCC build/GEDE01/src/game/game_fn_8000B36C.o
[13/915] MWCC build/GEDE01/src/game/game_fn_8000B630.o
[14/915] MWCC build/GEDE01/src/game/game_fn_8000B7FC.o
[15/915] MWCC build/GEDE01/src/game/game_fn_8000B900.o
[16/915] MWCC build/GEDE01/src/game/game_fn_8000BA0C.o
[17/915] MWCC build/GEDE01/src/game/game_fn_8000BAA0.o
[18/915] MWCC build/GEDE01/src/game/game_fn_8000BC40.o
[19/915] MWCC build/GEDE01/src/game/game_fn_8000C06C.o
[20/915] MWCC build/GEDE01/src/game/game_fn_8000C17C.o
[21/915] MWCC build/GEDE01/src/game/game_fn_8000C400.o
[22/915] MWCC build/GEDE01/src/game/game_fn_8000C848.o
[23/915] MWCC build/GEDE01/src/game/game_fn_8000C91C.o
[24/915] MWCC build/GEDE01/src/game/game_fn_8000D0BC.o
[25/915] MWCC build/GEDE01/src/game/game_fn_8000D3D4.o
[26/915] MWCC build/GEDE01/src/game/game_fn_8000D590.o
[27/915] MWCC build/GEDE01/src/game/game_fn_8000D8A4.o
[28/915] MWCC build/GEDE01/src/game/game_fn_8000DA50.o
[29/915] MWCC build/GEDE01/src/game/game_fn_8000DAF4.o
[30/915] MWCC build/GEDE01/src/game/game_fn_8000E054.o
[31/915] MWCC build/GEDE01/src/game/game_fn_8000E0AC.o
[32/915] MWCC build/GEDE01/src/game/game_fn_8000E138.o
[33/915] MWCC build/GEDE01/src/game/game_fn_8000E1C4.o
[34/915] MWCC build/GEDE01/src/game/game_fn_8000E96C.o
[35/915] MWCC build/GEDE01/src/game/game_fn_8000EB14.o
[36/915] MWCC build/GEDE01/src/game/game_fn_8000EBD4.o
[37/915] MWCC build/GEDE01/src/game/game_fn_8000ED44.o
[38/915] MWCC build/GEDE01/src/game/game_fn_8000EFC4.o
[39/915] MWCC build/GEDE01/src/game/game_fn_8000F4B0.o
[40/915] MWCC build/GEDE01/src/game/game_fn_8000F774.o
[41/915] MWCC build/GEDE01/src/game/game_fn_8000FDE8.o
[42/915] MWCC build/GEDE01/src/game/game_fn_8000FFD8.o
[43/915] MWCC build/GEDE01/src/game/game_fn_800119FC.o
[44/915] MWCC build/GEDE01/src/game/game_fn_80012DA8.o
[45/915] MWCC build/GEDE01/src/game/game_fn_80012F40.o
[46/915] MWCC build/GEDE01/src/game/game_fn_80012FD0.o
[47/915] MWCC build/GEDE01/src/game/game_fn_800131E8.o
[48/915] MWCC build/GEDE01/src/game/game_fn_80013340.o
[49/915] MWCC build/GEDE01/src/game/game_fn_80013870.o
[50/915] MWCC build/GEDE01/src/game/game_fn_80013CB0.o
[51/915] MWCC build/GEDE01/src/game/game_fn_80013D54.o
[52/915] MWCC build/GEDE01/src/game/game_fn_800142DC.o
[53/915] MWCC build/GEDE01/src/game/game_fn_800144CC.o
[54/915] MWCC build/GEDE01/src/game/game_fn_80014784.o
[55/915] MWCC build/GEDE01/src/game/game_fn_800149D4.o
[56/915] MWCC build/GEDE01/src/game/game_fn_80015058.o
[57/915] MWCC build/GEDE01/src/game/game_fn_80015320.o
[58/915] MWCC build/GEDE01/src/game/game_fn_80015568.o
[59/915] MWCC build/GEDE01/src/game/game_fn_800156FC.o
[60/915] MWCC build/GEDE01/src/game/game_fn_80015BE0.o
[61/915] MWCC build/GEDE01/src/game/game_fn_80015D40.o
[62/915] MWCC build/GEDE01/src/game/game_fn_80015F04.o
[63/915] MWCC build/GEDE01/src/game/game_fn_80016128.o
[64/915] MWCC build/GEDE01/src/game/game_fn_80016270.o
[65/915] MWCC build/GEDE01/src/game/game_fn_80016904.o
[66/915] MWCC build/GEDE01/src/game/game_fn_80016B24.o
[67/915] MWCC build/GEDE01/src/game/game_fn_800171C0.o
[68/915] MWCC build/GEDE01/src/game/game_fn_800173CC.o
[69/915] MWCC build/GEDE01/src/game/game_fn_800176F0.o
[70/915] MWCC build/GEDE01/src/game/game_fn_80017910.o
[71/915] MWCC build/GEDE01/src/game/game_fn_800179AC.o
[72/915] MWCC build/GEDE01/src/game/game_fn_80017A3C.o
[73/915] MWCC build/GEDE01/src/game/game_fn_80017AE4.o
[74/915] MWCC build/GEDE01/src/game/game_fn_80017C3C.o
[75/915] MWCC build/GEDE01/src/game/game_fn_80017CC8.o
[76/915] MWCC build/GEDE01/src/game/game_fn_80017DB0.o
[77/915] MWCC build/GEDE01/src/game/game_fn_80019054.o
[78/915] MWCC build/GEDE01/src/game/game_fn_80018EF4.o
[79/915] MWCC build/GEDE01/src/game/game_fn_800194D0.o
[80/915] MWCC build/GEDE01/src/game/game_fn_80019244.o
[81/915] MWCC build/GEDE01/src/game/game_fn_80019C10.o
[82/915] MWCC build/GEDE01/src/game/game_fn_80019940.o
[83/915] MWCC build/GEDE01/src/game/game_fn_80019D2C.o
[84/915] MWCC build/GEDE01/src/game/game_fn_80019F98.o
[85/915] MWCC build/GEDE01/src/game/game_fn_8001AAB8.o
[86/915] MWCC build/GEDE01/src/game/game_fn_8001A6C4.o
[87/915] MWCC build/GEDE01/src/game/game_fn_8001ADF8.o
[88/915] MWCC build/GEDE01/src/game/game_fn_8001AF68.o
[89/915] MWCC build/GEDE01/src/game/game_fn_8001B124.o
[90/915] MWCC build/GEDE01/src/game/game_fn_8001B294.o
[91/915] MWCC build/GEDE01/src/game/game_fn_8001B808.o
[92/915] MWCC build/GEDE01/src/game/game_fn_8001B874.o
[93/915] MWCC build/GEDE01/src/game/game_fn_8001C078.o
[94/915] MWCC build/GEDE01/src/game/game_fn_8001CA04.o
[95/915] MWCC build/GEDE01/src/game/game_fn_8001CD58.o
[96/915] MWCC build/GEDE01/src/game/game_fn_8001CE94.o
[97/915] MWCC build/GEDE01/src/game/game_fn_8001E644.o
[98/915] MWCC build/GEDE01/src/game/game_fn_8001FE1C.o
[99/915] MWCC build/GEDE01/src/game/game_fn_80020E94.o
[100/915] MWCC build/GEDE01/src/game/game_fn_80024F28.o
[101/915] MWCC build/GEDE01/src/game/game_fn_800272B4.o
[102/915] MWCC build/GEDE01/src/game/game_fn_8002B748.o
[103/915] MWCC build/GEDE01/src/game/game_fn_8002DAE0.o
[104/915] MWCC build/GEDE01/src/game/game_fn_8002E3F0.o
[105/915] MWCC build/GEDE01/src/game/game_fn_8002EA68.o
[106/915] MWCC build/GEDE01/src/game/game_fn_8002F428.o
[107/915] MWCC build/GEDE01/src/game/game_fn_80031544.o
[108/915] MWCC build/GEDE01/src/game/game_fn_8003232C.o
[109/915] MWCC build/GEDE01/src/game/game_fn_80032B84.o
[110/915] MWCC build/GEDE01/src/game/game_fn_80033038.o
[111/915] MWCC build/GEDE01/src/game/game_fn_80033180.o
[112/915] MWCC build/GEDE01/src/game/game_fn_800359A0.o
[113/915] MWCC build/GEDE01/src/game/game_fn_800361F8.o
[114/915] MWCC build/GEDE01/src/game/game_fn_80036C40.o
[115/915] MWCC build/GEDE01/src/game/game_fn_80038878.o
[116/915] MWCC build/GEDE01/src/game/game_fn_80048ADC.o
[117/915] MWCC build/GEDE01/src/game/game_fn_80048B24.o
[118/915] MWCC build/GEDE01/src/game/game_fn_8004998C.o
[119/915] MWCC build/GEDE01/src/game/game_fn_80052310.o
[120/915] MWCC build/GEDE01/src/game/game_fn_80050B08.o
[121/915] MWCC build/GEDE01/src/game/game_fn_800542D0.o
[122/915] MWCC build/GEDE01/src/game/game_fn_8005EC6C.o
[123/915] MWCC build/GEDE01/src/game/game_fn_8005EE9C.o
[124/915] MWCC build/GEDE01/src/game/game_data_80239E10.o
[125/915] MWCC build/GEDE01/src/game/game_data_80239E18.o
[126/915] MWCC build/GEDE01/src/game/game_fn_8005FD84.o
[127/915] MWCC build/GEDE01/src/game/game_fn_80066E78.o
[128/915] MWCC build/GEDE01/src/game/game_fn_80066888.o
[129/915] MWCC build/GEDE01/src/game/game_fn_8006B0F0.o
[130/915] MWCC build/GEDE01/src/game/game_fn_8006B620.o
[131/915] MWCC build/GEDE01/src/game/game_fn_80071A58.o
[132/915] MWCC build/GEDE01/src/game/game_fn_8006E53C.o
[133/915] MWCC build/GEDE01/src/game/game_fn_80074310.o
[134/915] MWCC build/GEDE01/src/game/game_fn_80078500.o
[135/915] MWCC build/GEDE01/src/game/game_fn_80079AA4.o
[136/915] MWCC build/GEDE01/src/game/game_fn_80079908.o
[137/915] MWCC build/GEDE01/src/game/game_fn_8007B2F4.o
[138/915] MWCC build/GEDE01/src/game/game_fn_8007B540.o
[139/915] MWCC build/GEDE01/src/game/game_fn_8007B640.o
[140/915] MWCC build/GEDE01/src/game/game_fn_8007B828.o
[141/915] MWCC build/GEDE01/src/game/game_fn_8007BA3C.o
[142/915] MWCC build/GEDE01/src/game/game_fn_8007D4D8.o
[143/915] MWCC build/GEDE01/src/game/game_fn_8007F770.o
[144/915] MWCC build/GEDE01/src/game/game_fn_800886D8.o
[145/915] MWCC build/GEDE01/src/game/game_fn_80088F4C.o
[146/915] MWCC build/GEDE01/src/game/game_fn_80089A34.o
[147/915] MWCC build/GEDE01/src/game/game_fn_8008A2E0.o
[148/915] MWCC build/GEDE01/src/game/game_fn_8008F224.o
[149/915] MWCC build/GEDE01/src/game/game_fn_8008F890.o
[150/915] MWCC build/GEDE01/src/game/game_fn_80090004.o
[151/915] MWCC build/GEDE01/src/game/game_fn_800934A0.o
[152/915] MWCC build/GEDE01/src/game/game_fn_80095D10.o
[153/915] MWCC build/GEDE01/src/game/game_fn_80095FDC.o
[154/915] MWCC build/GEDE01/src/game/game_fn_80096830.o
[155/915] MWCC build/GEDE01/src/game/game_fn_8009C424.o
[156/915] MWCC build/GEDE01/src/game/game_fn_8009E808.o
[157/915] MWCC build/GEDE01/src/game/game_fn_800A2130.o
[158/915] MWCC build/GEDE01/src/game/game_fn_800A2FCC.o
[159/915] MWCC build/GEDE01/src/game/game_fn_800A3180.o
[160/915] MWCC build/GEDE01/src/game/game_fn_800A3894.o
[161/915] MWCC build/GEDE01/src/game/game_fn_800A4428.o
[162/915] MWCC build/GEDE01/src/game/game_fn_800A4798.o
[163/915] MWCC build/GEDE01/src/game/game_fn_800A7E88.o
[164/915] MWCC build/GEDE01/src/game/game_fn_800AF230.o
[165/915] MWCC build/GEDE01/src/game/game_fn_800B2EC0.o
[166/915] MWCC build/GEDE01/src/game/game_fn_800BB5C4.o
[167/915] MWCC build/GEDE01/src/game/game_fn_800BB7A8.o
[168/915] MWCC build/GEDE01/src/game/game_fn_800BB9A4.o
[169/915] MWCC build/GEDE01/src/game/game_fn_800BBAF0.o
[170/915] MWCC build/GEDE01/src/game/game_fn_800C030C.o
[171/915] MWCC build/GEDE01/src/game/game_fn_800C17EC.o
[172/915] MWCC build/GEDE01/src/game/game_fn_800C59F0.o
[173/915] MWCC build/GEDE01/src/game/game_fn_800C644C.o
[174/915] MWCC build/GEDE01/src/game/game_fn_800C65FC.o
[175/915] MWCC build/GEDE01/src/game/game_fn_800C9C60.o
[176/915] MWCC build/GEDE01/src/game/game_fn_800CB760.o
[177/915] MWCC build/GEDE01/src/game/game_fn_800CB8F4.o
[178/915] MWCC build/GEDE01/src/game/game_fn_800CF598.o
[179/915] MWCC build/GEDE01/src/game/game_fn_800D9064.o
[180/915] MWCC build/GEDE01/src/game/game_fn_800D9E10.o
[181/915] MWCC build/GEDE01/src/game/game_fn_800DC4D4.o
[182/915] MWCC build/GEDE01/src/game/game_fn_800E4980.o
[183/915] MWCC build/GEDE01/src/game/game_TRKNubWelcome.o
[184/915] MWCC build/GEDE01/src/game/game_TRK_main.o
[185/915] MWCC build/GEDE01/src/game/game_InitMetroTRKCommTable.o
[186/915] MWCC build/GEDE01/src/game/game_fn_800FD0C8.o
[187/915] MWCC build/GEDE01/src/game/game_fn_8010242C.o
[188/915] MWCC build/GEDE01/src/game/game_fn_801098C0.o
[189/915] MWCC build/GEDE01/src/game/game_fn_8010F184.o
[190/915] MWCC build/GEDE01/src/game/game_fn_801126E0.o
[191/915] MWCC build/GEDE01/src/game/game_fn_801128E4.o
[192/915] MWCC build/GEDE01/src/game/game_fn_801141B8.o
[193/915] MWCC build/GEDE01/src/game/game_fn_8011F140.o
[194/915] MWCC build/GEDE01/src/game/game_fn_801247F8.o
[195/915] MWCC build/GEDE01/src/game/game_fn_80126A00.o
[196/915] MWCC build/GEDE01/src/game/game_fn_8012976C.o
[197/915] MWCC build/GEDE01/src/game/game_fn_8012DB28.o
[198/915] MWCC build/GEDE01/src/game/game_fn_8013CBE4.o
[199/915] MWCC build/GEDE01/src/game/game_fn_8013D6A4.o
[200/915] MWCC build/GEDE01/src/game/game_fn_8013DB8C.o
[201/915] MWCC build/GEDE01/src/game/game_fn_8014549C.o
[202/915] MWCC build/GEDE01/src/game/game_fn_8014AF38.o
[203/915] MWCC build/GEDE01/src/game/game_fn_8014B494.o
[204/915] MWCC build/GEDE01/src/game/game_fn_8014BA14.o
[205/915] MWCC build/GEDE01/src/game/game_fn_8014CA98.o
[206/915] MWCC build/GEDE01/src/game/game_fn_801535D8.o
[207/915] MWCC build/GEDE01/src/game/game_fn_80153898.o
[208/915] MWCC build/GEDE01/src/game/game_fn_80153A24.o
[209/915] MWCC build/GEDE01/src/game/game_fn_80154F74.o
[210/915] MWCC build/GEDE01/src/game/game_fn_80155814.o
[211/915] MWCC build/GEDE01/src/game/game_fn_80157C0C.o
[212/915] MWCC build/GEDE01/src/game/game_fn_80158B20.o
[213/915] MWCC build/GEDE01/src/game/game_fn_80158D38.o
[214/915] MWCC build/GEDE01/src/game/game_fn_8015DB84.o
[215/915] MWCC build/GEDE01/src/game/game_fn_8015DC54.o
[216/915] MWCC build/GEDE01/src/game/game_fn_8015EDC0.o
[217/915] MWCC build/GEDE01/src/game/game_fn_80167454.o
[218/915] MWCC build/GEDE01/src/game/game_fn_80167B5C.o
[219/915] MWCC build/GEDE01/src/game/game_fn_80169650.o
[220/915] MWCC build/GEDE01/src/game/game_fn_8016BD0C.o
[221/915] MWCC build/GEDE01/src/game/game_fn_8016BE1C.o
[222/915] MWCC build/GEDE01/src/game/game_fn_8016BF60.o
[223/915] MWCC build/GEDE01/src/game/game_fn_8016C0BC.o
[224/915] MWCC build/GEDE01/src/game/game_fn_8016C164.o
[225/915] MWCC build/GEDE01/src/game/game_fn_8016C238.o
[226/915] MWCC build/GEDE01/src/game/game_fn_8016C4BC.o
[227/915] MWCC build/GEDE01/src/game/game_fn_8016C774.o
[228/915] MWCC build/GEDE01/src/game/game_fn_8016D040.o
[229/915] MWCC build/GEDE01/src/game/game_fn_8016D1F8.o
[230/915] MWCC build/GEDE01/src/game/game_fn_8016D2B8.o
[231/915] MWCC build/GEDE01/src/game/game_fn_8016D9C0.o
[232/915] MWCC build/GEDE01/src/game/game_fn_8016DF4C.o
[233/915] MWCC build/GEDE01/src/game/game_fn_8016E8F8.o
[234/915] MWCC build/GEDE01/src/game/game_fn_8016FEF8.o
[235/915] MWCC build/GEDE01/src/game/game_fn_8017038C.o
[236/915] MWCC build/GEDE01/src/game/game_fn_801704F8.o
[237/915] MWCC build/GEDE01/src/game/game_fn_801706DC.o
[238/915] MWCC build/GEDE01/src/game/game_fn_80170A40.o
[239/915] MWCC build/GEDE01/src/game/game_fn_80170DF4.o
[240/915] MWCC build/GEDE01/src/game/game_fn_80170E9C.o
[241/915] MWCC build/GEDE01/src/game/game_fn_8017138C.o
[242/915] MWCC build/GEDE01/src/game/game_fn_80171664.o
[243/915] MWCC build/GEDE01/src/game/game_fn_801718F4.o
[244/915] MWCC build/GEDE01/src/game/game_fn_801719B4.o
[245/915] MWCC build/GEDE01/src/game/game_fn_80171F30.o
[246/915] MWCC build/GEDE01/src/game/game_fn_8017250C.o
[247/915] MWCC build/GEDE01/src/game/game_fn_801726EC.o
[248/915] MWCC build/GEDE01/src/game/game_fn_80172BB0.o
[249/915] MWCC build/GEDE01/src/game/game_fn_80172C78.o
[250/915] MWCC build/GEDE01/src/game/game_fn_80172DB8.o
[251/915] MWCC build/GEDE01/src/game/game_fn_80173270.o
[252/915] MWCC build/GEDE01/src/game/game_fn_801734B4.o
[253/915] MWCC build/GEDE01/src/game/game_fn_80173770.o
[254/915] MWCC build/GEDE01/src/game/game_fn_80173D44.o
[255/915] MWCC build/GEDE01/src/game/game_fn_80173F04.o
[256/915] MWCC build/GEDE01/src/game/game_fn_80174184.o
[257/915] MWCC build/GEDE01/src/game/game_fn_80174358.o
[258/915] MWCC build/GEDE01/src/game/game_fn_80174F2C.o
[259/915] MWCC build/GEDE01/src/game/game_fn_801752B0.o
[260/915] MWCC build/GEDE01/src/game/game_fn_8017553C.o
[261/915] MWCC build/GEDE01/src/game/game_fn_80175A08.o
[262/915] MWCC build/GEDE01/src/game/game_fn_80175E64.o
[263/915] MWCC build/GEDE01/src/game/game_fn_80175F0C.o
[264/915] MWCC build/GEDE01/src/game/game_fn_80175FD4.o
[265/915] MWCC build/GEDE01/src/game/game_fn_80176098.o
[266/915] MWCC build/GEDE01/src/game/game_fn_80176160.o
[267/915] MWCC build/GEDE01/src/game/game_fn_80176220.o
[268/915] MWCC build/GEDE01/src/game/game_fn_801762E8.o
[269/915] MWCC build/GEDE01/src/game/game_fn_8017652C.o
[270/915] MWCC build/GEDE01/src/game/game_fn_80176DF4.o
[271/915] MWCC build/GEDE01/src/game/game_fn_80176FA0.o
[272/915] MWCC build/GEDE01/src/game/game_fn_801770F8.o
[273/915] MWCC build/GEDE01/src/game/game_fn_8017718C.o
[274/915] MWCC build/GEDE01/src/game/game_fn_80178F88.o
[275/915] MWCC build/GEDE01/src/game/game_fn_80177434.o
[276/915] MWCC build/GEDE01/src/game/game_fn_80179398.o
[277/915] MWCC build/GEDE01/src/game/game_fn_8017960C.o
[278/915] MWCC build/GEDE01/src/game/game_fn_8017974C.o
[279/915] MWCC build/GEDE01/src/game/game_fn_80179904.o
[280/915] MWCC build/GEDE01/src/game/game_fn_80179A18.o
[281/915] MWCC build/GEDE01/src/game/game_fn_80179A74.o
[282/915] MWCC build/GEDE01/src/game/game_fn_80179EB8.o
[283/915] MWCC build/GEDE01/src/game/game_fn_80179F20.o
[284/915] MWCC build/GEDE01/src/game/game_fn_8017A010.o
[285/915] MWCC build/GEDE01/src/game/game_fn_8017A12C.o
[286/915] MWCC build/GEDE01/src/game/game_fn_8017A1C0.o
[287/915] MWCC build/GEDE01/src/game/game_fn_8017A9B8.o
[288/915] MWCC build/GEDE01/src/game/game_fn_8017AC20.o
[289/915] MWCC build/GEDE01/src/game/game_fn_8017E850.o
[290/915] MWCC build/GEDE01/src/game/game_fn_8017E958.o
[291/915] MWCC build/GEDE01/src/game/game_fn_80180DDC.o
[292/915] MWCC build/GEDE01/src/game/game_fn_801810A0.o
[293/915] MWCC build/GEDE01/src/game/game_fn_801816D4.o
[294/915] MWCC build/GEDE01/src/game/game_fn_801859FC.o
[295/915] MWCC build/GEDE01/src/game/game_fn_80185AE8.o
[296/915] MWCC build/GEDE01/src/game/game_fn_80185F10.o
[297/915] MWCC build/GEDE01/src/game/game_fn_801861C4.o
[298/915] MWCC build/GEDE01/src/game/game_fn_801865EC.o
[299/915] MWCC build/GEDE01/src/game/game_fn_8018680C.o
[300/915] MWCC build/GEDE01/src/game/game_fn_80186E10.o
[301/915] MWCC build/GEDE01/src/game/game_fn_80186F70.o
[302/915] MWCC build/GEDE01/src/game/game_fn_80187120.o
[303/915] MWCC build/GEDE01/src/game/game_fn_80187320.o
[304/915] MWCC build/GEDE01/src/game/game_fn_801875FC.o
[305/915] MWCC build/GEDE01/src/game/game_fn_801878E0.o
[306/915] MWCC build/GEDE01/src/game/game_fn_80187BB4.o
[307/915] MWCC build/GEDE01/src/game/game_fn_80187E40.o
[308/915] MWCC build/GEDE01/src/game/game_fn_80188A7C.o
[309/915] MWCC build/GEDE01/src/game/game_fn_80188B44.o
[310/915] MWCC build/GEDE01/src/game/game_fn_80188C1C.o
[311/915] MWCC build/GEDE01/src/game/game_fn_80188E28.o
[312/915] MWCC build/GEDE01/src/game/game_fn_80189028.o
[313/915] MWCC build/GEDE01/src/game/game_fn_801891D8.o
[314/915] MWCC build/GEDE01/src/game/game_fn_80189390.o
[315/915] MWCC build/GEDE01/src/game/game_fn_801895E8.o
[316/915] MWCC build/GEDE01/src/game/game_fn_801896A0.o
[317/915] MWCC build/GEDE01/src/game/game_fn_80189760.o
[318/915] MWCC build/GEDE01/src/game/game_fn_80189968.o
[319/915] MWCC build/GEDE01/src/game/game_fn_80189C14.o
[320/915] MWCC build/GEDE01/src/game/game_fn_8018C2D0.o
[321/915] MWCC build/GEDE01/src/game/game_fn_8018D1F0.o
[322/915] MWCC build/GEDE01/src/game/game_fn_8018D2E0.o
[323/915] MWCC build/GEDE01/src/game/game_fn_8018D400.o
[324/915] MWCC build/GEDE01/src/game/game_fn_8018D688.o
[325/915] MWCC build/GEDE01/src/game/game_fn_8018DC24.o
[326/915] MWCC build/GEDE01/src/game/game_fn_8018E0D8.o
[327/915] MWCC build/GEDE01/src/game/game_fn_8018F1D0.o
[328/915] MWCC build/GEDE01/src/game/game_fn_8018F81C.o
[329/915] MWCC build/GEDE01/src/game/game_fn_8018FEDC.o
[330/915] MWCC build/GEDE01/src/game/game_fn_8019120C.o
[331/915] MWCC build/GEDE01/src/game/game_fn_80191360.o
[332/915] MWCC build/GEDE01/src/game/game_fn_801916D0.o
[333/915] MWCC build/GEDE01/src/game/game_fn_8019197C.o
[334/915] MWCC build/GEDE01/src/game/game_fn_80191F58.o
[335/915] MWCC build/GEDE01/src/game/game_fn_801926EC.o
[336/915] MWCC build/GEDE01/src/game/game_fn_801929A4.o
[337/915] MWCC build/GEDE01/src/game/game_fn_80192F54.o
[338/915] MWCC build/GEDE01/src/game/game_fn_801931C4.o
[339/915] MWCC build/GEDE01/src/game/game_fn_80193E1C.o
[340/915] MWCC build/GEDE01/src/game/game_fn_80193F3C.o
[341/915] MWCC build/GEDE01/src/game/game_fn_80194F80.o
[342/915] MWCC build/GEDE01/src/game/game_fn_801952E8.o
[343/915] MWCC build/GEDE01/src/game/game_fn_80197910.o
[344/915] MWCC build/GEDE01/src/game/game_fn_80198154.o
[345/915] MWCC build/GEDE01/src/game/game_fn_80198AAC.o
[346/915] MWCC build/GEDE01/src/game/game_fn_80198BF4.o
[347/915] MWCC build/GEDE01/src/game/game_fn_801991E0.o
[348/915] MWCC build/GEDE01/src/game/game_fn_8019B1BC.o
[349/915] MWCC build/GEDE01/src/game/game_fn_8019CC28.o
[350/915] MWCC build/GEDE01/src/game/game_fn_8019CFC4.o
[351/915] MWCC build/GEDE01/src/game/game_fn_8019E5E4.o
[352/915] MWCC build/GEDE01/src/game/game_fn_8019E8C8.o
[353/915] MWCC build/GEDE01/src/game/game_fn_801A1F18.o
[354/915] MWCC build/GEDE01/src/game/game_fn_801A2A54.o
[355/915] MWCC build/GEDE01/src/game/game_fn_801A34BC.o
[356/915] MWCC build/GEDE01/src/game/game_fn_801A3A78.o
[357/915] MWCC build/GEDE01/src/game/game_fn_801A4430.o
[358/915] MWCC build/GEDE01/src/game/game_fn_801A4CE0.o
[359/915] MWCC build/GEDE01/src/game/game_fn_801A5FB0.o
[360/915] MWCC build/GEDE01/src/game/game_fn_801A6410.o
[361/915] MWCC build/GEDE01/src/game/game_fn_801A657C.o
[362/915] MWCC build/GEDE01/src/game/game_fn_801A6ADC.o
[363/915] MWCC build/GEDE01/src/game/game_fn_801A6C58.o
[364/915] MWCC build/GEDE01/src/game/game_fn_801A6CB4.o
[365/915] MWCC build/GEDE01/src/game/game_fn_801A7E04.o
[366/915] MWCC build/GEDE01/src/game/game_fn_801A7EA8.o
[367/915] MWCC build/GEDE01/src/game/game_fn_801A93E8.o
[368/915] MWCC build/GEDE01/src/game/game_fn_801AB154.o
[369/915] MWCC build/GEDE01/src/game/game_fn_801ABD3C.o
[370/915] MWCC build/GEDE01/src/game/game_fn_801AC8AC.o
[371/915] MWCC build/GEDE01/src/game/game_fn_801ACFE8.o
[372/915] MWCC build/GEDE01/src/game/game_fn_801AD08C.o
[373/915] MWCC build/GEDE01/src/game/game_fn_801AFA74.o
[374/915] MWCC build/GEDE01/src/game/game_fn_801B02F0.o
[375/915] MWCC build/GEDE01/src/game/game_fn_801B1BA0.o
[376/915] MWCC build/GEDE01/src/game/game_fn_801B35BC.o
[377/915] MWCC build/GEDE01/src/game/game_fn_801B46C8.o
[378/915] MWCC build/GEDE01/src/game/game_fn_801B4FB4.o
[379/915] MWCC build/GEDE01/src/game/game_fn_801B5228.o
[380/915] MWCC build/GEDE01/src/game/game_fn_801B58F0.o
[381/915] MWCC build/GEDE01/src/game/game_fn_801B6F1C.o
[382/915] MWCC build/GEDE01/src/game/game_fn_801B86C0.o
[383/915] MWCC build/GEDE01/src/game/game_fn_801B941C.o
[384/915] MWCC build/GEDE01/src/game/game_fn_801B9E7C.o
[385/915] MWCC build/GEDE01/src/game/game_fn_801BA15C.o
[386/915] MWCC build/GEDE01/src/game/game_fn_801BA708.o
[387/915] MWCC build/GEDE01/src/game/game_fn_801BA94C.o
[388/915] MWCC build/GEDE01/src/game/game_fn_801BB1A0.o
[389/915] MWCC build/GEDE01/src/game/game_fn_801BC0D4.o
[390/915] MWCC build/GEDE01/src/game/game_fn_801BC240.o
[391/915] MWCC build/GEDE01/src/game/game_fn_801BC8F4.o
[392/915] MWCC build/GEDE01/src/game/game_fn_801BCC04.o
[393/915] MWCC build/GEDE01/src/game/game_fn_801BD990.o
[394/915] MWCC build/GEDE01/src/game/game_fn_801BDE7C.o
[395/915] MWCC build/GEDE01/src/game/game_fn_801BE0D4.o
[396/915] MWCC build/GEDE01/src/game/game_fn_801C1CB0.o
[397/915] MWCC build/GEDE01/src/game/game_fn_801BEF40.o
[398/915] MWCC build/GEDE01/src/game/game_fn_801C2980.o
[399/915] MWCC build/GEDE01/src/game/game_fn_801C29BC.o
[400/915] MWCC build/GEDE01/src/game/game_fn_801C2D9C.o
[401/915] MWCC build/GEDE01/src/game/game_fn_801C2AAC.o
[402/915] MWCC build/GEDE01/src/game/game_fn_801C8160.o
[403/915] MWCC build/GEDE01/src/game/game_fn_801C8224.o
[404/915] MWCC build/GEDE01/src/game/game_fn_801C8600.o
[405/915] MWCC build/GEDE01/src/game/game_fn_801C4B5C.o
[406/915] MWCC build/GEDE01/src/game/game_fn_801C87DC.o
[407/915] MWCC build/GEDE01/src/game/game_fn_801C8CC0.o
[408/915] MWCC build/GEDE01/src/game/game_fn_801C8F50.o
[409/915] MWCC build/GEDE01/src/game/game_fn_801C90A4.o
[410/915] MWCC build/GEDE01/src/game/game_fn_801C9510.o
[411/915] MWCC build/GEDE01/src/game/game_fn_801C970C.o
[412/915] MWCC build/GEDE01/src/game/game_fn_801C9A08.o
[413/915] MWCC build/GEDE01/src/game/game_fn_801C9B1C.o
[414/915] MWCC build/GEDE01/src/game/game_fn_801CB4F8.o
[415/915] MWCC build/GEDE01/src/game/game_fn_801CD228.o
[416/915] MWCC build/GEDE01/src/game/game_fn_801CE09C.o
[417/915] MWCC build/GEDE01/src/game/game_fn_801CE594.o
[418/915] MWCC build/GEDE01/src/game/game_fn_801D1B10.o
[419/915] MWCC build/GEDE01/src/game/game_fn_801D1F78.o
[420/915] MWCC build/GEDE01/src/game/game_fn_801D3988.o
[421/915] MWCC build/GEDE01/src/game/game_fn_801D76A8.o
[422/915] MWCC build/GEDE01/src/game/game_fn_801D7C24.o
[423/915] MWCC build/GEDE01/src/game/game_fn_801D8050.o
[424/915] MWCC build/GEDE01/src/game/game_fn_801D9FE4.o
[425/915] MWCC build/GEDE01/src/game/game_fn_801E2A48.o
[426/915] MWCC build/GEDE01/src/game/game_fn_801E41AC.o
[427/915] MWCC build/GEDE01/src/game/game_fn_801E504C.o
[428/915] MWCC build/GEDE01/src/game/game_fn_801E6814.o
[429/915] MWCC build/GEDE01/src/game/game_fn_801E7014.o
[430/915] MWCC build/GEDE01/src/game/game_fn_801EB09C.o
[431/915] MWCC build/GEDE01/src/game/game_fn_801E995C.o
[432/915] MWCC build/GEDE01/src/game/game_fn_801EB11C.o
[433/915] MWCC build/GEDE01/src/game/game_fn_801ECD74.o
[434/915] MWCC build/GEDE01/src/game/game_fn_801ECF50.o
[435/915] MWCC build/GEDE01/src/game/game_fn_801ED5F4.o
[436/915] MWCC build/GEDE01/src/game/game_fn_801EF580.o
[437/915] MWCC build/GEDE01/src/game/game_fn_801EF910.o
[438/915] MWCC build/GEDE01/src/game/game_fn_801F0CB0.o
[439/915] MWCC build/GEDE01/src/game/game_fn_801F10BC.o
[440/915] MWCC build/GEDE01/src/game/game_fn_801F1A38.o
[441/915] MWCC build/GEDE01/src/game/game_fn_801F35A8.o
[442/915] MWCC build/GEDE01/src/game/game_fn_801F69F0.o
[443/915] MWCC build/GEDE01/src/game/game_fn_801F55A0.o
[444/915] MWCC build/GEDE01/src/game/game_fn_801F7510.o
[445/915] MWCC build/GEDE01/src/game/game_fn_801F6BD8.o
[446/915] MWCC build/GEDE01/src/game/game_fn_801F76EC.o
[447/915] MWCC build/GEDE01/src/game/game_fn_801F8264.o
[448/915] MWCC build/GEDE01/src/game/game_fn_801F9AF8.o
[449/915] MWCC build/GEDE01/src/game/game_fn_801F89B4.o
[450/915] MWCC build/GEDE01/src/game/game_fn_801F9CF4.o
[451/915] MWCC build/GEDE01/src/game/game_fn_801FA9C8.o
[452/915] MWCC build/GEDE01/src/game/game_fn_801FC034.o
[453/915] MWCC build/GEDE01/src/game/game_fn_801FB6A4.o
[454/915] MWCC build/GEDE01/src/game/game_fn_801FFE78.o
[455/915] MWCC build/GEDE01/src/game/game_fn_801FC204.o
[456/915] EXTERNALIZE build/GEDE01/src/game/game_fn_800DC4D4.o
[457/915] EXTERNALIZE build/GEDE01/src/game/game_fn_80175A08.o
[458/915] EXTERNALIZE build/GEDE01/src/game/game_fn_80066E78.o
[459/915] EXTERNALIZE build/GEDE01/src/game/game_fn_801247F8.o
[460/915] EXTERNALIZE build/GEDE01/src/game/game_fn_801EF910.o
[461/915] EXTERNALIZE build/GEDE01/src/game/game_fn_801ECF50.o
[462/915] EXTERNALIZE build/GEDE01/src/game/game_fn_801FC204.o
[463/915] EXTERNALIZE build/GEDE01/src/game/game_fn_801EB09C.o
[464/915] EXTERNALIZE build/GEDE01/src/game/game_fn_801EB11C.o
[465/915] EXTERNALIZE JUMPTABLES build/GEDE01/src/game/game_fn_80050B08.o
[466/915] EXTERNALIZE build/GEDE01/src/game/game_fn_801E41AC.o
[467/915] EXTERNALIZE build/GEDE01/src/game/game_fn_801D9FE4.o
[468/915] EXTERNALIZE build/GEDE01/src/game/game_fn_801D76A8.o
[469/915] EXTERNALIZE build/GEDE01/src/game/game_fn_801D8050.o
[470/915] EXTERNALIZE build/GEDE01/src/game/game_fn_801D7C24.o
[471/915] EXTERNALIZE build/GEDE01/src/game/game_fn_8019B1BC.o
[472/915] EXTERNALIZE build/GEDE01/src/game/game_fn_80178F88.o
[473/915] EXTERNALIZE build/GEDE01/src/game/game_fn_801CD228.o
[474/915] EXTERNALIZE build/GEDE01/src/game/game_fn_801C970C.o
[475/915] EXTERNALIZE build/GEDE01/src/game/game_fn_801BA15C.o
[476/915] EXTERNALIZE build/GEDE01/src/game/game_fn_801C9510.o
[477/915] EXTERNALIZE build/GEDE01/src/game/game_fn_80126A00.o
[478/915] EXTERNALIZE build/GEDE01/src/game/game_fn_8013D6A4.o
[479/915] EXTERNALIZE build/GEDE01/src/game/game_fn_800C9C60.o
[480/915] EXTERNALIZE build/GEDE01/src/game/game_fn_801B5228.o
[481/915] EXTERNALIZE build/GEDE01/src/game/game_fn_801B4FB4.o
[482/915] EXTERNALIZE build/GEDE01/src/game/game_fn_801C87DC.o
[483/915] EXTERNALIZE build/GEDE01/src/game/game_fn_801B6F1C.o
[484/915] EXTERNALIZE build/GEDE01/src/game/game_fn_801C8CC0.o
[485/915] EXTERNALIZE build/GEDE01/src/game/game_fn_800FD0C8.o
[486/915] EXTERNALIZE build/GEDE01/src/game/game_fn_801BDE7C.o
[487/915] EXTERNALIZE build/GEDE01/src/game/game_fn_801BE0D4.o
[488/915] EXTERNALIZE STATIC POOL build/GEDE01/src/game/game_fn_801C9A08.o
build/GEDE01/src/game/game_fn_801C9A08.o: lbl_80629390 now undefined; section 3 emptied
[489/915] EXTERNALIZE STATIC POOL build/GEDE01/src/game/game_fn_801C9B1C.o
build/GEDE01/src/game/game_fn_801C9B1C.o: lbl_80629390 now undefined; section 3 emptied
[490/915] EXTERNALIZE build/GEDE01/src/game/game_fn_801B941C.o
[491/915] EXTERNALIZE STATIC POOL build/GEDE01/src/game/game_fn_801BD990.o
build/GEDE01/src/game/game_fn_801BD990.o: lbl_80626D80 now undefined; section 6 emptied
[492/915] EXTERNALIZE STATIC POOL build/GEDE01/src/game/game_fn_801B58F0.o
build/GEDE01/src/game/game_fn_801B58F0.o: lbl_8060C020 now undefined; section 3 emptied
[493/915] EXTERNALIZE STATIC POOL build/GEDE01/src/game/game_fn_801B9E7C.o
build/GEDE01/src/game/game_fn_801B9E7C.o: 0 relocation(s) moved from streamInfo to ...bss.0
build/GEDE01/src/game/game_fn_801B9E7C.o: lbl_8061AE48 now undefined; section 6 emptied
[494/915] EXTERNALIZE STATIC POOL build/GEDE01/src/game/game_fn_801BB1A0.o
build/GEDE01/src/game/game_fn_801BB1A0.o: 0 relocation(s) moved from streamInfo to ...bss.0
build/GEDE01/src/game/game_fn_801BB1A0.o: lbl_8061AE48 now undefined; section 6 emptied
[495/915] EXTERNALIZE STATIC POOL build/GEDE01/src/game/game_fn_801BA708.o
build/GEDE01/src/game/game_fn_801BA708.o: 0 relocation(s) moved from streamInfo to ...bss.0
build/GEDE01/src/game/game_fn_801BA708.o: lbl_8061AE48 now undefined; section 6 emptied
[496/915] EXTERNALIZE STATIC build/GEDE01/src/game/game_fn_801B35BC.o
build/GEDE01/src/game/game_fn_801B35BC.o: lbl_8060D420 now undefined; section 6 emptied
[497/915] EXTERNALIZE build/GEDE01/src/game/game_fn_801BA94C.o
build/GEDE01/src/game/game_fn_801BA94C.o: 0 relocation(s) moved from streamInfo to ...bss.0
build/GEDE01/src/game/game_fn_801BA94C.o: lbl_8061AE48 now undefined; section 6 emptied
[498/915] EXTERNALIZE STATIC POOL build/GEDE01/src/game/game_fn_801BC8F4.o
build/GEDE01/src/game/game_fn_801BC8F4.o: lbl_8061C748 now undefined; section 6 emptied
[499/915] EXTERNALIZE STATIC build/GEDE01/src/game/game_fn_801BC240.o
build/GEDE01/src/game/game_fn_801BC240.o: lbl_8061C748 now undefined; section 6 emptied
[500/915] EXTERNALIZE STATIC POOL build/GEDE01/src/game/game_fn_801BCC04.o
build/GEDE01/src/game/game_fn_801BCC04.o: lbl_8061C748 now undefined; section 6 emptied
[501/915] EXTERNALIZE STATIC POOL build/GEDE01/src/game/game_fn_801BC0D4.o
build/GEDE01/src/game/game_fn_801BC0D4.o: lbl_8061C748 now undefined; section 6 emptied
[502/915] EXTERNALIZE STATIC POOL build/GEDE01/src/game/game_fn_801C1CB0.o
build/GEDE01/src/game/game_fn_801C1CB0.o: lbl_80626DA0 now undefined; section 3 emptied
[503/915] RENAME build/GEDE01/src/game/game_InitMetroTRKCommTable.o
[504/915] EXTERNALIZE STATIC POOL build/GEDE01/src/game/game_fn_801CE09C.o
build/GEDE01/src/game/game_fn_801CE09C.o: lbl_80631340 now undefined; section 6 emptied
[505/915] RENAME RUNTIME INTRINSICS build/GEDE01/src/game/game_fn_801CB4F8.o
[506/915] EXTERNALIZE STATIC POOL build/GEDE01/src/game/game_fn_8010242C.o
build/GEDE01/src/game/game_fn_8010242C.o: lbl_8032CC08 now undefined; section 3 emptied
[507/915] EXTERNALIZE build/GEDE01/src/game/game_fn_801D3988.o
[508/915] EXTERNALIZE build/GEDE01/src/game/game_fn_801D1B10.o
[509/915] ALIGN DATA build/GEDE01/src/game/game_fn_80008014.o
[510/915] EXTERNALIZE build/GEDE01/src/game/game_fn_801CE594.o
[511/915] EXTERNALIZE build/GEDE01/src/game/game_fn_8014549C.o
[512/915] EXTERNALIZE build/GEDE01/src/game/game_fn_801C8224.o
[513/915] EXTERNALIZE build/GEDE01/src/game/game_fn_801098C0.o
[514/915] EXTERNALIZE build/GEDE01/src/game/game_fn_8000FDE8.o
[515/915] EXTERNALIZE build/GEDE01/src/game/game_fn_80185F10.o
[516/915] EXTERNALIZE build/GEDE01/src/game/game_fn_801C29BC.o
[517/915] EXTERNALIZE build/GEDE01/src/game/game_fn_801C8F50.o
[518/915] EXTERNALIZE build/GEDE01/src/game/game_fn_8007B828.o
[519/915] EXTERNALIZE build/GEDE01/src/game/game_fn_801C90A4.o
[520/915] EXTERNALIZE build/GEDE01/src/game/game_fn_801C8160.o
[521/915] EXTERNALIZE build/GEDE01/src/game/game_fn_801C2AAC.o
[522/915] EXTERNALIZE build/GEDE01/src/game/game_fn_801C2D9C.o
[523/915] EXTERNALIZE build/GEDE01/src/game/game_fn_801C2980.o
[524/915] EXTERNALIZE build/GEDE01/src/game/game_fn_801B02F0.o
[525/915] EXTERNALIZE build/GEDE01/src/game/game_fn_801AFA74.o
[526/915] EXTERNALIZE build/GEDE01/src/game/game_fn_801AC8AC.o
[527/915] EXTERNALIZE build/GEDE01/src/game/game_fn_801ABD3C.o
[528/915] EXTERNALIZE build/GEDE01/src/game/game_fn_801816D4.o
[529/915] EXTERNALIZE build/GEDE01/src/game/game_fn_8011F140.o
[530/915] EXTERNALIZE build/GEDE01/src/game/game_fn_801AD08C.o
[531/915] EXTERNALIZE build/GEDE01/src/game/game_fn_8004998C.o
[532/915] EXTERNALIZE build/GEDE01/src/game/game_fn_80079AA4.o
[533/915] EXTERNALIZE build/GEDE01/src/game/game_fn_801A3A78.o
[534/915] EXTERNALIZE build/GEDE01/src/game/game_fn_80158D38.o
[535/915] EXTERNALIZE build/GEDE01/src/game/game_fn_8008F224.o
[536/915] EXTERNALIZE build/GEDE01/src/game/game_fn_80167454.o
[537/915] EXTERNALIZE build/GEDE01/src/game/game_fn_800AF230.o
[538/915] EXTERNALIZE build/GEDE01/src/game/game_fn_801A93E8.o
[539/915] EXTERNALIZE build/GEDE01/src/game/game_fn_801AB154.o
[540/915] EXTERNALIZE build/GEDE01/src/game/game_fn_801A7E04.o
[541/915] EXTERNALIZE build/GEDE01/src/game/game_fn_801A7EA8.o
[542/915] EXTERNALIZE build/GEDE01/src/game/game_fn_801A6CB4.o
[543/915] EXTERNALIZE build/GEDE01/src/game/game_fn_801A4CE0.o
[544/915] EXTERNALIZE build/GEDE01/src/game/game_fn_801A6C58.o
[545/915] NAME JUMPTABLE build/GEDE01/src/game/game_fn_801A6ADC.o
[546/915] EXTERNALIZE build/GEDE01/src/game/game_fn_801A6410.o
[547/915] EXTERNALIZE build/GEDE01/src/game/game_fn_801A5FB0.o
[548/915] EXTERNALIZE build/GEDE01/src/game/game_fn_801A1F18.o
[549/915] EXTERNALIZE build/GEDE01/src/game/game_fn_8019E8C8.o
[550/915] EXTERNALIZE build/GEDE01/src/game/game_fn_8019E5E4.o
[551/915] EXTERNALIZE build/GEDE01/src/game/game_fn_8019CFC4.o
[552/915] EXTERNALIZE build/GEDE01/src/game/game_fn_8019CC28.o
[553/915] EXTERNALIZE build/GEDE01/src/game/game_fn_801991E0.o
[554/915] EXTERNALIZE build/GEDE01/src/game/game_fn_80198BF4.o
[555/915] EXTERNALIZE build/GEDE01/src/game/game_fn_80198AAC.o
[556/915] EXTERNALIZE build/GEDE01/src/game/game_fn_80198154.o
[557/915] EXTERNALIZE build/GEDE01/src/game/game_fn_80194F80.o
[558/915] EXTERNALIZE build/GEDE01/src/game/game_fn_80197910.o
[559/915] EXTERNALIZE build/GEDE01/src/game/game_fn_80177434.o
repointed 2 relocations to lbl_80250588
[560/915] EXTERNALIZE build/GEDE01/src/game/game_fn_80193E1C.o
[561/915] EXTERNALIZE build/GEDE01/src/game/game_fn_801931C4.o
[562/915] EXTERNALIZE build/GEDE01/src/game/game_fn_80193F3C.o
[563/915] EXTERNALIZE build/GEDE01/src/game/game_fn_80192F54.o
[564/915] EXTERNALIZE build/GEDE01/src/game/game_fn_80191F58.o
[565/915] EXTERNALIZE build/GEDE01/src/game/game_fn_8019197C.o
[566/915] EXTERNALIZE build/GEDE01/src/game/game_fn_80191360.o
[567/915] GLOBALIZE build/GEDE01/src/game/game_fn_8018F1D0.o
[568/915] EXTERNALIZE build/GEDE01/src/game/game_fn_8018D688.o
[569/915] EXTERNALIZE build/GEDE01/src/game/game_fn_8018F81C.o
[570/915] EXTERNALIZE build/GEDE01/src/game/game_fn_8018D2E0.o
[571/915] EXTERNALIZE build/GEDE01/src/game/game_fn_80189968.o
[572/915] EXTERNALIZE build/GEDE01/src/game/game_fn_80189760.o
[573/915] EXTERNALIZE build/GEDE01/src/game/game_fn_8018D1F0.o
[574/915] EXTERNALIZE build/GEDE01/src/game/game_fn_801896A0.o
[575/915] EXTERNALIZE build/GEDE01/src/game/game_fn_801895E8.o
[576/915] EXTERNALIZE build/GEDE01/src/game/game_fn_80189390.o
[577/915] EXTERNALIZE build/GEDE01/src/game/game_fn_801891D8.o
[578/915] EXTERNALIZE build/GEDE01/src/game/game_fn_80188E28.o
[579/915] EXTERNALIZE build/GEDE01/src/game/game_fn_80189028.o
[580/915] EXTERNALIZE build/GEDE01/src/game/game_fn_80188B44.o
[581/915] EXTERNALIZE build/GEDE01/src/game/game_fn_80188C1C.o
[582/915] EXTERNALIZE build/GEDE01/src/game/game_fn_80188A7C.o
[583/915] EXTERNALIZE build/GEDE01/src/game/game_fn_801878E0.o
[584/915] EXTERNALIZE build/GEDE01/src/game/game_fn_80187120.o
[585/915] EXTERNALIZE build/GEDE01/src/game/game_fn_8018FEDC.o
[586/915] EXTERNALIZE build/GEDE01/src/game/game_fn_80186E10.o
[587/915] EXTERNALIZE build/GEDE01/src/game/game_fn_801865EC.o
[588/915] EXTERNALIZE build/GEDE01/src/game/game_fn_80185AE8.o
[589/915] EXTERNALIZE build/GEDE01/src/game/game_fn_801859FC.o
[590/915] EXTERNALIZE build/GEDE01/src/game/game_fn_80180DDC.o
[591/915] EXTERNALIZE build/GEDE01/src/game/game_fn_8017E958.o
[592/915] EXTERNALIZE build/GEDE01/src/game/game_fn_8017E850.o
[593/915] EXTERNALIZE build/GEDE01/src/game/game_fn_8017718C.o
[594/915] EXTERNALIZE build/GEDE01/src/game/game_fn_801770F8.o
[595/915] EXTERNALIZE build/GEDE01/src/game/game_fn_80176FA0.o
[596/915] EXTERNALIZE build/GEDE01/src/game/game_fn_80176DF4.o
[597/915] EXTERNALIZE build/GEDE01/src/game/game_fn_80174358.o
[598/915] EXTERNALIZE build/GEDE01/src/game/game_fn_80173F04.o
[599/915] EXTERNALIZE build/GEDE01/src/game/game_fn_80174184.o
[600/915] EXTERNALIZE build/GEDE01/src/game/game_fn_8017553C.o
[601/915] EXTERNALIZE build/GEDE01/src/game/game_fn_80173D44.o
[602/915] EXTERNALIZE build/GEDE01/src/game/game_fn_80173770.o
[603/915] EXTERNALIZE build/GEDE01/src/game/game_fn_801734B4.o
[604/915] EXTERNALIZE build/GEDE01/src/game/game_fn_80173270.o
[605/915] EXTERNALIZE build/GEDE01/src/game/game_fn_80172DB8.o
[606/915] EXTERNALIZE build/GEDE01/src/game/game_fn_80172C78.o
[607/915] EXTERNALIZE build/GEDE01/src/game/game_fn_80172BB0.o
[608/915] EXTERNALIZE build/GEDE01/src/game/game_fn_801726EC.o
[609/915] EXTERNALIZE build/GEDE01/src/game/game_fn_8017250C.o
[610/915] EXTERNALIZE build/GEDE01/src/game/game_fn_80171F30.o
[611/915] EXTERNALIZE build/GEDE01/src/game/game_fn_801719B4.o
[612/915] EXTERNALIZE build/GEDE01/src/game/game_fn_801718F4.o
[613/915] EXTERNALIZE build/GEDE01/src/game/game_fn_80171664.o
[614/915] EXTERNALIZE build/GEDE01/src/game/game_fn_8017138C.o
[615/915] EXTERNALIZE build/GEDE01/src/game/game_fn_80170A40.o
[616/915] NORMALIZE build/GEDE01/src/game/game_TRKNubWelcome.o
[617/915] NORMALIZE build/GEDE01/src/game/game_TRK_main.o
[618/915] NORMALIZE build/GEDE01/src/game/game_data_80239E10.o
[619/915] NORMALIZE build/GEDE01/src/game/game_data_80239E18.o
[620/915] EXTERNALIZE build/GEDE01/src/game/game_fn_801706DC.o
[621/915] EXTERNALIZE build/GEDE01/src/game/game_fn_8017652C.o
[622/915] EXTERNALIZE build/GEDE01/src/game/game_fn_80170E9C.o
[623/915] EXTERNALIZE build/GEDE01/src/game/game_fn_80175E64.o
[624/915] EXTERNALIZE build/GEDE01/src/game/game_fn_80175F0C.o
[625/915] EXTERNALIZE build/GEDE01/src/game/game_fn_80175FD4.o
[626/915] EXTERNALIZE build/GEDE01/src/game/game_fn_80176098.o
[627/915] EXTERNALIZE build/GEDE01/src/game/game_fn_80176160.o
[628/915] EXTERNALIZE build/GEDE01/src/game/game_fn_80176220.o
[629/915] EXTERNALIZE build/GEDE01/src/game/game_fn_80170DF4.o
[630/915] EXTERNALIZE build/GEDE01/src/game/game_fn_801762E8.o
[631/915] EXTERNALIZE build/GEDE01/src/game/game_fn_8016E8F8.o
[632/915] EXTERNALIZE build/GEDE01/src/game/game_fn_8016FEF8.o
[633/915] EXTERNALIZE build/GEDE01/src/game/game_fn_801704F8.o
[634/915] NORMALIZE build/GEDE01/src/game/game_fn_8016DF4C.o
[635/915] EXTERNALIZE build/GEDE01/src/game/game_fn_8016D2B8.o
[636/915] EXTERNALIZE build/GEDE01/src/game/game_fn_8016D040.o
[637/915] EXTERNALIZE build/GEDE01/src/game/game_fn_8016D1F8.o
[638/915] EXTERNALIZE build/GEDE01/src/game/game_fn_8016C774.o
[639/915] EXTERNALIZE build/GEDE01/src/game/game_fn_8016C4BC.o
[640/915] EXTERNALIZE build/GEDE01/src/game/game_fn_8016C238.o
[641/915] EXTERNALIZE build/GEDE01/src/game/game_fn_8016C164.o
[642/915] EXTERNALIZE build/GEDE01/src/game/game_fn_8016C0BC.o
[643/915] EXTERNALIZE build/GEDE01/src/game/game_fn_8017038C.o
[644/915] EXTERNALIZE build/GEDE01/src/game/game_fn_8016BE1C.o
[645/915] EXTERNALIZE build/GEDE01/src/game/game_fn_8016BF60.o
[646/915] EXTERNALIZE build/GEDE01/src/game/game_fn_8016BD0C.o
[647/915] EXTERNALIZE build/GEDE01/src/game/game_fn_80169650.o
[648/915] EXTERNALIZE build/GEDE01/src/game/game_fn_80167B5C.o
[649/915] EXTERNALIZE build/GEDE01/src/game/game_fn_8015EDC0.o
[650/915] EXTERNALIZE build/GEDE01/src/game/game_fn_8015DB84.o
[651/915] EXTERNALIZE build/GEDE01/src/game/game_fn_8015DC54.o
[652/915] EXTERNALIZE build/GEDE01/src/game/game_fn_80158B20.o
[653/915] EXTERNALIZE build/GEDE01/src/game/game_fn_80179398.o
[654/915] EXTERNALIZE build/GEDE01/src/game/game_fn_8017960C.o
[655/915] EXTERNALIZE build/GEDE01/src/game/game_fn_8017974C.o
[656/915] EXTERNALIZE build/GEDE01/src/game/game_fn_80179904.o
[657/915] EXTERNALIZE build/GEDE01/src/game/game_fn_8017A9B8.o
[658/915] EXTERNALIZE build/GEDE01/src/game/game_fn_80179A18.o
[659/915] EXTERNALIZE build/GEDE01/src/game/game_fn_80179A74.o
[660/915] EXTERNALIZE build/GEDE01/src/game/game_fn_80179EB8.o
[661/915] EXTERNALIZE build/GEDE01/src/game/game_fn_80179F20.o
[662/915] EXTERNALIZE build/GEDE01/src/game/game_fn_8017A010.o
[663/915] EXTERNALIZE build/GEDE01/src/game/game_fn_8017A12C.o
[664/915] EXTERNALIZE build/GEDE01/src/game/game_fn_80157C0C.o
[665/915] EXTERNALIZE build/GEDE01/src/game/game_fn_8017A1C0.o
[666/915] EXTERNALIZE build/GEDE01/src/game/game_fn_80155814.o
[667/915] EXTERNALIZE build/GEDE01/src/game/game_fn_80153898.o
[668/915] EXTERNALIZE build/GEDE01/src/game/game_fn_8014B494.o
[669/915] EXTERNALIZE build/GEDE01/src/game/game_fn_8014AF38.o
[670/915] EXTERNALIZE build/GEDE01/src/game/game_fn_8012DB28.o
[671/915] EXTERNALIZE build/GEDE01/src/game/game_fn_801141B8.o
[672/915] EXTERNALIZE build/GEDE01/src/game/game_fn_801128E4.o
[673/915] EXTERNALIZE build/GEDE01/src/game/game_fn_801126E0.o
[674/915] EXTERNALIZE build/GEDE01/src/game/game_fn_8010F184.o
[675/915] EXTERNALIZE build/GEDE01/src/game/game_fn_800E4980.o
[676/915] EXTERNALIZE build/GEDE01/src/game/game_fn_800C17EC.o
[677/915] EXTERNALIZE build/GEDE01/src/game/game_fn_800C030C.o
[678/915] EXTERNALIZE build/GEDE01/src/game/game_fn_800C59F0.o
[679/915] EXTERNALIZE build/GEDE01/src/game/game_fn_800C644C.o
[680/915] EXTERNALIZE build/GEDE01/src/game/game_fn_800C65FC.o
[681/915] EXTERNALIZE build/GEDE01/src/game/game_fn_800CB760.o
[682/915] EXTERNALIZE build/GEDE01/src/game/game_fn_800CB8F4.o
[683/915] EXTERNALIZE build/GEDE01/src/game/game_fn_80078500.o
[684/915] EXTERNALIZE build/GEDE01/src/game/game_fn_80079908.o
[685/915] EXTERNALIZE build/GEDE01/src/game/game_fn_8007B2F4.o
[686/915] EXTERNALIZE build/GEDE01/src/game/game_fn_8007B540.o
[687/915] EXTERNALIZE build/GEDE01/src/game/game_fn_8007B640.o
[688/915] EXTERNALIZE build/GEDE01/src/game/game_fn_800886D8.o
[689/915] EXTERNALIZE build/GEDE01/src/game/game_fn_8007BA3C.o
[690/915] EXTERNALIZE build/GEDE01/src/game/game_fn_800934A0.o
[691/915] EXTERNALIZE build/GEDE01/src/game/game_fn_800A3894.o
[692/915] EXTERNALIZE build/GEDE01/src/game/game_fn_800A7E88.o
[693/915] EXTERNALIZE build/GEDE01/src/game/game_fn_800A4798.o
[694/915] GLOBALIZE build/GEDE01/src/game/game_fn_800A2130.o
[695/915] EXTERNALIZE build/GEDE01/src/game/game_fn_800A2FCC.o
[696/915] EXTERNALIZE build/GEDE01/src/game/game_fn_8009C424.o
[697/915] EXTERNALIZE build/GEDE01/src/game/game_fn_80096830.o
[698/915] GLOBALIZE build/GEDE01/src/game/game_fn_8008F890.o
[699/915] EXTERNALIZE SWITCHES build/GEDE01/src/game/game_fn_80095FDC.o
[700/915] EXTERNALIZE build/GEDE01/src/game/game_fn_800A4428.o
[701/915] EXTERNALIZE build/GEDE01/src/game/game_fn_80074310.o
[702/915] GLOBALIZE build/GEDE01/src/game/game_fn_8005FD84.o
[703/915] EXTERNALIZE build/GEDE01/src/game/game_fn_80066888.o
[704/915] EXTERNALIZE build/GEDE01/src/game/game_fn_8005EC6C.o
[705/915] EXTERNALIZE build/GEDE01/src/game/game_fn_80052310.o
[706/915] EXTERNALIZE build/GEDE01/src/game/game_fn_80048B24.o
[707/915] NAME SWITCH build/GEDE01/src/game/game_fn_80020E94.o
[708/915] EXTERNALIZE build/GEDE01/src/game/game_fn_80048ADC.o
[709/915] NAME SWITCH build/GEDE01/src/game/game_fn_8005EE9C.o
[710/915] NAME SWITCH build/GEDE01/src/game/game_fn_8016D9C0.o
[711/915] NAME SWITCH build/GEDE01/src/game/game_fn_80071A58.o
[712/915] NAME SWITCH build/GEDE01/src/game/game_fn_8006B620.o
[713/915] NAME SWITCH build/GEDE01/src/game/game_fn_8001FE1C.o
[714/915] NAME SWITCH build/GEDE01/src/game/game_fn_8001E644.o
[715/915] EXTERNALIZE build/GEDE01/src/game/game_fn_80038878.o
[716/915] EXTERNALIZE build/GEDE01/src/game/game_fn_801B46C8.o
build/GEDE01/src/game/game_fn_801B46C8.o: lbl_8060C020 now undefined; section 6 emptied
[717/915] EXTERNALIZE build/GEDE01/src/game/game_fn_80036C40.o
[718/915] EXTERNALIZE build/GEDE01/src/game/game_fn_800359A0.o
[719/915] EXTERNALIZE build/GEDE01/src/game/game_fn_80033180.o
[720/915] EXTERNALIZE build/GEDE01/src/game/game_fn_80033038.o
[721/915] EXTERNALIZE build/GEDE01/src/game/game_fn_80032B84.o
[722/915] EXTERNALIZE build/GEDE01/src/game/game_fn_8003232C.o
[723/915] EXTERNALIZE build/GEDE01/src/game/game_fn_8002E3F0.o
[724/915] EXTERNALIZE build/GEDE01/src/game/game_fn_8002DAE0.o
[725/915] EXTERNALIZE build/GEDE01/src/game/game_fn_8002EA68.o
[726/915] GLOBALIZE build/GEDE01/src/game/game_fn_8002B748.o
[727/915] EXTERNALIZE build/GEDE01/src/game/game_fn_8002F428.o
[728/915] NAME SWITCHES build/GEDE01/src/game/game_fn_80024F28.o
[729/915] EXTERNALIZE build/GEDE01/src/game/game_fn_800272B4.o
[730/915] EXTERNALIZE build/GEDE01/src/game/game_fn_8001CD58.o
[731/915] EXTERNALIZE build/GEDE01/src/game/game_fn_8001CE94.o
[732/915] EXTERNALIZE build/GEDE01/src/game/game_fn_8001C078.o
[733/915] EXTERNALIZE build/GEDE01/src/game/game_fn_8001B874.o
[734/915] EXTERNALIZE build/GEDE01/src/game/game_fn_8001B808.o
[735/915] EXTERNALIZE build/GEDE01/src/game/game_fn_8001B294.o
[736/915] EXTERNALIZE build/GEDE01/src/game/game_fn_8001B124.o
[737/915] EXTERNALIZE build/GEDE01/src/game/game_fn_8001AF68.o
[738/915] EXTERNALIZE build/GEDE01/src/game/game_fn_8001ADF8.o
[739/915] EXTERNALIZE build/GEDE01/src/game/game_fn_8001AAB8.o
[740/915] EXTERNALIZE build/GEDE01/src/game/game_fn_8001A6C4.o
[741/915] EXTERNALIZE build/GEDE01/src/game/game_fn_80019F98.o
[742/915] EXTERNALIZE build/GEDE01/src/game/game_fn_80019D2C.o
[743/915] EXTERNALIZE build/GEDE01/src/game/game_fn_80019C10.o
[744/915] EXTERNALIZE build/GEDE01/src/game/game_fn_80019940.o
[745/915] EXTERNALIZE build/GEDE01/src/game/game_fn_800194D0.o
[746/915] EXTERNALIZE build/GEDE01/src/game/game_fn_80019244.o
[747/915] EXTERNALIZE build/GEDE01/src/game/game_fn_80019054.o
[748/915] EXTERNALIZE build/GEDE01/src/game/game_fn_80018EF4.o
[749/915] EXTERNALIZE build/GEDE01/src/game/game_fn_80017DB0.o
[750/915] EXTERNALIZE build/GEDE01/src/game/game_fn_80017CC8.o
[751/915] EXTERNALIZE build/GEDE01/src/game/game_fn_80017C3C.o
[752/915] EXTERNALIZE build/GEDE01/src/game/game_fn_80017AE4.o
[753/915] EXTERNALIZE build/GEDE01/src/game/game_fn_80017A3C.o
[754/915] EXTERNALIZE build/GEDE01/src/game/game_fn_800179AC.o
[755/915] EXTERNALIZE build/GEDE01/src/game/game_fn_80017910.o
[756/915] EXTERNALIZE FLAGS build/GEDE01/src/game/game_fn_800119FC.o
[757/915] EXTERNALIZE build/GEDE01/src/game/game_fn_8000FFD8.o
[758/915] EXTERNALIZE build/GEDE01/src/game/game_fn_8000F4B0.o
[759/915] GLOBALIZE build/GEDE01/src/game/game_fn_800094C0.o
[760/915] EXTERNALIZE build/GEDE01/src/game/game_fn_8000EFC4.o
[761/915] EXTERNALIZE build/GEDE01/src/game/game_fn_800096E0.o
[762/915] EXTERNALIZE build/GEDE01/src/game/game_fn_800098C0.o
[763/915] EXTERNALIZE build/GEDE01/src/game/game_fn_800099D8.o
[764/915] EXTERNALIZE build/GEDE01/src/game/game_fn_80009AB4.o
[765/915] EXTERNALIZE build/GEDE01/src/game/game_fn_8000A26C.o
[766/915] EXTERNALIZE build/GEDE01/src/game/game_fn_800171C0.o
[767/915] EXTERNALIZE build/GEDE01/src/game/game_fn_800176F0.o
[768/915] EXTERNALIZE build/GEDE01/src/game/game_fn_8000AC88.o
[769/915] EXTERNALIZE build/GEDE01/src/game/game_fn_8000AEB4.o
[770/915] EXTERNALIZE build/GEDE01/src/game/game_fn_8000AFB4.o
[771/915] EXTERNALIZE build/GEDE01/src/game/game_fn_8000B1B8.o
[772/915] EXTERNALIZE build/GEDE01/src/game/game_fn_8000B36C.o
[773/915] EXTERNALIZE build/GEDE01/src/game/game_fn_8000B630.o
[774/915] EXTERNALIZE build/GEDE01/src/game/game_fn_8000B7FC.o
[775/915] EXTERNALIZE build/GEDE01/src/game/game_fn_8000B900.o
[776/915] EXTERNALIZE build/GEDE01/src/game/game_fn_8000BA0C.o
[777/915] EXTERNALIZE build/GEDE01/src/game/game_fn_8000BAA0.o
[778/915] EXTERNALIZE build/GEDE01/src/game/game_fn_8000BC40.o
[779/915] EXTERNALIZE build/GEDE01/src/game/game_fn_8000C06C.o
[780/915] EXTERNALIZE build/GEDE01/src/game/game_fn_8000C17C.o
[781/915] EXTERNALIZE build/GEDE01/src/game/game_fn_8000C400.o
[782/915] EXTERNALIZE build/GEDE01/src/game/game_fn_8000C848.o
[783/915] EXTERNALIZE build/GEDE01/src/game/game_fn_8000C91C.o
[784/915] EXTERNALIZE build/GEDE01/src/game/game_fn_8000D0BC.o
[785/915] NAME SWITCH build/GEDE01/src/game/game_fn_8000D8A4.o
[786/915] EXTERNALIZE build/GEDE01/src/game/game_fn_8000D3D4.o
[787/915] EXTERNALIZE build/GEDE01/src/game/game_fn_8000E054.o
[788/915] EXTERNALIZE build/GEDE01/src/game/game_fn_8000E0AC.o
[789/915] EXTERNALIZE build/GEDE01/src/game/game_fn_8000E96C.o
[790/915] EXTERNALIZE build/GEDE01/src/game/game_fn_8000F774.o
[791/915] EXTERNALIZE build/GEDE01/src/game/game_fn_8000EB14.o
[792/915] EXTERNALIZE build/GEDE01/src/game/game_fn_8000EBD4.o
[793/915] EXTERNALIZE build/GEDE01/src/game/game_fn_8000ED44.o
[794/915] EXTERNALIZE build/GEDE01/src/game/game_fn_8000E138.o
[795/915] EXTERNALIZE build/GEDE01/src/game/game_fn_8000E1C4.o
[796/915] EXTERNALIZE build/GEDE01/src/game/game_fn_8000D590.o
[797/915] EXTERNALIZE build/GEDE01/src/game/game_fn_8000DA50.o
[798/915] EXTERNALIZE build/GEDE01/src/game/game_fn_8000DAF4.o
[799/915] EXTERNALIZE build/GEDE01/src/game/game_fn_80012DA8.o
[800/915] EXTERNALIZE build/GEDE01/src/game/game_fn_80012F40.o
[801/915] EXTERNALIZE build/GEDE01/src/game/game_fn_80012FD0.o
[802/915] EXTERNALIZE build/GEDE01/src/game/game_fn_800131E8.o
[803/915] EXTERNALIZE build/GEDE01/src/game/game_fn_80013340.o
[804/915] EXTERNALIZE build/GEDE01/src/game/game_fn_80013870.o
[805/915] EXTERNALIZE build/GEDE01/src/game/game_fn_80013CB0.o
[806/915] EXTERNALIZE build/GEDE01/src/game/game_fn_80013D54.o
[807/915] EXTERNALIZE build/GEDE01/src/game/game_fn_800142DC.o
[808/915] EXTERNALIZE build/GEDE01/src/game/game_fn_800144CC.o
[809/915] EXTERNALIZE build/GEDE01/src/game/game_fn_80014784.o
[810/915] EXTERNALIZE build/GEDE01/src/game/game_fn_800149D4.o
[811/915] EXTERNALIZE build/GEDE01/src/game/game_fn_80015058.o
[812/915] EXTERNALIZE build/GEDE01/src/game/game_fn_80015320.o
[813/915] EXTERNALIZE build/GEDE01/src/game/game_fn_80015568.o
[814/915] EXTERNALIZE build/GEDE01/src/game/game_fn_800156FC.o
[815/915] EXTERNALIZE build/GEDE01/src/game/game_fn_80015BE0.o
[816/915] EXTERNALIZE build/GEDE01/src/game/game_fn_80015D40.o
[817/915] EXTERNALIZE build/GEDE01/src/game/game_fn_80015F04.o
[818/915] EXTERNALIZE build/GEDE01/src/game/game_fn_80016128.o
[819/915] EXTERNALIZE build/GEDE01/src/game/game_fn_80016270.o
[820/915] EXTERNALIZE build/GEDE01/src/game/game_fn_80016904.o
[821/915] EXTERNALIZE build/GEDE01/src/game/game_fn_800173CC.o
[822/915] EXTERNALIZE build/GEDE01/src/game/game_fn_80016B24.o
[823/915] EXTERNALIZE build/GEDE01/src/game/game_fn_801BEF40.o
[824/915] EXTERNALIZE build/GEDE01/src/game/game_fn_801B86C0.o
[825/915] EXTERNALIZE STATIC POOL build/GEDE01/src/game/game_fn_801C4B5C.o
build/GEDE01/src/game/game_fn_801C4B5C.o: lbl_80628CB0 now undefined; section 6 emptied
[826/915] EXTERNALIZE build/GEDE01/src/game/game_fn_801E7014.o
[827/915] EXTERNALIZE build/GEDE01/src/game/game_fn_801C8600.o
[828/915] EXTERNALIZE build/GEDE01/src/game/game_fn_8014BA14.o
[829/915] EXTERNALIZE build/GEDE01/src/game/game_fn_801A4430.o
[830/915] EXTERNALIZE build/GEDE01/src/game/game_fn_800B2EC0.o
[831/915] EXTERNALIZE build/GEDE01/src/game/game_fn_8001CA04.o
[832/915] EXTERNALIZE build/GEDE01/src/game/game_fn_80031544.o
[833/915] EXTERNALIZE build/GEDE01/src/game/game_fn_8006B0F0.o
[834/915] EXTERNALIZE build/GEDE01/src/game/game_fn_8007D4D8.o
[835/915] EXTERNALIZE build/GEDE01/src/game/game_fn_8007F770.o
[836/915] EXTERNALIZE build/GEDE01/src/game/game_fn_80088F4C.o
[837/915] EXTERNALIZE build/GEDE01/src/game/game_fn_8008A2E0.o
[838/915] EXTERNALIZE build/GEDE01/src/game/game_fn_80089A34.o
[839/915] EXTERNALIZE build/GEDE01/src/game/game_fn_80090004.o
[840/915] EXTERNALIZE build/GEDE01/src/game/game_fn_80095D10.o
[841/915] EXTERNALIZE build/GEDE01/src/game/game_fn_800A3180.o
[842/915] EXTERNALIZE build/GEDE01/src/game/game_fn_800BB7A8.o
[843/915] EXTERNALIZE build/GEDE01/src/game/game_fn_800BB5C4.o
[844/915] EXTERNALIZE build/GEDE01/src/game/game_fn_800BB9A4.o
[845/915] EXTERNALIZE build/GEDE01/src/game/game_fn_800BBAF0.o
[846/915] EXTERNALIZE build/GEDE01/src/game/game_fn_800D9064.o
[847/915] EXTERNALIZE build/GEDE01/src/game/game_fn_800D9E10.o
[848/915] EXTERNALIZE build/GEDE01/src/game/game_fn_8012976C.o
[849/915] EXTERNALIZE build/GEDE01/src/game/game_fn_8013DB8C.o
[850/915] EXTERNALIZE build/GEDE01/src/game/game_fn_8013CBE4.o
[851/915] EXTERNALIZE build/GEDE01/src/game/game_fn_8014CA98.o
[852/915] EXTERNALIZE build/GEDE01/src/game/game_fn_80153A24.o
[853/915] EXTERNALIZE build/GEDE01/src/game/game_fn_801535D8.o
[854/915] EXTERNALIZE build/GEDE01/src/game/game_fn_80174F2C.o
[855/915] EXTERNALIZE build/GEDE01/src/game/game_fn_801752B0.o
[856/915] EXTERNALIZE build/GEDE01/src/game/game_fn_8017AC20.o
[857/915] EXTERNALIZE build/GEDE01/src/game/game_fn_801861C4.o
[858/915] EXTERNALIZE build/GEDE01/src/game/game_fn_8018680C.o
[859/915] EXTERNALIZE build/GEDE01/src/game/game_fn_80186F70.o
[860/915] EXTERNALIZE build/GEDE01/src/game/game_fn_80187320.o
[861/915] EXTERNALIZE build/GEDE01/src/game/game_fn_801875FC.o
[862/915] EXTERNALIZE build/GEDE01/src/game/game_fn_801810A0.o
[863/915] EXTERNALIZE build/GEDE01/src/game/game_fn_800542D0.o
[864/915] EXTERNALIZE build/GEDE01/src/game/game_fn_80187E40.o
[865/915] EXTERNALIZE build/GEDE01/src/game/game_fn_80187BB4.o
[866/915] EXTERNALIZE build/GEDE01/src/game/game_fn_80189C14.o
[867/915] EXTERNALIZE build/GEDE01/src/game/game_fn_8018C2D0.o
[868/915] EXTERNALIZE build/GEDE01/src/game/game_fn_8018D400.o
[869/915] EXTERNALIZE build/GEDE01/src/game/game_fn_8018E0D8.o
[870/915] EXTERNALIZE build/GEDE01/src/game/game_fn_8019120C.o
[871/915] EXTERNALIZE build/GEDE01/src/game/game_fn_8018DC24.o
[872/915] EXTERNALIZE build/GEDE01/src/game/game_fn_801916D0.o
[873/915] EXTERNALIZE build/GEDE01/src/game/game_fn_801926EC.o
[874/915] EXTERNALIZE build/GEDE01/src/game/game_fn_801929A4.o
[875/915] EXTERNALIZE build/GEDE01/src/game/game_fn_801A2A54.o
[876/915] EXTERNALIZE build/GEDE01/src/game/game_fn_801952E8.o
[877/915] EXTERNALIZE build/GEDE01/src/game/game_fn_801A657C.o
[878/915] EXTERNALIZE build/GEDE01/src/game/game_fn_801A34BC.o
[879/915] EXTERNALIZE build/GEDE01/src/game/game_fn_801D1F78.o
[880/915] EXTERNALIZE build/GEDE01/src/game/game_fn_801E2A48.o
[881/915] EXTERNALIZE build/GEDE01/src/game/game_fn_801E6814.o
[882/915] EXTERNALIZE build/GEDE01/src/game/game_fn_801E995C.o
[883/915] EXTERNALIZE build/GEDE01/src/game/game_fn_801F0CB0.o
[884/915] EXTERNALIZE build/GEDE01/src/game/game_fn_801EF580.o
[885/915] EXTERNALIZE build/GEDE01/src/game/game_fn_801F10BC.o
[886/915] EXTERNALIZE build/GEDE01/src/game/game_fn_801F35A8.o
[887/915] EXTERNALIZE build/GEDE01/src/game/game_fn_801ECD74.o
[888/915] EXTERNALIZE build/GEDE01/src/game/game_fn_801ED5F4.o
[889/915] EXTERNALIZE build/GEDE01/src/game/game_fn_801F69F0.o
[890/915] EXTERNALIZE build/GEDE01/src/game/game_fn_801F76EC.o
[891/915] EXTERNALIZE build/GEDE01/src/game/game_fn_801F8264.o
[892/915] EXTERNALIZE build/GEDE01/src/game/game_fn_801F89B4.o
[893/915] EXTERNALIZE build/GEDE01/src/game/game_fn_801F9AF8.o
[894/915] EXTERNALIZE build/GEDE01/src/game/game_fn_801F6BD8.o
[895/915] EXTERNALIZE build/GEDE01/src/game/game_fn_801FB6A4.o
[896/915] EXTERNALIZE JUMPTABLES build/GEDE01/src/game/game_fn_800361F8.o
[897/915] EXTERNALIZE JUMPTABLES build/GEDE01/src/game/game_fn_8006E53C.o
[898/915] EXTERNALIZE JUMPTABLES build/GEDE01/src/game/game_fn_800CF598.o
[899/915] EXTERNALIZE JUMPTABLES build/GEDE01/src/game/game_fn_801ACFE8.o
[900/915] EXTERNALIZE JUMPTABLES build/GEDE01/src/game/game_fn_801B1BA0.o
[901/915] EXTERNALIZE build/GEDE01/src/game/game_fn_80154F74.o
[902/915] EXTERNALIZE build/GEDE01/src/game/game_fn_801E504C.o
[903/915] EXTERNALIZE build/GEDE01/src/game/game_fn_8009E808.o
[904/915] EXTERNALIZE build/GEDE01/src/game/game_fn_801F1A38.o
[905/915] EXTERNALIZE build/GEDE01/src/game/game_fn_801F55A0.o
[906/915] EXTERNALIZE build/GEDE01/src/game/game_fn_801FFE78.o
[907/915] EXTERNALIZE build/GEDE01/src/game/game_fn_801F7510.o
[908/915] EXTERNALIZE build/GEDE01/src/game/game_fn_801F9CF4.o
[909/915] EXTERNALIZE build/GEDE01/src/game/game_fn_801FC034.o
[910/915] EXTERNALIZE build/GEDE01/src/game/game_fn_801FA9C8.o
[911/915] REPORT
 INFO Loading project .
 INFO Generating report for 7068 units (using 8 threads)
 INFO Report generated in 0.180s
 INFO Writing to build/GEDE01/report.json
[912/915] LINK build/GEDE01/main.elf
### mwldeppc.exe Linker Warning:
#   Section '.ignored' is unknown. Section ignored.
### mwldeppc.exe Linker Warning:
#   Section '.ignored' is unknown. Section ignored.
### mwldeppc.exe Linker Warning:
#   Section '.ignored' is unknown. Section ignored.
### mwldeppc.exe Linker Warning:
#   Section '.ignored' is unknown. Section ignored.
### mwldeppc.exe Linker Warning:
#   Section '.ignored' is unknown. Section ignored.
### mwldeppc.exe Linker Warning:
#   Section '.ignored' is unknown. Section ignored.
### mwldeppc.exe Linker Warning:
#   Section '.ignored' is unknown. Section ignored.
### mwldeppc.exe Linker Warning:
#   Section '.ignored' is unknown. Section ignored.
### mwldeppc.exe Linker Warning:
#   Section '.ignored' is unknown. Section ignored.
### mwldeppc.exe Linker Warning:
#   Section '.ignored' is unknown. Section ignored.
### mwldeppc.exe Linker Warning:
#   Section '.ignored' is unknown. Section ignored.
### mwldeppc.exe Linker Warning:
#   Section '.ignored' is unknown. Section ignored.
### mwldeppc.exe Linker Warning:
#   Section '.ignored' is unknown. Section ignored.
### mwldeppc.exe Linker Warning:
#   Section '.ignored' is unknown. Section ignored.
### mwldeppc.exe Linker Warning:
#   Section '.ignored' is unknown. Section ignored.
### mwldeppc.exe Linker Warning:
#   Section '.ignored' is unknown. Section ignored.
### mwldeppc.exe Linker Warning:
#   Section '.ignored' is unknown. Section ignored.
### mwldeppc.exe Linker Warning:
#   Section '.ignored' is unknown. Section ignored.
### mwldeppc.exe Linker Warning:
#   Section '.ignored' is unknown. Section ignored.
### mwldeppc.exe Linker Warning:
#   Section '.ignored' is unknown. Section ignored.
### mwldeppc.exe Linker Warning:
#   Section '.ignored' is unknown. Section ignored.
### mwldeppc.exe Linker Warning:
#   Section '.ignored' is unknown. Section ignored.
### mwldeppc.exe Linker Warning:
#   Section '.ignored' is unknown. Section ignored.
### mwldeppc.exe Linker Warning:
#   Section '.ignored' is unknown. Section ignored.
### mwldeppc.exe Linker Warning:
#   Section '.ignored' is unknown. Section ignored.
### mwldeppc.exe Linker Warning:
#   Section '.ignored' is unknown. Section ignored.
### mwldeppc.exe Linker Warning:
#   Section '.ignored' is unknown. Section ignored.
### mwldeppc.exe Linker Warning:
#   Section '.ignored' is unknown. Section ignored.
### mwldeppc.exe Linker Warning:
#   Section '.ignored' is unknown. Section ignored.
### mwldeppc.exe Linker Warning:
#   Section '.ignored' is unknown. Section ignored.
### mwldeppc.exe Linker Warning:
#   Section '.ignored' is unknown. Section ignored.
### mwldeppc.exe Linker Warning:
#   Section '.ignored' is unknown. Section ignored.
### mwldeppc.exe Linker Warning:
#   Section '.ignored' is unknown. Section ignored.
### mwldeppc.exe Linker Warning:
#   Section '.ignored' is unknown. Section ignored.
### mwldeppc.exe Linker Warning:
#   Section '.ignored' is unknown. Section ignored.
### mwldeppc.exe Linker Warning:
#   Section '.ignored' is unknown. Section ignored.
### mwldeppc.exe Linker Warning:
#   Section '.ignored' is unknown. Section ignored.
### mwldeppc.exe Linker Warning:
#   Section '.ignored' is unknown. Section ignored.
### mwldeppc.exe Linker Warning:
#   Section '.ignored' is unknown. Section ignored.
### mwldeppc.exe Linker Warning:
#   Section '.ignored' is unknown. Section ignored.
### mwldeppc.exe Linker Warning:
#   Section '.ignored' is unknown. Section ignored.
### mwldeppc.exe Linker Warning:
#   Section '.ignored' is unknown. Section ignored.
### mwldeppc.exe Linker Warning:
#   Section '.ignored' is unknown. Section ignored.
### mwldeppc.exe Linker Warning:
#   Section '.ignored' is unknown. Section ignored.
### mwldeppc.exe Linker Warning:
#   Section '.ignored' is unknown. Section ignored.
### mwldeppc.exe Linker Warning:
#   Section '.ignored' is unknown. Section ignored.
### mwldeppc.exe Linker Warning:
#   Section '.ignored' is unknown. Section ignored.
### mwldeppc.exe Linker Warning:
#   Section '.ignored' is unknown. Section ignored.
### mwldeppc.exe Linker Warning:
#   Section '.ignored' is unknown. Section ignored.
### mwldeppc.exe Linker Warning:
#   Section '.ignored' is unknown. Section ignored.
### mwldeppc.exe Linker Warning:
#   Section '.ignored' is unknown. Section ignored.
### mwldeppc.exe Linker Warning:
#   Section '.ignored' is unknown. Section ignored.
### mwldeppc.exe Linker Warning:
#   Section '.ignored' is unknown. Section ignored.
### mwldeppc.exe Linker Warning:
#   Section '.ignored' is unknown. Section ignored.
### mwldeppc.exe Linker Warning:
#   Section '.ignored' is unknown. Section ignored.
### mwldeppc.exe Linker Warning:
#   Section '.ignored' is unknown. Section ignored.
### mwldeppc.exe Linker Warning:
#   Section '.ignored' is unknown. Section ignored.
### mwldeppc.exe Linker Warning:
#   Section '.ignored' is unknown. Section ignored.
### mwldeppc.exe Linker Warning:
#   Section '.ignored' is unknown. Section ignored.
### mwldeppc.exe Linker Warning:
#   Section '.ignored' is unknown. Section ignored.
### mwldeppc.exe Linker Warning:
#   Section '.ignored' is unknown. Section ignored.
### mwldeppc.exe Linker Warning:
#   Section '.ignored' is unknown. Section ignored.
### mwldeppc.exe Linker Warning:
#   Section '.ignored' is unknown. Section ignored.
### mwldeppc.exe Linker Warning:
#   Section '.ignored' is unknown. Section ignored.
### mwldeppc.exe Linker Warning:
#   Section '.ignored' is unknown. Section ignored.
### mwldeppc.exe Linker Warning:
#   Section '.ignored' is unknown. Section ignored.
### mwldeppc.exe Linker Warning:
#   Section '.ignored' is unknown. Section ignored.
### mwldeppc.exe Linker Warning:
#   Section '.ignored' is unknown. Section ignored.
### mwldeppc.exe Linker Warning:
#   Section '.ignored' is unknown. Section ignored.
### mwldeppc.exe Linker Warning:
#   Section '.ignored' is unknown. Section ignored.
### mwldeppc.exe Linker Warning:
#   Section '.ignored' is unknown. Section ignored.
### mwldeppc.exe Linker Warning:
#   Section '.ignored' is unknown. Section ignored.
### mwldeppc.exe Linker Warning:
#   Section '.ignored' is unknown. Section ignored.
### mwldeppc.exe Linker Warning:
#   Section '.ignored' is unknown. Section ignored.
### mwldeppc.exe Linker Warning:
#   Section '.ignored' is unknown. Section ignored.
### mwldeppc.exe Linker Warning:
#   Section '.ignored' is unknown. Section ignored.
### mwldeppc.exe Linker Warning:
#   Section '.ignored' is unknown. Section ignored.
### mwldeppc.exe Linker Warning:
#   Section '.ignored' is unknown. Section ignored.
### mwldeppc.exe Linker Warning:
#   Section '.ignored' is unknown. Section ignored.
### mwldeppc.exe Linker Warning:
#   Section '.ignored' is unknown. Section ignored.
### mwldeppc.exe Linker Warning:
#   Section '.ignored' is unknown. Section ignored.
### mwldeppc.exe Linker Warning:
#   Section '.ignored' is unknown. Section ignored.
### mwldeppc.exe Linker Warning:
#   Section '.ignored' is unknown. Section ignored.
### mwldeppc.exe Linker Warning:
#   Section '.ignored' is unknown. Section ignored.
### mwldeppc.exe Linker Warning:
#   Section '.ignored' is unknown. Section ignored.
### mwldeppc.exe Linker Warning:
#   Section '.ignored' is unknown. Section ignored.
### mwldeppc.exe Linker Warning:
#   Section '.ignored' is unknown. Section ignored.
### mwldeppc.exe Linker Warning:
#   Section '.ignored' is unknown. Section ignored.
### mwldeppc.exe Linker Warning:
#   Section '.ignored' is unknown. Section ignored.
### mwldeppc.exe Linker Warning:
#   Section '.ignored' is unknown. Section ignored.
### mwldeppc.exe Linker Warning:
#   Section '.ignored' is unknown. Section ignored.
### mwldeppc.exe Linker Warning:
#   Section '.ignored' is unknown. Section ignored.
### mwldeppc.exe Linker Warning:
#   Section '.ignored' is unknown. Section ignored.
### mwldeppc.exe Linker Warning:
#   Section '.ignored' is unknown. Section ignored.
### mwldeppc.exe Linker Warning:
#   Section '.ignored' is unknown. Section ignored.
### mwldeppc.exe Linker Warning:
#   Section '.ignored' is unknown. Section ignored.
### mwldeppc.exe Linker Warning:
#   Section '.ignored' is unknown. Section ignored.
### mwldeppc.exe Linker Warning:
#   Section '.ignored' is unknown. Section ignored.
### mwldeppc.exe Linker Warning:
#   Section '.ignored' is unknown. Section ignored.
### mwldeppc.exe Linker Warning:
#   Section '.ignored' is unknown. Section ignored.
### mwldeppc.exe Linker Warning:
#   Section '.ignored' is unknown. Section ignored.
### mwldeppc.exe Linker Warning:
#   Section '.ignored' is unknown. Section ignored.
### mwldeppc.exe Linker Warning:
#   Section '.ignored' is unknown. Section ignored.
### mwldeppc.exe Linker Warning:
#   Section '.ignored' is unknown. Section ignored.
### mwldeppc.exe Linker Warning:
#   Section '.ignored' is unknown. Section ignored.
### mwldeppc.exe Linker Warning:
#   Section '.ignored' is unknown. Section ignored.
### mwldeppc.exe Linker Warning:
#   Section '.ignored' is unknown. Section ignored.
### mwldeppc.exe Linker Warning:
#   Section '.ignored' is unknown. Section ignored.
### mwldeppc.exe Linker Warning:
#   Section '.ignored' is unknown. Section ignored.
### mwldeppc.exe Linker Warning:
#   Section '.ignored' is unknown. Section ignored.
### mwldeppc.exe Linker Warning:
#   Section '.ignored' is unknown. Section ignored.
### mwldeppc.exe Linker Warning:
#   Section '.ignored' is unknown. Section ignored.
### mwldeppc.exe Linker Warning:
#   Section '.ignored' is unknown. Section ignored.
### mwldeppc.exe Linker Warning:
#   Section '.ignored' is unknown. Section ignored.
### mwldeppc.exe Linker Warning:
#   Section '.ignored' is unknown. Section ignored.
### mwldeppc.exe Linker Warning:
#   Section '.ignored' is unknown. Section ignored.
### mwldeppc.exe Linker Warning:
#   Section '.ignored' is unknown. Section ignored.
### mwldeppc.exe Linker Warning:
#   Section '.ignored' is unknown. Section ignored.
### mwldeppc.exe Linker Warning:
#   Section '.ignored' is unknown. Section ignored.
### mwldeppc.exe Linker Warning:
#   Section '.ignored' is unknown. Section ignored.
### mwldeppc.exe Linker Warning:
#   Section '.ignored' is unknown. Section ignored.
### mwldeppc.exe Linker Warning:
#   Section '.ignored' is unknown. Section ignored.
### mwldeppc.exe Linker Warning:
#   Section '.ignored' is unknown. Section ignored.
### mwldeppc.exe Linker Warning:
#   Section '.ignored' is unknown. Section ignored.
### mwldeppc.exe Linker Warning:
#   Section '.ignored' is unknown. Section ignored.
### mwldeppc.exe Linker Warning:
#   Section '.ignored' is unknown. Section ignored.
### mwldeppc.exe Linker Warning:
#   Section '.ignored' is unknown. Section ignored.
### mwldeppc.exe Linker Warning:
#   Section '.ignored' is unknown. Section ignored.
### mwldeppc.exe Linker Warning:
#   Section '.ignored' is unknown. Section ignored.
### mwldeppc.exe Linker Warning:
#   Section '.ignored' is unknown. Section ignored.
### mwldeppc.exe Linker Warning:
#   Section '.ignored' is unknown. Section ignored.
### mwldeppc.exe Linker Warning:
#   Section '.ignored' is unknown. Section ignored.
### mwldeppc.exe Linker Warning:
#   Section '.ignored' is unknown. Section ignored.
### mwldeppc.exe Linker Warning:
#   Section '.ignored' is unknown. Section ignored.
### mwldeppc.exe Linker Warning:
#   Section '.ignored' is unknown. Section ignored.
### mwldeppc.exe Linker Warning:
#   Section '.ignored' is unknown. Section ignored.
### mwldeppc.exe Linker Warning:
#   Section '.ignored' is unknown. Section ignored.
### mwldeppc.exe Linker Warning:
#   Section '.ignored' is unknown. Section ignored.
### mwldeppc.exe Linker Warning:
#   Section '.ignored' is unknown. Section ignored.
### mwldeppc.exe Linker Warning:
#   Section '.ignored' is unknown. Section ignored.
### mwldeppc.exe Linker Warning:
#   Section '.ignored' is unknown. Section ignored.
### mwldeppc.exe Linker Warning:
#   Section '.ignored' is unknown. Section ignored.
### mwldeppc.exe Linker Warning:
#   Section '.ignored' is unknown. Section ignored.
### mwldeppc.exe Linker Warning:
#   Section '.ignored' is unknown. Section ignored.
### mwldeppc.exe Linker Warning:
#   Section '.ignored' is unknown. Section ignored.
### mwldeppc.exe Linker Warning:
#   Section '.ignored' is unknown. Section ignored.
### mwldeppc.exe Linker Warning:
#   Section '.ignored' is unknown. Section ignored.
### mwldeppc.exe Linker Warning:
#   Section '.ignored' is unknown. Section ignored.
### mwldeppc.exe Linker Warning:
#   Section '.ignored' is unknown. Section ignored.
### mwldeppc.exe Linker Warning:
#   Section '.ignored' is unknown. Section ignored.
### mwldeppc.exe Linker Warning:
#   Section '.ignored' is unknown. Section ignored.
### mwldeppc.exe Linker Warning:
#   Section '.ignored' is unknown. Section ignored.
### mwldeppc.exe Linker Warning:
#   Section '.ignored' is unknown. Section ignored.
### mwldeppc.exe Linker Warning:
#   Section '.ignored' is unknown. Section ignored.
### mwldeppc.exe Linker Warning:
#   Section '.ignored' is unknown. Section ignored.
### mwldeppc.exe Linker Warning:
#   Section '.ignored' is unknown. Section ignored.
### mwldeppc.exe Linker Warning:
#   Section '.ignored' is unknown. Section ignored.
### mwldeppc.exe Linker Warning:
#   Section '.ignored' is unknown. Section ignored.
### mwldeppc.exe Linker Warning:
#   Section '.ignored' is unknown. Section ignored.
### mwldeppc.exe Linker Warning:
#   Section '.ignored' is unknown. Section ignored.
### mwldeppc.exe Linker Warning:
#   Section '.ignored' is unknown. Section ignored.
### mwldeppc.exe Linker Warning:
#   Section '.ignored' is unknown. Section ignored.
### mwldeppc.exe Linker Warning:
#   Section '.ignored' is unknown. Section ignored.
### mwldeppc.exe Linker Warning:
#   Section '.ignored' is unknown. Section ignored.
### mwldeppc.exe Linker Warning:
#   Section '.ignored' is unknown. Section ignored.
### mwldeppc.exe Linker Warning:
#   Section '.ignored' is unknown. Section ignored.
### mwldeppc.exe Linker Warning:
#   Section '.ignored' is unknown. Section ignored.
### mwldeppc.exe Linker Warning:
#   Section '.ignored' is unknown. Section ignored.
### mwldeppc.exe Linker Warning:
#   Section '.ignored' is unknown. Section ignored.
### mwldeppc.exe Linker Warning:
#   Section '.ignored' is unknown. Section ignored.
### mwldeppc.exe Linker Warning:
#   Section '.ignored' is unknown. Section ignored.
### mwldeppc.exe Linker Warning:
#   Section '.ignored' is unknown. Section ignored.
### mwldeppc.exe Linker Warning:
#   Section '.ignored' is unknown. Section ignored.
### mwldeppc.exe Linker Warning:
#   Section '.ignored' is unknown. Section ignored.
### mwldeppc.exe Linker Warning:
#   Section '.ignored' is unknown. Section ignored.
### mwldeppc.exe Linker Warning:
#   Section '.ignored' is unknown. Section ignored.
### mwldeppc.exe Linker Warning:
#   Section '.ignored' is unknown. Section ignored.
### mwldeppc.exe Linker Warning:
#   Section '.ignored' is unknown. Section ignored.
### mwldeppc.exe Linker Warning:
#   Section '.ignored' is unknown. Section ignored.
### mwldeppc.exe Linker Warning:
#   Section '.ignored' is unknown. Section ignored.
### mwldeppc.exe Linker Warning:
#   Section '.ignored' is unknown. Section ignored.
### mwldeppc.exe Linker Warning:
#   Section '.ignored' is unknown. Section ignored.
### mwldeppc.exe Linker Warning:
#   Section '.ignored' is unknown. Section ignored.
### mwldeppc.exe Linker Warning:
#   Section '.ignored' is unknown. Section ignored.
### mwldeppc.exe Linker Warning:
#   Section '.ignored' is unknown. Section ignored.
### mwldeppc.exe Linker Warning:
#   Section '.ignored' is unknown. Section ignored.
### mwldeppc.exe Linker Warning:
#   Section '.ignored' is unknown. Section ignored.
### mwldeppc.exe Linker Warning:
#   Section '.ignored' is unknown. Section ignored.
### mwldeppc.exe Linker Warning:
#   Section '.ignored' is unknown. Section ignored.
### mwldeppc.exe Linker Warning:
#   Section '.ignored' is unknown. Section ignored.
### mwldeppc.exe Linker Warning:
#   Section '.ignored' is unknown. Section ignored.
### mwldeppc.exe Linker Warning:
#   Section '.ignored' is unknown. Section ignored.
### mwldeppc.exe Linker Warning:
#   Section '.ignored' is unknown. Section ignored.
### mwldeppc.exe Linker Warning:
#   Section '.ignored' is unknown. Section ignored.
### mwldeppc.exe Linker Warning:
#   Section '.ignored' is unknown. Section ignored.
### mwldeppc.exe Linker Warning:
#   Section '.ignored' is unknown. Section ignored.
### mwldeppc.exe Linker Warning:
#   Section '.ignored' is unknown. Section ignored.
### mwldeppc.exe Linker Warning:
#   Section '.ignored' is unknown. Section ignored.
### mwldeppc.exe Linker Warning:
#   Section '.ignored' is unknown. Section ignored.
### mwldeppc.exe Linker Warning:
#   Section '.ignored' is unknown. Section ignored.
### mwldeppc.exe Linker Warning:
#   Section '.ignored' is unknown. Section ignored.
### mwldeppc.exe Linker Warning:
#   Section '.ignored' is unknown. Section ignored.
### mwldeppc.exe Linker Warning:
#   Section '.ignored' is unknown. Section ignored.
### mwldeppc.exe Linker Warning:
#   Section '.ignored' is unknown. Section ignored.
### mwldeppc.exe Linker Warning:
#   Section '.ignored' is unknown. Section ignored.
### mwldeppc.exe Linker Warning:
#   Section '.ignored' is unknown. Section ignored.
### mwldeppc.exe Linker Warning:
#   Section '.ignored' is unknown. Section ignored.
### mwldeppc.exe Linker Warning:
#   Section '.ignored' is unknown. Section ignored.
### mwldeppc.exe Linker Warning:
#   Section '.ignored' is unknown. Section ignored.
### mwldeppc.exe Linker Warning:
#   Section '.ignored' is unknown. Section ignored.
### mwldeppc.exe Linker Warning:
#   Section '.ignored' is unknown. Section ignored.
### mwldeppc.exe Linker Warning:
#   Section '.ignored' is unknown. Section ignored.
### mwldeppc.exe Linker Warning:
#   Section '.ignored' is unknown. Section ignored.
### mwldeppc.exe Linker Warning:
#   Section '.ignored' is unknown. Section ignored.
### mwldeppc.exe Linker Warning:
#   Section '.ignored' is unknown. Section ignored.
### mwldeppc.exe Linker Warning:
#   Section '.ignored' is unknown. Section ignored.
### mwldeppc.exe Linker Warning:
#   Section '.ignored' is unknown. Section ignored.
### mwldeppc.exe Linker Warning:
#   Section '.ignored' is unknown. Section ignored.
### mwldeppc.exe Linker Warning:
#   Section '.ignored' is unknown. Section ignored.
### mwldeppc.exe Linker Warning:
#   Section '.ignored' is unknown. Section ignored.
### mwldeppc.exe Linker Warning:
#   Section '.ignored' is unknown. Section ignored.
### mwldeppc.exe Linker Warning:
#   Section '.ignored' is unknown. Section ignored.
### mwldeppc.exe Linker Warning:
#   Section '.ignored' is unknown. Section ignored.
### mwldeppc.exe Linker Warning:
#   Section '.ignored' is unknown. Section ignored.
### mwldeppc.exe Linker Warning:
#   Section '.ignored' is unknown. Section ignored.
### mwldeppc.exe Linker Warning:
#   Section '.ignored' is unknown. Section ignored.
### mwldeppc.exe Linker Warning:
#   Section '.ignored' is unknown. Section ignored.
### mwldeppc.exe Linker Warning:
#   Section '.ignored' is unknown. Section ignored.
### mwldeppc.exe Linker Warning:
#   Section '.ignored' is unknown. Section ignored.
### mwldeppc.exe Linker Warning:
#   Section '.ignored' is unknown. Section ignored.
### mwldeppc.exe Linker Warning:
#   Section '.ignored' is unknown. Section ignored.
### mwldeppc.exe Linker Warning:
#   Section '.ignored' is unknown. Section ignored.
### mwldeppc.exe Linker Warning:
#   Section '.ignored' is unknown. Section ignored.
### mwldeppc.exe Linker Warning:
#   Section '.ignored' is unknown. Section ignored.
### mwldeppc.exe Linker Warning:
#   Section '.ignored' is unknown. Section ignored.
### mwldeppc.exe Linker Warning:
#   Section '.ignored' is unknown. Section ignored.
### mwldeppc.exe Linker Warning:
#   Section '.ignored' is unknown. Section ignored.
### mwldeppc.exe Linker Warning:
#   Section '.ignored' is unknown. Section ignored.
### mwldeppc.exe Linker Warning:
#   Section '.ignored' is unknown. Section ignored.
### mwldeppc.exe Linker Warning:
#   Section '.ignored' is unknown. Section ignored.
### mwldeppc.exe Linker Warning:
#   Section '.ignored' is unknown. Section ignored.
### mwldeppc.exe Linker Warning:
#   Section '.ignored' is unknown. Section ignored.
### mwldeppc.exe Linker Warning:
#   Section '.ignored' is unknown. Section ignored.
### mwldeppc.exe Linker Warning:
#   Section '.ignored' is unknown. Section ignored.
### mwldeppc.exe Linker Warning:
#   Section '.ignored' is unknown. Section ignored.
### mwldeppc.exe Linker Warning:
#   Section '.ignored' is unknown. Section ignored.
### mwldeppc.exe Linker Warning:
#   Section '.ignored' is unknown. Section ignored.
### mwldeppc.exe Linker Warning:
#   Section '.ignored' is unknown. Section ignored.
### mwldeppc.exe Linker Warning:
#   Section '.ignored' is unknown. Section ignored.
### mwldeppc.exe Linker Warning:
#   Section '.ignored' is unknown. Section ignored.
### mwldeppc.exe Linker Warning:
#   Section '.ignored' is unknown. Section ignored.
### mwldeppc.exe Linker Warning:
#   Section '.ignored' is unknown. Section ignored.
### mwldeppc.exe Linker Warning:
#   Section '.ignored' is unknown. Section ignored.
### mwldeppc.exe Linker Warning:
#   Section '.ignored' is unknown. Section ignored.
### mwldeppc.exe Linker Warning:
#   Section '.ignored' is unknown. Section ignored.
### mwldeppc.exe Linker Warning:
#   Section '.ignored' is unknown. Section ignored.
### mwldeppc.exe Linker Warning:
#   Section '.ignored' is unknown. Section ignored.
### mwldeppc.exe Linker Warning:
#   Section '.ignored' is unknown. Section ignored.
### mwldeppc.exe Linker Warning:
#   Section '.ignored' is unknown. Section ignored.
### mwldeppc.exe Linker Warning:
#   Section '.ignored' is unknown. Section ignored.
### mwldeppc.exe Linker Warning:
#   Section '.ignored' is unknown. Section ignored.
### mwldeppc.exe Linker Warning:
#   Section '.ignored' is unknown. Section ignored.
### mwldeppc.exe Linker Warning:
#   Section '.ignored' is unknown. Section ignored.
### mwldeppc.exe Linker Warning:
#   Section '.ignored' is unknown. Section ignored.
### mwldeppc.exe Linker Warning:
#   Section '.ignored' is unknown. Section ignored.
### mwldeppc.exe Linker Warning:
#   Section '.ignored' is unknown. Section ignored.
### mwldeppc.exe Linker Warning:
#   Section '.ignored' is unknown. Section ignored.
### mwldeppc.exe Linker Warning:
#   Section '.ignored' is unknown. Section ignored.
### mwldeppc.exe Linker Warning:
#   Section '.ignored' is unknown. Section ignored.
### mwldeppc.exe Linker Warning:
#   Section '.ignored' is unknown. Section ignored.
### mwldeppc.exe Linker Warning:
#   Section '.ignored' is unknown. Section ignored.
### mwldeppc.exe Linker Warning:
#   Section '.ignored' is unknown. Section ignored.
### mwldeppc.exe Linker Warning:
#   Section '.ignored' is unknown. Section ignored.
### mwldeppc.exe Linker Warning:
#   Section '.ignored' is unknown. Section ignored.
### mwldeppc.exe Linker Warning:
#   Section '.ignored' is unknown. Section ignored.
### mwldeppc.exe Linker Warning:
#   Section '.ignored' is unknown. Section ignored.
### mwldeppc.exe Linker Warning:
#   Section '.ignored' is unknown. Section ignored.
### mwldeppc.exe Linker Warning:
#   Section '.ignored' is unknown. Section ignored.
### mwldeppc.exe Linker Warning:
#   Section '.ignored' is unknown. Section ignored.
### mwldeppc.exe Linker Warning:
#   Section '.ignored' is unknown. Section ignored.
### mwldeppc.exe Linker Warning:
#   Section '.ignored' is unknown. Section ignored.
### mwldeppc.exe Linker Warning:
#   Section '.ignored' is unknown. Section ignored.
### mwldeppc.exe Linker Warning:
#   Section '.ignored' is unknown. Section ignored.
### mwldeppc.exe Linker Warning:
#   Section '.ignored' is unknown. Section ignored.
### mwldeppc.exe Linker Warning:
#   Section '.ignored' is unknown. Section ignored.
### mwldeppc.exe Linker Warning:
#   Section '.ignored' is unknown. Section ignored.
### mwldeppc.exe Linker Warning:
#   Section '.ignored' is unknown. Section ignored.
### mwldeppc.exe Linker Warning:
#   Section '.ignored' is unknown. Section ignored.
### mwldeppc.exe Linker Warning:
#   Section '.ignored' is unknown. Section ignored.
### mwldeppc.exe Linker Warning:
#   Section '.ignored' is unknown. Section ignored.
### mwldeppc.exe Linker Warning:
#   Section '.ignored' is unknown. Section ignored.
### mwldeppc.exe Linker Warning:
#   Section '.ignored' is unknown. Section ignored.
### mwldeppc.exe Linker Warning:
#   Section '.ignored' is unknown. Section ignored.
### mwldeppc.exe Linker Warning:
#   Section '.ignored' is unknown. Section ignored.
### mwldeppc.exe Linker Warning:
#   Section '.ignored' is unknown. Section ignored.
### mwldeppc.exe Linker Warning:
#   Section '.ignored' is unknown. Section ignored.
### mwldeppc.exe Linker Warning:
#   Section '.ignored' is unknown. Section ignored.
### mwldeppc.exe Linker Warning:
#   Section '.ignored' is unknown. Section ignored.
### mwldeppc.exe Linker Warning:
#   Section '.ignored' is unknown. Section ignored.
### mwldeppc.exe Linker Warning:
#   Section '.ignored' is unknown. Section ignored.
### mwldeppc.exe Linker Warning:
#   Section '.ignored' is unknown. Section ignored.
### mwldeppc.exe Linker Warning:
#   Section '.ignored' is unknown. Section ignored.
### mwldeppc.exe Linker Warning:
#   Section '.ignored' is unknown. Section ignored.
### mwldeppc.exe Linker Warning:
#   Section '.ignored' is unknown. Section ignored.
### mwldeppc.exe Linker Warning:
#   Section '.ignored' is unknown. Section ignored.
### mwldeppc.exe Linker Warning:
#   Section '.ignored' is unknown. Section ignored.
### mwldeppc.exe Linker Warning:
#   Section '.ignored' is unknown. Section ignored.
### mwldeppc.exe Linker Warning:
#   Section '.ignored' is unknown. Section ignored.
### mwldeppc.exe Linker Warning:
#   Section '.ignored' is unknown. Section ignored.
### mwldeppc.exe Linker Warning:
#   Section '.ignored' is unknown. Section ignored.
### mwldeppc.exe Linker Warning:
#   Section '.ignored' is unknown. Section ignored.
### mwldeppc.exe Linker Warning:
#   Section '.ignored' is unknown. Section ignored.
### mwldeppc.exe Linker Warning:
#   Section '.ignored' is unknown. Section ignored.
### mwldeppc.exe Linker Warning:
#   Section '.ignored' is unknown. Section ignored.
### mwldeppc.exe Linker Warning:
#   Section '.ignored' is unknown. Section ignored.
### mwldeppc.exe Linker Warning:
#   Section '.ignored' is unknown. Section ignored.
### mwldeppc.exe Linker Warning:
#   Section '.ignored' is unknown. Section ignored.
### mwldeppc.exe Linker Warning:
#   Section '.ignored' is unknown. Section ignored.
### mwldeppc.exe Linker Warning:
#   Section '.ignored' is unknown. Section ignored.
### mwldeppc.exe Linker Warning:
#   Section '.ignored' is unknown. Section ignored.
### mwldeppc.exe Linker Warning:
#   Section '.ignored' is unknown. Section ignored.
### mwldeppc.exe Linker Warning:
#   Section '.ignored' is unknown. Section ignored.
### mwldeppc.exe Linker Warning:
#   Section '.ignored' is unknown. Section ignored.
### mwldeppc.exe Linker Warning:
#   Section '.ignored' is unknown. Section ignored.
### mwldeppc.exe Linker Warning:
#   Section '.ignored' is unknown. Section ignored.
### mwldeppc.exe Linker Warning:
#   Section '.ignored' is unknown. Section ignored.
### mwldeppc.exe Linker Warning:
#   Section '.ignored' is unknown. Section ignored.
### mwldeppc.exe Linker Warning:
#   Section '.ignored' is unknown. Section ignored.
### mwldeppc.exe Linker Warning:
#   Section '.ignored' is unknown. Section ignored.
### mwldeppc.exe Linker Warning:
#   Section '.ignored' is unknown. Section ignored.
### mwldeppc.exe Linker Warning:
#   Section '.ignored' is unknown. Section ignored.
### mwldeppc.exe Linker Warning:
#   Section '.ignored' is unknown. Section ignored.
### mwldeppc.exe Linker Warning:
#   Section '.ignored' is unknown. Section ignored.
### mwldeppc.exe Linker Warning:
#   Section '.ignored' is unknown. Section ignored.
### mwldeppc.exe Linker Warning:
#   Section '.ignored' is unknown. Section ignored.
### mwldeppc.exe Linker Warning:
#   Section '.ignored' is unknown. Section ignored.
### mwldeppc.exe Linker Warning:
#   Section '.ignored' is unknown. Section ignored.
### mwldeppc.exe Linker Warning:
#   Section '.ignored' is unknown. Section ignored.
### mwldeppc.exe Linker Warning:
#   Section '.ignored' is unknown. Section ignored.
### mwldeppc.exe Linker Warning:
#   Section '.ignored' is unknown. Section ignored.
### mwldeppc.exe Linker Warning:
#   Section '.ignored' is unknown. Section ignored.
### mwldeppc.exe Linker Warning:
#   Section '.ignored' is unknown. Section ignored.
### mwldeppc.exe Linker Warning:
#   Section '.ignored' is unknown. Section ignored.
### mwldeppc.exe Linker Warning:
#   Section '.ignored' is unknown. Section ignored.
### mwldeppc.exe Linker Warning:
#   Section '.ignored' is unknown. Section ignored.
### mwldeppc.exe Linker Warning:
#   Section '.ignored' is unknown. Section ignored.
### mwldeppc.exe Linker Warning:
#   Section '.ignored' is unknown. Section ignored.
### mwldeppc.exe Linker Warning:
#   Section '.ignored' is unknown. Section ignored.
### mwldeppc.exe Linker Warning:
#   Section '.ignored' is unknown. Section ignored.
### mwldeppc.exe Linker Warning:
#   Section '.ignored' is unknown. Section ignored.
### mwldeppc.exe Linker Warning:
#   Section '.ignored' is unknown. Section ignored.
### mwldeppc.exe Linker Warning:
#   Section '.ignored' is unknown. Section ignored.
### mwldeppc.exe Linker Warning:
#   Section '.ignored' is unknown. Section ignored.
### mwldeppc.exe Linker Warning:
#   Section '.ignored' is unknown. Section ignored.
### mwldeppc.exe Linker Warning:
#   Section '.ignored' is unknown. Section ignored.
### mwldeppc.exe Linker Warning:
#   Section '.ignored' is unknown. Section ignored.
### mwldeppc.exe Linker Warning:
#   Section '.ignored' is unknown. Section ignored.
### mwldeppc.exe Linker Warning:
#   Section '.ignored' is unknown. Section ignored.
### mwldeppc.exe Linker Warning:
#   Section '.ignored' is unknown. Section ignored.
### mwldeppc.exe Linker Warning:
#   Section '.ignored' is unknown. Section ignored.
### mwldeppc.exe Linker Warning:
#   Section '.ignored' is unknown. Section ignored.
### mwldeppc.exe Linker Warning:
#   Section '.ignored' is unknown. Section ignored.
### mwldeppc.exe Linker Warning:
#   Section '.ignored' is unknown. Section ignored.
### mwldeppc.exe Linker Warning:
#   Section '.ignored' is unknown. Section ignored.
### mwldeppc.exe Linker Warning:
#   Section '.ignored' is unknown. Section ignored.
### mwldeppc.exe Linker Warning:
#   Section '.ignored' is unknown. Section ignored.
### mwldeppc.exe Linker Warning:
#   Section '.ignored' is unknown. Section ignored.
### mwldeppc.exe Linker Warning:
#   Section '.ignored' is unknown. Section ignored.
### mwldeppc.exe Linker Warning:
#   Section '.ignored' is unknown. Section ignored.
### mwldeppc.exe Linker Warning:
#   Section '.ignored' is unknown. Section ignored.
### mwldeppc.exe Linker Warning:
#   Section '.ignored' is unknown. Section ignored.
### mwldeppc.exe Linker Warning:
#   Section '.ignored' is unknown. Section ignored.
### mwldeppc.exe Linker Warning:
#   Section '.ignored' is unknown. Section ignored.
### mwldeppc.exe Linker Warning:
#   Section '.ignored' is unknown. Section ignored.
### mwldeppc.exe Linker Warning:
#   Section '.ignored' is unknown. Section ignored.
### mwldeppc.exe Linker Warning:
#   Section '.ignored' is unknown. Section ignored.
### mwldeppc.exe Linker Warning:
#   Section '.ignored' is unknown. Section ignored.
### mwldeppc.exe Linker Warning:
#   Section '.ignored' is unknown. Section ignored.
### mwldeppc.exe Linker Warning:
#   Section '.ignored' is unknown. Section ignored.
### mwldeppc.exe Linker Warning:
#   Section '.ignored' is unknown. Section ignored.
### mwldeppc.exe Linker Warning:
#   Section '.ignored' is unknown. Section ignored.
### mwldeppc.exe Linker Warning:
#   Section '.ignored' is unknown. Section ignored.
### mwldeppc.exe Linker Warning:
#   Section '.ignored' is unknown. Section ignored.
### mwldeppc.exe Linker Warning:
#   Section '.ignored' is unknown. Section ignored.
### mwldeppc.exe Linker Warning:
#   Section '.ignored' is unknown. Section ignored.
### mwldeppc.exe Linker Warning:
#   Section '.ignored' is unknown. Section ignored.
### mwldeppc.exe Linker Warning:
#   Section '.ignored' is unknown. Section ignored.
### mwldeppc.exe Linker Warning:
#   Section '.ignored' is unknown. Section ignored.
### mwldeppc.exe Linker Warning:
#   Section '.ignored' is unknown. Section ignored.
### mwldeppc.exe Linker Warning:
#   Section '.ignored' is unknown. Section ignored.
### mwldeppc.exe Linker Warning:
#   Section '.ignored' is unknown. Section ignored.
### mwldeppc.exe Linker Warning:
#   Section '.ignored' is unknown. Section ignored.
### mwldeppc.exe Linker Warning:
#   Section '.ignored' is unknown. Section ignored.
### mwldeppc.exe Linker Warning:
#   Section '.ignored' is unknown. Section ignored.
### mwldeppc.exe Linker Warning:
#   Section '.ignored' is unknown. Section ignored.
### mwldeppc.exe Linker Warning:
#   Section '.ignored' is unknown. Section ignored.
### mwldeppc.exe Linker Warning:
#   Section '.ignored' is unknown. Section ignored.
### mwldeppc.exe Linker Warning:
#   Section '.ignored' is unknown. Section ignored.
### mwldeppc.exe Linker Warning:
#   Section '.ignored' is unknown. Section ignored.
### mwldeppc.exe Linker Warning:
#   Section '.ignored' is unknown. Section ignored.
### mwldeppc.exe Linker Warning:
#   Section '.ignored' is unknown. Section ignored.
### mwldeppc.exe Linker Warning:
#   Section '.ignored' is unknown. Section ignored.
### mwldeppc.exe Linker Warning:
#   Section '.ignored' is unknown. Section ignored.
### mwldeppc.exe Linker Warning:
#   Section '.ignored' is unknown. Section ignored.
### mwldeppc.exe Linker Warning:
#   Section '.ignored' is unknown. Section ignored.
### mwldeppc.exe Linker Warning:
#   Section '.ignored' is unknown. Section ignored.
### mwldeppc.exe Linker Warning:
#   Section '.ignored' is unknown. Section ignored.
### mwldeppc.exe Linker Warning:
#   Section '.ignored' is unknown. Section ignored.
### mwldeppc.exe Linker Warning:
#   Section '.ignored' is unknown. Section ignored.
### mwldeppc.exe Linker Warning:
#   Section '.ignored' is unknown. Section ignored.
### mwldeppc.exe Linker Warning:
#   Section '.ignored' is unknown. Section ignored.
### mwldeppc.exe Linker Warning:
#   Section '.ignored' is unknown. Section ignored.
### mwldeppc.exe Linker Warning:
#   Section '.ignored' is unknown. Section ignored.
### mwldeppc.exe Linker Warning:
#   Section '.ignored' is unknown. Section ignored.
### mwldeppc.exe Linker Warning:
#   Section '.ignored' is unknown. Section ignored.
### mwldeppc.exe Linker Warning:
#   Section '.ignored' is unknown. Section ignored.
### mwldeppc.exe Linker Warning:
#   Section '.ignored' is unknown. Section ignored.
### mwldeppc.exe Linker Warning:
#   Section '.ignored' is unknown. Section ignored.
### mwldeppc.exe Linker Warning:
#   Section '.ignored' is unknown. Section ignored.
### mwldeppc.exe Linker Warning:
#   Section '.ignored' is unknown. Section ignored.
### mwldeppc.exe Linker Warning:
#   Section '.ignored' is unknown. Section ignored.
### mwldeppc.exe Linker Warning:
#   Section '.ignored' is unknown. Section ignored.
### mwldeppc.exe Linker Warning:
#   Section '.ignored' is unknown. Section ignored.
### mwldeppc.exe Linker Warning:
#   Section '.ignored' is unknown. Section ignored.
### mwldeppc.exe Linker Warning:
#   Section '.ignored' is unknown. Section ignored.
### mwldeppc.exe Linker Warning:
#   Section '.ignored' is unknown. Section ignored.
### mwldeppc.exe Linker Warning:
#   Section '.ignored' is unknown. Section ignored.
### mwldeppc.exe Linker Warning:
#   Section '.ignored' is unknown. Section ignored.
### mwldeppc.exe Linker Warning:
#   Section '.ignored' is unknown. Section ignored.
### mwldeppc.exe Linker Warning:
#   Section '.ignored' is unknown. Section ignored.
### mwldeppc.exe Linker Warning:
#   Section '.ignored' is unknown. Section ignored.
### mwldeppc.exe Linker Warning:
#   Section '.ignored' is unknown. Section ignored.
### mwldeppc.exe Linker Warning:
#   Section '.ignored' is unknown. Section ignored.
### mwldeppc.exe Linker Warning:
#   Section '.ignored' is unknown. Section ignored.
### mwldeppc.exe Linker Warning:
#   Section '.ignored' is unknown. Section ignored.
### mwldeppc.exe Linker Warning:
#   Section '.ignored' is unknown. Section ignored.
### mwldeppc.exe Linker Warning:
#   Section '.ignored' is unknown. Section ignored.
### mwldeppc.exe Linker Warning:
#   Section '.ignored' is unknown. Section ignored.
### mwldeppc.exe Linker Warning:
#   Section '.ignored' is unknown. Section ignored.
### mwldeppc.exe Linker Warning:
#   Section '.ignored' is unknown. Section ignored.
### mwldeppc.exe Linker Warning:
#   Section '.ignored' is unknown. Section ignored.
### mwldeppc.exe Linker Warning:
#   Section '.ignored' is unknown. Section ignored.
### mwldeppc.exe Linker Warning:
#   Section '.ignored' is unknown. Section ignored.
### mwldeppc.exe Linker Warning:
#   Section '.ignored' is unknown. Section ignored.
### mwldeppc.exe Linker Warning:
#   Section '.ignored' is unknown. Section ignored.
### mwldeppc.exe Linker Warning:
#   Section '.ignored' is unknown. Section ignored.
### mwldeppc.exe Linker Warning:
#   Section '.ignored' is unknown. Section ignored.
### mwldeppc.exe Linker Warning:
#   Section '.ignored' is unknown. Section ignored.
### mwldeppc.exe Linker Warning:
#   Section '.ignored' is unknown. Section ignored.
### mwldeppc.exe Linker Warning:
#   Section '.ignored' is unknown. Section ignored.
### mwldeppc.exe Linker Warning:
#   Section '.ignored' is unknown. Section ignored.
### mwldeppc.exe Linker Warning:
#   Section '.ignored' is unknown. Section ignored.
### mwldeppc.exe Linker Warning:
#   Section '.ignored' is unknown. Section ignored.
### mwldeppc.exe Linker Warning:
#   Section '.ignored' is unknown. Section ignored.
### mwldeppc.exe Linker Warning:
#   Section '.ignored' is unknown. Section ignored.
### mwldeppc.exe Linker Warning:
#   Section '.ignored' is unknown. Section ignored.
### mwldeppc.exe Linker Warning:
#   Section '.ignored' is unknown. Section ignored.
### mwldeppc.exe Linker Warning:
#   Section '.ignored' is unknown. Section ignored.
### mwldeppc.exe Linker Warning:
#   Section '.ignored' is unknown. Section ignored.
### mwldeppc.exe Linker Warning:
#   Section '.ignored' is unknown. Section ignored.
### mwldeppc.exe Linker Warning:
#   Section '.ignored' is unknown. Section ignored.
### mwldeppc.exe Linker Warning:
#   Section '.ignored' is unknown. Section ignored.
### mwldeppc.exe Linker Warning:
#   Section '.ignored' is unknown. Section ignored.
### mwldeppc.exe Linker Warning:
#   Section '.ignored' is unknown. Section ignored.
### mwldeppc.exe Linker Warning:
#   Section '.ignored' is unknown. Section ignored.
### mwldeppc.exe Linker Warning:
#   Section '.ignored' is unknown. Section ignored.
### mwldeppc.exe Linker Warning:
#   Section '.ignored' is unknown. Section ignored.
### mwldeppc.exe Linker Warning:
#   Section '.ignored' is unknown. Section ignored.
### mwldeppc.exe Linker Warning:
#   Section '.ignored' is unknown. Section ignored.
### mwldeppc.exe Linker Warning:
#   Section '.ignored' is unknown. Section ignored.
### mwldeppc.exe Linker Warning:
#   Section '.ignored' is unknown. Section ignored.
### mwldeppc.exe Linker Warning:
#   Section '.ignored' is unknown. Section ignored.
### mwldeppc.exe Linker Warning:
#   Section '.ignored' is unknown. Section ignored.
### mwldeppc.exe Linker Warning:
#   Section '.ignored' is unknown. Section ignored.
### mwldeppc.exe Linker Warning:
#   Section '.ignored' is unknown. Section ignored.
### mwldeppc.exe Linker Warning:
#   Section '.ignored' is unknown. Section ignored.
### mwldeppc.exe Linker Warning:
#   Section '.ignored' is unknown. Section ignored.
### mwldeppc.exe Linker Warning:
#   Section '.ignored' is unknown. Section ignored.
### mwldeppc.exe Linker Warning:
#   Section '.ignored' is unknown. Section ignored.
### mwldeppc.exe Linker Warning:
#   Section '.ignored' is unknown. Section ignored.
### mwldeppc.exe Linker Warning:
#   Section '.ignored' is unknown. Section ignored.
### mwldeppc.exe Linker Warning:
#   Section '.ignored' is unknown. Section ignored.
### mwldeppc.exe Linker Warning:
#   Section '.ignored' is unknown. Section ignored.
### mwldeppc.exe Linker Warning:
#   Section '.ignored' is unknown. Section ignored.
### mwldeppc.exe Linker Warning:
#   Section '.ignored' is unknown. Section ignored.
### mwldeppc.exe Linker Warning:
#   Section '.ignored' is unknown. Section ignored.
### mwldeppc.exe Linker Warning:
#   Section '.ignored' is unknown. Section ignored.
### mwldeppc.exe Linker Warning:
#   Section '.ignored' is unknown. Section ignored.
### mwldeppc.exe Linker Warning:
#   Section '.ignored' is unknown. Section ignored.
### mwldeppc.exe Linker Warning:
#   Section '.ignored' is unknown. Section ignored.
### mwldeppc.exe Linker Warning:
#   Section '.ignored' is unknown. Section ignored.
### mwldeppc.exe Linker Warning:
#   Section '.ignored' is unknown. Section ignored.
### mwldeppc.exe Linker Warning:
#   Section '.ignored' is unknown. Section ignored.
### mwldeppc.exe Linker Warning:
#   Section '.ignored' is unknown. Section ignored.
### mwldeppc.exe Linker Warning:
#   Section '.ignored' is unknown. Section ignored.
### mwldeppc.exe Linker Warning:
#   Section '.ignored' is unknown. Section ignored.
### mwldeppc.exe Linker Warning:
#   Section '.ignored' is unknown. Section ignored.
### mwldeppc.exe Linker Warning:
#   Section '.ignored' is unknown. Section ignored.
### mwldeppc.exe Linker Warning:
#   Section '.ignored' is unknown. Section ignored.
### mwldeppc.exe Linker Warning:
#   Section '.ignored' is unknown. Section ignored.
### mwldeppc.exe Linker Warning:
#   Section '.ignored' is unknown. Section ignored.
### mwldeppc.exe Linker Warning:
#   Section '.ignored' is unknown. Section ignored.
### mwldeppc.exe Linker Warning:
#   Section '.ignored' is unknown. Section ignored.
### mwldeppc.exe Linker Warning:
#   Section '.ignored' is unknown. Section ignored.
### mwldeppc.exe Linker Warning:
#   Section '.ignored' is unknown. Section ignored.
### mwldeppc.exe Linker Warning:
#   Section '.ignored' is unknown. Section ignored.
### mwldeppc.exe Linker Warning:
#   Section '.ignored' is unknown. Section ignored.
### mwldeppc.exe Linker Warning:
#   Section '.ignored' is unknown. Section ignored.
### mwldeppc.exe Linker Warning:
#   Section '.ignored' is unknown. Section ignored.
### mwldeppc.exe Linker Warning:
#   Section '.ignored' is unknown. Section ignored.
### mwldeppc.exe Linker Warning:
#   Section '.ignored' is unknown. Section ignored.
### mwldeppc.exe Linker Warning:
#   Section '.ignored' is unknown. Section ignored.
### mwldeppc.exe Linker Warning:
#   Section '.ignored' is unknown. Section ignored.
### mwldeppc.exe Linker Warning:
#   Section '.ignored' is unknown. Section ignored.
### mwldeppc.exe Linker Warning:
#   Section '.ignored' is unknown. Section ignored.
### mwldeppc.exe Linker Warning:
#   Section '.ignored' is unknown. Section ignored.
### mwldeppc.exe Linker Warning:
#   Section '.ignored' is unknown. Section ignored.
### mwldeppc.exe Linker Warning:
#   Section '.ignored' is unknown. Section ignored.
### mwldeppc.exe Linker Warning:
#   Section '.ignored' is unknown. Section ignored.
### mwldeppc.exe Linker Warning:
#   Section '.ignored' is unknown. Section ignored.
### mwldeppc.exe Linker Warning:
#   Section '.ignored' is unknown. Section ignored.
### mwldeppc.exe Linker Warning:
#   Section '.ignored' is unknown. Section ignored.
### mwldeppc.exe Linker Warning:
#   Section '.ignored' is unknown. Section ignored.
### mwldeppc.exe Linker Warning:
#   Section '.ignored' is unknown. Section ignored.
### mwldeppc.exe Linker Warning:
#   Section '.ignored' is unknown. Section ignored.
### mwldeppc.exe Linker Warning:
#   Section '.ignored' is unknown. Section ignored.
### mwldeppc.exe Linker Warning:
#   Section '.ignored' is unknown. Section ignored.
### mwldeppc.exe Linker Warning:
#   Section '.ignored' is unknown. Section ignored.
### mwldeppc.exe Linker Warning:
#   Section '.ignored' is unknown. Section ignored.
### mwldeppc.exe Linker Warning:
#   Section '.ignored' is unknown. Section ignored.
[913/915] DOL build/GEDE01/main.dol
[914/915] CHECK config/GEDE01/build.sha1
build/GEDE01/main.dol: OK
[915/915] PROGRESS
Progress:
  All: 58.30% fuzzy, 49.11% matched, 49.03% linked (6305 / 7068 files)
    Code: 1129784 / 2300692 bytes (6072 / 8214 functions)
    Data: 39626 / 4305642 bytes (0.92%)
  Game Code: 93.90% fuzzy, 79.06% matched, 78.94% linked (6287 / 6633 files)
    Code: 1126756 / 1425104 bytes (6010 / 6354 functions)
    Data: 39402 / 40426 bytes (97.47%)
  SDK/Runtime: 100.00% fuzzy, 100.00% matched, 100.00% linked (18 / 18 files)
    Code: 3028 / 3028 bytes (62 / 62 functions)
    Data: 224 / 224 bytes (100.00%)

exit_code=0
