$ .tools/bin/ninja -j2
[1/907] MWCC build/GEDE01/src/game/game_fn_80008014.o
[2/907] MWCC build/GEDE01/src/game/game_fn_800094C0.o
[3/907] MWCC build/GEDE01/src/game/game_fn_800098C0.o
[4/907] MWCC build/GEDE01/src/game/game_fn_800096E0.o
[5/907] MWCC build/GEDE01/src/game/game_fn_800099D8.o
[6/907] MWCC build/GEDE01/src/game/game_fn_80009AB4.o
[7/907] MWCC build/GEDE01/src/game/game_fn_8000A26C.o
[8/907] MWCC build/GEDE01/src/game/game_fn_8000AC88.o
[9/907] MWCC build/GEDE01/src/game/game_fn_8000AFB4.o
[10/907] MWCC build/GEDE01/src/game/game_fn_8000AEB4.o
[11/907] MWCC build/GEDE01/src/game/game_fn_8000B1B8.o
[12/907] MWCC build/GEDE01/src/game/game_fn_8000B36C.o
[13/907] MWCC build/GEDE01/src/game/game_fn_8000B630.o
[14/907] MWCC build/GEDE01/src/game/game_fn_8000B7FC.o
[15/907] MWCC build/GEDE01/src/game/game_fn_8000B900.o
[16/907] MWCC build/GEDE01/src/game/game_fn_8000BA0C.o
[17/907] MWCC build/GEDE01/src/game/game_fn_8000BAA0.o
[18/907] MWCC build/GEDE01/src/game/game_fn_8000BC40.o
[19/907] MWCC build/GEDE01/src/game/game_fn_8000C06C.o
[20/907] MWCC build/GEDE01/src/game/game_fn_8000C17C.o
[21/907] MWCC build/GEDE01/src/game/game_fn_8000C400.o
[22/907] MWCC build/GEDE01/src/game/game_fn_8000C848.o
[23/907] MWCC build/GEDE01/src/game/game_fn_8000C91C.o
[24/907] MWCC build/GEDE01/src/game/game_fn_8000D0BC.o
[25/907] MWCC build/GEDE01/src/game/game_fn_8000D590.o
[26/907] MWCC build/GEDE01/src/game/game_fn_8000D3D4.o
[27/907] MWCC build/GEDE01/src/game/game_fn_8000DA50.o
[28/907] MWCC build/GEDE01/src/game/game_fn_8000D8A4.o
[29/907] MWCC build/GEDE01/src/game/game_fn_8000DAF4.o
[30/907] MWCC build/GEDE01/src/game/game_fn_8000E054.o
[31/907] MWCC build/GEDE01/src/game/game_fn_8000E138.o
[32/907] MWCC build/GEDE01/src/game/game_fn_8000E0AC.o
[33/907] MWCC build/GEDE01/src/game/game_fn_8000E1C4.o
[34/907] MWCC build/GEDE01/src/game/game_fn_8000E96C.o
[35/907] MWCC build/GEDE01/src/game/game_fn_8000EB14.o
[36/907] MWCC build/GEDE01/src/game/game_fn_8000EBD4.o
[37/907] MWCC build/GEDE01/src/game/game_fn_8000EFC4.o
[38/907] MWCC build/GEDE01/src/game/game_fn_8000ED44.o
[39/907] MWCC build/GEDE01/src/game/game_fn_8000F4B0.o
[40/907] MWCC build/GEDE01/src/game/game_fn_8000F774.o
[41/907] MWCC build/GEDE01/src/game/game_fn_8000FDE8.o
[42/907] MWCC build/GEDE01/src/game/game_fn_8000FFD8.o
[43/907] MWCC build/GEDE01/src/game/game_fn_800119FC.o
[44/907] MWCC build/GEDE01/src/game/game_fn_80012DA8.o
[45/907] MWCC build/GEDE01/src/game/game_fn_80012F40.o
[46/907] MWCC build/GEDE01/src/game/game_fn_80012FD0.o
[47/907] MWCC build/GEDE01/src/game/game_fn_800131E8.o
[48/907] MWCC build/GEDE01/src/game/game_fn_80013340.o
[49/907] MWCC build/GEDE01/src/game/game_fn_80013870.o
[50/907] MWCC build/GEDE01/src/game/game_fn_80013CB0.o
[51/907] MWCC build/GEDE01/src/game/game_fn_80013D54.o
[52/907] MWCC build/GEDE01/src/game/game_fn_800142DC.o
[53/907] MWCC build/GEDE01/src/game/game_fn_800144CC.o
[54/907] MWCC build/GEDE01/src/game/game_fn_80014784.o
[55/907] MWCC build/GEDE01/src/game/game_fn_80015058.o
[56/907] MWCC build/GEDE01/src/game/game_fn_800149D4.o
[57/907] MWCC build/GEDE01/src/game/game_fn_80015320.o
[58/907] MWCC build/GEDE01/src/game/game_fn_80015568.o
[59/907] MWCC build/GEDE01/src/game/game_fn_800156FC.o
[60/907] MWCC build/GEDE01/src/game/game_fn_80015BE0.o
[61/907] MWCC build/GEDE01/src/game/game_fn_80015F04.o
[62/907] MWCC build/GEDE01/src/game/game_fn_80015D40.o
[63/907] MWCC build/GEDE01/src/game/game_fn_80016270.o
[64/907] MWCC build/GEDE01/src/game/game_fn_80016128.o
[65/907] MWCC build/GEDE01/src/game/game_fn_80016904.o
[66/907] MWCC build/GEDE01/src/game/game_fn_80016B24.o
[67/907] MWCC build/GEDE01/src/game/game_fn_800171C0.o
[68/907] MWCC build/GEDE01/src/game/game_fn_800173CC.o
[69/907] MWCC build/GEDE01/src/game/game_fn_800176F0.o
[70/907] MWCC build/GEDE01/src/game/game_fn_80017910.o
[71/907] MWCC build/GEDE01/src/game/game_fn_800179AC.o
[72/907] MWCC build/GEDE01/src/game/game_fn_80017A3C.o
[73/907] MWCC build/GEDE01/src/game/game_fn_80017AE4.o
[74/907] MWCC build/GEDE01/src/game/game_fn_80017C3C.o
[75/907] MWCC build/GEDE01/src/game/game_fn_80017CC8.o
[76/907] MWCC build/GEDE01/src/game/game_fn_80017DB0.o
[77/907] MWCC build/GEDE01/src/game/game_fn_80018EF4.o
[78/907] MWCC build/GEDE01/src/game/game_fn_80019054.o
[79/907] MWCC build/GEDE01/src/game/game_fn_80019244.o
[80/907] MWCC build/GEDE01/src/game/game_fn_800194D0.o
[81/907] MWCC build/GEDE01/src/game/game_fn_80019940.o
[82/907] MWCC build/GEDE01/src/game/game_fn_80019C10.o
[83/907] MWCC build/GEDE01/src/game/game_fn_80019D2C.o
[84/907] MWCC build/GEDE01/src/game/game_fn_80019F98.o
[85/907] MWCC build/GEDE01/src/game/game_fn_8001AAB8.o
[86/907] MWCC build/GEDE01/src/game/game_fn_8001A6C4.o
[87/907] MWCC build/GEDE01/src/game/game_fn_8001ADF8.o
[88/907] MWCC build/GEDE01/src/game/game_fn_8001AF68.o
[89/907] MWCC build/GEDE01/src/game/game_fn_8001B294.o
[90/907] MWCC build/GEDE01/src/game/game_fn_8001B124.o
[91/907] MWCC build/GEDE01/src/game/game_fn_8001B874.o
[92/907] MWCC build/GEDE01/src/game/game_fn_8001B808.o
[93/907] MWCC build/GEDE01/src/game/game_fn_8001C078.o
[94/907] MWCC build/GEDE01/src/game/game_fn_8001CA04.o
[95/907] MWCC build/GEDE01/src/game/game_fn_8001CD58.o
[96/907] MWCC build/GEDE01/src/game/game_fn_8001CE94.o
[97/907] MWCC build/GEDE01/src/game/game_fn_8001E644.o
[98/907] MWCC build/GEDE01/src/game/game_fn_8001FE1C.o
[99/907] MWCC build/GEDE01/src/game/game_fn_80020E94.o
[100/907] MWCC build/GEDE01/src/game/game_fn_80024F28.o
[101/907] MWCC build/GEDE01/src/game/game_fn_800272B4.o
[102/907] MWCC build/GEDE01/src/game/game_fn_8002B748.o
[103/907] MWCC build/GEDE01/src/game/game_fn_8002DAE0.o
[104/907] MWCC build/GEDE01/src/game/game_fn_8002E3F0.o
[105/907] MWCC build/GEDE01/src/game/game_fn_8002EA68.o
[106/907] MWCC build/GEDE01/src/game/game_fn_8002F428.o
[107/907] MWCC build/GEDE01/src/game/game_fn_80031544.o
[108/907] MWCC build/GEDE01/src/game/game_fn_8003232C.o
[109/907] MWCC build/GEDE01/src/game/game_fn_80032B84.o
[110/907] MWCC build/GEDE01/src/game/game_fn_80033038.o
[111/907] MWCC build/GEDE01/src/game/game_fn_80033180.o
[112/907] MWCC build/GEDE01/src/game/game_fn_800359A0.o
[113/907] MWCC build/GEDE01/src/game/game_fn_800361F8.o
[114/907] MWCC build/GEDE01/src/game/game_fn_80036C40.o
[115/907] MWCC build/GEDE01/src/game/game_fn_80038878.o
[116/907] MWCC build/GEDE01/src/game/game_fn_80048ADC.o
[117/907] MWCC build/GEDE01/src/game/game_fn_80048B24.o
[118/907] MWCC build/GEDE01/src/game/game_fn_8004998C.o
[119/907] MWCC build/GEDE01/src/game/game_fn_80052310.o
[120/907] MWCC build/GEDE01/src/game/game_fn_80050B08.o
[121/907] MWCC build/GEDE01/src/game/game_fn_800542D0.o
[122/907] MWCC build/GEDE01/src/game/game_fn_8005EC6C.o
[123/907] MWCC build/GEDE01/src/game/game_fn_8005EE9C.o
[124/907] MWCC build/GEDE01/src/game/game_data_80239E10.o
[125/907] MWCC build/GEDE01/src/game/game_data_80239E18.o
[126/907] MWCC build/GEDE01/src/game/game_fn_8005FD84.o
[127/907] MWCC build/GEDE01/src/game/game_fn_80066888.o
[128/907] MWCC build/GEDE01/src/game/game_fn_80066E78.o
[129/907] MWCC build/GEDE01/src/game/game_fn_8006B0F0.o
[130/907] MWCC build/GEDE01/src/game/game_fn_8006B620.o
[131/907] MWCC build/GEDE01/src/game/game_fn_8006E53C.o
[132/907] MWCC build/GEDE01/src/game/game_fn_80071A58.o
[133/907] MWCC build/GEDE01/src/game/game_fn_80078500.o
[134/907] MWCC build/GEDE01/src/game/game_fn_80074310.o
[135/907] MWCC build/GEDE01/src/game/game_fn_80079908.o
[136/907] MWCC build/GEDE01/src/game/game_fn_80079AA4.o
[137/907] MWCC build/GEDE01/src/game/game_fn_8007B2F4.o
[138/907] MWCC build/GEDE01/src/game/game_fn_8007B540.o
[139/907] MWCC build/GEDE01/src/game/game_fn_8007B640.o
[140/907] MWCC build/GEDE01/src/game/game_fn_8007B828.o
[141/907] MWCC build/GEDE01/src/game/game_fn_8007D4D8.o
[142/907] MWCC build/GEDE01/src/game/game_fn_8007BA3C.o
[143/907] MWCC build/GEDE01/src/game/game_fn_8007F770.o
[144/907] MWCC build/GEDE01/src/game/game_fn_800886D8.o
[145/907] MWCC build/GEDE01/src/game/game_fn_80088F4C.o
[146/907] MWCC build/GEDE01/src/game/game_fn_80089A34.o
[147/907] MWCC build/GEDE01/src/game/game_fn_8008A2E0.o
[148/907] MWCC build/GEDE01/src/game/game_fn_8008F224.o
[149/907] MWCC build/GEDE01/src/game/game_fn_8008F890.o
[150/907] MWCC build/GEDE01/src/game/game_fn_80090004.o
[151/907] MWCC build/GEDE01/src/game/game_fn_800934A0.o
[152/907] MWCC build/GEDE01/src/game/game_fn_80095D10.o
[153/907] MWCC build/GEDE01/src/game/game_fn_80095FDC.o
[154/907] MWCC build/GEDE01/src/game/game_fn_80096830.o
[155/907] MWCC build/GEDE01/src/game/game_fn_8009E808.o
[156/907] MWCC build/GEDE01/src/game/game_fn_8009C424.o
[157/907] MWCC build/GEDE01/src/game/game_fn_800A2130.o
[158/907] MWCC build/GEDE01/src/game/game_fn_800A2FCC.o
[159/907] MWCC build/GEDE01/src/game/game_fn_800A3180.o
[160/907] MWCC build/GEDE01/src/game/game_fn_800A3894.o
[161/907] MWCC build/GEDE01/src/game/game_fn_800A4428.o
[162/907] MWCC build/GEDE01/src/game/game_fn_800A4798.o
[163/907] MWCC build/GEDE01/src/game/game_fn_800A7E88.o
[164/907] MWCC build/GEDE01/src/game/game_fn_800AF230.o
[165/907] MWCC build/GEDE01/src/game/game_fn_800B2EC0.o
[166/907] MWCC build/GEDE01/src/game/game_fn_800BB5C4.o
[167/907] MWCC build/GEDE01/src/game/game_fn_800BB7A8.o
[168/907] MWCC build/GEDE01/src/game/game_fn_800BB9A4.o
[169/907] MWCC build/GEDE01/src/game/game_fn_800BBAF0.o
[170/907] MWCC build/GEDE01/src/game/game_fn_800C030C.o
[171/907] MWCC build/GEDE01/src/game/game_fn_800C17EC.o
[172/907] MWCC build/GEDE01/src/game/game_fn_800C59F0.o
[173/907] MWCC build/GEDE01/src/game/game_fn_800C644C.o
[174/907] MWCC build/GEDE01/src/game/game_fn_800C65FC.o
[175/907] MWCC build/GEDE01/src/game/game_fn_800C9C60.o
[176/907] MWCC build/GEDE01/src/game/game_fn_800CB760.o
[177/907] MWCC build/GEDE01/src/game/game_fn_800CB8F4.o
[178/907] MWCC build/GEDE01/src/game/game_fn_800CF598.o
[179/907] MWCC build/GEDE01/src/game/game_fn_800D9064.o
[180/907] MWCC build/GEDE01/src/game/game_fn_800D9E10.o
[181/907] MWCC build/GEDE01/src/game/game_fn_800DC4D4.o
[182/907] MWCC build/GEDE01/src/game/game_fn_800E4980.o
[183/907] MWCC build/GEDE01/src/game/game_TRKNubWelcome.o
[184/907] MWCC build/GEDE01/src/game/game_TRK_main.o
[185/907] MWCC build/GEDE01/src/game/game_InitMetroTRKCommTable.o
[186/907] MWCC build/GEDE01/src/game/game_fn_800FD0C8.o
[187/907] MWCC build/GEDE01/src/game/game_fn_8010242C.o
[188/907] MWCC build/GEDE01/src/game/game_fn_801098C0.o
[189/907] MWCC build/GEDE01/src/game/game_fn_8010F184.o
[190/907] MWCC build/GEDE01/src/game/game_fn_801126E0.o
[191/907] MWCC build/GEDE01/src/game/game_fn_801128E4.o
[192/907] MWCC build/GEDE01/src/game/game_fn_801141B8.o
[193/907] MWCC build/GEDE01/src/game/game_fn_8011F140.o
[194/907] MWCC build/GEDE01/src/game/game_fn_801247F8.o
[195/907] MWCC build/GEDE01/src/game/game_fn_80126A00.o
[196/907] MWCC build/GEDE01/src/game/game_fn_8012976C.o
[197/907] MWCC build/GEDE01/src/game/game_fn_8012DB28.o
[198/907] MWCC build/GEDE01/src/game/game_fn_8013CBE4.o
[199/907] MWCC build/GEDE01/src/game/game_fn_8013D6A4.o
[200/907] MWCC build/GEDE01/src/game/game_fn_8013DB8C.o
[201/907] MWCC build/GEDE01/src/game/game_fn_8014549C.o
[202/907] MWCC build/GEDE01/src/game/game_fn_8014AF38.o
[203/907] MWCC build/GEDE01/src/game/game_fn_8014B494.o
[204/907] MWCC build/GEDE01/src/game/game_fn_8014BA14.o
[205/907] MWCC build/GEDE01/src/game/game_fn_8014CA98.o
[206/907] MWCC build/GEDE01/src/game/game_fn_801535D8.o
[207/907] MWCC build/GEDE01/src/game/game_fn_80153898.o
[208/907] MWCC build/GEDE01/src/game/game_fn_80153A24.o
[209/907] MWCC build/GEDE01/src/game/game_fn_80154F74.o
[210/907] MWCC build/GEDE01/src/game/game_fn_80155814.o
[211/907] MWCC build/GEDE01/src/game/game_fn_80157C0C.o
[212/907] MWCC build/GEDE01/src/game/game_fn_80158B20.o
[213/907] MWCC build/GEDE01/src/game/game_fn_80158D38.o
[214/907] MWCC build/GEDE01/src/game/game_fn_8015DB84.o
[215/907] MWCC build/GEDE01/src/game/game_fn_8015DC54.o
[216/907] MWCC build/GEDE01/src/game/game_fn_8015EDC0.o
[217/907] MWCC build/GEDE01/src/game/game_fn_80167454.o
[218/907] MWCC build/GEDE01/src/game/game_fn_80167B5C.o
[219/907] MWCC build/GEDE01/src/game/game_fn_80169650.o
[220/907] MWCC build/GEDE01/src/game/game_fn_8016BD0C.o
[221/907] MWCC build/GEDE01/src/game/game_fn_8016BE1C.o
[222/907] MWCC build/GEDE01/src/game/game_fn_8016BF60.o
[223/907] MWCC build/GEDE01/src/game/game_fn_8016C0BC.o
[224/907] MWCC build/GEDE01/src/game/game_fn_8016C164.o
[225/907] MWCC build/GEDE01/src/game/game_fn_8016C238.o
[226/907] MWCC build/GEDE01/src/game/game_fn_8016C4BC.o
[227/907] MWCC build/GEDE01/src/game/game_fn_8016D040.o
[228/907] MWCC build/GEDE01/src/game/game_fn_8016C774.o
[229/907] MWCC build/GEDE01/src/game/game_fn_8016D1F8.o
[230/907] MWCC build/GEDE01/src/game/game_fn_8016D2B8.o
[231/907] MWCC build/GEDE01/src/game/game_fn_8016D9C0.o
[232/907] MWCC build/GEDE01/src/game/game_fn_8016DF4C.o
[233/907] MWCC build/GEDE01/src/game/game_fn_8016E8F8.o
[234/907] MWCC build/GEDE01/src/game/game_fn_8016FEF8.o
[235/907] MWCC build/GEDE01/src/game/game_fn_8017038C.o
[236/907] MWCC build/GEDE01/src/game/game_fn_801704F8.o
[237/907] MWCC build/GEDE01/src/game/game_fn_801706DC.o
[238/907] MWCC build/GEDE01/src/game/game_fn_80170A40.o
[239/907] MWCC build/GEDE01/src/game/game_fn_80170DF4.o
[240/907] MWCC build/GEDE01/src/game/game_fn_80170E9C.o
[241/907] MWCC build/GEDE01/src/game/game_fn_80171664.o
[242/907] MWCC build/GEDE01/src/game/game_fn_8017138C.o
[243/907] MWCC build/GEDE01/src/game/game_fn_801718F4.o
[244/907] MWCC build/GEDE01/src/game/game_fn_801719B4.o
[245/907] MWCC build/GEDE01/src/game/game_fn_80171F30.o
[246/907] MWCC build/GEDE01/src/game/game_fn_8017250C.o
[247/907] MWCC build/GEDE01/src/game/game_fn_801726EC.o
[248/907] MWCC build/GEDE01/src/game/game_fn_80172BB0.o
[249/907] MWCC build/GEDE01/src/game/game_fn_80172C78.o
[250/907] MWCC build/GEDE01/src/game/game_fn_80172DB8.o
[251/907] MWCC build/GEDE01/src/game/game_fn_80173270.o
[252/907] MWCC build/GEDE01/src/game/game_fn_801734B4.o
[253/907] MWCC build/GEDE01/src/game/game_fn_80173770.o
[254/907] MWCC build/GEDE01/src/game/game_fn_80173D44.o
[255/907] MWCC build/GEDE01/src/game/game_fn_80173F04.o
[256/907] MWCC build/GEDE01/src/game/game_fn_80174184.o
[257/907] MWCC build/GEDE01/src/game/game_fn_80174358.o
[258/907] MWCC build/GEDE01/src/game/game_fn_80174F2C.o
[259/907] MWCC build/GEDE01/src/game/game_fn_801752B0.o
[260/907] MWCC build/GEDE01/src/game/game_fn_8017553C.o
[261/907] MWCC build/GEDE01/src/game/game_fn_80175A08.o
[262/907] MWCC build/GEDE01/src/game/game_fn_80175E64.o
[263/907] MWCC build/GEDE01/src/game/game_fn_80175F0C.o
[264/907] MWCC build/GEDE01/src/game/game_fn_80175FD4.o
[265/907] MWCC build/GEDE01/src/game/game_fn_80176098.o
[266/907] MWCC build/GEDE01/src/game/game_fn_80176160.o
[267/907] MWCC build/GEDE01/src/game/game_fn_80176220.o
[268/907] MWCC build/GEDE01/src/game/game_fn_801762E8.o
[269/907] MWCC build/GEDE01/src/game/game_fn_8017652C.o
[270/907] MWCC build/GEDE01/src/game/game_fn_80176DF4.o
[271/907] MWCC build/GEDE01/src/game/game_fn_80176FA0.o
[272/907] MWCC build/GEDE01/src/game/game_fn_801770F8.o
[273/907] MWCC build/GEDE01/src/game/game_fn_8017718C.o
[274/907] MWCC build/GEDE01/src/game/game_fn_80178F88.o
[275/907] MWCC build/GEDE01/src/game/game_fn_80177434.o
[276/907] MWCC build/GEDE01/src/game/game_fn_80179398.o
[277/907] MWCC build/GEDE01/src/game/game_fn_8017960C.o
[278/907] MWCC build/GEDE01/src/game/game_fn_8017974C.o
[279/907] MWCC build/GEDE01/src/game/game_fn_80179904.o
[280/907] MWCC build/GEDE01/src/game/game_fn_80179A18.o
[281/907] MWCC build/GEDE01/src/game/game_fn_80179A74.o
[282/907] MWCC build/GEDE01/src/game/game_fn_80179EB8.o
[283/907] MWCC build/GEDE01/src/game/game_fn_80179F20.o
[284/907] MWCC build/GEDE01/src/game/game_fn_8017A010.o
[285/907] MWCC build/GEDE01/src/game/game_fn_8017A12C.o
[286/907] MWCC build/GEDE01/src/game/game_fn_8017A1C0.o
[287/907] MWCC build/GEDE01/src/game/game_fn_8017A9B8.o
[288/907] MWCC build/GEDE01/src/game/game_fn_8017AC20.o
[289/907] MWCC build/GEDE01/src/game/game_fn_8017E850.o
[290/907] MWCC build/GEDE01/src/game/game_fn_8017E958.o
[291/907] MWCC build/GEDE01/src/game/game_fn_80180DDC.o
[292/907] MWCC build/GEDE01/src/game/game_fn_801816D4.o
[293/907] MWCC build/GEDE01/src/game/game_fn_801810A0.o
[294/907] MWCC build/GEDE01/src/game/game_fn_801859FC.o
[295/907] MWCC build/GEDE01/src/game/game_fn_80185AE8.o
[296/907] MWCC build/GEDE01/src/game/game_fn_80185F10.o
[297/907] MWCC build/GEDE01/src/game/game_fn_801861C4.o
[298/907] MWCC build/GEDE01/src/game/game_fn_801865EC.o
[299/907] MWCC build/GEDE01/src/game/game_fn_8018680C.o
[300/907] MWCC build/GEDE01/src/game/game_fn_80186E10.o
[301/907] MWCC build/GEDE01/src/game/game_fn_80186F70.o
[302/907] MWCC build/GEDE01/src/game/game_fn_80187120.o
[303/907] MWCC build/GEDE01/src/game/game_fn_80187320.o
[304/907] MWCC build/GEDE01/src/game/game_fn_801878E0.o
[305/907] MWCC build/GEDE01/src/game/game_fn_801875FC.o
[306/907] MWCC build/GEDE01/src/game/game_fn_80188A7C.o
[307/907] MWCC build/GEDE01/src/game/game_fn_80187BB4.o
[308/907] MWCC build/GEDE01/src/game/game_fn_80188B44.o
[309/907] MWCC build/GEDE01/src/game/game_fn_80188C1C.o
[310/907] MWCC build/GEDE01/src/game/game_fn_80188E28.o
[311/907] MWCC build/GEDE01/src/game/game_fn_80189028.o
[312/907] MWCC build/GEDE01/src/game/game_fn_801891D8.o
[313/907] MWCC build/GEDE01/src/game/game_fn_80189390.o
[314/907] MWCC build/GEDE01/src/game/game_fn_801896A0.o
[315/907] MWCC build/GEDE01/src/game/game_fn_801895E8.o
[316/907] MWCC build/GEDE01/src/game/game_fn_80189968.o
[317/907] MWCC build/GEDE01/src/game/game_fn_80189760.o
[318/907] MWCC build/GEDE01/src/game/game_fn_80189C14.o
[319/907] MWCC build/GEDE01/src/game/game_fn_8018C2D0.o
[320/907] MWCC build/GEDE01/src/game/game_fn_8018D1F0.o
[321/907] MWCC build/GEDE01/src/game/game_fn_8018D2E0.o
[322/907] MWCC build/GEDE01/src/game/game_fn_8018D688.o
[323/907] MWCC build/GEDE01/src/game/game_fn_8018D400.o
[324/907] MWCC build/GEDE01/src/game/game_fn_8018E0D8.o
[325/907] MWCC build/GEDE01/src/game/game_fn_8018DC24.o
[326/907] MWCC build/GEDE01/src/game/game_fn_8018F1D0.o
[327/907] MWCC build/GEDE01/src/game/game_fn_8018F81C.o
[328/907] MWCC build/GEDE01/src/game/game_fn_8018FEDC.o
[329/907] MWCC build/GEDE01/src/game/game_fn_8019120C.o
[330/907] MWCC build/GEDE01/src/game/game_fn_80191360.o
[331/907] MWCC build/GEDE01/src/game/game_fn_801916D0.o
[332/907] MWCC build/GEDE01/src/game/game_fn_8019197C.o
[333/907] MWCC build/GEDE01/src/game/game_fn_80191F58.o
[334/907] MWCC build/GEDE01/src/game/game_fn_801926EC.o
[335/907] MWCC build/GEDE01/src/game/game_fn_801929A4.o
[336/907] MWCC build/GEDE01/src/game/game_fn_80192F54.o
[337/907] MWCC build/GEDE01/src/game/game_fn_801931C4.o
[338/907] MWCC build/GEDE01/src/game/game_fn_80193E1C.o
[339/907] MWCC build/GEDE01/src/game/game_fn_80193F3C.o
[340/907] MWCC build/GEDE01/src/game/game_fn_80194F80.o
[341/907] MWCC build/GEDE01/src/game/game_fn_801952E8.o
[342/907] MWCC build/GEDE01/src/game/game_fn_80197910.o
[343/907] MWCC build/GEDE01/src/game/game_fn_80198154.o
[344/907] MWCC build/GEDE01/src/game/game_fn_80198AAC.o
[345/907] MWCC build/GEDE01/src/game/game_fn_80198BF4.o
[346/907] MWCC build/GEDE01/src/game/game_fn_801991E0.o
[347/907] MWCC build/GEDE01/src/game/game_fn_8019B1BC.o
[348/907] MWCC build/GEDE01/src/game/game_fn_8019CC28.o
[349/907] MWCC build/GEDE01/src/game/game_fn_8019CFC4.o
[350/907] MWCC build/GEDE01/src/game/game_fn_8019E5E4.o
[351/907] MWCC build/GEDE01/src/game/game_fn_8019E8C8.o
[352/907] MWCC build/GEDE01/src/game/game_fn_801A1F18.o
[353/907] MWCC build/GEDE01/src/game/game_fn_801A2A54.o
[354/907] MWCC build/GEDE01/src/game/game_fn_801A34BC.o
[355/907] MWCC build/GEDE01/src/game/game_fn_801A3A78.o
[356/907] MWCC build/GEDE01/src/game/game_fn_801A4CE0.o
[357/907] MWCC build/GEDE01/src/game/game_fn_801A5FB0.o
[358/907] MWCC build/GEDE01/src/game/game_fn_801A6410.o
[359/907] MWCC build/GEDE01/src/game/game_fn_801A657C.o
[360/907] MWCC build/GEDE01/src/game/game_fn_801A6ADC.o
[361/907] MWCC build/GEDE01/src/game/game_fn_801A6C58.o
[362/907] MWCC build/GEDE01/src/game/game_fn_801A6CB4.o
[363/907] MWCC build/GEDE01/src/game/game_fn_801A7E04.o
[364/907] MWCC build/GEDE01/src/game/game_fn_801A7EA8.o
[365/907] MWCC build/GEDE01/src/game/game_fn_801A93E8.o
[366/907] MWCC build/GEDE01/src/game/game_fn_801AB154.o
[367/907] MWCC build/GEDE01/src/game/game_fn_801ABD3C.o
[368/907] MWCC build/GEDE01/src/game/game_fn_801AC8AC.o
[369/907] MWCC build/GEDE01/src/game/game_fn_801ACFE8.o
[370/907] MWCC build/GEDE01/src/game/game_fn_801AD08C.o
[371/907] MWCC build/GEDE01/src/game/game_fn_801AFA74.o
[372/907] MWCC build/GEDE01/src/game/game_fn_801B02F0.o
[373/907] MWCC build/GEDE01/src/game/game_fn_801B1BA0.o
[374/907] MWCC build/GEDE01/src/game/game_fn_801B35BC.o
[375/907] MWCC build/GEDE01/src/game/game_fn_801B46C8.o
[376/907] MWCC build/GEDE01/src/game/game_fn_801B4FB4.o
[377/907] MWCC build/GEDE01/src/game/game_fn_801B5228.o
[378/907] MWCC build/GEDE01/src/game/game_fn_801B58F0.o
[379/907] MWCC build/GEDE01/src/game/game_fn_801B6F1C.o
[380/907] MWCC build/GEDE01/src/game/game_fn_801B86C0.o
[381/907] MWCC build/GEDE01/src/game/game_fn_801B941C.o
[382/907] MWCC build/GEDE01/src/game/game_fn_801B9E7C.o
[383/907] MWCC build/GEDE01/src/game/game_fn_801BA15C.o
[384/907] MWCC build/GEDE01/src/game/game_fn_801BA708.o
[385/907] MWCC build/GEDE01/src/game/game_fn_801BB1A0.o
[386/907] MWCC build/GEDE01/src/game/game_fn_801BC0D4.o
[387/907] MWCC build/GEDE01/src/game/game_fn_801BC240.o
[388/907] MWCC build/GEDE01/src/game/game_fn_801BC8F4.o
[389/907] MWCC build/GEDE01/src/game/game_fn_801BCC04.o
[390/907] MWCC build/GEDE01/src/game/game_fn_801BD990.o
[391/907] MWCC build/GEDE01/src/game/game_fn_801BDE7C.o
[392/907] MWCC build/GEDE01/src/game/game_fn_801BE0D4.o
[393/907] MWCC build/GEDE01/src/game/game_fn_801C1CB0.o
[394/907] MWCC build/GEDE01/src/game/game_fn_801BEF40.o
[395/907] MWCC build/GEDE01/src/game/game_fn_801C2980.o
[396/907] MWCC build/GEDE01/src/game/game_fn_801C29BC.o
[397/907] MWCC build/GEDE01/src/game/game_fn_801C2D9C.o
[398/907] MWCC build/GEDE01/src/game/game_fn_801C2AAC.o
[399/907] MWCC build/GEDE01/src/game/game_fn_801C8160.o
[400/907] MWCC build/GEDE01/src/game/game_fn_801C8224.o
[401/907] MWCC build/GEDE01/src/game/game_fn_801C8600.o
[402/907] MWCC build/GEDE01/src/game/game_fn_801C4B5C.o
[403/907] MWCC build/GEDE01/src/game/game_fn_801C87DC.o
[404/907] MWCC build/GEDE01/src/game/game_fn_801C8CC0.o
[405/907] MWCC build/GEDE01/src/game/game_fn_801C8F50.o
[406/907] MWCC build/GEDE01/src/game/game_fn_801C90A4.o
[407/907] MWCC build/GEDE01/src/game/game_fn_801C9510.o
[408/907] MWCC build/GEDE01/src/game/game_fn_801C970C.o
[409/907] MWCC build/GEDE01/src/game/game_fn_801C9A08.o
[410/907] MWCC build/GEDE01/src/game/game_fn_801C9B1C.o
[411/907] MWCC build/GEDE01/src/game/game_fn_801CB4F8.o
[412/907] MWCC build/GEDE01/src/game/game_fn_801CD228.o
[413/907] MWCC build/GEDE01/src/game/game_fn_801CE09C.o
[414/907] MWCC build/GEDE01/src/game/game_fn_801CE594.o
[415/907] MWCC build/GEDE01/src/game/game_fn_801D1B10.o
[416/907] MWCC build/GEDE01/src/game/game_fn_801D1F78.o
[417/907] MWCC build/GEDE01/src/game/game_fn_801D3988.o
[418/907] MWCC build/GEDE01/src/game/game_fn_801D76A8.o
[419/907] MWCC build/GEDE01/src/game/game_fn_801D7C24.o
[420/907] MWCC build/GEDE01/src/game/game_fn_801D8050.o
[421/907] MWCC build/GEDE01/src/game/game_fn_801D9FE4.o
[422/907] MWCC build/GEDE01/src/game/game_fn_801E2A48.o
[423/907] MWCC build/GEDE01/src/game/game_fn_801E41AC.o
[424/907] MWCC build/GEDE01/src/game/game_fn_801E504C.o
[425/907] MWCC build/GEDE01/src/game/game_fn_801E6814.o
[426/907] MWCC build/GEDE01/src/game/game_fn_801E995C.o
[427/907] MWCC build/GEDE01/src/game/game_fn_801EB09C.o
[428/907] MWCC build/GEDE01/src/game/game_fn_801EB11C.o
[429/907] MWCC build/GEDE01/src/game/game_fn_801ECD74.o
[430/907] MWCC build/GEDE01/src/game/game_fn_801ECF50.o
[431/907] MWCC build/GEDE01/src/game/game_fn_801ED5F4.o
[432/907] MWCC build/GEDE01/src/game/game_fn_801EF580.o
[433/907] MWCC build/GEDE01/src/game/game_fn_801EF910.o
[434/907] MWCC build/GEDE01/src/game/game_fn_801F0CB0.o
[435/907] MWCC build/GEDE01/src/game/game_fn_801F10BC.o
[436/907] MWCC build/GEDE01/src/game/game_fn_801F1A38.o
[437/907] MWCC build/GEDE01/src/game/game_fn_801F35A8.o
[438/907] MWCC build/GEDE01/src/game/game_fn_801F55A0.o
[439/907] MWCC build/GEDE01/src/game/game_fn_801F69F0.o
[440/907] MWCC build/GEDE01/src/game/game_fn_801F7510.o
[441/907] MWCC build/GEDE01/src/game/game_fn_801F6BD8.o
[442/907] MWCC build/GEDE01/src/game/game_fn_801F76EC.o
[443/907] MWCC build/GEDE01/src/game/game_fn_801F8264.o
[444/907] MWCC build/GEDE01/src/game/game_fn_801F9AF8.o
[445/907] MWCC build/GEDE01/src/game/game_fn_801F89B4.o
[446/907] MWCC build/GEDE01/src/game/game_fn_801F9CF4.o
[447/907] MWCC build/GEDE01/src/game/game_fn_801FA9C8.o
[448/907] MWCC build/GEDE01/src/game/game_fn_801FC034.o
[449/907] MWCC build/GEDE01/src/game/game_fn_801FB6A4.o
[450/907] MWCC build/GEDE01/src/game/game_fn_801FFE78.o
[451/907] MWCC build/GEDE01/src/game/game_fn_801FC204.o
[452/907] EXTERNALIZE build/GEDE01/src/game/game_fn_800DC4D4.o
[453/907] EXTERNALIZE build/GEDE01/src/game/game_fn_80175A08.o
[454/907] EXTERNALIZE build/GEDE01/src/game/game_fn_80066E78.o
[455/907] EXTERNALIZE build/GEDE01/src/game/game_fn_801247F8.o
[456/907] EXTERNALIZE build/GEDE01/src/game/game_fn_801EF910.o
[457/907] EXTERNALIZE build/GEDE01/src/game/game_fn_801ECF50.o
[458/907] EXTERNALIZE build/GEDE01/src/game/game_fn_801FC204.o
[459/907] EXTERNALIZE build/GEDE01/src/game/game_fn_801EB09C.o
[460/907] EXTERNALIZE build/GEDE01/src/game/game_fn_801EB11C.o
[461/907] EXTERNALIZE JUMPTABLES build/GEDE01/src/game/game_fn_80050B08.o
[462/907] EXTERNALIZE build/GEDE01/src/game/game_fn_801E41AC.o
[463/907] EXTERNALIZE build/GEDE01/src/game/game_fn_801D9FE4.o
[464/907] EXTERNALIZE build/GEDE01/src/game/game_fn_801D76A8.o
[465/907] EXTERNALIZE build/GEDE01/src/game/game_fn_801D8050.o
[466/907] EXTERNALIZE build/GEDE01/src/game/game_fn_801D7C24.o
[467/907] EXTERNALIZE build/GEDE01/src/game/game_fn_8019B1BC.o
[468/907] EXTERNALIZE build/GEDE01/src/game/game_fn_80178F88.o
[469/907] EXTERNALIZE build/GEDE01/src/game/game_fn_801CD228.o
[470/907] EXTERNALIZE build/GEDE01/src/game/game_fn_801C970C.o
[471/907] EXTERNALIZE build/GEDE01/src/game/game_fn_801BA15C.o
[472/907] EXTERNALIZE build/GEDE01/src/game/game_fn_801C9510.o
[473/907] EXTERNALIZE build/GEDE01/src/game/game_fn_80126A00.o
[474/907] EXTERNALIZE build/GEDE01/src/game/game_fn_8013D6A4.o
[475/907] EXTERNALIZE build/GEDE01/src/game/game_fn_800C9C60.o
[476/907] EXTERNALIZE build/GEDE01/src/game/game_fn_801B5228.o
[477/907] EXTERNALIZE build/GEDE01/src/game/game_fn_801B4FB4.o
[478/907] EXTERNALIZE build/GEDE01/src/game/game_fn_801C87DC.o
[479/907] EXTERNALIZE build/GEDE01/src/game/game_fn_801C8CC0.o
[480/907] EXTERNALIZE build/GEDE01/src/game/game_fn_801B6F1C.o
[481/907] EXTERNALIZE build/GEDE01/src/game/game_fn_800FD0C8.o
[482/907] EXTERNALIZE build/GEDE01/src/game/game_fn_801BE0D4.o
[483/907] EXTERNALIZE build/GEDE01/src/game/game_fn_801BDE7C.o
[484/907] EXTERNALIZE STATIC POOL build/GEDE01/src/game/game_fn_801C9A08.o
build/GEDE01/src/game/game_fn_801C9A08.o: lbl_80629390 now undefined; section 3 emptied
[485/907] EXTERNALIZE STATIC POOL build/GEDE01/src/game/game_fn_801C9B1C.o
build/GEDE01/src/game/game_fn_801C9B1C.o: lbl_80629390 now undefined; section 3 emptied
[486/907] EXTERNALIZE build/GEDE01/src/game/game_fn_801B941C.o
[487/907] EXTERNALIZE STATIC POOL build/GEDE01/src/game/game_fn_801BD990.o
build/GEDE01/src/game/game_fn_801BD990.o: lbl_80626D80 now undefined; section 6 emptied
[488/907] EXTERNALIZE STATIC POOL build/GEDE01/src/game/game_fn_801B58F0.o
build/GEDE01/src/game/game_fn_801B58F0.o: lbl_8060C020 now undefined; section 3 emptied
[489/907] EXTERNALIZE STATIC POOL build/GEDE01/src/game/game_fn_801B9E7C.o
build/GEDE01/src/game/game_fn_801B9E7C.o: 0 relocation(s) moved from streamInfo to ...bss.0
build/GEDE01/src/game/game_fn_801B9E7C.o: lbl_8061AE48 now undefined; section 6 emptied
[490/907] EXTERNALIZE STATIC POOL build/GEDE01/src/game/game_fn_801BB1A0.o
build/GEDE01/src/game/game_fn_801BB1A0.o: 0 relocation(s) moved from streamInfo to ...bss.0
build/GEDE01/src/game/game_fn_801BB1A0.o: lbl_8061AE48 now undefined; section 6 emptied
[491/907] EXTERNALIZE STATIC build/GEDE01/src/game/game_fn_801B35BC.o
build/GEDE01/src/game/game_fn_801B35BC.o: lbl_8060D420 now undefined; section 6 emptied
[492/907] EXTERNALIZE STATIC POOL build/GEDE01/src/game/game_fn_801BA708.o
build/GEDE01/src/game/game_fn_801BA708.o: 0 relocation(s) moved from streamInfo to ...bss.0
build/GEDE01/src/game/game_fn_801BA708.o: lbl_8061AE48 now undefined; section 6 emptied
[493/907] EXTERNALIZE STATIC POOL build/GEDE01/src/game/game_fn_801BC8F4.o
build/GEDE01/src/game/game_fn_801BC8F4.o: lbl_8061C748 now undefined; section 6 emptied
[494/907] EXTERNALIZE STATIC build/GEDE01/src/game/game_fn_801BC240.o
build/GEDE01/src/game/game_fn_801BC240.o: lbl_8061C748 now undefined; section 6 emptied
[495/907] EXTERNALIZE STATIC POOL build/GEDE01/src/game/game_fn_801BCC04.o
build/GEDE01/src/game/game_fn_801BCC04.o: lbl_8061C748 now undefined; section 6 emptied
[496/907] EXTERNALIZE STATIC POOL build/GEDE01/src/game/game_fn_801BC0D4.o
build/GEDE01/src/game/game_fn_801BC0D4.o: lbl_8061C748 now undefined; section 6 emptied
[497/907] EXTERNALIZE STATIC POOL build/GEDE01/src/game/game_fn_801C1CB0.o
build/GEDE01/src/game/game_fn_801C1CB0.o: lbl_80626DA0 now undefined; section 3 emptied
[498/907] RENAME build/GEDE01/src/game/game_InitMetroTRKCommTable.o
[499/907] EXTERNALIZE STATIC POOL build/GEDE01/src/game/game_fn_801CE09C.o
build/GEDE01/src/game/game_fn_801CE09C.o: lbl_80631340 now undefined; section 6 emptied
[500/907] RENAME RUNTIME INTRINSICS build/GEDE01/src/game/game_fn_801CB4F8.o
[501/907] EXTERNALIZE STATIC POOL build/GEDE01/src/game/game_fn_8010242C.o
build/GEDE01/src/game/game_fn_8010242C.o: lbl_8032CC08 now undefined; section 3 emptied
[502/907] EXTERNALIZE build/GEDE01/src/game/game_fn_801D3988.o
[503/907] EXTERNALIZE build/GEDE01/src/game/game_fn_801D1B10.o
[504/907] EXTERNALIZE build/GEDE01/src/game/game_fn_801CE594.o
[505/907] ALIGN DATA build/GEDE01/src/game/game_fn_80008014.o
[506/907] EXTERNALIZE build/GEDE01/src/game/game_fn_8014549C.o
[507/907] EXTERNALIZE build/GEDE01/src/game/game_fn_801C8224.o
[508/907] EXTERNALIZE build/GEDE01/src/game/game_fn_801098C0.o
[509/907] EXTERNALIZE build/GEDE01/src/game/game_fn_80185F10.o
[510/907] EXTERNALIZE build/GEDE01/src/game/game_fn_8000FDE8.o
[511/907] EXTERNALIZE build/GEDE01/src/game/game_fn_801C29BC.o
[512/907] EXTERNALIZE build/GEDE01/src/game/game_fn_8007B828.o
[513/907] EXTERNALIZE build/GEDE01/src/game/game_fn_801C8F50.o
[514/907] EXTERNALIZE build/GEDE01/src/game/game_fn_801C90A4.o
[515/907] EXTERNALIZE build/GEDE01/src/game/game_fn_801C8160.o
[516/907] EXTERNALIZE build/GEDE01/src/game/game_fn_801C2AAC.o
[517/907] EXTERNALIZE build/GEDE01/src/game/game_fn_801C2D9C.o
[518/907] EXTERNALIZE build/GEDE01/src/game/game_fn_801C2980.o
[519/907] EXTERNALIZE build/GEDE01/src/game/game_fn_801B02F0.o
[520/907] EXTERNALIZE build/GEDE01/src/game/game_fn_801AFA74.o
[521/907] EXTERNALIZE build/GEDE01/src/game/game_fn_801AC8AC.o
[522/907] EXTERNALIZE build/GEDE01/src/game/game_fn_801ABD3C.o
[523/907] EXTERNALIZE build/GEDE01/src/game/game_fn_801816D4.o
[524/907] EXTERNALIZE build/GEDE01/src/game/game_fn_8011F140.o
[525/907] EXTERNALIZE build/GEDE01/src/game/game_fn_801AD08C.o
[526/907] EXTERNALIZE build/GEDE01/src/game/game_fn_8004998C.o
[527/907] EXTERNALIZE build/GEDE01/src/game/game_fn_80079AA4.o
[528/907] EXTERNALIZE build/GEDE01/src/game/game_fn_80158D38.o
[529/907] EXTERNALIZE build/GEDE01/src/game/game_fn_801A3A78.o
[530/907] EXTERNALIZE build/GEDE01/src/game/game_fn_8008F224.o
[531/907] EXTERNALIZE build/GEDE01/src/game/game_fn_80167454.o
[532/907] EXTERNALIZE build/GEDE01/src/game/game_fn_800AF230.o
[533/907] EXTERNALIZE build/GEDE01/src/game/game_fn_801A93E8.o
[534/907] EXTERNALIZE build/GEDE01/src/game/game_fn_801AB154.o
[535/907] EXTERNALIZE build/GEDE01/src/game/game_fn_801A7E04.o
[536/907] EXTERNALIZE build/GEDE01/src/game/game_fn_801A7EA8.o
[537/907] EXTERNALIZE build/GEDE01/src/game/game_fn_801A6CB4.o
[538/907] EXTERNALIZE build/GEDE01/src/game/game_fn_801A4CE0.o
[539/907] EXTERNALIZE build/GEDE01/src/game/game_fn_801A6C58.o
[540/907] NAME JUMPTABLE build/GEDE01/src/game/game_fn_801A6ADC.o
[541/907] EXTERNALIZE build/GEDE01/src/game/game_fn_801A6410.o
[542/907] EXTERNALIZE build/GEDE01/src/game/game_fn_801A5FB0.o
[543/907] EXTERNALIZE build/GEDE01/src/game/game_fn_801A1F18.o
[544/907] EXTERNALIZE build/GEDE01/src/game/game_fn_8019E8C8.o
[545/907] EXTERNALIZE build/GEDE01/src/game/game_fn_8019E5E4.o
[546/907] EXTERNALIZE build/GEDE01/src/game/game_fn_8019CFC4.o
[547/907] EXTERNALIZE build/GEDE01/src/game/game_fn_8019CC28.o
[548/907] EXTERNALIZE build/GEDE01/src/game/game_fn_801991E0.o
[549/907] EXTERNALIZE build/GEDE01/src/game/game_fn_80198BF4.o
[550/907] EXTERNALIZE build/GEDE01/src/game/game_fn_80198AAC.o
[551/907] EXTERNALIZE build/GEDE01/src/game/game_fn_80198154.o
[552/907] EXTERNALIZE build/GEDE01/src/game/game_fn_80194F80.o
[553/907] EXTERNALIZE build/GEDE01/src/game/game_fn_80197910.o
[554/907] EXTERNALIZE build/GEDE01/src/game/game_fn_80177434.o
repointed 2 relocations to lbl_80250588
[555/907] EXTERNALIZE build/GEDE01/src/game/game_fn_80193E1C.o
[556/907] EXTERNALIZE build/GEDE01/src/game/game_fn_80193F3C.o
[557/907] EXTERNALIZE build/GEDE01/src/game/game_fn_801931C4.o
[558/907] EXTERNALIZE build/GEDE01/src/game/game_fn_80192F54.o
[559/907] EXTERNALIZE build/GEDE01/src/game/game_fn_80191F58.o
[560/907] EXTERNALIZE build/GEDE01/src/game/game_fn_8019197C.o
[561/907] EXTERNALIZE build/GEDE01/src/game/game_fn_80191360.o
[562/907] GLOBALIZE build/GEDE01/src/game/game_fn_8018F1D0.o
[563/907] EXTERNALIZE build/GEDE01/src/game/game_fn_8018D688.o
[564/907] EXTERNALIZE build/GEDE01/src/game/game_fn_8018F81C.o
[565/907] EXTERNALIZE build/GEDE01/src/game/game_fn_8018D2E0.o
[566/907] EXTERNALIZE build/GEDE01/src/game/game_fn_80189968.o
[567/907] EXTERNALIZE build/GEDE01/src/game/game_fn_80189760.o
[568/907] EXTERNALIZE build/GEDE01/src/game/game_fn_8018D1F0.o
[569/907] EXTERNALIZE build/GEDE01/src/game/game_fn_801896A0.o
[570/907] EXTERNALIZE build/GEDE01/src/game/game_fn_801895E8.o
[571/907] EXTERNALIZE build/GEDE01/src/game/game_fn_80189390.o
[572/907] EXTERNALIZE build/GEDE01/src/game/game_fn_801891D8.o
[573/907] EXTERNALIZE build/GEDE01/src/game/game_fn_80188E28.o
[574/907] EXTERNALIZE build/GEDE01/src/game/game_fn_80189028.o
[575/907] EXTERNALIZE build/GEDE01/src/game/game_fn_80188B44.o
[576/907] EXTERNALIZE build/GEDE01/src/game/game_fn_80188C1C.o
[577/907] EXTERNALIZE build/GEDE01/src/game/game_fn_80188A7C.o
[578/907] EXTERNALIZE build/GEDE01/src/game/game_fn_801878E0.o
[579/907] EXTERNALIZE build/GEDE01/src/game/game_fn_80187120.o
[580/907] EXTERNALIZE build/GEDE01/src/game/game_fn_8018FEDC.o
[581/907] EXTERNALIZE build/GEDE01/src/game/game_fn_80186E10.o
[582/907] EXTERNALIZE build/GEDE01/src/game/game_fn_801865EC.o
[583/907] EXTERNALIZE build/GEDE01/src/game/game_fn_80185AE8.o
[584/907] EXTERNALIZE build/GEDE01/src/game/game_fn_801859FC.o
[585/907] EXTERNALIZE build/GEDE01/src/game/game_fn_80180DDC.o
[586/907] EXTERNALIZE build/GEDE01/src/game/game_fn_8017E958.o
[587/907] EXTERNALIZE build/GEDE01/src/game/game_fn_8017E850.o
[588/907] EXTERNALIZE build/GEDE01/src/game/game_fn_8017718C.o
[589/907] EXTERNALIZE build/GEDE01/src/game/game_fn_801770F8.o
[590/907] EXTERNALIZE build/GEDE01/src/game/game_fn_80176FA0.o
[591/907] EXTERNALIZE build/GEDE01/src/game/game_fn_80176DF4.o
[592/907] EXTERNALIZE build/GEDE01/src/game/game_fn_80174358.o
[593/907] EXTERNALIZE build/GEDE01/src/game/game_fn_80173F04.o
[594/907] EXTERNALIZE build/GEDE01/src/game/game_fn_80174184.o
[595/907] EXTERNALIZE build/GEDE01/src/game/game_fn_8017553C.o
[596/907] EXTERNALIZE build/GEDE01/src/game/game_fn_80173D44.o
[597/907] EXTERNALIZE build/GEDE01/src/game/game_fn_80173770.o
[598/907] EXTERNALIZE build/GEDE01/src/game/game_fn_801734B4.o
[599/907] EXTERNALIZE build/GEDE01/src/game/game_fn_80173270.o
[600/907] EXTERNALIZE build/GEDE01/src/game/game_fn_80172DB8.o
[601/907] EXTERNALIZE build/GEDE01/src/game/game_fn_80172C78.o
[602/907] EXTERNALIZE build/GEDE01/src/game/game_fn_80172BB0.o
[603/907] EXTERNALIZE build/GEDE01/src/game/game_fn_801726EC.o
[604/907] EXTERNALIZE build/GEDE01/src/game/game_fn_8017250C.o
[605/907] EXTERNALIZE build/GEDE01/src/game/game_fn_80171F30.o
[606/907] EXTERNALIZE build/GEDE01/src/game/game_fn_801719B4.o
[607/907] EXTERNALIZE build/GEDE01/src/game/game_fn_801718F4.o
[608/907] EXTERNALIZE build/GEDE01/src/game/game_fn_80171664.o
[609/907] EXTERNALIZE build/GEDE01/src/game/game_fn_8017138C.o
[610/907] EXTERNALIZE build/GEDE01/src/game/game_fn_80170A40.o
[611/907] NORMALIZE build/GEDE01/src/game/game_TRKNubWelcome.o
[612/907] NORMALIZE build/GEDE01/src/game/game_TRK_main.o
[613/907] NORMALIZE build/GEDE01/src/game/game_data_80239E10.o
[614/907] NORMALIZE build/GEDE01/src/game/game_data_80239E18.o
[615/907] EXTERNALIZE build/GEDE01/src/game/game_fn_801706DC.o
[616/907] EXTERNALIZE build/GEDE01/src/game/game_fn_8017652C.o
[617/907] EXTERNALIZE build/GEDE01/src/game/game_fn_80170E9C.o
[618/907] EXTERNALIZE build/GEDE01/src/game/game_fn_80175E64.o
[619/907] EXTERNALIZE build/GEDE01/src/game/game_fn_80175F0C.o
[620/907] EXTERNALIZE build/GEDE01/src/game/game_fn_80175FD4.o
[621/907] EXTERNALIZE build/GEDE01/src/game/game_fn_80176098.o
[622/907] EXTERNALIZE build/GEDE01/src/game/game_fn_80176160.o
[623/907] EXTERNALIZE build/GEDE01/src/game/game_fn_80176220.o
[624/907] EXTERNALIZE build/GEDE01/src/game/game_fn_80170DF4.o
[625/907] EXTERNALIZE build/GEDE01/src/game/game_fn_801762E8.o
[626/907] EXTERNALIZE build/GEDE01/src/game/game_fn_8016E8F8.o
[627/907] EXTERNALIZE build/GEDE01/src/game/game_fn_8016FEF8.o
[628/907] EXTERNALIZE build/GEDE01/src/game/game_fn_801704F8.o
[629/907] NORMALIZE build/GEDE01/src/game/game_fn_8016DF4C.o
[630/907] EXTERNALIZE build/GEDE01/src/game/game_fn_8016D2B8.o
[631/907] EXTERNALIZE build/GEDE01/src/game/game_fn_8016D040.o
[632/907] EXTERNALIZE build/GEDE01/src/game/game_fn_8016D1F8.o
[633/907] EXTERNALIZE build/GEDE01/src/game/game_fn_8016C774.o
[634/907] EXTERNALIZE build/GEDE01/src/game/game_fn_8016C4BC.o
[635/907] EXTERNALIZE build/GEDE01/src/game/game_fn_8016C238.o
[636/907] EXTERNALIZE build/GEDE01/src/game/game_fn_8016C164.o
[637/907] EXTERNALIZE build/GEDE01/src/game/game_fn_8016C0BC.o
[638/907] EXTERNALIZE build/GEDE01/src/game/game_fn_8017038C.o
[639/907] EXTERNALIZE build/GEDE01/src/game/game_fn_8016BE1C.o
[640/907] EXTERNALIZE build/GEDE01/src/game/game_fn_8016BF60.o
[641/907] EXTERNALIZE build/GEDE01/src/game/game_fn_8016BD0C.o
[642/907] EXTERNALIZE build/GEDE01/src/game/game_fn_80169650.o
[643/907] EXTERNALIZE build/GEDE01/src/game/game_fn_80167B5C.o
[644/907] EXTERNALIZE build/GEDE01/src/game/game_fn_8015EDC0.o
[645/907] EXTERNALIZE build/GEDE01/src/game/game_fn_8015DB84.o
[646/907] EXTERNALIZE build/GEDE01/src/game/game_fn_8015DC54.o
[647/907] EXTERNALIZE build/GEDE01/src/game/game_fn_80158B20.o
[648/907] EXTERNALIZE build/GEDE01/src/game/game_fn_80179398.o
[649/907] EXTERNALIZE build/GEDE01/src/game/game_fn_8017960C.o
[650/907] EXTERNALIZE build/GEDE01/src/game/game_fn_8017974C.o
[651/907] EXTERNALIZE build/GEDE01/src/game/game_fn_80179904.o
[652/907] EXTERNALIZE build/GEDE01/src/game/game_fn_8017A9B8.o
[653/907] EXTERNALIZE build/GEDE01/src/game/game_fn_80179A18.o
[654/907] EXTERNALIZE build/GEDE01/src/game/game_fn_80179A74.o
[655/907] EXTERNALIZE build/GEDE01/src/game/game_fn_80179EB8.o
[656/907] EXTERNALIZE build/GEDE01/src/game/game_fn_80179F20.o
[657/907] EXTERNALIZE build/GEDE01/src/game/game_fn_8017A010.o
[658/907] EXTERNALIZE build/GEDE01/src/game/game_fn_8017A12C.o
[659/907] EXTERNALIZE build/GEDE01/src/game/game_fn_80157C0C.o
[660/907] EXTERNALIZE build/GEDE01/src/game/game_fn_8017A1C0.o
[661/907] EXTERNALIZE build/GEDE01/src/game/game_fn_80155814.o
[662/907] EXTERNALIZE build/GEDE01/src/game/game_fn_80153898.o
[663/907] EXTERNALIZE build/GEDE01/src/game/game_fn_8014B494.o
[664/907] EXTERNALIZE build/GEDE01/src/game/game_fn_8014AF38.o
[665/907] EXTERNALIZE build/GEDE01/src/game/game_fn_8012DB28.o
[666/907] EXTERNALIZE build/GEDE01/src/game/game_fn_801141B8.o
[667/907] EXTERNALIZE build/GEDE01/src/game/game_fn_801128E4.o
[668/907] EXTERNALIZE build/GEDE01/src/game/game_fn_801126E0.o
[669/907] EXTERNALIZE build/GEDE01/src/game/game_fn_8010F184.o
[670/907] EXTERNALIZE build/GEDE01/src/game/game_fn_800E4980.o
[671/907] EXTERNALIZE build/GEDE01/src/game/game_fn_800C17EC.o
[672/907] EXTERNALIZE build/GEDE01/src/game/game_fn_800C030C.o
[673/907] EXTERNALIZE build/GEDE01/src/game/game_fn_800C59F0.o
[674/907] EXTERNALIZE build/GEDE01/src/game/game_fn_800C644C.o
[675/907] EXTERNALIZE build/GEDE01/src/game/game_fn_800C65FC.o
[676/907] EXTERNALIZE build/GEDE01/src/game/game_fn_800CB760.o
[677/907] EXTERNALIZE build/GEDE01/src/game/game_fn_800CB8F4.o
[678/907] EXTERNALIZE build/GEDE01/src/game/game_fn_80078500.o
[679/907] EXTERNALIZE build/GEDE01/src/game/game_fn_80079908.o
[680/907] EXTERNALIZE build/GEDE01/src/game/game_fn_8007B2F4.o
[681/907] EXTERNALIZE build/GEDE01/src/game/game_fn_8007B540.o
[682/907] EXTERNALIZE build/GEDE01/src/game/game_fn_8007B640.o
[683/907] EXTERNALIZE build/GEDE01/src/game/game_fn_800886D8.o
[684/907] EXTERNALIZE build/GEDE01/src/game/game_fn_8007BA3C.o
[685/907] EXTERNALIZE build/GEDE01/src/game/game_fn_800934A0.o
[686/907] EXTERNALIZE build/GEDE01/src/game/game_fn_800A3894.o
[687/907] EXTERNALIZE build/GEDE01/src/game/game_fn_800A7E88.o
[688/907] EXTERNALIZE build/GEDE01/src/game/game_fn_800A4798.o
[689/907] GLOBALIZE build/GEDE01/src/game/game_fn_800A2130.o
[690/907] EXTERNALIZE build/GEDE01/src/game/game_fn_800A2FCC.o
[691/907] EXTERNALIZE build/GEDE01/src/game/game_fn_8009C424.o
[692/907] EXTERNALIZE build/GEDE01/src/game/game_fn_80096830.o
[693/907] GLOBALIZE build/GEDE01/src/game/game_fn_8008F890.o
[694/907] EXTERNALIZE SWITCHES build/GEDE01/src/game/game_fn_80095FDC.o
[695/907] EXTERNALIZE build/GEDE01/src/game/game_fn_800A4428.o
[696/907] EXTERNALIZE build/GEDE01/src/game/game_fn_80074310.o
[697/907] GLOBALIZE build/GEDE01/src/game/game_fn_8005FD84.o
[698/907] EXTERNALIZE build/GEDE01/src/game/game_fn_80066888.o
[699/907] EXTERNALIZE build/GEDE01/src/game/game_fn_8005EC6C.o
[700/907] EXTERNALIZE build/GEDE01/src/game/game_fn_80052310.o
[701/907] EXTERNALIZE build/GEDE01/src/game/game_fn_80048B24.o
[702/907] NAME SWITCH build/GEDE01/src/game/game_fn_80020E94.o
[703/907] NAME SWITCH build/GEDE01/src/game/game_fn_8005EE9C.o
[704/907] NAME SWITCH build/GEDE01/src/game/game_fn_8016D9C0.o
[705/907] NAME SWITCH build/GEDE01/src/game/game_fn_80071A58.o
[706/907] EXTERNALIZE build/GEDE01/src/game/game_fn_80048ADC.o
[707/907] NAME SWITCH build/GEDE01/src/game/game_fn_8006B620.o
[708/907] NAME SWITCH build/GEDE01/src/game/game_fn_8001FE1C.o
[709/907] NAME SWITCH build/GEDE01/src/game/game_fn_8001E644.o
[710/907] EXTERNALIZE build/GEDE01/src/game/game_fn_80038878.o
[711/907] EXTERNALIZE build/GEDE01/src/game/game_fn_801B46C8.o
build/GEDE01/src/game/game_fn_801B46C8.o: lbl_8060C020 now undefined; section 6 emptied
[712/907] EXTERNALIZE build/GEDE01/src/game/game_fn_80036C40.o
[713/907] EXTERNALIZE build/GEDE01/src/game/game_fn_800359A0.o
[714/907] EXTERNALIZE build/GEDE01/src/game/game_fn_80033180.o
[715/907] EXTERNALIZE build/GEDE01/src/game/game_fn_80033038.o
[716/907] EXTERNALIZE build/GEDE01/src/game/game_fn_80032B84.o
[717/907] EXTERNALIZE build/GEDE01/src/game/game_fn_8003232C.o
[718/907] EXTERNALIZE build/GEDE01/src/game/game_fn_8002E3F0.o
[719/907] EXTERNALIZE build/GEDE01/src/game/game_fn_8002DAE0.o
[720/907] EXTERNALIZE build/GEDE01/src/game/game_fn_8002EA68.o
[721/907] GLOBALIZE build/GEDE01/src/game/game_fn_8002B748.o
[722/907] EXTERNALIZE build/GEDE01/src/game/game_fn_8002F428.o
[723/907] NAME SWITCHES build/GEDE01/src/game/game_fn_80024F28.o
[724/907] EXTERNALIZE build/GEDE01/src/game/game_fn_800272B4.o
[725/907] EXTERNALIZE build/GEDE01/src/game/game_fn_8001CE94.o
[726/907] EXTERNALIZE build/GEDE01/src/game/game_fn_8001CD58.o
[727/907] EXTERNALIZE build/GEDE01/src/game/game_fn_8001C078.o
[728/907] EXTERNALIZE build/GEDE01/src/game/game_fn_8001B874.o
[729/907] EXTERNALIZE build/GEDE01/src/game/game_fn_8001B808.o
[730/907] EXTERNALIZE build/GEDE01/src/game/game_fn_8001B294.o
[731/907] EXTERNALIZE build/GEDE01/src/game/game_fn_8001B124.o
[732/907] EXTERNALIZE build/GEDE01/src/game/game_fn_8001ADF8.o
[733/907] EXTERNALIZE build/GEDE01/src/game/game_fn_8001AF68.o
[734/907] EXTERNALIZE build/GEDE01/src/game/game_fn_8001AAB8.o
[735/907] EXTERNALIZE build/GEDE01/src/game/game_fn_8001A6C4.o
[736/907] EXTERNALIZE build/GEDE01/src/game/game_fn_80019F98.o
[737/907] EXTERNALIZE build/GEDE01/src/game/game_fn_80019D2C.o
[738/907] EXTERNALIZE build/GEDE01/src/game/game_fn_80019C10.o
[739/907] EXTERNALIZE build/GEDE01/src/game/game_fn_80019940.o
[740/907] EXTERNALIZE build/GEDE01/src/game/game_fn_800194D0.o
[741/907] EXTERNALIZE build/GEDE01/src/game/game_fn_80019244.o
[742/907] EXTERNALIZE build/GEDE01/src/game/game_fn_80019054.o
[743/907] EXTERNALIZE build/GEDE01/src/game/game_fn_80018EF4.o
[744/907] EXTERNALIZE build/GEDE01/src/game/game_fn_80017DB0.o
[745/907] EXTERNALIZE build/GEDE01/src/game/game_fn_80017CC8.o
[746/907] EXTERNALIZE build/GEDE01/src/game/game_fn_80017C3C.o
[747/907] EXTERNALIZE build/GEDE01/src/game/game_fn_80017AE4.o
[748/907] EXTERNALIZE build/GEDE01/src/game/game_fn_80017A3C.o
[749/907] EXTERNALIZE build/GEDE01/src/game/game_fn_800179AC.o
[750/907] EXTERNALIZE build/GEDE01/src/game/game_fn_80017910.o
[751/907] EXTERNALIZE FLAGS build/GEDE01/src/game/game_fn_800119FC.o
[752/907] EXTERNALIZE build/GEDE01/src/game/game_fn_8000FFD8.o
[753/907] EXTERNALIZE build/GEDE01/src/game/game_fn_8000F4B0.o
[754/907] GLOBALIZE build/GEDE01/src/game/game_fn_800094C0.o
[755/907] EXTERNALIZE build/GEDE01/src/game/game_fn_8000EFC4.o
[756/907] EXTERNALIZE build/GEDE01/src/game/game_fn_800096E0.o
[757/907] EXTERNALIZE build/GEDE01/src/game/game_fn_800098C0.o
[758/907] EXTERNALIZE build/GEDE01/src/game/game_fn_800099D8.o
[759/907] EXTERNALIZE build/GEDE01/src/game/game_fn_80009AB4.o
[760/907] EXTERNALIZE build/GEDE01/src/game/game_fn_8000A26C.o
[761/907] EXTERNALIZE build/GEDE01/src/game/game_fn_800171C0.o
[762/907] EXTERNALIZE build/GEDE01/src/game/game_fn_800176F0.o
[763/907] EXTERNALIZE build/GEDE01/src/game/game_fn_8000AC88.o
[764/907] EXTERNALIZE build/GEDE01/src/game/game_fn_8000AEB4.o
[765/907] EXTERNALIZE build/GEDE01/src/game/game_fn_8000AFB4.o
[766/907] EXTERNALIZE build/GEDE01/src/game/game_fn_8000B1B8.o
[767/907] EXTERNALIZE build/GEDE01/src/game/game_fn_8000B36C.o
[768/907] EXTERNALIZE build/GEDE01/src/game/game_fn_8000B630.o
[769/907] EXTERNALIZE build/GEDE01/src/game/game_fn_8000B7FC.o
[770/907] EXTERNALIZE build/GEDE01/src/game/game_fn_8000B900.o
[771/907] EXTERNALIZE build/GEDE01/src/game/game_fn_8000BA0C.o
[772/907] EXTERNALIZE build/GEDE01/src/game/game_fn_8000BAA0.o
[773/907] EXTERNALIZE build/GEDE01/src/game/game_fn_8000BC40.o
[774/907] EXTERNALIZE build/GEDE01/src/game/game_fn_8000C06C.o
[775/907] EXTERNALIZE build/GEDE01/src/game/game_fn_8000C17C.o
[776/907] EXTERNALIZE build/GEDE01/src/game/game_fn_8000C400.o
[777/907] EXTERNALIZE build/GEDE01/src/game/game_fn_8000C848.o
[778/907] EXTERNALIZE build/GEDE01/src/game/game_fn_8000C91C.o
[779/907] EXTERNALIZE build/GEDE01/src/game/game_fn_8000D0BC.o
[780/907] NAME SWITCH build/GEDE01/src/game/game_fn_8000D8A4.o
[781/907] EXTERNALIZE build/GEDE01/src/game/game_fn_8000D3D4.o
[782/907] EXTERNALIZE build/GEDE01/src/game/game_fn_8000E054.o
[783/907] EXTERNALIZE build/GEDE01/src/game/game_fn_8000E0AC.o
[784/907] EXTERNALIZE build/GEDE01/src/game/game_fn_8000E96C.o
[785/907] EXTERNALIZE build/GEDE01/src/game/game_fn_8000F774.o
[786/907] EXTERNALIZE build/GEDE01/src/game/game_fn_8000EB14.o
[787/907] EXTERNALIZE build/GEDE01/src/game/game_fn_8000EBD4.o
[788/907] EXTERNALIZE build/GEDE01/src/game/game_fn_8000ED44.o
[789/907] EXTERNALIZE build/GEDE01/src/game/game_fn_8000E138.o
[790/907] EXTERNALIZE build/GEDE01/src/game/game_fn_8000E1C4.o
[791/907] EXTERNALIZE build/GEDE01/src/game/game_fn_8000D590.o
[792/907] EXTERNALIZE build/GEDE01/src/game/game_fn_8000DA50.o
[793/907] EXTERNALIZE build/GEDE01/src/game/game_fn_8000DAF4.o
[794/907] EXTERNALIZE build/GEDE01/src/game/game_fn_80012DA8.o
[795/907] EXTERNALIZE build/GEDE01/src/game/game_fn_80012F40.o
[796/907] EXTERNALIZE build/GEDE01/src/game/game_fn_80012FD0.o
[797/907] EXTERNALIZE build/GEDE01/src/game/game_fn_800131E8.o
[798/907] EXTERNALIZE build/GEDE01/src/game/game_fn_80013340.o
[799/907] EXTERNALIZE build/GEDE01/src/game/game_fn_80013870.o
[800/907] EXTERNALIZE build/GEDE01/src/game/game_fn_80013CB0.o
[801/907] EXTERNALIZE build/GEDE01/src/game/game_fn_80013D54.o
[802/907] EXTERNALIZE build/GEDE01/src/game/game_fn_800142DC.o
[803/907] EXTERNALIZE build/GEDE01/src/game/game_fn_800144CC.o
[804/907] EXTERNALIZE build/GEDE01/src/game/game_fn_80014784.o
[805/907] EXTERNALIZE build/GEDE01/src/game/game_fn_800149D4.o
[806/907] EXTERNALIZE build/GEDE01/src/game/game_fn_80015058.o
[807/907] EXTERNALIZE build/GEDE01/src/game/game_fn_80015320.o
[808/907] EXTERNALIZE build/GEDE01/src/game/game_fn_80015568.o
[809/907] EXTERNALIZE build/GEDE01/src/game/game_fn_800156FC.o
[810/907] EXTERNALIZE build/GEDE01/src/game/game_fn_80015BE0.o
[811/907] EXTERNALIZE build/GEDE01/src/game/game_fn_80015D40.o
[812/907] EXTERNALIZE build/GEDE01/src/game/game_fn_80015F04.o
[813/907] EXTERNALIZE build/GEDE01/src/game/game_fn_80016128.o
[814/907] EXTERNALIZE build/GEDE01/src/game/game_fn_80016270.o
[815/907] EXTERNALIZE build/GEDE01/src/game/game_fn_80016904.o
[816/907] EXTERNALIZE build/GEDE01/src/game/game_fn_800173CC.o
[817/907] EXTERNALIZE build/GEDE01/src/game/game_fn_80016B24.o
[818/907] EXTERNALIZE build/GEDE01/src/game/game_fn_801BEF40.o
[819/907] EXTERNALIZE build/GEDE01/src/game/game_fn_801B86C0.o
[820/907] EXTERNALIZE STATIC POOL build/GEDE01/src/game/game_fn_801C4B5C.o
build/GEDE01/src/game/game_fn_801C4B5C.o: lbl_80628CB0 now undefined; section 6 emptied
[821/907] EXTERNALIZE build/GEDE01/src/game/game_fn_8014BA14.o
[822/907] EXTERNALIZE build/GEDE01/src/game/game_fn_801C8600.o
[823/907] EXTERNALIZE build/GEDE01/src/game/game_fn_800B2EC0.o
[824/907] EXTERNALIZE build/GEDE01/src/game/game_fn_8001CA04.o
[825/907] EXTERNALIZE build/GEDE01/src/game/game_fn_80031544.o
[826/907] EXTERNALIZE build/GEDE01/src/game/game_fn_8006B0F0.o
[827/907] EXTERNALIZE build/GEDE01/src/game/game_fn_8007D4D8.o
[828/907] EXTERNALIZE build/GEDE01/src/game/game_fn_8007F770.o
[829/907] EXTERNALIZE build/GEDE01/src/game/game_fn_80088F4C.o
[830/907] EXTERNALIZE build/GEDE01/src/game/game_fn_8008A2E0.o
[831/907] EXTERNALIZE build/GEDE01/src/game/game_fn_80089A34.o
[832/907] EXTERNALIZE build/GEDE01/src/game/game_fn_80090004.o
[833/907] EXTERNALIZE build/GEDE01/src/game/game_fn_80095D10.o
[834/907] EXTERNALIZE build/GEDE01/src/game/game_fn_800A3180.o
[835/907] EXTERNALIZE build/GEDE01/src/game/game_fn_800BB7A8.o
[836/907] EXTERNALIZE build/GEDE01/src/game/game_fn_800BB5C4.o
[837/907] EXTERNALIZE build/GEDE01/src/game/game_fn_800BB9A4.o
[838/907] EXTERNALIZE build/GEDE01/src/game/game_fn_800BBAF0.o
[839/907] EXTERNALIZE build/GEDE01/src/game/game_fn_800D9064.o
[840/907] EXTERNALIZE build/GEDE01/src/game/game_fn_800D9E10.o
[841/907] EXTERNALIZE build/GEDE01/src/game/game_fn_8012976C.o
[842/907] EXTERNALIZE build/GEDE01/src/game/game_fn_8013DB8C.o
[843/907] EXTERNALIZE build/GEDE01/src/game/game_fn_8013CBE4.o
[844/907] EXTERNALIZE build/GEDE01/src/game/game_fn_8014CA98.o
[845/907] EXTERNALIZE build/GEDE01/src/game/game_fn_80153A24.o
[846/907] EXTERNALIZE build/GEDE01/src/game/game_fn_801535D8.o
[847/907] EXTERNALIZE build/GEDE01/src/game/game_fn_80174F2C.o
[848/907] EXTERNALIZE build/GEDE01/src/game/game_fn_801752B0.o
[849/907] EXTERNALIZE build/GEDE01/src/game/game_fn_8017AC20.o
[850/907] EXTERNALIZE build/GEDE01/src/game/game_fn_801861C4.o
[851/907] EXTERNALIZE build/GEDE01/src/game/game_fn_8018680C.o
[852/907] EXTERNALIZE build/GEDE01/src/game/game_fn_80186F70.o
[853/907] EXTERNALIZE build/GEDE01/src/game/game_fn_80187320.o
[854/907] EXTERNALIZE build/GEDE01/src/game/game_fn_801810A0.o
[855/907] EXTERNALIZE build/GEDE01/src/game/game_fn_801875FC.o
[856/907] EXTERNALIZE build/GEDE01/src/game/game_fn_800542D0.o
[857/907] EXTERNALIZE build/GEDE01/src/game/game_fn_80189C14.o
[858/907] EXTERNALIZE build/GEDE01/src/game/game_fn_80187BB4.o
[859/907] EXTERNALIZE build/GEDE01/src/game/game_fn_8018C2D0.o
[860/907] EXTERNALIZE build/GEDE01/src/game/game_fn_8018D400.o
[861/907] EXTERNALIZE build/GEDE01/src/game/game_fn_8018E0D8.o
[862/907] EXTERNALIZE build/GEDE01/src/game/game_fn_8019120C.o
[863/907] EXTERNALIZE build/GEDE01/src/game/game_fn_8018DC24.o
[864/907] EXTERNALIZE build/GEDE01/src/game/game_fn_801916D0.o
[865/907] EXTERNALIZE build/GEDE01/src/game/game_fn_801926EC.o
[866/907] EXTERNALIZE build/GEDE01/src/game/game_fn_801929A4.o
[867/907] EXTERNALIZE build/GEDE01/src/game/game_fn_801A2A54.o
[868/907] EXTERNALIZE build/GEDE01/src/game/game_fn_801952E8.o
[869/907] EXTERNALIZE build/GEDE01/src/game/game_fn_801A34BC.o
[870/907] EXTERNALIZE build/GEDE01/src/game/game_fn_801A657C.o
[871/907] EXTERNALIZE build/GEDE01/src/game/game_fn_801D1F78.o
[872/907] EXTERNALIZE build/GEDE01/src/game/game_fn_801E2A48.o
[873/907] EXTERNALIZE build/GEDE01/src/game/game_fn_801E6814.o
[874/907] EXTERNALIZE build/GEDE01/src/game/game_fn_801E995C.o
[875/907] EXTERNALIZE build/GEDE01/src/game/game_fn_801F0CB0.o
[876/907] EXTERNALIZE build/GEDE01/src/game/game_fn_801EF580.o
[877/907] EXTERNALIZE build/GEDE01/src/game/game_fn_801F10BC.o
[878/907] EXTERNALIZE build/GEDE01/src/game/game_fn_801F35A8.o
[879/907] EXTERNALIZE build/GEDE01/src/game/game_fn_801ECD74.o
[880/907] EXTERNALIZE build/GEDE01/src/game/game_fn_801ED5F4.o
[881/907] EXTERNALIZE build/GEDE01/src/game/game_fn_801F69F0.o
[882/907] EXTERNALIZE build/GEDE01/src/game/game_fn_801F76EC.o
[883/907] EXTERNALIZE build/GEDE01/src/game/game_fn_801F8264.o
[884/907] EXTERNALIZE build/GEDE01/src/game/game_fn_801F89B4.o
[885/907] EXTERNALIZE build/GEDE01/src/game/game_fn_801F9AF8.o
[886/907] EXTERNALIZE build/GEDE01/src/game/game_fn_801F6BD8.o
[887/907] EXTERNALIZE JUMPTABLES build/GEDE01/src/game/game_fn_800361F8.o
[888/907] EXTERNALIZE build/GEDE01/src/game/game_fn_801FB6A4.o
[889/907] EXTERNALIZE JUMPTABLES build/GEDE01/src/game/game_fn_8006E53C.o
[890/907] EXTERNALIZE JUMPTABLES build/GEDE01/src/game/game_fn_800CF598.o
[891/907] EXTERNALIZE JUMPTABLES build/GEDE01/src/game/game_fn_801ACFE8.o
[892/907] EXTERNALIZE JUMPTABLES build/GEDE01/src/game/game_fn_801B1BA0.o
[893/907] EXTERNALIZE build/GEDE01/src/game/game_fn_80154F74.o
[894/907] EXTERNALIZE build/GEDE01/src/game/game_fn_801E504C.o
[895/907] EXTERNALIZE build/GEDE01/src/game/game_fn_8009E808.o
[896/907] EXTERNALIZE build/GEDE01/src/game/game_fn_801F1A38.o
[897/907] EXTERNALIZE build/GEDE01/src/game/game_fn_801F55A0.o
[898/907] EXTERNALIZE build/GEDE01/src/game/game_fn_801FFE78.o
[899/907] EXTERNALIZE build/GEDE01/src/game/game_fn_801F7510.o
[900/907] EXTERNALIZE build/GEDE01/src/game/game_fn_801F9CF4.o
[901/907] EXTERNALIZE build/GEDE01/src/game/game_fn_801FC034.o
[902/907] EXTERNALIZE build/GEDE01/src/game/game_fn_801FA9C8.o
[903/907] REPORT
 INFO Loading project .
 INFO Generating report for 7068 units (using 8 threads)
 INFO Report generated in 0.174s
 INFO Writing to build/GEDE01/report.json
[904/907] LINK build/GEDE01/main.elf
### mwldeppc.exe Linker Warning:
#   Section '.ignored' is unknown. Section ignored.
### mwldeppc.exe Linker Warning:
#   Section '.ignored' is unknown. Section ignored.
### mwldeppc.exe Linker Warning:
#   Section '.ignored' is unknown. Section ignored.
### mwldeppc.exe Linker Warning:
#   Section '.ignored' is unknown. Section ignored.
### mwldeppc.exe Linker Warning:
#   Section '.ignored' is unknown. Section ignored.
### mwldeppc.exe Linker Warning:
#   Section '.ignored' is unknown. Section ignored.
### mwldeppc.exe Linker Warning:
#   Section '.ignored' is unknown. Section ignored.
### mwldeppc.exe Linker Warning:
#   Section '.ignored' is unknown. Section ignored.
### mwldeppc.exe Linker Warning:
#   Section '.ignored' is unknown. Section ignored.
### mwldeppc.exe Linker Warning:
#   Section '.ignored' is unknown. Section ignored.
### mwldeppc.exe Linker Warning:
#   Section '.ignored' is unknown. Section ignored.
### mwldeppc.exe Linker Warning:
#   Section '.ignored' is unknown. Section ignored.
### mwldeppc.exe Linker Warning:
#   Section '.ignored' is unknown. Section ignored.
### mwldeppc.exe Linker Warning:
#   Section '.ignored' is unknown. Section ignored.
### mwldeppc.exe Linker Warning:
#   Section '.ignored' is unknown. Section ignored.
### mwldeppc.exe Linker Warning:
#   Section '.ignored' is unknown. Section ignored.
### mwldeppc.exe Linker Warning:
#   Section '.ignored' is unknown. Section ignored.
### mwldeppc.exe Linker Warning:
#   Section '.ignored' is unknown. Section ignored.
### mwldeppc.exe Linker Warning:
#   Section '.ignored' is unknown. Section ignored.
### mwldeppc.exe Linker Warning:
#   Section '.ignored' is unknown. Section ignored.
### mwldeppc.exe Linker Warning:
#   Section '.ignored' is unknown. Section ignored.
### mwldeppc.exe Linker Warning:
#   Section '.ignored' is unknown. Section ignored.
### mwldeppc.exe Linker Warning:
#   Section '.ignored' is unknown. Section ignored.
### mwldeppc.exe Linker Warning:
#   Section '.ignored' is unknown. Section ignored.
### mwldeppc.exe Linker Warning:
#   Section '.ignored' is unknown. Section ignored.
### mwldeppc.exe Linker Warning:
#   Section '.ignored' is unknown. Section ignored.
### mwldeppc.exe Linker Warning:
#   Section '.ignored' is unknown. Section ignored.
### mwldeppc.exe Linker Warning:
#   Section '.ignored' is unknown. Section ignored.
### mwldeppc.exe Linker Warning:
#   Section '.ignored' is unknown. Section ignored.
### mwldeppc.exe Linker Warning:
#   Section '.ignored' is unknown. Section ignored.
### mwldeppc.exe Linker Warning:
#   Section '.ignored' is unknown. Section ignored.
### mwldeppc.exe Linker Warning:
#   Section '.ignored' is unknown. Section ignored.
### mwldeppc.exe Linker Warning:
#   Section '.ignored' is unknown. Section ignored.
### mwldeppc.exe Linker Warning:
#   Section '.ignored' is unknown. Section ignored.
### mwldeppc.exe Linker Warning:
#   Section '.ignored' is unknown. Section ignored.
### mwldeppc.exe Linker Warning:
#   Section '.ignored' is unknown. Section ignored.
### mwldeppc.exe Linker Warning:
#   Section '.ignored' is unknown. Section ignored.
### mwldeppc.exe Linker Warning:
#   Section '.ignored' is unknown. Section ignored.
### mwldeppc.exe Linker Warning:
#   Section '.ignored' is unknown. Section ignored.
### mwldeppc.exe Linker Warning:
#   Section '.ignored' is unknown. Section ignored.
### mwldeppc.exe Linker Warning:
#   Section '.ignored' is unknown. Section ignored.
### mwldeppc.exe Linker Warning:
#   Section '.ignored' is unknown. Section ignored.
### mwldeppc.exe Linker Warning:
#   Section '.ignored' is unknown. Section ignored.
### mwldeppc.exe Linker Warning:
#   Section '.ignored' is unknown. Section ignored.
### mwldeppc.exe Linker Warning:
#   Section '.ignored' is unknown. Section ignored.
### mwldeppc.exe Linker Warning:
#   Section '.ignored' is unknown. Section ignored.
### mwldeppc.exe Linker Warning:
#   Section '.ignored' is unknown. Section ignored.
### mwldeppc.exe Linker Warning:
#   Section '.ignored' is unknown. Section ignored.
### mwldeppc.exe Linker Warning:
#   Section '.ignored' is unknown. Section ignored.
### mwldeppc.exe Linker Warning:
#   Section '.ignored' is unknown. Section ignored.
### mwldeppc.exe Linker Warning:
#   Section '.ignored' is unknown. Section ignored.
### mwldeppc.exe Linker Warning:
#   Section '.ignored' is unknown. Section ignored.
### mwldeppc.exe Linker Warning:
#   Section '.ignored' is unknown. Section ignored.
### mwldeppc.exe Linker Warning:
#   Section '.ignored' is unknown. Section ignored.
### mwldeppc.exe Linker Warning:
#   Section '.ignored' is unknown. Section ignored.
### mwldeppc.exe Linker Warning:
#   Section '.ignored' is unknown. Section ignored.
### mwldeppc.exe Linker Warning:
#   Section '.ignored' is unknown. Section ignored.
### mwldeppc.exe Linker Warning:
#   Section '.ignored' is unknown. Section ignored.
### mwldeppc.exe Linker Warning:
#   Section '.ignored' is unknown. Section ignored.
### mwldeppc.exe Linker Warning:
#   Section '.ignored' is unknown. Section ignored.
### mwldeppc.exe Linker Warning:
#   Section '.ignored' is unknown. Section ignored.
### mwldeppc.exe Linker Warning:
#   Section '.ignored' is unknown. Section ignored.
### mwldeppc.exe Linker Warning:
#   Section '.ignored' is unknown. Section ignored.
### mwldeppc.exe Linker Warning:
#   Section '.ignored' is unknown. Section ignored.
### mwldeppc.exe Linker Warning:
#   Section '.ignored' is unknown. Section ignored.
### mwldeppc.exe Linker Warning:
#   Section '.ignored' is unknown. Section ignored.
### mwldeppc.exe Linker Warning:
#   Section '.ignored' is unknown. Section ignored.
### mwldeppc.exe Linker Warning:
#   Section '.ignored' is unknown. Section ignored.
### mwldeppc.exe Linker Warning:
#   Section '.ignored' is unknown. Section ignored.
### mwldeppc.exe Linker Warning:
#   Section '.ignored' is unknown. Section ignored.
### mwldeppc.exe Linker Warning:
#   Section '.ignored' is unknown. Section ignored.
### mwldeppc.exe Linker Warning:
#   Section '.ignored' is unknown. Section ignored.
### mwldeppc.exe Linker Warning:
#   Section '.ignored' is unknown. Section ignored.
### mwldeppc.exe Linker Warning:
#   Section '.ignored' is unknown. Section ignored.
### mwldeppc.exe Linker Warning:
#   Section '.ignored' is unknown. Section ignored.
### mwldeppc.exe Linker Warning:
#   Section '.ignored' is unknown. Section ignored.
### mwldeppc.exe Linker Warning:
#   Section '.ignored' is unknown. Section ignored.
### mwldeppc.exe Linker Warning:
#   Section '.ignored' is unknown. Section ignored.
### mwldeppc.exe Linker Warning:
#   Section '.ignored' is unknown. Section ignored.
### mwldeppc.exe Linker Warning:
#   Section '.ignored' is unknown. Section ignored.
### mwldeppc.exe Linker Warning:
#   Section '.ignored' is unknown. Section ignored.
### mwldeppc.exe Linker Warning:
#   Section '.ignored' is unknown. Section ignored.
### mwldeppc.exe Linker Warning:
#   Section '.ignored' is unknown. Section ignored.
### mwldeppc.exe Linker Warning:
#   Section '.ignored' is unknown. Section ignored.
### mwldeppc.exe Linker Warning:
#   Section '.ignored' is unknown. Section ignored.
### mwldeppc.exe Linker Warning:
#   Section '.ignored' is unknown. Section ignored.
### mwldeppc.exe Linker Warning:
#   Section '.ignored' is unknown. Section ignored.
### mwldeppc.exe Linker Warning:
#   Section '.ignored' is unknown. Section ignored.
### mwldeppc.exe Linker Warning:
#   Section '.ignored' is unknown. Section ignored.
### mwldeppc.exe Linker Warning:
#   Section '.ignored' is unknown. Section ignored.
### mwldeppc.exe Linker Warning:
#   Section '.ignored' is unknown. Section ignored.
### mwldeppc.exe Linker Warning:
#   Section '.ignored' is unknown. Section ignored.
### mwldeppc.exe Linker Warning:
#   Section '.ignored' is unknown. Section ignored.
### mwldeppc.exe Linker Warning:
#   Section '.ignored' is unknown. Section ignored.
### mwldeppc.exe Linker Warning:
#   Section '.ignored' is unknown. Section ignored.
### mwldeppc.exe Linker Warning:
#   Section '.ignored' is unknown. Section ignored.
### mwldeppc.exe Linker Warning:
#   Section '.ignored' is unknown. Section ignored.
### mwldeppc.exe Linker Warning:
#   Section '.ignored' is unknown. Section ignored.
### mwldeppc.exe Linker Warning:
#   Section '.ignored' is unknown. Section ignored.
### mwldeppc.exe Linker Warning:
#   Section '.ignored' is unknown. Section ignored.
### mwldeppc.exe Linker Warning:
#   Section '.ignored' is unknown. Section ignored.
### mwldeppc.exe Linker Warning:
#   Section '.ignored' is unknown. Section ignored.
### mwldeppc.exe Linker Warning:
#   Section '.ignored' is unknown. Section ignored.
### mwldeppc.exe Linker Warning:
#   Section '.ignored' is unknown. Section ignored.
### mwldeppc.exe Linker Warning:
#   Section '.ignored' is unknown. Section ignored.
### mwldeppc.exe Linker Warning:
#   Section '.ignored' is unknown. Section ignored.
### mwldeppc.exe Linker Warning:
#   Section '.ignored' is unknown. Section ignored.
### mwldeppc.exe Linker Warning:
#   Section '.ignored' is unknown. Section ignored.
### mwldeppc.exe Linker Warning:
#   Section '.ignored' is unknown. Section ignored.
### mwldeppc.exe Linker Warning:
#   Section '.ignored' is unknown. Section ignored.
### mwldeppc.exe Linker Warning:
#   Section '.ignored' is unknown. Section ignored.
### mwldeppc.exe Linker Warning:
#   Section '.ignored' is unknown. Section ignored.
### mwldeppc.exe Linker Warning:
#   Section '.ignored' is unknown. Section ignored.
### mwldeppc.exe Linker Warning:
#   Section '.ignored' is unknown. Section ignored.
### mwldeppc.exe Linker Warning:
#   Section '.ignored' is unknown. Section ignored.
### mwldeppc.exe Linker Warning:
#   Section '.ignored' is unknown. Section ignored.
### mwldeppc.exe Linker Warning:
#   Section '.ignored' is unknown. Section ignored.
### mwldeppc.exe Linker Warning:
#   Section '.ignored' is unknown. Section ignored.
### mwldeppc.exe Linker Warning:
#   Section '.ignored' is unknown. Section ignored.
### mwldeppc.exe Linker Warning:
#   Section '.ignored' is unknown. Section ignored.
### mwldeppc.exe Linker Warning:
#   Section '.ignored' is unknown. Section ignored.
### mwldeppc.exe Linker Warning:
#   Section '.ignored' is unknown. Section ignored.
### mwldeppc.exe Linker Warning:
#   Section '.ignored' is unknown. Section ignored.
### mwldeppc.exe Linker Warning:
#   Section '.ignored' is unknown. Section ignored.
### mwldeppc.exe Linker Warning:
#   Section '.ignored' is unknown. Section ignored.
### mwldeppc.exe Linker Warning:
#   Section '.ignored' is unknown. Section ignored.
### mwldeppc.exe Linker Warning:
#   Section '.ignored' is unknown. Section ignored.
### mwldeppc.exe Linker Warning:
#   Section '.ignored' is unknown. Section ignored.
### mwldeppc.exe Linker Warning:
#   Section '.ignored' is unknown. Section ignored.
### mwldeppc.exe Linker Warning:
#   Section '.ignored' is unknown. Section ignored.
### mwldeppc.exe Linker Warning:
#   Section '.ignored' is unknown. Section ignored.
### mwldeppc.exe Linker Warning:
#   Section '.ignored' is unknown. Section ignored.
### mwldeppc.exe Linker Warning:
#   Section '.ignored' is unknown. Section ignored.
### mwldeppc.exe Linker Warning:
#   Section '.ignored' is unknown. Section ignored.
### mwldeppc.exe Linker Warning:
#   Section '.ignored' is unknown. Section ignored.
### mwldeppc.exe Linker Warning:
#   Section '.ignored' is unknown. Section ignored.
### mwldeppc.exe Linker Warning:
#   Section '.ignored' is unknown. Section ignored.
### mwldeppc.exe Linker Warning:
#   Section '.ignored' is unknown. Section ignored.
### mwldeppc.exe Linker Warning:
#   Section '.ignored' is unknown. Section ignored.
### mwldeppc.exe Linker Warning:
#   Section '.ignored' is unknown. Section ignored.
### mwldeppc.exe Linker Warning:
#   Section '.ignored' is unknown. Section ignored.
### mwldeppc.exe Linker Warning:
#   Section '.ignored' is unknown. Section ignored.
### mwldeppc.exe Linker Warning:
#   Section '.ignored' is unknown. Section ignored.
### mwldeppc.exe Linker Warning:
#   Section '.ignored' is unknown. Section ignored.
### mwldeppc.exe Linker Warning:
#   Section '.ignored' is unknown. Section ignored.
### mwldeppc.exe Linker Warning:
#   Section '.ignored' is unknown. Section ignored.
### mwldeppc.exe Linker Warning:
#   Section '.ignored' is unknown. Section ignored.
### mwldeppc.exe Linker Warning:
#   Section '.ignored' is unknown. Section ignored.
### mwldeppc.exe Linker Warning:
#   Section '.ignored' is unknown. Section ignored.
### mwldeppc.exe Linker Warning:
#   Section '.ignored' is unknown. Section ignored.
### mwldeppc.exe Linker Warning:
#   Section '.ignored' is unknown. Section ignored.
### mwldeppc.exe Linker Warning:
#   Section '.ignored' is unknown. Section ignored.
### mwldeppc.exe Linker Warning:
#   Section '.ignored' is unknown. Section ignored.
### mwldeppc.exe Linker Warning:
#   Section '.ignored' is unknown. Section ignored.
### mwldeppc.exe Linker Warning:
#   Section '.ignored' is unknown. Section ignored.
### mwldeppc.exe Linker Warning:
#   Section '.ignored' is unknown. Section ignored.
### mwldeppc.exe Linker Warning:
#   Section '.ignored' is unknown. Section ignored.
### mwldeppc.exe Linker Warning:
#   Section '.ignored' is unknown. Section ignored.
### mwldeppc.exe Linker Warning:
#   Section '.ignored' is unknown. Section ignored.
### mwldeppc.exe Linker Warning:
#   Section '.ignored' is unknown. Section ignored.
### mwldeppc.exe Linker Warning:
#   Section '.ignored' is unknown. Section ignored.
### mwldeppc.exe Linker Warning:
#   Section '.ignored' is unknown. Section ignored.
### mwldeppc.exe Linker Warning:
#   Section '.ignored' is unknown. Section ignored.
### mwldeppc.exe Linker Warning:
#   Section '.ignored' is unknown. Section ignored.
### mwldeppc.exe Linker Warning:
#   Section '.ignored' is unknown. Section ignored.
### mwldeppc.exe Linker Warning:
#   Section '.ignored' is unknown. Section ignored.
### mwldeppc.exe Linker Warning:
#   Section '.ignored' is unknown. Section ignored.
### mwldeppc.exe Linker Warning:
#   Section '.ignored' is unknown. Section ignored.
### mwldeppc.exe Linker Warning:
#   Section '.ignored' is unknown. Section ignored.
### mwldeppc.exe Linker Warning:
#   Section '.ignored' is unknown. Section ignored.
### mwldeppc.exe Linker Warning:
#   Section '.ignored' is unknown. Section ignored.
### mwldeppc.exe Linker Warning:
#   Section '.ignored' is unknown. Section ignored.
### mwldeppc.exe Linker Warning:
#   Section '.ignored' is unknown. Section ignored.
### mwldeppc.exe Linker Warning:
#   Section '.ignored' is unknown. Section ignored.
### mwldeppc.exe Linker Warning:
#   Section '.ignored' is unknown. Section ignored.
### mwldeppc.exe Linker Warning:
#   Section '.ignored' is unknown. Section ignored.
### mwldeppc.exe Linker Warning:
#   Section '.ignored' is unknown. Section ignored.
### mwldeppc.exe Linker Warning:
#   Section '.ignored' is unknown. Section ignored.
### mwldeppc.exe Linker Warning:
#   Section '.ignored' is unknown. Section ignored.
### mwldeppc.exe Linker Warning:
#   Section '.ignored' is unknown. Section ignored.
### mwldeppc.exe Linker Warning:
#   Section '.ignored' is unknown. Section ignored.
### mwldeppc.exe Linker Warning:
#   Section '.ignored' is unknown. Section ignored.
### mwldeppc.exe Linker Warning:
#   Section '.ignored' is unknown. Section ignored.
### mwldeppc.exe Linker Warning:
#   Section '.ignored' is unknown. Section ignored.
### mwldeppc.exe Linker Warning:
#   Section '.ignored' is unknown. Section ignored.
### mwldeppc.exe Linker Warning:
#   Section '.ignored' is unknown. Section ignored.
### mwldeppc.exe Linker Warning:
#   Section '.ignored' is unknown. Section ignored.
### mwldeppc.exe Linker Warning:
#   Section '.ignored' is unknown. Section ignored.
### mwldeppc.exe Linker Warning:
#   Section '.ignored' is unknown. Section ignored.
### mwldeppc.exe Linker Warning:
#   Section '.ignored' is unknown. Section ignored.
### mwldeppc.exe Linker Warning:
#   Section '.ignored' is unknown. Section ignored.
### mwldeppc.exe Linker Warning:
#   Section '.ignored' is unknown. Section ignored.
### mwldeppc.exe Linker Warning:
#   Section '.ignored' is unknown. Section ignored.
### mwldeppc.exe Linker Warning:
#   Section '.ignored' is unknown. Section ignored.
### mwldeppc.exe Linker Warning:
#   Section '.ignored' is unknown. Section ignored.
### mwldeppc.exe Linker Warning:
#   Section '.ignored' is unknown. Section ignored.
### mwldeppc.exe Linker Warning:
#   Section '.ignored' is unknown. Section ignored.
### mwldeppc.exe Linker Warning:
#   Section '.ignored' is unknown. Section ignored.
### mwldeppc.exe Linker Warning:
#   Section '.ignored' is unknown. Section ignored.
### mwldeppc.exe Linker Warning:
#   Section '.ignored' is unknown. Section ignored.
### mwldeppc.exe Linker Warning:
#   Section '.ignored' is unknown. Section ignored.
### mwldeppc.exe Linker Warning:
#   Section '.ignored' is unknown. Section ignored.
### mwldeppc.exe Linker Warning:
#   Section '.ignored' is unknown. Section ignored.
### mwldeppc.exe Linker Warning:
#   Section '.ignored' is unknown. Section ignored.
### mwldeppc.exe Linker Warning:
#   Section '.ignored' is unknown. Section ignored.
### mwldeppc.exe Linker Warning:
#   Section '.ignored' is unknown. Section ignored.
### mwldeppc.exe Linker Warning:
#   Section '.ignored' is unknown. Section ignored.
### mwldeppc.exe Linker Warning:
#   Section '.ignored' is unknown. Section ignored.
### mwldeppc.exe Linker Warning:
#   Section '.ignored' is unknown. Section ignored.
### mwldeppc.exe Linker Warning:
#   Section '.ignored' is unknown. Section ignored.
### mwldeppc.exe Linker Warning:
#   Section '.ignored' is unknown. Section ignored.
### mwldeppc.exe Linker Warning:
#   Section '.ignored' is unknown. Section ignored.
### mwldeppc.exe Linker Warning:
#   Section '.ignored' is unknown. Section ignored.
### mwldeppc.exe Linker Warning:
#   Section '.ignored' is unknown. Section ignored.
### mwldeppc.exe Linker Warning:
#   Section '.ignored' is unknown. Section ignored.
### mwldeppc.exe Linker Warning:
#   Section '.ignored' is unknown. Section ignored.
### mwldeppc.exe Linker Warning:
#   Section '.ignored' is unknown. Section ignored.
### mwldeppc.exe Linker Warning:
#   Section '.ignored' is unknown. Section ignored.
### mwldeppc.exe Linker Warning:
#   Section '.ignored' is unknown. Section ignored.
### mwldeppc.exe Linker Warning:
#   Section '.ignored' is unknown. Section ignored.
### mwldeppc.exe Linker Warning:
#   Section '.ignored' is unknown. Section ignored.
### mwldeppc.exe Linker Warning:
#   Section '.ignored' is unknown. Section ignored.
### mwldeppc.exe Linker Warning:
#   Section '.ignored' is unknown. Section ignored.
### mwldeppc.exe Linker Warning:
#   Section '.ignored' is unknown. Section ignored.
### mwldeppc.exe Linker Warning:
#   Section '.ignored' is unknown. Section ignored.
### mwldeppc.exe Linker Warning:
#   Section '.ignored' is unknown. Section ignored.
### mwldeppc.exe Linker Warning:
#   Section '.ignored' is unknown. Section ignored.
### mwldeppc.exe Linker Warning:
#   Section '.ignored' is unknown. Section ignored.
### mwldeppc.exe Linker Warning:
#   Section '.ignored' is unknown. Section ignored.
### mwldeppc.exe Linker Warning:
#   Section '.ignored' is unknown. Section ignored.
### mwldeppc.exe Linker Warning:
#   Section '.ignored' is unknown. Section ignored.
### mwldeppc.exe Linker Warning:
#   Section '.ignored' is unknown. Section ignored.
### mwldeppc.exe Linker Warning:
#   Section '.ignored' is unknown. Section ignored.
### mwldeppc.exe Linker Warning:
#   Section '.ignored' is unknown. Section ignored.
### mwldeppc.exe Linker Warning:
#   Section '.ignored' is unknown. Section ignored.
### mwldeppc.exe Linker Warning:
#   Section '.ignored' is unknown. Section ignored.
### mwldeppc.exe Linker Warning:
#   Section '.ignored' is unknown. Section ignored.
### mwldeppc.exe Linker Warning:
#   Section '.ignored' is unknown. Section ignored.
### mwldeppc.exe Linker Warning:
#   Section '.ignored' is unknown. Section ignored.
### mwldeppc.exe Linker Warning:
#   Section '.ignored' is unknown. Section ignored.
### mwldeppc.exe Linker Warning:
#   Section '.ignored' is unknown. Section ignored.
### mwldeppc.exe Linker Warning:
#   Section '.ignored' is unknown. Section ignored.
### mwldeppc.exe Linker Warning:
#   Section '.ignored' is unknown. Section ignored.
### mwldeppc.exe Linker Warning:
#   Section '.ignored' is unknown. Section ignored.
### mwldeppc.exe Linker Warning:
#   Section '.ignored' is unknown. Section ignored.
### mwldeppc.exe Linker Warning:
#   Section '.ignored' is unknown. Section ignored.
### mwldeppc.exe Linker Warning:
#   Section '.ignored' is unknown. Section ignored.
### mwldeppc.exe Linker Warning:
#   Section '.ignored' is unknown. Section ignored.
### mwldeppc.exe Linker Warning:
#   Section '.ignored' is unknown. Section ignored.
### mwldeppc.exe Linker Warning:
#   Section '.ignored' is unknown. Section ignored.
### mwldeppc.exe Linker Warning:
#   Section '.ignored' is unknown. Section ignored.
### mwldeppc.exe Linker Warning:
#   Section '.ignored' is unknown. Section ignored.
### mwldeppc.exe Linker Warning:
#   Section '.ignored' is unknown. Section ignored.
### mwldeppc.exe Linker Warning:
#   Section '.ignored' is unknown. Section ignored.
### mwldeppc.exe Linker Warning:
#   Section '.ignored' is unknown. Section ignored.
### mwldeppc.exe Linker Warning:
#   Section '.ignored' is unknown. Section ignored.
### mwldeppc.exe Linker Warning:
#   Section '.ignored' is unknown. Section ignored.
### mwldeppc.exe Linker Warning:
#   Section '.ignored' is unknown. Section ignored.
### mwldeppc.exe Linker Warning:
#   Section '.ignored' is unknown. Section ignored.
### mwldeppc.exe Linker Warning:
#   Section '.ignored' is unknown. Section ignored.
### mwldeppc.exe Linker Warning:
#   Section '.ignored' is unknown. Section ignored.
### mwldeppc.exe Linker Warning:
#   Section '.ignored' is unknown. Section ignored.
### mwldeppc.exe Linker Warning:
#   Section '.ignored' is unknown. Section ignored.
### mwldeppc.exe Linker Warning:
#   Section '.ignored' is unknown. Section ignored.
### mwldeppc.exe Linker Warning:
#   Section '.ignored' is unknown. Section ignored.
### mwldeppc.exe Linker Warning:
#   Section '.ignored' is unknown. Section ignored.
### mwldeppc.exe Linker Warning:
#   Section '.ignored' is unknown. Section ignored.
### mwldeppc.exe Linker Warning:
#   Section '.ignored' is unknown. Section ignored.
### mwldeppc.exe Linker Warning:
#   Section '.ignored' is unknown. Section ignored.
### mwldeppc.exe Linker Warning:
#   Section '.ignored' is unknown. Section ignored.
### mwldeppc.exe Linker Warning:
#   Section '.ignored' is unknown. Section ignored.
### mwldeppc.exe Linker Warning:
#   Section '.ignored' is unknown. Section ignored.
### mwldeppc.exe Linker Warning:
#   Section '.ignored' is unknown. Section ignored.
### mwldeppc.exe Linker Warning:
#   Section '.ignored' is unknown. Section ignored.
### mwldeppc.exe Linker Warning:
#   Section '.ignored' is unknown. Section ignored.
### mwldeppc.exe Linker Warning:
#   Section '.ignored' is unknown. Section ignored.
### mwldeppc.exe Linker Warning:
#   Section '.ignored' is unknown. Section ignored.
### mwldeppc.exe Linker Warning:
#   Section '.ignored' is unknown. Section ignored.
### mwldeppc.exe Linker Warning:
#   Section '.ignored' is unknown. Section ignored.
### mwldeppc.exe Linker Warning:
#   Section '.ignored' is unknown. Section ignored.
### mwldeppc.exe Linker Warning:
#   Section '.ignored' is unknown. Section ignored.
### mwldeppc.exe Linker Warning:
#   Section '.ignored' is unknown. Section ignored.
### mwldeppc.exe Linker Warning:
#   Section '.ignored' is unknown. Section ignored.
### mwldeppc.exe Linker Warning:
#   Section '.ignored' is unknown. Section ignored.
### mwldeppc.exe Linker Warning:
#   Section '.ignored' is unknown. Section ignored.
### mwldeppc.exe Linker Warning:
#   Section '.ignored' is unknown. Section ignored.
### mwldeppc.exe Linker Warning:
#   Section '.ignored' is unknown. Section ignored.
### mwldeppc.exe Linker Warning:
#   Section '.ignored' is unknown. Section ignored.
### mwldeppc.exe Linker Warning:
#   Section '.ignored' is unknown. Section ignored.
### mwldeppc.exe Linker Warning:
#   Section '.ignored' is unknown. Section ignored.
### mwldeppc.exe Linker Warning:
#   Section '.ignored' is unknown. Section ignored.
### mwldeppc.exe Linker Warning:
#   Section '.ignored' is unknown. Section ignored.
### mwldeppc.exe Linker Warning:
#   Section '.ignored' is unknown. Section ignored.
### mwldeppc.exe Linker Warning:
#   Section '.ignored' is unknown. Section ignored.
### mwldeppc.exe Linker Warning:
#   Section '.ignored' is unknown. Section ignored.
### mwldeppc.exe Linker Warning:
#   Section '.ignored' is unknown. Section ignored.
### mwldeppc.exe Linker Warning:
#   Section '.ignored' is unknown. Section ignored.
### mwldeppc.exe Linker Warning:
#   Section '.ignored' is unknown. Section ignored.
### mwldeppc.exe Linker Warning:
#   Section '.ignored' is unknown. Section ignored.
### mwldeppc.exe Linker Warning:
#   Section '.ignored' is unknown. Section ignored.
### mwldeppc.exe Linker Warning:
#   Section '.ignored' is unknown. Section ignored.
### mwldeppc.exe Linker Warning:
#   Section '.ignored' is unknown. Section ignored.
### mwldeppc.exe Linker Warning:
#   Section '.ignored' is unknown. Section ignored.
### mwldeppc.exe Linker Warning:
#   Section '.ignored' is unknown. Section ignored.
### mwldeppc.exe Linker Warning:
#   Section '.ignored' is unknown. Section ignored.
### mwldeppc.exe Linker Warning:
#   Section '.ignored' is unknown. Section ignored.
### mwldeppc.exe Linker Warning:
#   Section '.ignored' is unknown. Section ignored.
### mwldeppc.exe Linker Warning:
#   Section '.ignored' is unknown. Section ignored.
### mwldeppc.exe Linker Warning:
#   Section '.ignored' is unknown. Section ignored.
### mwldeppc.exe Linker Warning:
#   Section '.ignored' is unknown. Section ignored.
### mwldeppc.exe Linker Warning:
#   Section '.ignored' is unknown. Section ignored.
### mwldeppc.exe Linker Warning:
#   Section '.ignored' is unknown. Section ignored.
### mwldeppc.exe Linker Warning:
#   Section '.ignored' is unknown. Section ignored.
### mwldeppc.exe Linker Warning:
#   Section '.ignored' is unknown. Section ignored.
### mwldeppc.exe Linker Warning:
#   Section '.ignored' is unknown. Section ignored.
### mwldeppc.exe Linker Warning:
#   Section '.ignored' is unknown. Section ignored.
### mwldeppc.exe Linker Warning:
#   Section '.ignored' is unknown. Section ignored.
### mwldeppc.exe Linker Warning:
#   Section '.ignored' is unknown. Section ignored.
### mwldeppc.exe Linker Warning:
#   Section '.ignored' is unknown. Section ignored.
### mwldeppc.exe Linker Warning:
#   Section '.ignored' is unknown. Section ignored.
### mwldeppc.exe Linker Warning:
#   Section '.ignored' is unknown. Section ignored.
### mwldeppc.exe Linker Warning:
#   Section '.ignored' is unknown. Section ignored.
### mwldeppc.exe Linker Warning:
#   Section '.ignored' is unknown. Section ignored.
### mwldeppc.exe Linker Warning:
#   Section '.ignored' is unknown. Section ignored.
### mwldeppc.exe Linker Warning:
#   Section '.ignored' is unknown. Section ignored.
### mwldeppc.exe Linker Warning:
#   Section '.ignored' is unknown. Section ignored.
### mwldeppc.exe Linker Warning:
#   Section '.ignored' is unknown. Section ignored.
### mwldeppc.exe Linker Warning:
#   Section '.ignored' is unknown. Section ignored.
### mwldeppc.exe Linker Warning:
#   Section '.ignored' is unknown. Section ignored.
### mwldeppc.exe Linker Warning:
#   Section '.ignored' is unknown. Section ignored.
### mwldeppc.exe Linker Warning:
#   Section '.ignored' is unknown. Section ignored.
### mwldeppc.exe Linker Warning:
#   Section '.ignored' is unknown. Section ignored.
### mwldeppc.exe Linker Warning:
#   Section '.ignored' is unknown. Section ignored.
### mwldeppc.exe Linker Warning:
#   Section '.ignored' is unknown. Section ignored.
### mwldeppc.exe Linker Warning:
#   Section '.ignored' is unknown. Section ignored.
### mwldeppc.exe Linker Warning:
#   Section '.ignored' is unknown. Section ignored.
### mwldeppc.exe Linker Warning:
#   Section '.ignored' is unknown. Section ignored.
### mwldeppc.exe Linker Warning:
#   Section '.ignored' is unknown. Section ignored.
### mwldeppc.exe Linker Warning:
#   Section '.ignored' is unknown. Section ignored.
### mwldeppc.exe Linker Warning:
#   Section '.ignored' is unknown. Section ignored.
### mwldeppc.exe Linker Warning:
#   Section '.ignored' is unknown. Section ignored.
### mwldeppc.exe Linker Warning:
#   Section '.ignored' is unknown. Section ignored.
### mwldeppc.exe Linker Warning:
#   Section '.ignored' is unknown. Section ignored.
### mwldeppc.exe Linker Warning:
#   Section '.ignored' is unknown. Section ignored.
### mwldeppc.exe Linker Warning:
#   Section '.ignored' is unknown. Section ignored.
### mwldeppc.exe Linker Warning:
#   Section '.ignored' is unknown. Section ignored.
### mwldeppc.exe Linker Warning:
#   Section '.ignored' is unknown. Section ignored.
### mwldeppc.exe Linker Warning:
#   Section '.ignored' is unknown. Section ignored.
### mwldeppc.exe Linker Warning:
#   Section '.ignored' is unknown. Section ignored.
### mwldeppc.exe Linker Warning:
#   Section '.ignored' is unknown. Section ignored.
### mwldeppc.exe Linker Warning:
#   Section '.ignored' is unknown. Section ignored.
### mwldeppc.exe Linker Warning:
#   Section '.ignored' is unknown. Section ignored.
### mwldeppc.exe Linker Warning:
#   Section '.ignored' is unknown. Section ignored.
### mwldeppc.exe Linker Warning:
#   Section '.ignored' is unknown. Section ignored.
### mwldeppc.exe Linker Warning:
#   Section '.ignored' is unknown. Section ignored.
### mwldeppc.exe Linker Warning:
#   Section '.ignored' is unknown. Section ignored.
### mwldeppc.exe Linker Warning:
#   Section '.ignored' is unknown. Section ignored.
### mwldeppc.exe Linker Warning:
#   Section '.ignored' is unknown. Section ignored.
### mwldeppc.exe Linker Warning:
#   Section '.ignored' is unknown. Section ignored.
### mwldeppc.exe Linker Warning:
#   Section '.ignored' is unknown. Section ignored.
### mwldeppc.exe Linker Warning:
#   Section '.ignored' is unknown. Section ignored.
### mwldeppc.exe Linker Warning:
#   Section '.ignored' is unknown. Section ignored.
### mwldeppc.exe Linker Warning:
#   Section '.ignored' is unknown. Section ignored.
### mwldeppc.exe Linker Warning:
#   Section '.ignored' is unknown. Section ignored.
### mwldeppc.exe Linker Warning:
#   Section '.ignored' is unknown. Section ignored.
### mwldeppc.exe Linker Warning:
#   Section '.ignored' is unknown. Section ignored.
### mwldeppc.exe Linker Warning:
#   Section '.ignored' is unknown. Section ignored.
### mwldeppc.exe Linker Warning:
#   Section '.ignored' is unknown. Section ignored.
### mwldeppc.exe Linker Warning:
#   Section '.ignored' is unknown. Section ignored.
### mwldeppc.exe Linker Warning:
#   Section '.ignored' is unknown. Section ignored.
### mwldeppc.exe Linker Warning:
#   Section '.ignored' is unknown. Section ignored.
### mwldeppc.exe Linker Warning:
#   Section '.ignored' is unknown. Section ignored.
### mwldeppc.exe Linker Warning:
#   Section '.ignored' is unknown. Section ignored.
### mwldeppc.exe Linker Warning:
#   Section '.ignored' is unknown. Section ignored.
### mwldeppc.exe Linker Warning:
#   Section '.ignored' is unknown. Section ignored.
### mwldeppc.exe Linker Warning:
#   Section '.ignored' is unknown. Section ignored.
### mwldeppc.exe Linker Warning:
#   Section '.ignored' is unknown. Section ignored.
### mwldeppc.exe Linker Warning:
#   Section '.ignored' is unknown. Section ignored.
### mwldeppc.exe Linker Warning:
#   Section '.ignored' is unknown. Section ignored.
### mwldeppc.exe Linker Warning:
#   Section '.ignored' is unknown. Section ignored.
### mwldeppc.exe Linker Warning:
#   Section '.ignored' is unknown. Section ignored.
### mwldeppc.exe Linker Warning:
#   Section '.ignored' is unknown. Section ignored.
### mwldeppc.exe Linker Warning:
#   Section '.ignored' is unknown. Section ignored.
### mwldeppc.exe Linker Warning:
#   Section '.ignored' is unknown. Section ignored.
### mwldeppc.exe Linker Warning:
#   Section '.ignored' is unknown. Section ignored.
### mwldeppc.exe Linker Warning:
#   Section '.ignored' is unknown. Section ignored.
### mwldeppc.exe Linker Warning:
#   Section '.ignored' is unknown. Section ignored.
### mwldeppc.exe Linker Warning:
#   Section '.ignored' is unknown. Section ignored.
### mwldeppc.exe Linker Warning:
#   Section '.ignored' is unknown. Section ignored.
### mwldeppc.exe Linker Warning:
#   Section '.ignored' is unknown. Section ignored.
### mwldeppc.exe Linker Warning:
#   Section '.ignored' is unknown. Section ignored.
### mwldeppc.exe Linker Warning:
#   Section '.ignored' is unknown. Section ignored.
### mwldeppc.exe Linker Warning:
#   Section '.ignored' is unknown. Section ignored.
### mwldeppc.exe Linker Warning:
#   Section '.ignored' is unknown. Section ignored.
### mwldeppc.exe Linker Warning:
#   Section '.ignored' is unknown. Section ignored.
### mwldeppc.exe Linker Warning:
#   Section '.ignored' is unknown. Section ignored.
### mwldeppc.exe Linker Warning:
#   Section '.ignored' is unknown. Section ignored.
### mwldeppc.exe Linker Warning:
#   Section '.ignored' is unknown. Section ignored.
### mwldeppc.exe Linker Warning:
#   Section '.ignored' is unknown. Section ignored.
### mwldeppc.exe Linker Warning:
#   Section '.ignored' is unknown. Section ignored.
### mwldeppc.exe Linker Warning:
#   Section '.ignored' is unknown. Section ignored.
### mwldeppc.exe Linker Warning:
#   Section '.ignored' is unknown. Section ignored.
### mwldeppc.exe Linker Warning:
#   Section '.ignored' is unknown. Section ignored.
### mwldeppc.exe Linker Warning:
#   Section '.ignored' is unknown. Section ignored.
### mwldeppc.exe Linker Warning:
#   Section '.ignored' is unknown. Section ignored.
### mwldeppc.exe Linker Warning:
#   Section '.ignored' is unknown. Section ignored.
### mwldeppc.exe Linker Warning:
#   Section '.ignored' is unknown. Section ignored.
### mwldeppc.exe Linker Warning:
#   Section '.ignored' is unknown. Section ignored.
### mwldeppc.exe Linker Warning:
#   Section '.ignored' is unknown. Section ignored.
### mwldeppc.exe Linker Warning:
#   Section '.ignored' is unknown. Section ignored.
### mwldeppc.exe Linker Warning:
#   Section '.ignored' is unknown. Section ignored.
### mwldeppc.exe Linker Warning:
#   Section '.ignored' is unknown. Section ignored.
### mwldeppc.exe Linker Warning:
#   Section '.ignored' is unknown. Section ignored.
### mwldeppc.exe Linker Warning:
#   Section '.ignored' is unknown. Section ignored.
### mwldeppc.exe Linker Warning:
#   Section '.ignored' is unknown. Section ignored.
### mwldeppc.exe Linker Warning:
#   Section '.ignored' is unknown. Section ignored.
### mwldeppc.exe Linker Warning:
#   Section '.ignored' is unknown. Section ignored.
### mwldeppc.exe Linker Warning:
#   Section '.ignored' is unknown. Section ignored.
### mwldeppc.exe Linker Warning:
#   Section '.ignored' is unknown. Section ignored.
### mwldeppc.exe Linker Warning:
#   Section '.ignored' is unknown. Section ignored.
### mwldeppc.exe Linker Warning:
#   Section '.ignored' is unknown. Section ignored.
### mwldeppc.exe Linker Warning:
#   Section '.ignored' is unknown. Section ignored.
### mwldeppc.exe Linker Warning:
#   Section '.ignored' is unknown. Section ignored.
### mwldeppc.exe Linker Warning:
#   Section '.ignored' is unknown. Section ignored.
### mwldeppc.exe Linker Warning:
#   Section '.ignored' is unknown. Section ignored.
### mwldeppc.exe Linker Warning:
#   Section '.ignored' is unknown. Section ignored.
### mwldeppc.exe Linker Warning:
#   Section '.ignored' is unknown. Section ignored.
### mwldeppc.exe Linker Warning:
#   Section '.ignored' is unknown. Section ignored.
### mwldeppc.exe Linker Warning:
#   Section '.ignored' is unknown. Section ignored.
### mwldeppc.exe Linker Warning:
#   Section '.ignored' is unknown. Section ignored.
### mwldeppc.exe Linker Warning:
#   Section '.ignored' is unknown. Section ignored.
### mwldeppc.exe Linker Warning:
#   Section '.ignored' is unknown. Section ignored.
### mwldeppc.exe Linker Warning:
#   Section '.ignored' is unknown. Section ignored.
### mwldeppc.exe Linker Warning:
#   Section '.ignored' is unknown. Section ignored.
### mwldeppc.exe Linker Warning:
#   Section '.ignored' is unknown. Section ignored.
### mwldeppc.exe Linker Warning:
#   Section '.ignored' is unknown. Section ignored.
### mwldeppc.exe Linker Warning:
#   Section '.ignored' is unknown. Section ignored.
### mwldeppc.exe Linker Warning:
#   Section '.ignored' is unknown. Section ignored.
### mwldeppc.exe Linker Warning:
#   Section '.ignored' is unknown. Section ignored.
### mwldeppc.exe Linker Warning:
#   Section '.ignored' is unknown. Section ignored.
### mwldeppc.exe Linker Warning:
#   Section '.ignored' is unknown. Section ignored.
### mwldeppc.exe Linker Warning:
#   Section '.ignored' is unknown. Section ignored.
### mwldeppc.exe Linker Warning:
#   Section '.ignored' is unknown. Section ignored.
### mwldeppc.exe Linker Warning:
#   Section '.ignored' is unknown. Section ignored.
### mwldeppc.exe Linker Warning:
#   Section '.ignored' is unknown. Section ignored.
### mwldeppc.exe Linker Warning:
#   Section '.ignored' is unknown. Section ignored.
### mwldeppc.exe Linker Warning:
#   Section '.ignored' is unknown. Section ignored.
### mwldeppc.exe Linker Warning:
#   Section '.ignored' is unknown. Section ignored.
### mwldeppc.exe Linker Warning:
#   Section '.ignored' is unknown. Section ignored.
### mwldeppc.exe Linker Warning:
#   Section '.ignored' is unknown. Section ignored.
### mwldeppc.exe Linker Warning:
#   Section '.ignored' is unknown. Section ignored.
### mwldeppc.exe Linker Warning:
#   Section '.ignored' is unknown. Section ignored.
### mwldeppc.exe Linker Warning:
#   Section '.ignored' is unknown. Section ignored.
### mwldeppc.exe Linker Warning:
#   Section '.ignored' is unknown. Section ignored.
### mwldeppc.exe Linker Warning:
#   Section '.ignored' is unknown. Section ignored.
### mwldeppc.exe Linker Warning:
#   Section '.ignored' is unknown. Section ignored.
### mwldeppc.exe Linker Warning:
#   Section '.ignored' is unknown. Section ignored.
### mwldeppc.exe Linker Warning:
#   Section '.ignored' is unknown. Section ignored.
### mwldeppc.exe Linker Warning:
#   Section '.ignored' is unknown. Section ignored.
### mwldeppc.exe Linker Warning:
#   Section '.ignored' is unknown. Section ignored.
### mwldeppc.exe Linker Warning:
#   Section '.ignored' is unknown. Section ignored.
### mwldeppc.exe Linker Warning:
#   Section '.ignored' is unknown. Section ignored.
### mwldeppc.exe Linker Warning:
#   Section '.ignored' is unknown. Section ignored.
### mwldeppc.exe Linker Warning:
#   Section '.ignored' is unknown. Section ignored.
### mwldeppc.exe Linker Warning:
#   Section '.ignored' is unknown. Section ignored.
### mwldeppc.exe Linker Warning:
#   Section '.ignored' is unknown. Section ignored.
### mwldeppc.exe Linker Warning:
#   Section '.ignored' is unknown. Section ignored.
### mwldeppc.exe Linker Warning:
#   Section '.ignored' is unknown. Section ignored.
### mwldeppc.exe Linker Warning:
#   Section '.ignored' is unknown. Section ignored.
### mwldeppc.exe Linker Warning:
#   Section '.ignored' is unknown. Section ignored.
### mwldeppc.exe Linker Warning:
#   Section '.ignored' is unknown. Section ignored.
### mwldeppc.exe Linker Warning:
#   Section '.ignored' is unknown. Section ignored.
### mwldeppc.exe Linker Warning:
#   Section '.ignored' is unknown. Section ignored.
### mwldeppc.exe Linker Warning:
#   Section '.ignored' is unknown. Section ignored.
### mwldeppc.exe Linker Warning:
#   Section '.ignored' is unknown. Section ignored.
### mwldeppc.exe Linker Warning:
#   Section '.ignored' is unknown. Section ignored.
### mwldeppc.exe Linker Warning:
#   Section '.ignored' is unknown. Section ignored.
### mwldeppc.exe Linker Warning:
#   Section '.ignored' is unknown. Section ignored.
### mwldeppc.exe Linker Warning:
#   Section '.ignored' is unknown. Section ignored.
### mwldeppc.exe Linker Warning:
#   Section '.ignored' is unknown. Section ignored.
### mwldeppc.exe Linker Warning:
#   Section '.ignored' is unknown. Section ignored.
### mwldeppc.exe Linker Warning:
#   Section '.ignored' is unknown. Section ignored.
### mwldeppc.exe Linker Warning:
#   Section '.ignored' is unknown. Section ignored.
### mwldeppc.exe Linker Warning:
#   Section '.ignored' is unknown. Section ignored.
### mwldeppc.exe Linker Warning:
#   Section '.ignored' is unknown. Section ignored.
### mwldeppc.exe Linker Warning:
#   Section '.ignored' is unknown. Section ignored.
### mwldeppc.exe Linker Warning:
#   Section '.ignored' is unknown. Section ignored.
### mwldeppc.exe Linker Warning:
#   Section '.ignored' is unknown. Section ignored.
### mwldeppc.exe Linker Warning:
#   Section '.ignored' is unknown. Section ignored.
### mwldeppc.exe Linker Warning:
#   Section '.ignored' is unknown. Section ignored.
### mwldeppc.exe Linker Warning:
#   Section '.ignored' is unknown. Section ignored.
### mwldeppc.exe Linker Warning:
#   Section '.ignored' is unknown. Section ignored.
### mwldeppc.exe Linker Warning:
#   Section '.ignored' is unknown. Section ignored.
### mwldeppc.exe Linker Warning:
#   Section '.ignored' is unknown. Section ignored.
### mwldeppc.exe Linker Warning:
#   Section '.ignored' is unknown. Section ignored.
### mwldeppc.exe Linker Warning:
#   Section '.ignored' is unknown. Section ignored.
### mwldeppc.exe Linker Warning:
#   Section '.ignored' is unknown. Section ignored.
### mwldeppc.exe Linker Warning:
#   Section '.ignored' is unknown. Section ignored.
### mwldeppc.exe Linker Warning:
#   Section '.ignored' is unknown. Section ignored.
### mwldeppc.exe Linker Warning:
#   Section '.ignored' is unknown. Section ignored.
### mwldeppc.exe Linker Warning:
#   Section '.ignored' is unknown. Section ignored.
### mwldeppc.exe Linker Warning:
#   Section '.ignored' is unknown. Section ignored.
### mwldeppc.exe Linker Warning:
#   Section '.ignored' is unknown. Section ignored.
### mwldeppc.exe Linker Warning:
#   Section '.ignored' is unknown. Section ignored.
### mwldeppc.exe Linker Warning:
#   Section '.ignored' is unknown. Section ignored.
### mwldeppc.exe Linker Warning:
#   Section '.ignored' is unknown. Section ignored.
### mwldeppc.exe Linker Warning:
#   Section '.ignored' is unknown. Section ignored.
### mwldeppc.exe Linker Warning:
#   Section '.ignored' is unknown. Section ignored.
### mwldeppc.exe Linker Warning:
#   Section '.ignored' is unknown. Section ignored.
### mwldeppc.exe Linker Warning:
#   Section '.ignored' is unknown. Section ignored.
### mwldeppc.exe Linker Warning:
#   Section '.ignored' is unknown. Section ignored.
### mwldeppc.exe Linker Warning:
#   Section '.ignored' is unknown. Section ignored.
### mwldeppc.exe Linker Warning:
#   Section '.ignored' is unknown. Section ignored.
### mwldeppc.exe Linker Warning:
#   Section '.ignored' is unknown. Section ignored.
### mwldeppc.exe Linker Warning:
#   Section '.ignored' is unknown. Section ignored.
### mwldeppc.exe Linker Warning:
#   Section '.ignored' is unknown. Section ignored.
### mwldeppc.exe Linker Warning:
#   Section '.ignored' is unknown. Section ignored.
### mwldeppc.exe Linker Warning:
#   Section '.ignored' is unknown. Section ignored.
### mwldeppc.exe Linker Warning:
#   Section '.ignored' is unknown. Section ignored.
### mwldeppc.exe Linker Warning:
#   Section '.ignored' is unknown. Section ignored.
### mwldeppc.exe Linker Warning:
#   Section '.ignored' is unknown. Section ignored.
### mwldeppc.exe Linker Warning:
#   Section '.ignored' is unknown. Section ignored.
### mwldeppc.exe Linker Warning:
#   Section '.ignored' is unknown. Section ignored.
### mwldeppc.exe Linker Warning:
#   Section '.ignored' is unknown. Section ignored.
### mwldeppc.exe Linker Warning:
#   Section '.ignored' is unknown. Section ignored.
### mwldeppc.exe Linker Warning:
#   Section '.ignored' is unknown. Section ignored.
### mwldeppc.exe Linker Warning:
#   Section '.ignored' is unknown. Section ignored.
[905/907] DOL build/GEDE01/main.dol
[906/907] CHECK config/GEDE01/build.sha1
build/GEDE01/main.dol: OK
[907/907] PROGRESS
Progress:
  All: 58.22% fuzzy, 48.86% matched, 48.78% linked (6294 / 7068 files)
    Code: 1124116 / 2300692 bytes (6061 / 8214 functions)
    Data: 39606 / 4305642 bytes (0.92%)
  Game Code: 93.78% fuzzy, 78.67% matched, 78.54% linked (6276 / 6633 files)
    Code: 1121088 / 1425104 bytes (5999 / 6354 functions)
    Data: 39382 / 40426 bytes (97.42%)
  SDK/Runtime: 100.00% fuzzy, 100.00% matched, 100.00% linked (18 / 18 files)
    Code: 3028 / 3028 bytes (62 / 62 functions)
    Data: 224 / 224 bytes (100.00%)

exit_code=0
